#
# A fatal error has been detected by the Java Runtime Environment:
#
#  SIGSEGV (0xb) at pc=0x00007716444f6e38, pid=442228, tid=442304
#
# JRE version: OpenJDK Runtime Environment (21.0.9) (build 21.0.9-internal-adhoc.talzuss.openjdk-mmtk)
# Java VM: OpenJDK 64-Bit Server VM (21.0.9-internal-adhoc.talzuss.openjdk-mmtk, mixed mode, sharing, tiered, compressed oops, compressed class ptrs, third-party gc, linux-amd64)
# Problematic frame:
# J 2430 c2 org.apache.xpath.axes.LocPathIterator.asIterator(Lorg/apache/xpath/XPathContext;I)Lorg/apache/xml/dtm/DTMIterator; (26 bytes) @ 0x00007716444f6e38 [0x00007716444f6b00+0x0000000000000338]
#
# No core dump will be written. Core dumps have been disabled. To enable core dumping, try "ulimit -c unlimited" before starting Java again
#
# If you would like to submit a bug report, please visit:
#   https://bugreport.java.com/bugreport/crash.jsp
#

---------------  S U M M A R Y ------------

Command Line: -XX:+UseThirdPartyHeap -Xms512m -Xmx512m /mydata/dacapo/dacapo-23.11/dacapo-23.11-MR2-chopin.jar xalan -n 3

Host: AMD EPYC 7302P 16-Core Processor, 32 cores, 125G, Ubuntu 24.04.4 LTS
Time: Tue Jul  7 19:56:17 2026 MDT elapsed time: 3.117245 seconds (0d 0h 0m 3s)

---------------  T H R E A D  ---------------

Current thread (0x00007716543be1e0):  JavaThread "Thread-30"        [_thread_in_Java, id=442304, stack(0x00006a691d700000,0x00006a691d800000) (1024K)]

Stack: [0x00006a691d700000,0x00006a691d800000],  sp=0x00006a691d7fb620,  free space=1005k
Native frames: (J=compiled Java code, j=interpreted, Vv=VM code, C=native code)
J 2430 c2 org.apache.xpath.axes.LocPathIterator.asIterator(Lorg/apache/xpath/XPathContext;I)Lorg/apache/xml/dtm/DTMIterator; (26 bytes) @ 0x00007716444f6e38 [0x00007716444f6b00+0x0000000000000338]
J 1854 c1 org.apache.xalan.templates.ElemApplyTemplates.transformSelectedNodes(Lorg/apache/xalan/transformer/TransformerImpl;)V (979 bytes) @ 0x000077163cbdb02c [0x000077163cbdae40+0x00000000000001ec]
J 2441 c2 org.apache.xalan.templates.ElemApplyTemplates.execute(Lorg/apache/xalan/transformer/TransformerImpl;)V (141 bytes) @ 0x00007716444fbcc0 [0x00007716444fbac0+0x0000000000000200]
J 2903 c2 org.apache.xalan.templates.ElemLiteralResult.execute(Lorg/apache/xalan/transformer/TransformerImpl;)V (312 bytes) @ 0x000077164457e624 [0x000077164457e320+0x0000000000000304]
J 1854 c1 org.apache.xalan.templates.ElemApplyTemplates.transformSelectedNodes(Lorg/apache/xalan/transformer/TransformerImpl;)V (979 bytes) @ 0x000077163cbdf73c [0x000077163cbdae40+0x00000000000048fc]
J 2441 c2 org.apache.xalan.templates.ElemApplyTemplates.execute(Lorg/apache/xalan/transformer/TransformerImpl;)V (141 bytes) @ 0x00007716444fbcc0 [0x00007716444fbac0+0x0000000000000200]
J 2903 c2 org.apache.xalan.templates.ElemLiteralResult.execute(Lorg/apache/xalan/transformer/TransformerImpl;)V (312 bytes) @ 0x000077164457e624 [0x000077164457e320+0x0000000000000304]
J 1854 c1 org.apache.xalan.templates.ElemApplyTemplates.transformSelectedNodes(Lorg/apache/xalan/transformer/TransformerImpl;)V (979 bytes) @ 0x000077163cbdf73c [0x000077163cbdae40+0x00000000000048fc]
J 2441 c2 org.apache.xalan.templates.ElemApplyTemplates.execute(Lorg/apache/xalan/transformer/TransformerImpl;)V (141 bytes) @ 0x00007716444fbcc0 [0x00007716444fbac0+0x0000000000000200]
J 2903 c2 org.apache.xalan.templates.ElemLiteralResult.execute(Lorg/apache/xalan/transformer/TransformerImpl;)V (312 bytes) @ 0x000077164457e624 [0x000077164457e320+0x0000000000000304]
J 1854 c1 org.apache.xalan.templates.ElemApplyTemplates.transformSelectedNodes(Lorg/apache/xalan/transformer/TransformerImpl;)V (979 bytes) @ 0x000077163cbdf73c [0x000077163cbdae40+0x00000000000048fc]
J 2441 c2 org.apache.xalan.templates.ElemApplyTemplates.execute(Lorg/apache/xalan/transformer/TransformerImpl;)V (141 bytes) @ 0x00007716444fbcc0 [0x00007716444fbac0+0x0000000000000200]
J 2903 c2 org.apache.xalan.templates.ElemLiteralResult.execute(Lorg/apache/xalan/transformer/TransformerImpl;)V (312 bytes) @ 0x000077164457e624 [0x000077164457e320+0x0000000000000304]
J 1854 c1 org.apache.xalan.templates.ElemApplyTemplates.transformSelectedNodes(Lorg/apache/xalan/transformer/TransformerImpl;)V (979 bytes) @ 0x000077163cbdf73c [0x000077163cbdae40+0x00000000000048fc]
J 2441 c2 org.apache.xalan.templates.ElemApplyTemplates.execute(Lorg/apache/xalan/transformer/TransformerImpl;)V (141 bytes) @ 0x00007716444fbcc0 [0x00007716444fbac0+0x0000000000000200]
J 2903 c2 org.apache.xalan.templates.ElemLiteralResult.execute(Lorg/apache/xalan/transformer/TransformerImpl;)V (312 bytes) @ 0x000077164457e624 [0x000077164457e320+0x0000000000000304]
J 1854 c1 org.apache.xalan.templates.ElemApplyTemplates.transformSelectedNodes(Lorg/apache/xalan/transformer/TransformerImpl;)V (979 bytes) @ 0x000077163cbdf73c [0x000077163cbdae40+0x00000000000048fc]
J 2441 c2 org.apache.xalan.templates.ElemApplyTemplates.execute(Lorg/apache/xalan/transformer/TransformerImpl;)V (141 bytes) @ 0x00007716444fbcc0 [0x00007716444fbac0+0x0000000000000200]
J 2903 c2 org.apache.xalan.templates.ElemLiteralResult.execute(Lorg/apache/xalan/transformer/TransformerImpl;)V (312 bytes) @ 0x000077164457e624 [0x000077164457e320+0x0000000000000304]
J 1854 c1 org.apache.xalan.templates.ElemApplyTemplates.transformSelectedNodes(Lorg/apache/xalan/transformer/TransformerImpl;)V (979 bytes) @ 0x000077163cbdf73c [0x000077163cbdae40+0x00000000000048fc]
J 2441 c2 org.apache.xalan.templates.ElemApplyTemplates.execute(Lorg/apache/xalan/transformer/TransformerImpl;)V (141 bytes) @ 0x00007716444fbcc0 [0x00007716444fbac0+0x0000000000000200]
J 2903 c2 org.apache.xalan.templates.ElemLiteralResult.execute(Lorg/apache/xalan/transformer/TransformerImpl;)V (312 bytes) @ 0x000077164457e624 [0x000077164457e320+0x0000000000000304]
J 1854 c1 org.apache.xalan.templates.ElemApplyTemplates.transformSelectedNodes(Lorg/apache/xalan/transformer/TransformerImpl;)V (979 bytes) @ 0x000077163cbdf73c [0x000077163cbdae40+0x00000000000048fc]
J 2441 c2 org.apache.xalan.templates.ElemApplyTemplates.execute(Lorg/apache/xalan/transformer/TransformerImpl;)V (141 bytes) @ 0x00007716444fbcc0 [0x00007716444fbac0+0x0000000000000200]
J 2277 c2 org.apache.xalan.transformer.TransformerImpl.executeChildTemplates(Lorg/apache/xalan/templates/ElemTemplateElement;Z)V (218 bytes) @ 0x00007716444b3a9c [0x00007716444b3920+0x000000000000017c]
j  org.apache.xalan.templates.ElemLiteralResult.execute(Lorg/apache/xalan/transformer/TransformerImpl;)V+195
J 1854 c1 org.apache.xalan.templates.ElemApplyTemplates.transformSelectedNodes(Lorg/apache/xalan/transformer/TransformerImpl;)V (979 bytes) @ 0x000077163cbdf73c [0x000077163cbdae40+0x00000000000048fc]
J 2441 c2 org.apache.xalan.templates.ElemApplyTemplates.execute(Lorg/apache/xalan/transformer/TransformerImpl;)V (141 bytes) @ 0x00007716444fbcc0 [0x00007716444fbac0+0x0000000000000200]
J 2277 c2 org.apache.xalan.transformer.TransformerImpl.executeChildTemplates(Lorg/apache/xalan/templates/ElemTemplateElement;Z)V (218 bytes) @ 0x00007716444b3a9c [0x00007716444b3920+0x000000000000017c]
J 2892 c1 org.apache.xalan.transformer.TransformerImpl.applyTemplateToNode(Lorg/apache/xalan/templates/ElemTemplateElement;Lorg/apache/xalan/templates/ElemTemplate;I)Z (577 bytes) @ 0x000077163ce1a4ec [0x000077163ce17a00+0x0000000000002aec]
J 2530 c1 org.apache.xalan.transformer.TransformerImpl.transformNode(I)V (489 bytes) @ 0x000077163cd63d1c [0x000077163cd629c0+0x000000000000135c]
J 2925 c1 org.apache.xalan.transformer.TransformerImpl.transform(Ljavax/xml/transform/Source;Z)V (567 bytes) @ 0x000077163ce2f694 [0x000077163ce2cdc0+0x00000000000028d4]
J 2928 c1 org.apache.xalan.transformer.TransformerImpl.transform(Ljavax/xml/transform/Source;Ljavax/xml/transform/Result;Z)V (47 bytes) @ 0x000077163ce29354 [0x000077163ce290e0+0x0000000000000274]
J 2941 c1 org.apache.xalan.transformer.TransformerImpl.transform(Ljavax/xml/transform/Source;Ljavax/xml/transform/Result;)V (8 bytes) @ 0x000077163ce2af5c [0x000077163ce2aec0+0x000000000000009c]
j  org.dacapo.xalan.XSLTBench$XalanWorker.run()V+209
v  ~StubRoutines::call_stub 0x0000771643c17cc6
V  [libjvm.so+0x92b2fa]  JavaCalls::call_helper(JavaValue*, methodHandle const&, JavaCallArguments*, JavaThread*)+0x2da  (javaCalls.cpp:415)
V  [libjvm.so+0x92ccb2]  JavaCalls::call_virtual(JavaValue*, Handle, Klass*, Symbol*, Symbol*, JavaThread*)+0x1c2  (javaCalls.cpp:329)
V  [libjvm.so+0x9fc323]  thread_entry(JavaThread*, JavaThread*)+0x93  (jvm.cpp:2930)
V  [libjvm.so+0x941e38]  JavaThread::thread_main_inner() [clone .part.0]+0xb8  (javaThread.cpp:717)
V  [libjvm.so+0xf9e927]  Thread::call_run()+0xa7  (thread.cpp:236)
V  [libjvm.so+0xd290e5]  thread_native_entry(Thread*)+0xd5  (os_linux.cpp:789)
C  [libc.so.6+0x9caa4]

siginfo: si_signo: 11 (SIGSEGV), si_code: 128 (SI_KERNEL), si_addr: 0x0000000000000000

Registers:
RAX=0x00006a692001ea90, RBX=0xc000006a691f0003, RCX=0x0000000040d22cc0, RDX=0x000000000000000e
RSP=0x00006a691d7fb620, RBP=0x0000000040e943a0, RSI=0x00006a691f000001, RDI=0x0000000000000000
R8 =0x00006a692001ea90, R9 =0x0000000000000016, R10=0x0000000040d22ca8, R11=0xf0000077165b6ab9
R12=0x0000000000000000, R13=0x00000000000005b8, R14=0x00000000502d01e8, R15=0x00007716543be1e0
RIP=0x00007716444f6e38, EFLAGS=0x0000000000010202, CSGSFS=0x002b000000000033, ERR=0x0000000000000000
  TRAPNO=0x000000000000000d

XMM[0]=0x0000000000000000 0x00000000502872b0
XMM[1]=0x0000000000000000 0x00000000502e3b80
XMM[2]=0x0000000000000000 0x0000000040eab140
XMM[3]=0x0000000000000000 0x0000000000000000
XMM[4]=0x0000000000000000 0x0000000000000001
XMM[5]=0x0000000000000000 0x0000000000000001
XMM[6]=0x0000000000000000 0x0000000000000000
XMM[7]=0x0000000000000000 0x0000000000000000
XMM[8]=0xff00ff00ff00ff00 0xff00ff00ff00ff00
XMM[9]=0x0000000000000000 0x0000000000000000
XMM[10]=0x0000000000000000 0x00000000092081c0
XMM[11]=0x0000000000000000 0xefe56f37ed4f5e0b
XMM[12]=0x0000000000000000 0x00000000fd69eed4
XMM[13]=0x0000000000000000 0x0000000000000000
XMM[14]=0x0000000000000000 0x0000000000000000
XMM[15]=0x0000000000000000 0x0000000000000000
  MXCSR=0x00001fa2


Register to memory mapping:

RAX=
[error occurred during error reporting (printing register info), id 0xe0000000, Internal Error (/mydata/mmtk-openjdk/openjdk/share/mmtkHeap.cpp:444)]
RBX=
[error occurred during error reporting (printing register info, attempt 2), id 0xe0000000, Internal Error (/mydata/mmtk-openjdk/openjdk/share/mmtkHeap.cpp:444)]
RCX=
[error occurred during error reporting (printing register info, attempt 3), id 0xe0000000, Internal Error (/mydata/mmtk-openjdk/openjdk/share/mmtkHeap.cpp:444)]
Top of Stack: (sp=0x00006a691d7fb620)
0x00006a691d7fb620:   00000000502d01e8 000077160001021c
0x00006a691d7fb630:   0000000040ddcb68 0000000040ddb8d8
0x00006a691d7fb640:   0000000000000000 0000771644486484
0x00006a691d7fb650:   0000000040d22ca8 00000000502d3d90
0x00006a691d7fb660:   0000000000000003 000000005020a6b0
0x00006a691d7fb670:   0000000000000000 000077163cbdb02c
0x00006a691d7fb680:   0001021900000001 0000000050286870
0x00006a691d7fb690:   0000000000000000 000077163cc45844
0x00006a691d7fb6a0:   0000000000000000 00007716444746d0
0x00006a691d7fb6b0:   000000000000001a 000077163cc1dbac
0x00006a691d7fb6c0:   000000000000001a 000077163ccb7cac
0x00006a691d7fb6d0:   0000000000000000 00000000502d5118
0x00006a691d7fb6e0:   0000000000000007 0000000040f4fc78
0x00006a691d7fb6f0:   0000000040f4fcf0 000077164454fd90
0x00006a691d7fb700:   000000000000001a 000077163cc78d74
0x00006a691d7fb710:   0000000050250118 0000000050250148
0x00006a691d7fb720:   0000000000000001 000077163cc17b8c
0x00006a691d7fb730:   0000000000000001 000077163cc7675c
0x00006a691d7fb740:   0000000000000009 000077163cc1d494
0x00006a691d7fb750:   0000000040f4fc78 000077163caf623c
0x00006a691d7fb760:   00000000502d01e8 0000000040d21fc0
0x00006a691d7fb770:   0000000050357d58 000000000001021c
0x00006a691d7fb780:   00000000502d5118 0000000040ddb8d8
0x00006a691d7fb790:   0000000000000006 00000000502d51b8
0x00006a691d7fb7a0:   000000004849ea78 000000005020a2e0
0x00006a691d7fb7b0:   0000000040e66a60 0000000040ddb8d8
0x00006a691d7fb7c0:   000000000000001a 000077163cc36f04
0x00006a691d7fb7d0:   000000004849ea78 00000000413ce278
0x00006a691d7fb7e0:   0000000000000001 0000000040fe2fb0
0x00006a691d7fb7f0:   00000000502817e8 0000000050286870
0x00006a691d7fb800:   0000000100000000 00006a691f25f898
0x00006a691d7fb810:   0000000000000000 0000000000000000 

Instructions: (pc=0x00007716444f6e38)
0x00007716444f6d38:   75 05 83 c8 01 eb 0c a8 00 eb 08 4c 8b 18 f0 4d
0x00007716444f6d48:   0f b1 1a 75 0a 49 ff 8f 68 08 00 00 45 33 db 0f
0x00007716444f6d58:   85 5b 03 00 00 44 8b 5d 08 49 ba 58 62 0c 20 69
0x00007716444f6d68:   6a 00 00 49 b8 00 00 00 1f 69 6a 00 00 4d 03 c3
0x00007716444f6d78:   4d 8b 58 50 4d 3b da 0f 85 a1 02 00 00 48 8b f5
0x00007716444f6d88:   4c 8b 54 24 10 45 89 62 18 41 c7 42 14 ff ff ff
0x00007716444f6d98:   ff 4c 8b d6 4c 8b 5c 24 10 45 89 53 20 48 8b 0c
0x00007716444f6da8:   24 44 8b 51 28 45 89 53 24 8b 54 24 08 49 8b eb
0x00007716444f6db8:   90 48 b8 d0 68 00 2c 68 6a 00 00 e8 b0 2d a8 ff
0x00007716444f6dc8:   0f 1f 84 00 b8 04 00 00 44 8b 5d 20 49 8b f3 66
0x00007716444f6dd8:   90 48 b8 00 1b 00 2c 68 6a 00 00 e8 48 2e a8 ff
0x00007716444f6de8:   0f 1f 84 00 d8 04 00 01 85 c0 0f 84 e5 02 00 00
0x00007716444f6df8:   48 8b c5 48 83 c4 50 5d 49 3b a7 68 07 00 00 0f
0x00007716444f6e08:   87 b5 04 00 00 c3 48 b8 90 ea 01 20 69 6a 00 00
0x00007716444f6e18:   48 33 ff 4c 8b 9e a0 00 00 00 49 8b d3 48 c1 e2
0x00007716444f6e28:   29 0f 89 21 00 00 00 f3 48 0f b8 d2 48 8b 5e 28
0x00007716444f6e38:   48 3b 04 d3 74 15 49 0f ba e3 17 73 0b 49 c1 cb
0x00007716444f6e48:   16 e8 a9 67 78 ff eb 03 48 ff c7 48 85 ff 0f 84
0x00007716444f6e58:   69 fe ff ff be de ff ff ff 66 90 e8 98 34 77 ff
0x00007716444f6e68:   0f 1f 84 00 58 05 00 02 45 8b 5b 0c 49 8b f3 48
0x00007716444f6e78:   8b 6c 24 10 4c 89 54 24 20 48 b8 60 1b 00 2c 68
0x00007716444f6e88:   6a 00 00 e8 00 2c a8 ff 0f 1f 84 00 80 05 00 03
0x00007716444f6e98:   48 8b e8 44 8b 50 08 48 be 00 00 00 1f 69 6a 00
0x00007716444f6ea8:   00 49 03 f2 4c 8b 56 20 49 bb 90 ea 01 20 69 6a
0x00007716444f6eb8:   00 00 4d 3b d3 0f 85 a2 00 00 00 48 8d 44 24 40
0x00007716444f6ec8:   4c 8b 5c 24 20 48 83 38 00 0f 84 79 00 00 00 4d
0x00007716444f6ed8:   8b 13 41 f6 c2 02 0f 84 62 00 00 00 49 83 ba 86
0x00007716444f6ee8:   00 00 00 00 74 09 49 ff 8a 86 00 00 00 eb 4b 49
0x00007716444f6ef8:   8b 82 96 00 00 00 49 0b 82 8e 00 00 00 75 0a 49
0x00007716444f6f08:   c7 42 3e 00 00 00 00 eb 3d 49 83 ba 9e 00 00 00
0x00007716444f6f18:   00 74 22 48 33 c0 49 c7 42 3e 00 00 00 00 f0 83
0x00007716444f6f28:   04 24 00 49 83 ba 9e 00 00 00 00 75 0d f0 4d 0f 


Stack slot to memory mapping:

stack at sp + 0 slots: 
[error occurred during error reporting (inspecting top of stack), id 0xe0000000, Internal Error (/mydata/mmtk-openjdk/openjdk/share/mmtkHeap.cpp:444)]
stack at sp + 1 slots: 
[error occurred during error reporting (inspecting top of stack, attempt 2), id 0xe0000000, Internal Error (/mydata/mmtk-openjdk/openjdk/share/mmtkHeap.cpp:444)]
stack at sp + 2 slots: 
[error occurred during error reporting (inspecting top of stack, attempt 3), id 0xe0000000, Internal Error (/mydata/mmtk-openjdk/openjdk/share/mmtkHeap.cpp:444)]

Compiled method (c2) 4874 2430       4       org.apache.xpath.axes.LocPathIterator::asIterator (26 bytes)
 total in heap  [0x00007716444f6910,0x00007716444f7740] = 3632
 relocation     [0x00007716444f6a68,0x00007716444f6af8] = 144
 main code      [0x00007716444f6b00,0x00007716444f72e8] = 2024
 stub code      [0x00007716444f72e8,0x00007716444f7300] = 24
 oops           [0x00007716444f7300,0x00007716444f7308] = 8
 metadata       [0x00007716444f7308,0x00007716444f7368] = 96
 scopes data    [0x00007716444f7368,0x00007716444f7538] = 464
 scopes pcs     [0x00007716444f7538,0x00007716444f7698] = 352
 dependencies   [0x00007716444f7698,0x00007716444f76b0] = 24
 handler table  [0x00007716444f76b0,0x00007716444f7710] = 96
 nul chk table  [0x00007716444f7710,0x00007716444f7740] = 48

[Constant Pool (empty)]

[MachCode]
[Entry Point]
  # {method} {0x00006a691467a8c8} 'asIterator' '(Lorg/apache/xpath/XPathContext;I)Lorg/apache/xml/dtm/DTMIterator;' in 'org/apache/xpath/axes/LocPathIterator'
  # this:     rsi:rsi   = 'org/apache/xpath/axes/LocPathIterator'
  # parm0:    rdx:rdx   = 'org/apache/xpath/XPathContext'
  # parm1:    rcx       = int
  #           [sp+0x60]  (sp of caller)
  0x00007716444f6b00: 448b 5608 | 49bb 0000 | 001f 696a | 0000 4d03 | d349 3bc2 

  0x00007716444f6b14: ;   {runtime_call ic_miss_stub}
  0x00007716444f6b14: 0f85 66e2 | 76ff 6690 | 0f1f 4000 
[Verified Entry Point]
  0x00007716444f6b20: 8984 2400 | c0fe ff55 | 4883 ec50 | 4181 7f20 | 0100 0000 | 0f85 9e07 | 0000 894c | 2408 4889 
  0x00007716444f6b40: 1424 488b | ee49 8b87 | b804 0000 | 4c8b d049 | 83c2 284d | 3b97 c004 | 0000 0f83 | 6804 0000 
  0x00007716444f6b60: 4d89 97b8 | 0400 004c | 8bd0 4d8b | da49 c1eb | 0649 c1ea | 0349 83e2 | 0745 8bd2 | 41b9 0100 
  0x00007716444f6b80: 0000 c442 | 29f7 d149 | b800 0040 | 9869 6a00 | 004d 03d8 | 450f b60b | 450b ca45 | 880b 48c7 
  0x00007716444f6ba0: 0001 0000 

  0x00007716444f6ba4: ;   {metadata('org/apache/xpath/objects/XNodeSet')}
  0x00007716444f6ba4: 00c7 4008 | 08f5 0101 | 4489 600c | 4c89 6010 | 4c89 6018 | 4c89 6020 | 4889 4424 | 1044 8b5d 
  0x00007716444f6bc4: 5044 895c | 2430 4585 | db0f 8412 | 0400 004d | 8bd3 488d | 5c24 4049 | 8b02 a802 | 0f85 2300 
  0x00007716444f6be4: 0000 4883 | c801 4889 | 03f0 490f | b11a 0f84 | 3700 0000 | 482b c448 | 2507 f0ff | ff48 8903 
  0x00007716444f6c04: e924 0000 | 004c 8bd8 | 4833 c0f0 | 4d0f b17b | 3e48 c703 | 0300 0000 | 7411 4c3b | f875 1549 
  0x00007716444f6c24: ff83 8600 | 0000 4833 | c075 0949 | ff87 6808 | 0000 33c0 | 0f85 ba03 | 0000 448b | 5c24 3041 
  0x00007716444f6c44: 8b4b 108b | 5910 85db | 0f84 1e02 | 0000 448d | 4bff 85db | 0f8c 2e04 | 0000 8beb | 443b cd0f 
  0x00007716444f6c64: 83cf 0300 | 008b 5114 | 418b e944 | 8b5a 0c41 | 3beb 0f83 | d803 0000 | 4489 4910 | 8b6c aa10 
  0x00007716444f6c84: 448b 410c | 41ff c044 | 8941 0c45 | 3bcb 0f83 | d803 0000 | 4489 649a | 0c44 8b45 | 0848 be00 
  0x00007716444f6ca4: ;   {no_reloc}
  0x00007716444f6ca4: 0000 1f69 | 6a00 0049 | 03f0 4c8b 

  0x00007716444f6cb0: ;   {metadata('org/apache/xml/dtm/DTMIterator')}
  0x00007716444f6cb0: 5e20 49b8 | 90ea 0120 | 696a 0000 | 4d3b d80f | 8549 0100 | 0048 8d44 | 2440 4883 | 3800 0f84 
  0x00007716444f6cd0: 7900 0000 | 4d8b 1a41 | f6c3 020f | 8462 0000 | 0049 83bb | 8600 0000 | 0074 0949 | ff8b 8600 
  0x00007716444f6cf0: 0000 eb4b | 498b 8396 | 0000 0049 | 0b83 8e00 | 0000 750a | 49c7 433e | 0000 0000 | eb3d 4983 
  0x00007716444f6d10: bb9e 0000 | 0000 7422 | 4833 c049 | c743 3e00 | 0000 00f0 | 8304 2400 | 4983 bb9e | 0000 0000 
  0x00007716444f6d30: 750d f04d | 0fb1 7b3e | 7505 83c8 | 01eb 0ca8 | 00eb 084c | 8b18 f04d | 0fb1 1a75 | 0a49 ff8f 
  0x00007716444f6d50: 6808 0000 | 4533 db0f | 855b 0300 | 0044 8b5d 

  0x00007716444f6d60: ;   {metadata('org/apache/xpath/axes/LocPathIterator')}
  0x00007716444f6d60: 0849 ba58 | 620c 2069 | 6a00 0049 | b800 0000 | 1f69 6a00 | 004d 03c3 | 4d8b 5850 | 4d3b da0f 
  0x00007716444f6d80: 85a1 0200 | 0048 8bf5 | 4c8b 5424 | 1045 8962 | 1841 c742 | 14ff ffff | ff4c 8bd6 | 4c8b 5c24 
  0x00007716444f6da0: 1045 8953 | 2048 8b0c | 2444 8b51 | 2845 8953 | 248b 5424 | 0849 8beb | 9048 b8d0 | 6800 2c68 
  0x00007716444f6dc0: ;   {virtual_call}
  0x00007716444f6dc0: 6a00 00e8 

  0x00007716444f6dc4: ; ImmutableOopMap {rbp=Oop }
                      ;*invokeinterface setRoot {reexecute=0 rethrow=0 return_oop=0}
                      ; - org.apache.xpath.axes.NodeSequence::setRoot@27 (line 265)
                      ; - org.apache.xpath.axes.LocPathIterator::asIterator@21 (line 269)
  0x00007716444f6dc4: b02d a8ff 

  0x00007716444f6dc8: ;   {other}
  0x00007716444f6dc8: 0f1f 8400 | b804 0000 | 448b 5d20 | 498b f366 | 9048 b800 | 1b00 2c68 

  0x00007716444f6de0: ;   {virtual_call}
  0x00007716444f6de0: 6a00 00e8 

  0x00007716444f6de4: ; ImmutableOopMap {rbp=Oop }
                      ;*invokeinterface isDocOrdered {reexecute=0 rethrow=0 return_oop=0}
                      ; - org.apache.xpath.axes.NodeSequence::setRoot@36 (line 266)
                      ; - org.apache.xpath.axes.LocPathIterator::asIterator@21 (line 269)
  0x00007716444f6de4: 482e a8ff 

  0x00007716444f6de8: ;   {other}
  0x00007716444f6de8: 0f1f 8400 | d804 0001 | 85c0 0f84 | e502 0000 | 488b c548 | 83c4 505d 

  0x00007716444f6e00: ;   {poll_return}
  0x00007716444f6e00: 493b a768 | 0700 000f | 87b5 0400 

  0x00007716444f6e0c: ;   {metadata('org/apache/xml/dtm/DTMIterator')}
  0x00007716444f6e0c: 00c3 48b8 | 90ea 0120 | 696a 0000 | 4833 ff4c | 8b9e a000 | 0000 498b | d348 c1e2 | 290f 8921 
  0x00007716444f6e2c: 0000 00f3 | 480f b8d2 | 488b 5e28 | 483b 04d3 | 7415 490f | bae3 1773 | 0b49 c1cb 

  0x00007716444f6e48: ;   {runtime_call StubRoutines (compiler stubs)}
  0x00007716444f6e48: 16e8 a967 | 78ff eb03 | 48ff c748 | 85ff 0f84 | 69fe ffff | bede ffff 

  0x00007716444f6e60: ;   {runtime_call UncommonTrapBlob}
  0x00007716444f6e60: ff66 90e8 

  0x00007716444f6e64: ; ImmutableOopMap {rbp=NarrowOop [0]=Oop [16]=Oop [48]=NarrowOop }
                      ;*checkcast {reexecute=0 rethrow=0 return_oop=0}
                      ; - org.apache.xpath.axes.IteratorPool::getInstance@49 (line 104)
                      ; - org.apache.xpath.axes.LocPathIterator::asIterator@8 (line 267)
  0x00007716444f6e64: 9834 77ff 

  0x00007716444f6e68: ;   {other}
  0x00007716444f6e68: 0f1f 8400 | 5805 0002 | 458b 5b0c | 498b f348 | 8b6c 2410 | 4c89 5424 | 2048 b860 | 1b00 2c68 
  0x00007716444f6e88: ;   {virtual_call}
  0x00007716444f6e88: 6a00 00e8 

  0x00007716444f6e8c: ; ImmutableOopMap {rbp=Oop [0]=Oop [16]=Oop [32]=Oop [48]=NarrowOop }
                      ;*invokeinterface clone {reexecute=0 rethrow=0 return_oop=1}
                      ; - org.apache.xpath.axes.IteratorPool::getInstance@14 (line 94)
                      ; - org.apache.xpath.axes.LocPathIterator::asIterator@8 (line 267)
  0x00007716444f6e8c: 002c a8ff 

  0x00007716444f6e90: ;   {other}
  0x00007716444f6e90: 0f1f 8400 | 8005 0003 | 488b e844 | 8b50 0848 | be00 0000 | 1f69 6a00 | 0049 03f2 | 4c8b 5620 
  0x00007716444f6eb0: ;   {metadata('org/apache/xml/dtm/DTMIterator')}
  0x00007716444f6eb0: 49bb 90ea | 0120 696a | 0000 4d3b | d30f 85a2 | 0000 0048 | 8d44 2440 | 4c8b 5c24 | 2048 8338 
  0x00007716444f6ed0: 000f 8479 | 0000 004d | 8b13 41f6 | c202 0f84 | 6200 0000 | 4983 ba86 | 0000 0000 | 7409 49ff 
  0x00007716444f6ef0: 8a86 0000 | 00eb 4b49 | 8b82 9600 | 0000 490b | 828e 0000 | 0075 0a49 | c742 3e00 | 0000 00eb 
  0x00007716444f6f10: 3d49 83ba | 9e00 0000 | 0074 2248 | 33c0 49c7 | 423e 0000 | 0000 f083 | 0424 0049 | 83ba 9e00 
  0x00007716444f6f30: 0000 0075 | 0df0 4d0f | b17a 3e75 | 0583 c801 | eb0c a800 | eb08 4c8b | 10f0 4d0f | b113 750a 
  0x00007716444f6f50: 49ff 8f68 | 0800 0045 | 33d2 0f85 | 9401 0000 | e9f8 fdff 

  0x00007716444f6f64: ;   {metadata('org/apache/xml/dtm/DTMIterator')}
  0x00007716444f6f64: ff48 b890 | ea01 2069 | 6a00 0048 | 33ff 4c8b | 9ea0 0000 | 0049 8bd3 | 48c1 e229 | 0f89 2100 
  0x00007716444f6f84: 0000 f348 | 0fb8 d248 | 8b5e 2848 | 3b04 d374 | 1549 0fba | e317 730b | 49c1 cb16 

  0x00007716444f6fa0: ;   {runtime_call StubRoutines (compiler stubs)}
  0x00007716444f6fa0: e852 6678 | ffeb 0348 | ffc7 4885 | ff0f 8410 | ffff ffbe | deff ffff 

  0x00007716444f6fb8: ;   {runtime_call UncommonTrapBlob}
  0x00007716444f6fb8: 6666 90e8 

  0x00007716444f6fbc: ; ImmutableOopMap {rbp=Oop [0]=Oop [16]=Oop [48]=NarrowOop }
                      ;*checkcast {reexecute=0 rethrow=0 return_oop=0}
                      ; - org.apache.xpath.axes.IteratorPool::getInstance@19 (line 94)
                      ; - org.apache.xpath.axes.LocPathIterator::asIterator@8 (line 267)
  0x00007716444f6fbc: 4033 77ff 

  0x00007716444f6fc0: ;   {other}
  0x00007716444f6fc0: 0f1f 8400 | b006 0004 

  0x00007716444f6fc8: ;   {metadata('org/apache/xpath/objects/XNodeSet')}
  0x00007716444f6fc8: 48be 08f5 | 0120 696a 

  0x00007716444f6fd0: ;   {runtime_call _new_instance_Java}
  0x00007716444f6fd0: 0000 90e8 

  0x00007716444f6fd4: ; ImmutableOopMap {rbp=Oop [0]=Oop }
                      ;*new {reexecute=0 rethrow=0 return_oop=1}
                      ; - org.apache.xpath.axes.LocPathIterator::asIterator@0 (line 267)
  0x00007716444f6fd4: a81a 82ff 

  0x00007716444f6fd8: ;   {other}
  0x00007716444f6fd8: 0f1f 8400 | c806 0005 | e9d7 fbff | ffbe f6ff 

  0x00007716444f6fe8: ;   {runtime_call UncommonTrapBlob}
  0x00007716444f6fe8: ffff 90e8 

  0x00007716444f6fec: ; ImmutableOopMap {}
                      ;*invokevirtual getInstance {reexecute=0 rethrow=0 return_oop=0}
                      ; - org.apache.xpath.axes.LocPathIterator::asIterator@8 (line 267)
  0x00007716444f6fec: 1033 77ff 

  0x00007716444f6ff0: ;   {other}
  0x00007716444f6ff0: 0f1f 8400 | e006 0006 | 498b f248 | 8d54 2440 | 488b 2c24 | 4c89 5424 | 284c 8954 

  0x00007716444f700c: ;   {runtime_call _complete_monitor_locking_Java}
  0x00007716444f700c: 2438 90e8 

  0x00007716444f7010: ; ImmutableOopMap {rbp=Oop [0]=Oop [16]=Oop [40]=Oop [48]=NarrowOop [56]=Oop }
                      ;*synchronization entry
                      ; - org.apache.xpath.axes.IteratorPool::getInstance@-1 (line 88)
                      ; - org.apache.xpath.axes.LocPathIterator::asIterator@8 (line 267)
  0x00007716444f7010: 6ca9 82ff 

  0x00007716444f7014: ;   {other}
  0x00007716444f7014: 0f1f 8400 | 0407 0007 | 4c8b 5424 | 28e9 18fc | ffff bede 

  0x00007716444f7028: ;   {runtime_call UncommonTrapBlob}
  0x00007716444f7028: ffff ffe8 

  0x00007716444f702c: ; ImmutableOopMap {rbp=Oop }
                      ;*checkcast {reexecute=0 rethrow=0 return_oop=0}
                      ; - org.apache.xpath.axes.LocPathIterator::asIterator@11 (line 267)
  0x00007716444f702c: d032 77ff 

  0x00007716444f7030: ;   {other}
  0x00007716444f7030: 0f1f 8400 | 2007 0008 | bee4 ffff | ff89 4c24 | 2044 894c 

  0x00007716444f7044: ;   {runtime_call UncommonTrapBlob}
  0x00007716444f7044: 2428 90e8 

  0x00007716444f7048: ; ImmutableOopMap {[0]=Oop [16]=Oop [32]=NarrowOop [48]=NarrowOop }
                      ;*invokestatic checkIndex {reexecute=0 rethrow=0 return_oop=0}
                      ; - java.util.Objects::checkIndex@3 (line 385)
                      ; - java.util.ArrayList::remove@5 (line 551)
                      ; - org.apache.xpath.axes.IteratorPool::getInstance@46 (line 104)
                      ; - org.apache.xpath.axes.LocPathIterator::asIterator@8 (line 267)
  0x00007716444f7048: b432 77ff 

  0x00007716444f704c: ;   {other}
  0x00007716444f704c: 0f1f 8400 | 3c07 0009 | bee4 ffff | ff89 4c24 | 2089 5424 

  0x00007716444f7060: ;   {runtime_call UncommonTrapBlob}
  0x00007716444f7060: 2866 90e8 

  0x00007716444f7064: ; ImmutableOopMap {[0]=Oop [16]=Oop [32]=NarrowOop [40]=NarrowOop [48]=NarrowOop }
                      ;*aaload {reexecute=0 rethrow=0 return_oop=0}
                      ; - java.util.ArrayList::remove@16 (line 554)
                      ; - org.apache.xpath.axes.IteratorPool::getInstance@46 (line 104)
                      ; - org.apache.xpath.axes.LocPathIterator::asIterator@8 (line 267)
  0x00007716444f7064: 9832 77ff 

  0x00007716444f7068: ;   {other}
  0x00007716444f7068: 0f1f 8400 | 5807 000a | bee4 ffff | ff89 5424 | 2044 894c 

  0x00007716444f707c: ;   {runtime_call UncommonTrapBlob}
  0x00007716444f707c: 2424 90e8 

  0x00007716444f7080: ; ImmutableOopMap {rbp=NarrowOop [0]=Oop [16]=Oop [32]=NarrowOop [48]=NarrowOop }
                      ;*aastore {reexecute=1 rethrow=0 return_oop=0}
                      ; - (reexecute) java.util.ArrayList::fastRemove@42 (line 724)
                      ; - java.util.ArrayList::remove@21 (line 555)
                      ; - org.apache.xpath.axes.IteratorPool::getInstance@46 (line 104)
                      ; - org.apache.xpath.axes.LocPathIterator::asIterator@8 (line 267)
  0x00007716444f7080: 7c32 77ff 

  0x00007716444f7084: ;   {other}
  0x00007716444f7084: 0f1f 8400 | 7407 000b | becc ffff | ff48 8b2c | 2444 8b5c | 2408 4489 | 1c24 894c | 2418 4489 
  0x00007716444f70a4: 4c24 2089 

  0x00007716444f70a8: ;   {runtime_call UncommonTrapBlob}
  0x00007716444f70a8: 5c24 24e8 

  0x00007716444f70ac: ; ImmutableOopMap {rbp=Oop [16]=Oop [24]=NarrowOop [48]=NarrowOop }
                      ;*invokestatic checkIndex {reexecute=0 rethrow=0 return_oop=0}
                      ; - java.util.Objects::checkIndex@3 (line 385)
                      ; - java.util.ArrayList::remove@5 (line 551)
                      ; - org.apache.xpath.axes.IteratorPool::getInstance@46 (line 104)
                      ; - org.apache.xpath.axes.LocPathIterator::asIterator@8 (line 267)
  0x00007716444f70ac: 5032 77ff 

  0x00007716444f70b0: ;   {other}
  0x00007716444f70b0: 0f1f 8400 | a007 000c | 498b fa48 | 8d74 2440 | 498b d749 | baa0 89de | 5b16 7700 | 0041 ffd2 
  0x00007716444f70d0: ;   {other}
  0x00007716444f70d0: 0f1f 8400 | 0000 0000 | e980 fcff | ffbe 45ff | ffff 8944 

  0x00007716444f70e4: ;   {runtime_call UncommonTrapBlob}
  0x00007716444f70e4: 2408 90e8 

  0x00007716444f70e8: ; ImmutableOopMap {rbp=Oop }
                      ;*ifne {reexecute=1 rethrow=0 return_oop=0}
                      ; - (reexecute) org.apache.xpath.axes.NodeSequence::setRoot@41 (line 266)
                      ; - org.apache.xpath.axes.LocPathIterator::asIterator@21 (line 269)
  0x00007716444f70e8: 1432 77ff 

  0x00007716444f70ec: ;   {other}
  0x00007716444f70ec: 0f1f 8400 | dc07 000d | 498b fb48 | 8d74 2440 | 498b d749 | baa0 89de | 5b16 7700 | 0041 ffd2 
  0x00007716444f710c: ;   {other}
  0x00007716444f710c: 0f1f 8400 | 0000 0000 | e947 feff | ffbe f6ff | ffff 488b | 2c24 448b | 5424 0844 | 8914 2444 
  0x00007716444f712c: 895c 2418 

  0x00007716444f7130: ;   {runtime_call UncommonTrapBlob}
  0x00007716444f7130: 6666 90e8 

  0x00007716444f7134: ; ImmutableOopMap {rbp=Oop [16]=Oop [24]=NarrowOop [48]=NarrowOop }
                      ;*invokevirtual isEmpty {reexecute=0 rethrow=0 return_oop=0}
                      ; - org.apache.xpath.axes.IteratorPool::getInstance@4 (line 88)
                      ; - org.apache.xpath.axes.LocPathIterator::asIterator@8 (line 267)
  0x00007716444f7134: c831 77ff 

  0x00007716444f7138: ;   {other}
  0x00007716444f7138: 0f1f 8400 | 2808 000e | be5e ffff 

  0x00007716444f7144: ;   {runtime_call UncommonTrapBlob}
  0x00007716444f7144: ff66 90e8 

  0x00007716444f7148: ; ImmutableOopMap {}
                      ;*invokevirtual getDTMManager {reexecute=0 rethrow=0 return_oop=0}
                      ; - org.apache.xpath.axes.NodeSequence::setRoot@15 (line 264)
                      ; - org.apache.xpath.axes.LocPathIterator::asIterator@21 (line 269)
  0x00007716444f7148: b431 77ff 

  0x00007716444f714c: ;   {other}
  0x00007716444f714c: 0f1f 8400 | 3c08 000f | bef6 ffff 

  0x00007716444f7158: ;   {runtime_call UncommonTrapBlob}
  0x00007716444f7158: ff66 90e8 

  0x00007716444f715c: ; ImmutableOopMap {[0]=Oop [16]=Oop [48]=NarrowOop }
                      ;*aaload {reexecute=0 rethrow=0 return_oop=0}
                      ; - java.util.ArrayList::remove@16 (line 554)
                      ; - org.apache.xpath.axes.IteratorPool::getInstance@46 (line 104)
                      ; - org.apache.xpath.axes.LocPathIterator::asIterator@8 (line 267)
  0x00007716444f715c: a031 77ff 

  0x00007716444f7160: ;   {other}
  0x00007716444f7160: 0f1f 8400 | 5008 0010 | bef4 ffff | ff48 8b2c | 2444 8b54 | 2408 4489 

  0x00007716444f7178: ;   {runtime_call UncommonTrapBlob}
  0x00007716444f7178: 1424 90e8 

  0x00007716444f717c: ; ImmutableOopMap {rbp=Oop [16]=Oop [48]=NarrowOop }
                      ;*checkcast {reexecute=0 rethrow=0 return_oop=0}
                      ; - org.apache.xpath.axes.IteratorPool::getInstance@49 (line 104)
                      ; - org.apache.xpath.axes.LocPathIterator::asIterator@8 (line 267)
  0x00007716444f717c: 8031 77ff 

  0x00007716444f7180: ;   {other}
  0x00007716444f7180: 0f1f 8400 | 7008 0011 | bef4 ffff | ff48 8b2c | 2444 8b54 | 2408 4489 

  0x00007716444f7198: ;   {runtime_call UncommonTrapBlob}
  0x00007716444f7198: 1424 90e8 

  0x00007716444f719c: ; ImmutableOopMap {rbp=Oop [16]=Oop [48]=NarrowOop }
                      ;*checkcast {reexecute=0 rethrow=0 return_oop=0}
                      ; - org.apache.xpath.axes.IteratorPool::getInstance@19 (line 94)
                      ; - org.apache.xpath.axes.LocPathIterator::asIterator@8 (line 267)
  0x00007716444f719c: 6031 77ff 

  0x00007716444f71a0: ;   {other}
  0x00007716444f71a0: 0f1f 8400 | 9008 0012 | 488b f0e9 | ce00 0000 | 488b d844 

  0x00007716444f71b4: ;   {metadata('java/lang/Exception')}
  0x00007716444f71b4: 8b58 0849 | ba78 c100 | 1f69 6a00 | 0049 b800 | 0000 1f69 | 6a00 004d | 03c3 4d8b | 5840 4d3b 
  0x00007716444f71d4: da0f 84ad | 0000 0048 | 8d44 2440 | 4c8b 5c24 | 2048 8338 | 000f 8479 | 0000 004d | 8b13 41f6 
  0x00007716444f71f4: c202 0f84 | 6200 0000 | 4983 ba86 | 0000 0000 | 7409 49ff | 8a86 0000 | 00eb 4b49 | 8b82 9600 
  0x00007716444f7214: 0000 490b | 828e 0000 | 0075 0a49 | c742 3e00 | 0000 00eb | 3d49 83ba | 9e00 0000 | 0074 2248 
  0x00007716444f7234: 33c0 49c7 | 423e 0000 | 0000 f083 | 0424 0049 | 83ba 9e00 | 0000 0075 | 0df0 4d0f | b17a 3e75 
  0x00007716444f7254: 0583 c801 | eb0c a800 | eb08 4c8b | 10f0 4d0f | b113 750a | 49ff 8f68 | 0800 0045 | 33d2 752c 
  0x00007716444f7274: 488b f3eb | 05eb 0048 | 8bf0 4883 

  0x00007716444f7280: ;   {runtime_call _rethrow_Java}
  0x00007716444f7280: c450 5de9 | f8af 82ff | 488b e8be | 0c00 0000 

  0x00007716444f7290: ;   {runtime_call UncommonTrapBlob}
  0x00007716444f7290: 6666 90e8 

  0x00007716444f7294: ; ImmutableOopMap {rbp=Oop [0]=Oop [16]=Oop [48]=NarrowOop }
                      ;*new {reexecute=0 rethrow=0 return_oop=0}
                      ; - org.apache.xpath.axes.IteratorPool::getInstance@24 (line 98)
                      ; - org.apache.xpath.axes.LocPathIterator::asIterator@8 (line 267)
  0x00007716444f7294: 6830 77ff 

  0x00007716444f7298: ;   {other}
  0x00007716444f7298: 0f1f 8400 | 8809 0013 | 498b fb48 | 8d74 2440 | 498b d749 | baa0 89de | 5b16 7700 | 0041 ffd2 
  0x00007716444f72b8: ;   {other}
  0x00007716444f72b8: 0f1f 8400 | 0000 0000 

  0x00007716444f72c0: ;   {internal_word}
  0x00007716444f72c0: ebb2 49ba | 006e 4f44 | 1677 0000 | 4d89 9780 

  0x00007716444f72d0: ;   {runtime_call SafepointBlob}
  0x00007716444f72d0: 0700 00e9 | 2841 77ff 

  0x00007716444f72d8: ;   {runtime_call StubRoutines (final stubs)}
  0x00007716444f72d8: e883 7b75 | ffe9 58f8 | ffff f4f4 | f4f4 f4f4 
[Exception Handler]
  0x00007716444f72e8: ;   {no_reloc}
  0x00007716444f72e8: e913 2482 | ffe8 0000 | 0000 4883 

  0x00007716444f72f4: ;   {runtime_call DeoptimizationBlob}
  0x00007716444f72f4: 2c24 05e9 | a433 77ff | f4f4 f4f4 
[/MachCode]


Compiled method (c1) 4881 1854   !   3       org.apache.xalan.templates.ElemApplyTemplates::transformSelectedNodes (979 bytes)
 total in heap  [0x000077163cbd9a90,0x000077163cbf2ee8] = 103512
 relocation     [0x000077163cbd9be8,0x000077163cbdae28] = 4672
 main code      [0x000077163cbdae40,0x000077163cbe9d20] = 61152
 stub code      [0x000077163cbe9d20,0x000077163cbea3c8] = 1704
 oops           [0x000077163cbea3c8,0x000077163cbea3d8] = 16
 metadata       [0x000077163cbea3d8,0x000077163cbea630] = 600
 scopes data    [0x000077163cbea630,0x000077163cbee9b8] = 17288
 scopes pcs     [0x000077163cbee9b8,0x000077163cbf0b98] = 8672
 dependencies   [0x000077163cbf0b98,0x000077163cbf0bf0] = 88
 handler table  [0x000077163cbf0bf0,0x000077163cbf29f0] = 7680
 nul chk table  [0x000077163cbf29f0,0x000077163cbf2ee8] = 1272

[Constant Pool (empty)]

[MachCode]
[Entry Point]
  # {method} {0x00006a691455b320} 'transformSelectedNodes' '(Lorg/apache/xalan/transformer/TransformerImpl;)V' in 'org/apache/xalan/templates/ElemApplyTemplates'
  # this:     rsi:rsi   = 'org/apache/xalan/templates/ElemApplyTemplates'
  # parm0:    rdx:rdx   = 'org/apache/xalan/transformer/TransformerImpl'
  #           [sp+0x410]  (sp of caller)
  0x000077163cbdae40: 448b 5608 | 49bb 0000 | 001f 696a | 0000 4d03 | d34c 3bd0 

  0x000077163cbdae54: ;   {runtime_call ic_miss_stub}
  0x000077163cbdae54: 0f85 269f | 0807 660f | 1f44 0000 
[Verified Entry Point]
  0x000077163cbdae60: e91b 3104 | 07fe ff55 | 4881 ec00 | 0400 0090 | 4181 7f20 | 0100 0000 

  0x000077163cbdae78: ;   {runtime_call StubRoutines (final stubs)}
  0x000077163cbdae78: 7405 e8e1 | 3f07 0748 | 89b4 24e8 | 0000 0048 | 8994 24f0 

  0x000077163cbdae8c: ;   {metadata(method data for {method} {0x00006a691455b320} 'transformSelectedNodes' '(Lorg/apache/xalan/transformer/TransformerImpl;)V' in 'org/apache/xalan/templates/ElemApplyTemplates')}
  0x000077163cbdae8c: 0000 0048 | b900 8081 | 1469 6a00 | 008b b9f4 | 0000 0083 | c702 89b9 | f400 0000 | 81e7 fe07 
  0x000077163cbdaeac: 0000 85ff | 0f84 fbaa | 0000 483b | 0248 8bca 

  0x000077163cbdaebc: ;   {metadata(method data for {method} {0x00006a691455b320} 'transformSelectedNodes' '(Lorg/apache/xalan/transformer/TransformerImpl;)V' in 'org/apache/xalan/templates/ElemApplyTemplates')}
  0x000077163cbdaebc: 48bf 0080 | 8114 696a | 0000 4883 | 8738 0100 | 0001 8b7a | 5c48 89bc | 24e0 0000 | 0048 3b07 
  0x000077163cbdaedc: ;   {metadata(method data for {method} {0x00006a691455b320} 'transformSelectedNodes' '(Lorg/apache/xalan/transformer/TransformerImpl;)V' in 'org/apache/xalan/templates/ElemApplyTemplates')}
  0x000077163cbdaedc: 488b cf48 | bb00 8081 | 1469 6a00 | 0048 8383 | 7001 0000 

  0x000077163cbdaef0: ;   {metadata(method data for {method} {0x00006a69146a8210} 'getCurrentNode' '()I' in 'org/apache/xpath/XPathContext')}
  0x000077163cbdaef0: 0148 b900 | 0080 1469 | 6a00 008b | 99f4 0000 | 0083 c302 | 8999 f400 | 0000 81e3 | feff 1f00 
  0x000077163cbdaf10: 85db 0f84 | c4aa 0000 | 8b4f 5448 | 3b01 488b 

  0x000077163cbdaf20: ;   {metadata(method data for {method} {0x00006a69146a8210} 'getCurrentNode' '()I' in 'org/apache/xpath/XPathContext')}
  0x000077163cbdaf20: d948 b800 | 0080 1469 | 6a00 0048 | 8380 3801 

  0x000077163cbdaf30: ;   {metadata(method data for {method} {0x00006a6914648790} 'peek' '()I' in 'org/apache/xml/utils/IntStack')}
  0x000077163cbdaf30: 0000 0148 | bb30 8e7d | 1469 6a00 | 008b 83f4 | 0000 0083 | c002 8983 | f400 0000 | 25fe ff1f 
  0x000077163cbdaf50: 0085 c00f | 84a9 aa00 | 008b 5918 | 8b49 10ff | c93b 4b0c | 0f83 c3aa | 0000 4863 | c98b 5c8b 
  0x000077163cbdaf70: 1089 9c24 | f800 0000 | 8b46 5048 | 3b00 488b 

  0x000077163cbdaf80: ;   {metadata(method data for {method} {0x00006a691455b320} 'transformSelectedNodes' '(Lorg/apache/xalan/transformer/TransformerImpl;)V' in 'org/apache/xalan/templates/ElemApplyTemplates')}
  0x000077163cbdaf80: c849 b800 | 8081 1469 | 6a00 008b | 4908 49ba | 0000 001f | 696a 0000 | 4903 ca49 | 3b88 b801 
  0x000077163cbdafa0: 0000 750d | 4983 80c0 | 0100 0001 | e960 0000 | 0049 3b88 | c801 0000 | 750d 4983 | 80d0 0100 
  0x000077163cbdafc0: 0001 e94a | 0000 0049 | 83b8 b801 | 0000 0075 | 1749 8988 | b801 0000 | 49c7 80c0 | 0100 0001 
  0x000077163cbdafe0: 0000 00e9 | 2900 0000 | 4983 b8c8 | 0100 0000 | 7517 4989 | 88c8 0100 | 0049 c780 | d001 0000 
  0x000077163cbdb000: 0100 0000 | e908 0000 | 0049 8380 | a801 0000 | 0148 8bd7 | 488b cb48 | 8bf0 6666 | 9048 b8ff 
  0x000077163cbdb020: ffff ffff 

  0x000077163cbdb024: ;   {virtual_call}
  0x000077163cbdb024: ffff ffe8 

  0x000077163cbdb028: ; ImmutableOopMap {[224]=Oop [232]=Oop [240]=Oop }
                      ;*invokevirtual asIterator {reexecute=0 rethrow=0 return_oop=0}
                      ; - org.apache.xalan.templates.ElemApplyTemplates::transformSelectedNodes@16 (line 207)
  0x000077163cbdb028: 4c09 1407 

  0x000077163cbdb02c: ;   {other}
  0x000077163cbdb02c: 0f1f 8400 | 9c15 0000 | 4889 8424 | 0801 0000 | 488b bc24 | e000 0000 

  0x000077163cbdb044: ;   {metadata(method data for {method} {0x00006a691455b320} 'transformSelectedNodes' '(Lorg/apache/xalan/transformer/TransformerImpl;)V' in 'org/apache/xalan/templates/ElemApplyTemplates')}
  0x000077163cbdb044: 48ba 0080 | 8114 696a | 0000 4883 | 82e0 0100 | 0001 488b | bc24 e000 | 0000 8b5f | 3848 899c 
  0x000077163cbdb064: 2400 0100 | 0048 8bb4 | 24e8 0000 

  0x000077163cbdb070: ;   {metadata(method data for {method} {0x00006a691455b320} 'transformSelectedNodes' '(Lorg/apache/xalan/transformer/TransformerImpl;)V' in 'org/apache/xalan/templates/ElemApplyTemplates')}
  0x000077163cbdb070: 0048 ba00 | 8081 1469 | 6a00 008b | 7608 49ba | 0000 001f | 696a 0000 | 4903 f248 | 3bb2 2802 
  0x000077163cbdb090: 0000 750d | 4883 8230 | 0200 0001 | e960 0000 | 0048 3bb2 | 3802 0000 | 750d 4883 | 8240 0200 
  0x000077163cbdb0b0: 0001 e94a | 0000 0048 | 83ba 2802 | 0000 0075 | 1748 89b2 | 2802 0000 | 48c7 8230 | 0200 0001 
  0x000077163cbdb0d0: 0000 00e9 | 2900 0000 | 4883 ba38 | 0200 0000 | 7517 4889 | b238 0200 | 0048 c782 | 4002 0000 
  0x000077163cbdb0f0: 0100 0000 | e908 0000 | 0048 8382 | 1802 0000 

  0x000077163cbdb100: ;   {metadata(method data for {method} {0x00006a691455c7d0} 'getParamElemCount' '()I' in 'org/apache/xalan/templates/ElemCallTemplate')}
  0x000077163cbdb100: 0148 ba30 | e373 1469 | 6a00 008b | b2f4 0000 | 0083 c602 | 89b2 f400 | 0000 81e6 | feff 1f00 
  0x000077163cbdb120: 85f6 0f84 | 18a9 0000 | 488b b424 | e800 0000 | 8b56 6448 

  0x000077163cbdb134: ;   {metadata(method data for {method} {0x00006a691455c7d0} 'getParamElemCount' '()I' in 'org/apache/xalan/templates/ElemCallTemplate')}
  0x000077163cbdb134: 85d2 48b9 | 30e3 7314 | 696a 0000 | 49c7 c038 | 0100 0075 | 0749 c7c0 | 4801 0000 | 4e8b 0c01 
  0x000077163cbdb154: 4d8d 4901 | 4e89 0c01 | 0f85 1a00 

  0x000077163cbdb160: ;   {metadata(method data for {method} {0x00006a691455c7d0} 'getParamElemCount' '()I' in 'org/apache/xalan/templates/ElemCallTemplate')}
  0x000077163cbdb160: 0000 48ba | 30e3 7314 | 696a 0000 | ff82 5801 | 0000 b900 | 0000 00e9 | 0600 0000 

  0x000077163cbdb17c: ; implicit exception: dispatches to 0x000077163cbe5a61
  0x000077163cbdb17c: 8b52 0c48 | 8bca 488b | 9424 f000 | 0000 483b | 034c 8bc3 

  0x000077163cbdb190: ;   {metadata(method data for {method} {0x00006a691455b320} 'transformSelectedNodes' '(Lorg/apache/xalan/transformer/TransformerImpl;)V' in 'org/apache/xalan/templates/ElemApplyTemplates')}
  0x000077163cbdb190: 49b9 0080 | 8114 696a | 0000 4983 | 8168 0200 | 0001 448b | 4310 4489 | 8424 1001 | 0000 4c8b 
  0x000077163cbdb1b0: ;   {metadata(method data for {method} {0x00006a691455b320} 'transformSelectedNodes' '(Lorg/apache/xalan/transformer/TransformerImpl;)V' in 'org/apache/xalan/templates/ElemApplyTemplates')}
  0x000077163cbdb1b0: ca49 bb00 | 8081 1469 | 6a00 0049 | 8383 a002 | 0000 0144 | 8b4a 604c | 898c 2418 | 0100 0049 
  0x000077163cbdb1d0: 3b01 4d8b 

  0x000077163cbdb1d4: ;   {metadata(method data for {method} {0x00006a691455b320} 'transformSelectedNodes' '(Lorg/apache/xalan/transformer/TransformerImpl;)V' in 'org/apache/xalan/templates/ElemApplyTemplates')}
  0x000077163cbdb1d4: d949 bd00 | 8081 1469 | 6a00 0049 | 8385 d802 | 0000 0145 | 8b59 0c41 

  0x000077163cbdb1ec: ;   {metadata(method data for {method} {0x00006a691455b320} 'transformSelectedNodes' '(Lorg/apache/xalan/transformer/TransformerImpl;)V' in 'org/apache/xalan/templates/ElemApplyTemplates')}
  0x000077163cbdb1ec: 83fb ff49 | bb00 8081 | 1469 6a00 | 0049 c7c5 | f802 0000 | 7e07 49c7 | c508 0300 | 004f 8b34 
  0x000077163cbdb20c: 2b4d 8d76 | 014f 8934 | 2b0f 8e1c 

  0x000077163cbdb218: ;   {metadata(method data for {method} {0x00006a691455b320} 'transformSelectedNodes' '(Lorg/apache/xalan/transformer/TransformerImpl;)V' in 'org/apache/xalan/templates/ElemApplyTemplates')}
  0x000077163cbdb218: 0000 0049 | bb00 8081 | 1469 6a00 | 0041 ff83 | 1803 0000 | 41bb 0100 | 0000 e906 | 0000 0041 
  0x000077163cbdb238: bb00 0000 | 0044 899c | 2414 0100 | 0089 8c24 | fc00 0000 

  0x000077163cbdb24c: ;   {metadata(method data for {method} {0x00006a691455b320} 'transformSelectedNodes' '(Lorg/apache/xalan/transformer/TransformerImpl;)V' in 'org/apache/xalan/templates/ElemApplyTemplates')}
  0x000077163cbdb24c: 4c8b ef49 | be00 8081 | 1469 6a00 | 0049 8386 | 3003 0000 

  0x000077163cbdb260: ;   {metadata(method data for {method} {0x00006a69146a8600} 'pushCurrentNode' '(I)V' in 'org/apache/xpath/XPathContext')}
  0x000077163cbdb260: 0148 bb90 | 3e80 1469 | 6a00 0044 | 8bab f400 | 0000 4183 | c502 4489 | abf4 0000 | 0041 81e5 
  0x000077163cbdb280: feff 1f00 | 4585 ed0f | 84e3 a700 | 008b 5f54 

  0x000077163cbdb290: ; implicit exception: dispatches to 0x000077163cbe5a91
  0x000077163cbdb290: 483b 034c 

  0x000077163cbdb294: ;   {metadata(method data for {method} {0x00006a69146a8600} 'pushCurrentNode' '(I)V' in 'org/apache/xpath/XPathContext')}
  0x000077163cbdb294: 8beb 49be | 903e 8014 | 696a 0000 | 4983 8650 | 0100 0001 | baff ffff | ff48 8bf3 | 0f1f 8000 
  0x000077163cbdb2b4: ;   {optimized virtual_call}
  0x000077163cbdb2b4: 0000 00e8 

  0x000077163cbdb2b8: ; ImmutableOopMap {[224]=Oop [232]=Oop [240]=Oop [256]=Oop [264]=Oop [280]=Oop }
                      ;*invokevirtual push {reexecute=0 rethrow=0 return_oop=0}
                      ; - org.apache.xpath.XPathContext::pushCurrentNode@5 (line 793)
                      ; - org.apache.xalan.templates.ElemApplyTemplates::transformSelectedNodes@67 (line 219)
  0x000077163cbdb2b8: 046e 8807 

  0x000077163cbdb2bc: ;   {other}
  0x000077163cbdb2bc: 0f1f 8400 | 2c18 0001 | 488b bc24 | e000 0000 

  0x000077163cbdb2cc: ;   {metadata(method data for {method} {0x00006a691455b320} 'transformSelectedNodes' '(Lorg/apache/xalan/transformer/TransformerImpl;)V' in 'org/apache/xalan/templates/ElemApplyTemplates')}
  0x000077163cbdb2cc: 48ba 0080 | 8114 696a | 0000 4883 | 8268 0300 

  0x000077163cbdb2dc: ;   {metadata(method data for {method} {0x00006a69146a8fe0} 'pushCurrentExpressionNode' '(I)V' in 'org/apache/xpath/XPathContext')}
  0x000077163cbdb2dc: 0001 48ba | e00c 8114 | 696a 0000 | 8bb2 f400 | 0000 83c6 | 0289 b2f4 | 0000 0081 | e6fe ff1f 
  0x000077163cbdb2fc: 0085 f60f | 8491 a700 | 0048 8bbc | 24e0 0000 | 008b 7760 

  0x000077163cbdb310: ; implicit exception: dispatches to 0x000077163cbe5ab7
  0x000077163cbdb310: 483b 0648 

  0x000077163cbdb314: ;   {metadata(method data for {method} {0x00006a69146a8fe0} 'pushCurrentExpressionNode' '(I)V' in 'org/apache/xpath/XPathContext')}
  0x000077163cbdb314: 8bd6 48bb | e00c 8114 | 696a 0000 | 4883 8350 | 0100 0001 | baff ffff 

  0x000077163cbdb32c: ;   {optimized virtual_call}
  0x000077163cbdb32c: ff66 90e8 

  0x000077163cbdb330: ; ImmutableOopMap {[224]=Oop [232]=Oop [240]=Oop [256]=Oop [264]=Oop [280]=Oop }
                      ;*invokevirtual push {reexecute=0 rethrow=0 return_oop=0}
                      ; - org.apache.xpath.XPathContext::pushCurrentExpressionNode@5 (line 899)
                      ; - org.apache.xalan.templates.ElemApplyTemplates::transformSelectedNodes@72 (line 220)
  0x000077163cbdb330: 8c6d 8807 

  0x000077163cbdb334: ;   {other}
  0x000077163cbdb334: 0f1f 8400 | a418 0002 | 488b bc24 | e000 0000 

  0x000077163cbdb344: ;   {metadata(method data for {method} {0x00006a691455b320} 'transformSelectedNodes' '(Lorg/apache/xalan/transformer/TransformerImpl;)V' in 'org/apache/xalan/templates/ElemApplyTemplates')}
  0x000077163cbdb344: 48ba 0080 | 8114 696a | 0000 4883 | 82b8 0300 

  0x000077163cbdb354: ;   {metadata(method data for {method} {0x00006a69146a71e0} 'pushSAXLocatorNull' '()V' in 'org/apache/xpath/XPathContext')}
  0x000077163cbdb354: 0001 48ba | 10aa 8014 | 696a 0000 | 8bb2 f400 | 0000 83c6 | 0289 b2f4 | 0000 0081 | e6fe ff1f 
  0x000077163cbdb374: 0085 f60f | 843f a700 | 0048 8bbc | 24e0 0000 | 008b 772c 

  0x000077163cbdb388: ; implicit exception: dispatches to 0x000077163cbe5add
  0x000077163cbdb388: 483b 0648 

  0x000077163cbdb38c: ;   {metadata(method data for {method} {0x00006a69146a71e0} 'pushSAXLocatorNull' '()V' in 'org/apache/xpath/XPathContext')}
  0x000077163cbdb38c: 8bd6 48bb | 10aa 8014 | 696a 0000 | 4883 8350 | 0100 0001 

  0x000077163cbdb3a0: ;   {oop(nullptr)}
  0x000077163cbdb3a0: 48ba 0000 | 0000 0000 | 0000 0f1f 

  0x000077163cbdb3ac: ;   {optimized virtual_call}
  0x000077163cbdb3ac: 4400 00e8 

  0x000077163cbdb3b0: ; ImmutableOopMap {[224]=Oop [232]=Oop [240]=Oop [256]=Oop [264]=Oop [280]=Oop }
                      ;*invokevirtual push {reexecute=0 rethrow=0 return_oop=0}
                      ; - org.apache.xpath.XPathContext::pushSAXLocatorNull@5 (line 425)
                      ; - org.apache.xalan.templates.ElemApplyTemplates::transformSelectedNodes@76 (line 221)
  0x000077163cbdb3b0: 8c4e 8907 

  0x000077163cbdb3b4: ;   {other}
  0x000077163cbdb3b4: 0f1f 8400 | 2419 0003 | 488b 9424 | f000 0000 

  0x000077163cbdb3c4: ;   {metadata(method data for {method} {0x00006a691455b320} 'transformSelectedNodes' '(Lorg/apache/xalan/transformer/TransformerImpl;)V' in 'org/apache/xalan/templates/ElemApplyTemplates')}
  0x000077163cbdb3c4: 48be 0080 | 8114 696a | 0000 4883 | 86f0 0300 

  0x000077163cbdb3d4: ;   {metadata(method data for {method} {0x00006a6914655bb0} 'pushElemTemplateElement' '(Lorg/apache/xalan/templates/ElemTemplateElement;)V' in 'org/apache/xalan/transformer/TransformerImpl')}
  0x000077163cbdb3d4: 0001 48ba | e8a4 8014 | 696a 0000 | 8bb2 f400 | 0000 83c6 | 0289 b2f4 | 0000 0081 | e6fe ff1f 
  0x000077163cbdb3f4: 0085 f60f | 84e5 a600 | 0048 8b94 | 24f0 0000 | 008b 724c 

  0x000077163cbdb408: ; implicit exception: dispatches to 0x000077163cbe5b03
  0x000077163cbdb408: 483b 0648 

  0x000077163cbdb40c: ;   {metadata(method data for {method} {0x00006a6914655bb0} 'pushElemTemplateElement' '(Lorg/apache/xalan/templates/ElemTemplateElement;)V' in 'org/apache/xalan/transformer/TransformerImpl')}
  0x000077163cbdb40c: 8bfe 48bb | e8a4 8014 | 696a 0000 | 4883 8350 | 0100 0001 

  0x000077163cbdb420: ;   {oop(nullptr)}
  0x000077163cbdb420: 48ba 0000 | 0000 0000 | 0000 0f1f 

  0x000077163cbdb42c: ;   {optimized virtual_call}
  0x000077163cbdb42c: 4400 00e8 

  0x000077163cbdb430: ; ImmutableOopMap {[224]=Oop [232]=Oop [240]=Oop [256]=Oop [264]=Oop [280]=Oop }
                      ;*invokevirtual push {reexecute=0 rethrow=0 return_oop=0}
                      ; - org.apache.xalan.transformer.TransformerImpl::pushElemTemplateElement@5 (line 2624)
                      ; - org.apache.xalan.templates.ElemApplyTemplates::transformSelectedNodes@81 (line 222)
  0x000077163cbdb430: 0c4e 8907 

  0x000077163cbdb434: ;   {other}
  0x000077163cbdb434: 0f1f 8400 | a419 0004 | 488b b424 | e800 0000 | 8b56 5848 

  0x000077163cbdb448: ;   {metadata(method data for {method} {0x00006a691455b320} 'transformSelectedNodes' '(Lorg/apache/xalan/transformer/TransformerImpl;)V' in 'org/apache/xalan/templates/ElemApplyTemplates')}
  0x000077163cbdb448: 85d2 48ba | 0080 8114 | 696a 0000 | 48c7 c110 | 0400 0075 | 0748 c7c1 | 2004 0000 | 488b 3c0a 
  0x000077163cbdb468: 488d 7f01 | 4889 3c0a | 0f85 1f00 

  0x000077163cbdb474: ;   {metadata(method data for {method} {0x00006a691455b320} 'transformSelectedNodes' '(Lorg/apache/xalan/transformer/TransformerImpl;)V' in 'org/apache/xalan/templates/ElemApplyTemplates')}
  0x000077163cbdb474: 0000 48ba | 0080 8114 | 696a 0000 | ff82 3004 

  0x000077163cbdb484: ;   {oop(nullptr)}
  0x000077163cbdb484: 0000 48bf | 0000 0000 | 0000 0000 | e952 0000 | 0048 8b94 | 24f0 0000 

  0x000077163cbdb49c: ;   {metadata(method data for {method} {0x00006a691455b320} 'transformSelectedNodes' '(Lorg/apache/xalan/transformer/TransformerImpl;)V' in 'org/apache/xalan/templates/ElemApplyTemplates')}
  0x000077163cbdb49c: 0048 b900 | 8081 1469 

  0x000077163cbdb4a4: ;   {metadata('org/apache/xalan/transformer/TransformerImpl')}
  0x000077163cbdb4a4: 6a00 0049 | bac8 0c0c | 2069 6a00 | 004c 8991 | 5804 0000 | 4883 8160 | 0400 0001 | 488b d68b 
  0x000077163cbdb4c4: 8c24 f800 | 0000 488b | b424 f000 | 0000 0f1f 

  0x000077163cbdb4d4: ;   {optimized virtual_call}
  0x000077163cbdb4d4: 4400 00e8 

  0x000077163cbdb4d8: ; ImmutableOopMap {[224]=Oop [232]=Oop [240]=Oop [256]=Oop [264]=Oop [280]=Oop }
                      ;*invokevirtual processSortKeys {reexecute=0 rethrow=0 return_oop=0}
                      ; - org.apache.xalan.templates.ElemApplyTemplates::transformSelectedNodes@98 (line 225)
  0x000077163cbdb4d8: a49b 0807 

  0x000077163cbdb4dc: ;   {other}
  0x000077163cbdb4dc: 0f1f 8400 | 4c1a 0005 | 488b f848 

  0x000077163cbdb4e8: ;   {metadata(method data for {method} {0x00006a691455b320} 'transformSelectedNodes' '(Lorg/apache/xalan/transformer/TransformerImpl;)V' in 'org/apache/xalan/templates/ElemApplyTemplates')}
  0x000077163cbdb4e8: 85ff 48ba | 0080 8114 | 696a 0000 | 48c7 c180 | 0400 0074 | 0748 c7c1 | 9004 0000 | 4c8b 040a 
  0x000077163cbdb508: 4d8d 4001 | 4c89 040a | 488b 8424 | 0801 0000 | 0f84 be00 | 0000 488b | b424 e800 

  0x000077163cbdb524: ;   {metadata(method data for {method} {0x00006a691455b320} 'transformSelectedNodes' '(Lorg/apache/xalan/transformer/TransformerImpl;)V' in 'org/apache/xalan/templates/ElemApplyTemplates')}
  0x000077163cbdb524: 0000 48ba | 0080 8114 | 696a 0000 | 8b76 0849 | ba00 0000 | 1f69 6a00 | 0049 03f2 | 483b b2b0 
  0x000077163cbdb544: 0400 0075 | 0d48 8382 | b804 0000 | 01e9 6000 | 0000 483b | b2c0 0400 | 0075 0d48 | 8382 c804 
  0x000077163cbdb564: 0000 01e9 | 4a00 0000 | 4883 bab0 | 0400 0000 | 7517 4889 | b2b0 0400 | 0048 c782 | b804 0000 
  0x000077163cbdb584: 0100 0000 | e929 0000 | 0048 83ba | c004 0000 | 0075 1748 | 89b2 c004 | 0000 48c7 | 82c8 0400 
  0x000077163cbdb5a4: 0001 0000 | 00e9 0800 | 0000 4883 | 82a0 0400 | 0001 488b | 9424 e000 | 0000 488b | cf4c 8bc0 
  0x000077163cbdb5c4: 488b b424 | e800 0000 

  0x000077163cbdb5cc: ;   {optimized virtual_call}
  0x000077163cbdb5cc: 6666 90e8 

  0x000077163cbdb5d0: ; ImmutableOopMap {[224]=Oop [232]=Oop [240]=Oop [256]=Oop [264]=Oop [280]=Oop }
                      ;*invokevirtual sortNodes {reexecute=0 rethrow=0 return_oop=0}
                      ; - org.apache.xalan.templates.ElemApplyTemplates::transformSelectedNodes@115 (line 229)
  0x000077163cbdb5d0: ac9a 0807 

  0x000077163cbdb5d4: ;   {other}
  0x000077163cbdb5d4: 0f1f 8400 | 441b 0006 | 488b 9424 | f000 0000 

  0x000077163cbdb5e4: ;   {metadata(method data for {method} {0x00006a691455b320} 'transformSelectedNodes' '(Lorg/apache/xalan/transformer/TransformerImpl;)V' in 'org/apache/xalan/templates/ElemApplyTemplates')}
  0x000077163cbdb5e4: 488b f248 | bf00 8081 | 1469 6a00 | 0048 8387 | f004 0000 | 010f be72 | 1583 e601 

  0x000077163cbdb600: ;   {metadata(method data for {method} {0x00006a691455b320} 'transformSelectedNodes' '(Lorg/apache/xalan/transformer/TransformerImpl;)V' in 'org/apache/xalan/templates/ElemApplyTemplates')}
  0x000077163cbdb600: 85f6 48be | 0080 8114 | 696a 0000 | 48c7 c720 | 0500 0075 | 0748 c7c7 | 1005 0000 | 488b 0c3e 
  0x000077163cbdb620: 488d 4901 | 4889 0c3e | 4889 8424 | 3801 0000 | 0f85 0d00 | 0000 488b | bc24 e000 | 0000 e919 
  0x000077163cbdb640: 0700 0048 | 8bb4 24e8 | 0000 0048 

  0x000077163cbdb64c: ;   {metadata(method data for {method} {0x00006a691455b320} 'transformSelectedNodes' '(Lorg/apache/xalan/transformer/TransformerImpl;)V' in 'org/apache/xalan/templates/ElemApplyTemplates')}
  0x000077163cbdb64c: 8bfa 48b9 | 0080 8114 | 696a 0000 

  0x000077163cbdb658: ;   {metadata('org/apache/xalan/transformer/TransformerImpl')}
  0x000077163cbdb658: 49ba c80c | 0c20 696a | 0000 4c89 | 9140 0500 | 0048 8381 | 4805 0000 | 018b 9a84 | 0000 0048 
  0x000077163cbdb678: 899c 2440 | 0100 0090 

  0x000077163cbdb680: ;   {no_reloc}
  0x000077163cbdb680: e992 a400 | 0000 0000 | 0000 4c8b | ce49 8b87 | b804 0000 | 488d 4818 | 483b c80f | 8280 a400 
  0x000077163cbdb6a0: 0049 3b8f | c004 0000 | 0f87 73a4 | 0000 4989 | 8fb8 0400 | 0048 8bf8 | 48c1 ef06 | 49ba 0000 
  0x000077163cbdb6c0: 4098 696a | 0000 458a | 143a 488b | c848 c1e9 | 0348 83e1 | 0748 c7c7 | 0100 0000 | 48d3 e74c 
  0x000077163cbdb6e0: 0bd7 488b | f848 c1ef | 0648 b900 | 0040 9869 | 6a00 0044 | 8814 3949 | 8387 2802 | 0000 1849 
  0x000077163cbdb700: 8387 2802 | 0000 0048 | c700 0100 | 0000 488b | ca49 ba00 | 0000 1f69 | 6a00 0049 | 2bca 8948 
  0x000077163cbdb720: 0848 33c9 | 8948 0c48 | 33c9 4889 | 4810 4889 | 8424 3001 | 0000 418b | 7950 488b 

  0x000077163cbdb73c: ;   {metadata(method data for {method} {0x00006a691455b320} 'transformSelectedNodes' '(Lorg/apache/xalan/transformer/TransformerImpl;)V' in 'org/apache/xalan/templates/ElemApplyTemplates')}
  0x000077163cbdb73c: d048 b900 | 8081 1469 | 6a00 0048 | 8381 6805 

  0x000077163cbdb74c: ;   {metadata(method data for {method} {0x00006a691465bd20} '<init>' '(Lorg/apache/xpath/Expression;)V' in 'org/apache/xpath/XPath')}
  0x000077163cbdb74c: 0000 0148 | ba80 f381 | 1469 6a00 | 008b 8af4 | 0000 0083 | c102 898a | f400 0000 | 81e1 feff 
  0x000077163cbdb76c: 1f00 85c9 | 0f84 b8a3 | 0000 488b 

  0x000077163cbdb778: ;   {metadata(method data for {method} {0x00006a691465bd20} '<init>' '(Lorg/apache/xpath/Expression;)V' in 'org/apache/xpath/XPath')}
  0x000077163cbdb778: d048 b980 | f381 1469 | 6a00 0048 | 8381 3801 

  0x000077163cbdb788: ;   {metadata(method data for {method} {0x00006a691f4791f0} '<init>' '()V' in 'java/lang/Object')}
  0x000077163cbdb788: 0000 0148 | bac0 7000 | 1469 6a00 | 008b 8af4 | 0000 0083 | c102 898a | f400 0000 | 81e1 feff 
  0x000077163cbdb7a8: 1f00 85c9 | 0f84 9da3 | 0000 488b 

  0x000077163cbdb7b4: ;   {metadata(method data for {method} {0x00006a691465bd20} '<init>' '(Lorg/apache/xpath/Expression;)V' in 'org/apache/xpath/XPath')}
  0x000077163cbdb7b4: d048 b980 | f381 1469 

  0x000077163cbdb7bc: ;   {metadata('org/apache/xpath/XPath')}
  0x000077163cbdb7bc: 6a00 0049 | ba88 130c | 2069 6a00 | 004c 8991 | 5801 0000 | 4883 8160 | 0100 0001 

  0x000077163cbdb7d8: ;   {metadata(method data for {method} {0x00006a691465b688} 'setExpression' '(Lorg/apache/xpath/Expression;)V' in 'org/apache/xpath/XPath')}
  0x000077163cbdb7d8: 48ba d82e | 7114 696a | 0000 8b8a | f400 0000 | 83c1 0289 | 8af4 0000 | 0081 e1fe | ff1f 0085 
  0x000077163cbdb7f8: c90f 8471 | a300 008b | 500c 4885 

  0x000077163cbdb804: ;   {metadata(method data for {method} {0x00006a691465b688} 'setExpression' '(Lorg/apache/xpath/Expression;)V' in 'org/apache/xpath/XPath')}
  0x000077163cbdb804: d248 b9d8 | 2e71 1469 | 6a00 0048 | c7c6 3801 | 0000 7407 | 48c7 c648 | 0100 004c | 8b2c 314d 
  0x000077163cbdb824: 8d6d 014c | 892c 310f | 8482 0200 | 0048 3b02 

  0x000077163cbdb834: ;   {metadata(method data for {method} {0x00006a691465b688} 'setExpression' '(Lorg/apache/xpath/Expression;)V' in 'org/apache/xpath/XPath')}
  0x000077163cbdb834: 488b ca48 | bed8 2e71 | 1469 6a00 | 008b 4908 | 49ba 0000 | 001f 696a | 0000 4903 | ca48 3b8e 
  0x000077163cbdb854: 6801 0000 | 750d 4883 | 8670 0100 | 0001 e960 | 0000 0048 | 3b8e 7801 | 0000 750d | 4883 8680 
  0x000077163cbdb874: 0100 0001 | e94a 0000 | 0048 83be | 6801 0000 | 0075 1748 | 898e 6801 | 0000 48c7 | 8670 0100 
  0x000077163cbdb894: 0001 0000 | 00e9 2900 | 0000 4883 | be78 0100 | 0000 7517 | 4889 8e78 | 0100 0048 | c786 8001 
  0x000077163cbdb8b4: 0000 0100 | 0000 e908 | 0000 0048 | 8386 5801 | 0000 0144 | 8b6a 0c48 | 3b07 488b 

  0x000077163cbdb8d0: ;   {metadata(method data for {method} {0x00006a691465b688} 'setExpression' '(Lorg/apache/xpath/Expression;)V' in 'org/apache/xpath/XPath')}
  0x000077163cbdb8d0: d748 b9d8 | 2e71 1469 | 6a00 008b | 5208 49ba | 0000 001f | 696a 0000 | 4903 d248 | 3b91 a001 
  0x000077163cbdb8f0: 0000 750d | 4883 81a8 | 0100 0001 | e960 0000 | 0048 3b91 | b001 0000 | 750d 4883 | 81b8 0100 
  0x000077163cbdb910: 0001 e94a | 0000 0048 | 83b9 a001 | 0000 0075 | 1748 8991 | a001 0000 | 48c7 81a8 | 0100 0001 
  0x000077163cbdb930: 0000 00e9 | 2900 0000 | 4883 b9b0 | 0100 0000 | 7517 4889 | 91b0 0100 | 0048 c781 | b801 0000 
  0x000077163cbdb950: 0100 0000 | e908 0000 | 0048 8381 | 9001 0000 

  0x000077163cbdb960: ;   {metadata(method data for {method} {0x00006a69144cf1c8} 'exprSetParent' '(Lorg/apache/xpath/ExpressionNode;)V' in 'org/apache/xpath/Expression')}
  0x000077163cbdb960: 0148 ba48 | e36f 1469 | 6a00 008b | 8af4 0000 | 0083 c102 | 898a f400 | 0000 81e1 | feff 1f00 
  0x000077163cbdb980: 85c9 0f84 | 13a2 0000 

  0x000077163cbdb988: ;   {metadata(method data for {method} {0x00006a69144cf1c8} 'exprSetParent' '(Lorg/apache/xpath/ExpressionNode;)V' in 'org/apache/xpath/Expression')}
  0x000077163cbdb988: 4c3b ef48 | ba48 e36f | 1469 6a00 | 0048 c7c1 | 3801 0000 | 7407 48c7 | c148 0100 | 0048 8b34 
  0x000077163cbdb9a8: 0a48 8d76 | 0148 8934 | 0a0f 841a 

  0x000077163cbdb9b4: ;   {metadata(method data for {method} {0x00006a69144cf1c8} 'exprSetParent' '(Lorg/apache/xpath/ExpressionNode;)V' in 'org/apache/xpath/Expression')}
  0x000077163cbdb9b4: 0000 0048 | ba48 e36f | 1469 6a00 | 00ff 8258 | 0100 00ba | 0100 0000 | e905 0000 | 00ba 0000 
  0x000077163cbdb9d4: 0000 4c89 | ac24 2001 | 0000 488b 

  0x000077163cbdb9e0: ;   {metadata(method data for {method} {0x00006a69144cf1c8} 'exprSetParent' '(Lorg/apache/xpath/ExpressionNode;)V' in 'org/apache/xpath/Expression')}
  0x000077163cbdb9e0: cf49 bb48 | e36f 1469 | 6a00 008b | 4908 49ba | 0000 001f | 696a 0000 | 4903 ca49 | 3b8b 8001 
  0x000077163cbdba00: 0000 750d | 4983 8388 | 0100 0001 | e960 0000 | 0049 3b8b | 9001 0000 | 750d 4983 | 8398 0100 
  0x000077163cbdba20: 0001 e94a | 0000 0049 | 83bb 8001 | 0000 0075 | 1749 898b | 8001 0000 | 49c7 8388 | 0100 0001 
  0x000077163cbdba40: 0000 00e9 | 2900 0000 | 4983 bb90 | 0100 0000 | 7517 4989 | 8b90 0100 | 0049 c783 | 9801 0000 
  0x000077163cbdba60: 0100 0000 | e908 0000 | 0049 8383 | 7001 0000 

  0x000077163cbdba70: ;   {oop("Can not parent an expression to itself!"{0x0000000040f27960})}
  0x000077163cbdba70: 0148 b960 | 79f2 4000 | 0000 0048 | 8bf7 4889 | bc24 2801 

  0x000077163cbdba84: ;   {optimized virtual_call}
  0x000077163cbdba84: 0000 90e8 

  0x000077163cbdba88: ; ImmutableOopMap {[224]=Oop [232]=Oop [240]=Oop [256]=Oop [280]=Oop [288]=Oop [296]=Oop [304]=Oop [312]=Oop [320]=Oop }
                      ;*invokevirtual assertion {reexecute=0 rethrow=0 return_oop=0}
                      ; - org.apache.xpath.Expression::exprSetParent@13 (line 476)
                      ; - org.apache.xpath.XPath::setExpression@16 (line 100)
                      ; - org.apache.xpath.XPath::<init>@11 (line 278)
                      ; - org.apache.xalan.templates.ElemApplyTemplates::transformSelectedNodes@143 (line 233)
  0x000077163cbdba88: f495 0807 

  0x000077163cbdba8c: ;   {other}
  0x000077163cbdba8c: 0f1f 8400 | fc1f 0007 | 4c8b ac24 | 2001 0000 | 488b bc24 | 2801 0000 | 4d8b d544 | 8957 0c48 
  0x000077163cbdbaac: 8b84 2430 | 0100 004c | 8bd7 4489 | 500c 488b 

  0x000077163cbdbabc: ;   {metadata(method data for {method} {0x00006a691465bd20} '<init>' '(Lorg/apache/xpath/Expression;)V' in 'org/apache/xpath/XPath')}
  0x000077163cbdbabc: d048 be80 | f381 1469 | 6a00 0048 | 8386 8001 

  0x000077163cbdbacc: ;   {metadata(method data for {method} {0x00006a691465b448} 'initFunctionTable' '()V' in 'org/apache/xpath/XPath')}
  0x000077163cbdbacc: 0000 0148 | ba58 f581 | 1469 6a00 | 008b b2f4 | 0000 0083 | c602 89b2 | f400 0000 | 81e6 feff 
  0x000077163cbdbaec: 1f00 85f6 | 0f84 c6a0 

  0x000077163cbdbaf4: ;   {metadata('org/apache/xpath/compiler/FunctionTable')}
  0x000077163cbdbaf4: 0000 48ba | 58d2 0120 | 696a 0000 | 498b 87b8 | 0400 0048 | 8d48 1848 | 3bc8 0f82 | c9a0 0000 
  0x000077163cbdbb14: 493b 8fc0 | 0400 000f | 87bc a000 | 0049 898f | b804 0000 | 488b f848 | c1ef 0649 | ba00 0040 
  0x000077163cbdbb34: 9869 6a00 | 0045 8a14 | 3a48 8bc8 | 48c1 e903 | 4883 e107 | 48c7 c701 | 0000 0048 | d3e7 4c0b 
  0x000077163cbdbb54: d748 8bf8 | 48c1 ef06 | 48b9 0000 | 4098 696a | 0000 4488 | 1439 4983 | 8728 0200 | 0018 4983 
  0x000077163cbdbb74: 8728 0200 | 0000 48c7 | 0001 0000 | 0048 8bca | 49ba 0000 | 001f 696a | 0000 492b | ca89 4808 
  0x000077163cbdbb94: 4833 c989 | 480c 4833 | c948 8948 | 1048 8bf0 

  0x000077163cbdbba4: ;   {metadata(method data for {method} {0x00006a691465b448} 'initFunctionTable' '()V' in 'org/apache/xpath/XPath')}
  0x000077163cbdbba4: 48bf 58f5 | 8114 696a | 0000 4883 | 8738 0100 | 0001 488b | f048 8984 | 2448 0100 | 0066 0f1f 
  0x000077163cbdbbc4: ;   {optimized virtual_call}
  0x000077163cbdbbc4: 4400 00e8 

  0x000077163cbdbbc8: ; ImmutableOopMap {[224]=Oop [232]=Oop [240]=Oop [256]=Oop [280]=Oop [304]=Oop [312]=Oop [320]=Oop [328]=Oop }
                      ;*invokespecial <init> {reexecute=0 rethrow=0 return_oop=0}
                      ; - org.apache.xpath.XPath::initFunctionTable@5 (line 62)
                      ; - org.apache.xpath.XPath::<init>@15 (line 279)
                      ; - org.apache.xalan.templates.ElemApplyTemplates::transformSelectedNodes@143 (line 233)
  0x000077163cbdbbc8: b494 0807 

  0x000077163cbdbbcc: ;   {other}
  0x000077163cbdbbcc: 0f1f 8400 | 3c21 0008 | 488b 9424 | 4801 0000 | 488b 8424 | 3001 0000 | 4c8b d244 | 8950 100f 
  0x000077163cbdbbec: 1f44 0000 

  0x000077163cbdbbf0: ;   {no_reloc}
  0x000077163cbdbbf0: e904 a000 | 0000 0000 | 0000 498b | 87b8 0400 | 0048 8d48 | 2848 3bc8 | 0f82 f59f | 0000 493b 
  0x000077163cbdbc10: 8fc0 0400 | 000f 87e8 | 9f00 0049 | 898f b804 | 0000 488b | f848 c1ef | 0649 ba00 | 0040 9869 
  0x000077163cbdbc30: 6a00 0045 | 8a14 3a48 | 8bc8 48c1 | e903 4883 | e107 48c7 | c701 0000 | 0048 d3e7 | 4c0b d748 
  0x000077163cbdbc50: 8bf8 48c1 | ef06 48b9 | 0000 4098 | 696a 0000 | 4488 1439 | 4983 8728 | 0200 0028 | 4983 8728 
  0x000077163cbdbc70: 0200 0000 | 48c7 0001 | 0000 0048 | 8bca 49ba | 0000 001f | 696a 0000 | 492b ca89 | 4808 4833 
  0x000077163cbdbc90: c989 480c | 4833 c948 | 8948 1048 | 8948 1848 | 8948 2048 

  0x000077163cbdbca4: ;   {metadata(method data for {method} {0x00006a691455b320} 'transformSelectedNodes' '(Lorg/apache/xalan/transformer/TransformerImpl;)V' in 'org/apache/xalan/templates/ElemApplyTemplates')}
  0x000077163cbdbca4: 8bd0 48be | 0080 8114 | 696a 0000 | 4883 8678 | 0500 0001 | 488b 9424 | 3801 0000 | 488b f048 
  0x000077163cbdbcc4: 8984 2450 | 0100 000f 

  0x000077163cbdbccc: ;   {optimized virtual_call}
  0x000077163cbdbccc: 1f40 00e8 

  0x000077163cbdbcd0: ; ImmutableOopMap {[224]=Oop [232]=Oop [240]=Oop [256]=Oop [280]=Oop [304]=Oop [312]=Oop [320]=Oop [336]=Oop }
                      ;*invokespecial <init> {reexecute=0 rethrow=0 return_oop=0}
                      ; - org.apache.xalan.templates.ElemApplyTemplates::transformSelectedNodes@152 (line 233)
  0x000077163cbdbcd0: ac93 0807 

  0x000077163cbdbcd4: ;   {other}
  0x000077163cbdbcd4: 0f1f 8400 | 4422 0009 | 488b 9c24 | 4001 0000 

  0x000077163cbdbce4: ; implicit exception: dispatches to 0x000077163cbe5c10
  0x000077163cbdbce4: 483b 0348 

  0x000077163cbdbce8: ;   {metadata(method data for {method} {0x00006a691455b320} 'transformSelectedNodes' '(Lorg/apache/xalan/transformer/TransformerImpl;)V' in 'org/apache/xalan/templates/ElemApplyTemplates')}
  0x000077163cbdbce8: 8bd3 48b9 | 0080 8114 | 696a 0000 

  0x000077163cbdbcf4: ;   {metadata('org/apache/xalan/trace/TraceManager')}
  0x000077163cbdbcf4: 49ba 7884 | 0e20 696a | 0000 4c89 | 9198 0500 | 0048 8381 | a005 0000 

  0x000077163cbdbd0c: ;   {oop("select"{0x0000000040ab07b8})}
  0x000077163cbdbd0c: 0149 b8b8 | 07ab 4000 | 0000 008b | 9424 f800 | 0000 488b | 8c24 e800 | 0000 4c8b | 8c24 3001 
  0x000077163cbdbd2c: 0000 488b | bc24 5001 | 0000 488b | f366 0f1f 

  0x000077163cbdbd3c: ;   {optimized virtual_call}
  0x000077163cbdbd3c: 4400 00e8 

  0x000077163cbdbd40: ; ImmutableOopMap {[224]=Oop [232]=Oop [240]=Oop [256]=Oop [280]=Oop [312]=Oop }
                      ;*invokevirtual fireSelectedEvent {reexecute=0 rethrow=0 return_oop=0}
                      ; - org.apache.xalan.templates.ElemApplyTemplates::transformSelectedNodes@155 (line 233)
  0x000077163cbdbd40: 3c93 0807 

  0x000077163cbdbd44: ;   {other}
  0x000077163cbdbd44: 0f1f 8400 | b422 000a | 488b bc24 | e000 0000 | 488b 9424 | f000 0000 

  0x000077163cbdbd5c: ;   {metadata(method data for {method} {0x00006a691455b320} 'transformSelectedNodes' '(Lorg/apache/xalan/transformer/TransformerImpl;)V' in 'org/apache/xalan/templates/ElemApplyTemplates')}
  0x000077163cbdbd5c: 488b f248 | bb00 8081 | 1469 6a00 | 0048 8383 | d805 0000 | 018b 5a64 | 4889 9c24 | 7001 0000 
  0x000077163cbdbd7c: ;   {metadata(method data for {method} {0x00006a691455b320} 'transformSelectedNodes' '(Lorg/apache/xalan/transformer/TransformerImpl;)V' in 'org/apache/xalan/templates/ElemApplyTemplates')}
  0x000077163cbdbd7c: 488b f248 | b800 8081 | 1469 6a00 | 0048 8380 | f805 0000 | 018b 4258 | 4889 8424 | 6801 0000 
  0x000077163cbdbd9c: ; implicit exception: dispatches to 0x000077163cbe5c15
  0x000077163cbdbd9c: 483b 0048 

  0x000077163cbdbda0: ;   {metadata(method data for {method} {0x00006a691455b320} 'transformSelectedNodes' '(Lorg/apache/xalan/transformer/TransformerImpl;)V' in 'org/apache/xalan/templates/ElemApplyTemplates')}
  0x000077163cbdbda0: 8bf0 49b8 | 0080 8114 | 696a 0000 | 4983 8030 | 0600 0001 | 448b 80dc | 0000 004c | 8984 2458 
  0x000077163cbdbdc0: 0100 0048 

  0x000077163cbdbdc4: ;   {metadata(method data for {method} {0x00006a691455b320} 'transformSelectedNodes' '(Lorg/apache/xalan/transformer/TransformerImpl;)V' in 'org/apache/xalan/templates/ElemApplyTemplates')}
  0x000077163cbdbdc4: 8bf2 49b9 | 0080 8114 | 696a 0000 | 4983 8180 | 0600 0001 | 0fbe 7211 | 83e6 0189 | b424 6001 
  0x000077163cbdbde4: 0000 4c8b 

  0x000077163cbdbde8: ;   {metadata(method data for {method} {0x00006a691455b320} 'transformSelectedNodes' '(Lorg/apache/xalan/transformer/TransformerImpl;)V' in 'org/apache/xalan/templates/ElemApplyTemplates')}
  0x000077163cbdbde8: cf49 bb00 | 8081 1469 | 6a00 0049 | 8383 b806 

  0x000077163cbdbdf8: ;   {metadata(method data for {method} {0x00006a69146a63a8} 'getDTM' '(I)Lorg/apache/xml/dtm/DTM;' in 'org/apache/xpath/XPathContext')}
  0x000077163cbdbdf8: 0000 0149 | b958 e77f | 1469 6a00 | 0045 8b99 | f400 0000 | 4183 c302 | 4589 99f4 | 0000 0041 
  0x000077163cbdbe18: 81e3 feff | 1f00 4585 | db0f 84f3 | 9d00 0044 | 8b4f 2849 | 3b01 4d8b 

  0x000077163cbdbe30: ;   {metadata(method data for {method} {0x00006a69146a63a8} 'getDTM' '(I)Lorg/apache/xml/dtm/DTM;' in 'org/apache/xpath/XPathContext')}
  0x000077163cbdbe30: d949 bd58 | e77f 1469 | 6a00 0045 | 8b5b 0849 | ba00 0000 | 1f69 6a00 | 004d 03da | 4d3b 9d48 
  0x000077163cbdbe50: 0100 0075 | 0d49 8385 | 5001 0000 | 01e9 6000 | 0000 4d3b | 9d58 0100 | 0075 0d49 | 8385 6001 
  0x000077163cbdbe70: 0000 01e9 | 4a00 0000 | 4983 bd48 | 0100 0000 | 7517 4d89 | 9d48 0100 | 0049 c785 | 5001 0000 
  0x000077163cbdbe90: 0100 0000 | e929 0000 | 0049 83bd | 5801 0000 | 0075 174d | 899d 5801 | 0000 49c7 | 8560 0100 
  0x000077163cbdbeb0: 0001 0000 | 00e9 0800 | 0000 4983 | 8538 0100 | 0001 8b94 | 24f8 0000 | 0049 8bf1 | 9048 b838 
  0x000077163cbdbed0: a60e 2069 

  0x000077163cbdbed4: ;   {virtual_call}
  0x000077163cbdbed4: 6a00 00e8 

  0x000077163cbdbed8: ; ImmutableOopMap {[224]=Oop [232]=Oop [240]=Oop [256]=Oop [280]=Oop [312]=Oop [344]=Oop [360]=Oop [368]=Oop }
                      ;*invokevirtual getDTM {reexecute=0 rethrow=0 return_oop=0}
                      ; - org.apache.xpath.XPathContext::getDTM@5 (line 171)
                      ; - org.apache.xalan.templates.ElemApplyTemplates::transformSelectedNodes@185 (line 245)
  0x000077163cbdbed8: c4d0 8807 

  0x000077163cbdbedc: ;   {other}
  0x000077163cbdbedc: 0f1f 8400 | 4c24 000b | 8b8c 24fc | 0000 0085 

  0x000077163cbdbeec: ;   {metadata(method data for {method} {0x00006a691455b320} 'transformSelectedNodes' '(Lorg/apache/xalan/transformer/TransformerImpl;)V' in 'org/apache/xalan/templates/ElemApplyTemplates')}
  0x000077163cbdbeec: c948 ba00 | 8081 1469 | 6a00 0048 | c7c6 e806 | 0000 7f07 | 48c7 c6d8 | 0600 0048 | 8b3c 3248 
  0x000077163cbdbf0c: 8d7f 0148 | 893c 320f | 8f21 0000 | 00bf ffff | ffff 4889 | 8424 7801 | 0000 898c | 24fc 0000 
  0x000077163cbdbf2c: 0048 8b9c | 2400 0100 | 00e9 4a05 | 0000 4889 | 8424 7801 | 0000 488b | 9c24 0001 | 0000 488b 
  0x000077163cbdbf4c: ;   {metadata(method data for {method} {0x00006a691455b320} 'transformSelectedNodes' '(Lorg/apache/xalan/transformer/TransformerImpl;)V' in 'org/apache/xalan/templates/ElemApplyTemplates')}
  0x000077163cbdbf4c: d348 be00 | 8081 1469 

  0x000077163cbdbf54: ;   {metadata('org/apache/xpath/VariableStack')}
  0x000077163cbdbf54: 6a00 0049 | baa8 de0e | 2069 6a00 | 004c 8996 | 0807 0000 | 4883 8610 | 0700 0001 | 488b d148 
  0x000077163cbdbf74: 8bf3 898c | 24fc 0000 

  0x000077163cbdbf7c: ;   {optimized virtual_call}
  0x000077163cbdbf7c: 0066 90e8 

  0x000077163cbdbf80: ; ImmutableOopMap {[224]=Oop [232]=Oop [240]=Oop [256]=Oop [280]=Oop [312]=Oop [344]=Oop [360]=Oop [368]=Oop [376]=Oop }
                      ;*invokevirtual link {reexecute=0 rethrow=0 return_oop=0}
                      ; - org.apache.xalan.templates.ElemApplyTemplates::transformSelectedNodes@202 (line 253)
  0x000077163cbdbf80: fc90 0807 

  0x000077163cbdbf84: ;   {other}
  0x000077163cbdbf84: 0f1f 8400 | f424 000c | 8984 2488 | 0100 0048 | 8b9c 2400 

  0x000077163cbdbf98: ;   {metadata(method data for {method} {0x00006a691455b320} 'transformSelectedNodes' '(Lorg/apache/xalan/transformer/TransformerImpl;)V' in 'org/apache/xalan/templates/ElemApplyTemplates')}
  0x000077163cbdbf98: 0100 0048 | ba00 8081 | 1469 6a00 

  0x000077163cbdbfa4: ;   {metadata('org/apache/xpath/VariableStack')}
  0x000077163cbdbfa4: 0049 baa8 | de0e 2069 | 6a00 004c | 8992 4007 | 0000 4883 | 8248 0700 | 0001 488b | 9c24 0001 
  0x000077163cbdbfc4: 0000 448b | 8424 1001 | 0000 4489 | 4310 bf00 | 0000 0090 | 8b8c 24fc | 0000 0048 | 8b94 24f0 
  0x000077163cbdbfe4: 0000 0048 | 8bb4 24e8 | 0000 003b 

  0x000077163cbdbff0: ;   {metadata(method data for {method} {0x00006a691455b320} 'transformSelectedNodes' '(Lorg/apache/xalan/transformer/TransformerImpl;)V' in 'org/apache/xalan/templates/ElemApplyTemplates')}
  0x000077163cbdbff0: f949 bb00 | 8081 1469 | 6a00 0049 | c7c5 6807 | 0000 7d07 | 49c7 c578 | 0700 004f | 8b34 2b4d 
  0x000077163cbdc010: 8d76 014f | 8934 2b0f | 8d25 0400 | 0044 8b5e | 6441 3b7b | 0c0f 831f | 9c00 004c | 63ef 478b 
  0x000077163cbdc030: 5cab 104c | 899c 2480 | 0100 004c 

  0x000077163cbdc03c: ;   {metadata(method data for {method} {0x00006a691455b320} 'transformSelectedNodes' '(Lorg/apache/xalan/transformer/TransformerImpl;)V' in 'org/apache/xalan/templates/ElemApplyTemplates')}
  0x000077163cbdc03c: 8bea 49be | 0080 8114 | 696a 0000 

  0x000077163cbdc048: ;   {metadata('org/apache/xalan/transformer/TransformerImpl')}
  0x000077163cbdc048: 49ba c80c | 0c20 696a | 0000 4d89 | 9698 0700 | 0049 8386 | a007 0000 | 0144 0fbe | 5a15 4183 
  0x000077163cbdc068: e301 4585 

  0x000077163cbdc06c: ;   {metadata(method data for {method} {0x00006a691455b320} 'transformSelectedNodes' '(Lorg/apache/xalan/transformer/TransformerImpl;)V' in 'org/apache/xalan/templates/ElemApplyTemplates')}
  0x000077163cbdc06c: db49 bb00 | 8081 1469 | 6a00 0049 | c7c5 c007 | 0000 7407 | 49c7 c5d0 | 0700 004f | 8b34 2b4d 
  0x000077163cbdc08c: 8d76 014f | 8934 2b4c | 8b9c 2480 | 0100 0089 | bc24 6401 | 0000 898c | 24fc 0000 | 000f 847d 
  0x000077163cbdc0ac: 0000 004c 

  0x000077163cbdc0b0: ;   {metadata(method data for {method} {0x00006a691455b320} 'transformSelectedNodes' '(Lorg/apache/xalan/transformer/TransformerImpl;)V' in 'org/apache/xalan/templates/ElemApplyTemplates')}
  0x000077163cbdc0b0: 8bea 49be | 0080 8114 | 696a 0000 

  0x000077163cbdc0bc: ;   {metadata('org/apache/xalan/transformer/TransformerImpl')}
  0x000077163cbdc0bc: 49ba c80c | 0c20 696a | 0000 4d89 | 96f0 0700 | 0049 8386 | f807 0000 | 018b ba84 | 0000 0048 
  0x000077163cbdc0dc: 3b07 4c8b 

  0x000077163cbdc0e0: ;   {metadata(method data for {method} {0x00006a691455b320} 'transformSelectedNodes' '(Lorg/apache/xalan/transformer/TransformerImpl;)V' in 'org/apache/xalan/templates/ElemApplyTemplates')}
  0x000077163cbdc0e0: ef49 be00 | 8081 1469 

  0x000077163cbdc0e8: ;   {metadata('org/apache/xalan/trace/TraceManager')}
  0x000077163cbdc0e8: 6a00 0049 | ba78 840e | 2069 6a00 | 004d 8996 | 2808 0000 | 4983 8630 | 0800 0001 | 498b d348 
  0x000077163cbdc108: 8bf7 0f1f 

  0x000077163cbdc10c: ;   {optimized virtual_call}
  0x000077163cbdc10c: 4400 00e8 

  0x000077163cbdc110: ; ImmutableOopMap {[224]=Oop [232]=Oop [240]=Oop [256]=Oop [280]=Oop [312]=Oop [344]=Oop [360]=Oop [368]=Oop [376]=Oop [384]=Oop }
                      ;*invokevirtual fireTraceEvent {reexecute=0 rethrow=0 return_oop=0}
                      ; - org.apache.xalan.templates.ElemApplyTemplates::transformSelectedNodes@246 (line 260)
  0x000077163cbdc110: 6c8f 0807 

  0x000077163cbdc114: ;   {other}
  0x000077163cbdc114: 0f1f 8400 | 8426 000d | 4c8b 9c24 | 8001 0000 | 488b 9424 | f000 0000 

  0x000077163cbdc12c: ; implicit exception: dispatches to 0x000077163cbe5c5d
  0x000077163cbdc12c: 493b 0349 

  0x000077163cbdc130: ;   {metadata(method data for {method} {0x00006a691455b320} 'transformSelectedNodes' '(Lorg/apache/xalan/transformer/TransformerImpl;)V' in 'org/apache/xalan/templates/ElemApplyTemplates')}
  0x000077163cbdc130: 8bcb 48be | 0080 8114 | 696a 0000 

  0x000077163cbdc13c: ;   {metadata('org/apache/xalan/templates/ElemWithParam')}
  0x000077163cbdc13c: 49ba 00a8 | 0820 696a | 0000 4c89 | 9660 0800 | 0048 8386 | 6808 0000 | 0148 8bfa | 488b d78b 
  0x000077163cbdc15c: 8c24 f800 | 0000 498b 

  0x000077163cbdc164: ;   {optimized virtual_call}
  0x000077163cbdc164: f366 90e8 

  0x000077163cbdc168: ; ImmutableOopMap {[224]=Oop [232]=Oop [240]=Oop [256]=Oop [280]=Oop [312]=Oop [344]=Oop [360]=Oop [368]=Oop [376]=Oop [384]=Oop }
                      ;*invokevirtual getValue {reexecute=0 rethrow=0 return_oop=0}
                      ; - org.apache.xalan.templates.ElemApplyTemplates::transformSelectedNodes@253 (line 261)
  0x000077163cbdc168: 148f 0807 

  0x000077163cbdc16c: ;   {other}
  0x000077163cbdc16c: 0f1f 8400 | dc26 000e | 488b 9424 | f000 0000 

  0x000077163cbdc17c: ;   {metadata(method data for {method} {0x00006a691455b320} 'transformSelectedNodes' '(Lorg/apache/xalan/transformer/TransformerImpl;)V' in 'org/apache/xalan/templates/ElemApplyTemplates')}
  0x000077163cbdc17c: 48be 0080 | 8114 696a 

  0x000077163cbdc184: ;   {metadata('org/apache/xalan/transformer/TransformerImpl')}
  0x000077163cbdc184: 0000 49ba | c80c 0c20 | 696a 0000 | 4c89 9698 | 0800 0048 | 8386 a008 | 0000 0148 | 8b94 24f0 
  0x000077163cbdc1a4: 0000 000f | be72 1583 | e601 85f6 

  0x000077163cbdc1b0: ;   {metadata(method data for {method} {0x00006a691455b320} 'transformSelectedNodes' '(Lorg/apache/xalan/transformer/TransformerImpl;)V' in 'org/apache/xalan/templates/ElemApplyTemplates')}
  0x000077163cbdc1b0: 48be 0080 | 8114 696a | 0000 48c7 | c7c0 0800 | 0074 0748 | c7c7 d008 | 0000 488b | 1c3e 488d 
  0x000077163cbdc1d0: 5b01 4889 | 1c3e 0f84 | 8000 0000 | 4889 8424 | 9001 0000 

  0x000077163cbdc1e4: ;   {metadata(method data for {method} {0x00006a691455b320} 'transformSelectedNodes' '(Lorg/apache/xalan/transformer/TransformerImpl;)V' in 'org/apache/xalan/templates/ElemApplyTemplates')}
  0x000077163cbdc1e4: 488b f248 | bf00 8081 | 1469 6a00 

  0x000077163cbdc1f0: ;   {metadata('org/apache/xalan/transformer/TransformerImpl')}
  0x000077163cbdc1f0: 0049 bac8 | 0c0c 2069 | 6a00 004c | 8997 f008 | 0000 4883 | 87f8 0800 | 0001 8bb2 | 8400 0000 
  0x000077163cbdc210: ; implicit exception: dispatches to 0x000077163cbe5c62
  0x000077163cbdc210: 483b 0648 

  0x000077163cbdc214: ;   {metadata(method data for {method} {0x00006a691455b320} 'transformSelectedNodes' '(Lorg/apache/xalan/transformer/TransformerImpl;)V' in 'org/apache/xalan/templates/ElemApplyTemplates')}
  0x000077163cbdc214: 8bfe 48bb | 0080 8114 | 696a 0000 

  0x000077163cbdc220: ;   {metadata('org/apache/xalan/trace/TraceManager')}
  0x000077163cbdc220: 49ba 7884 | 0e20 696a | 0000 4c89 | 9328 0900 | 0048 8383 | 3009 0000 | 0148 8b94 | 2480 0100 
  0x000077163cbdc240: 0066 0f1f 

  0x000077163cbdc244: ;   {optimized virtual_call}
  0x000077163cbdc244: 4400 00e8 

  0x000077163cbdc248: ; ImmutableOopMap {[224]=Oop [232]=Oop [240]=Oop [256]=Oop [280]=Oop [312]=Oop [344]=Oop [360]=Oop [368]=Oop [376]=Oop [384]=Oop [400]=Oop }
                      ;*invokevirtual fireTraceEndEvent {reexecute=0 rethrow=0 return_oop=0}
                      ; - org.apache.xalan.templates.ElemApplyTemplates::transformSelectedNodes@271 (line 263)
  0x000077163cbdc248: 348e 0807 

  0x000077163cbdc24c: ;   {other}
  0x000077163cbdc24c: 0f1f 8400 | bc27 000f | 488b 8424 | 9001 0000 | 4c8b 9c24 | 8001 0000 | 488b 9c24 | 0001 0000 
  0x000077163cbdc26c: ;   {metadata(method data for {method} {0x00006a691455b320} 'transformSelectedNodes' '(Lorg/apache/xalan/transformer/TransformerImpl;)V' in 'org/apache/xalan/templates/ElemApplyTemplates')}
  0x000077163cbdc26c: 488b d348 | be00 8081 | 1469 6a00 

  0x000077163cbdc278: ;   {metadata('org/apache/xpath/VariableStack')}
  0x000077163cbdc278: 0049 baa8 | de0e 2069 | 6a00 004c | 8996 6009 | 0000 4883 | 8668 0900 

  0x000077163cbdc290: ;   {metadata(method data for {method} {0x00006a6914791c90} 'setLocalVariable' '(ILorg/apache/xpath/objects/XObject;I)V' in 'org/apache/xpath/VariableStack')}
  0x000077163cbdc290: 0001 48ba | b005 8214 | 696a 0000 | 8bb2 f400 | 0000 83c6 | 0289 b2f4 | 0000 0081 | e6fe ff1f 
  0x000077163cbdc2b0: 0085 f60f | 84ae 9900 | 008b 5318 | 8bbc 2464 | 0100 0003 | bc24 8801 | 0000 3b7a | 0c0f 83bf 
  0x000077163cbdc2d0: 9900 0048 | 85c0 7516 

  0x000077163cbdc2d8: ;   {metadata(method data for {method} {0x00006a6914791c90} 'setLocalVariable' '(ILorg/apache/xpath/objects/XObject;I)V' in 'org/apache/xpath/VariableStack')}
  0x000077163cbdc2d8: 48b9 b005 | 8214 696a | 0000 8089 | 3101 0000 | 01e9 fa00 | 0000 8b72 | 0849 ba00 | 0000 1f69 
  0x000077163cbdc2f8: 6a00 0049 | 03f2 8b48 | 0849 ba00 | 0000 1f69 | 6a00 0049 | 03ca 488b | b6e0 0000 | 0048 3bce 
  0x000077163cbdc318: 0f84 2900 | 0000 448b | 4614 4a3b | 3401 0f84 | 1b00 0000 | 4183 f820 | 0f85 9b00 | 0000 5156 
  0x000077163cbdc338: ;   {runtime_call slow_subtype_check Runtime1 stub}
  0x000077163cbdc338: e843 8a13 | 0759 5e85 | f60f 848a 

  0x000077163cbdc344: ;   {metadata(method data for {method} {0x00006a6914791c90} 'setLocalVariable' '(ILorg/apache/xpath/objects/XObject;I)V' in 'org/apache/xpath/VariableStack')}
  0x000077163cbdc344: 0000 0048 | b9b0 0582 | 1469 6a00 | 008b 7008 | 49ba 0000 | 001f 696a | 0000 4903 | f248 3bb1 
  0x000077163cbdc364: 4801 0000 | 750d 4883 | 8150 0100 | 0001 e971 | 0000 0048 | 3bb1 5801 | 0000 750d | 4883 8160 
  0x000077163cbdc384: 0100 0001 | e95b 0000 | 0048 83b9 | 4801 0000 | 0075 1748 | 89b1 4801 | 0000 48c7 | 8150 0100 
  0x000077163cbdc3a4: 0001 0000 | 00e9 3a00 | 0000 4883 | b958 0100 | 0000 7517 | 4889 b158 | 0100 0048 | c781 6001 
  0x000077163cbdc3c4: 0000 0100 | 0000 e919 | 0000 00eb 

  0x000077163cbdc3d0: ;   {metadata(method data for {method} {0x00006a6914791c90} 'setLocalVariable' '(ILorg/apache/xpath/objects/XObject;I)V' in 'org/apache/xpath/VariableStack')}
  0x000077163cbdc3d0: 1748 b9b0 | 0582 1469 | 6a00 0048 | 83a9 3801 | 0000 01e9 | bd98 0000 | 4863 ff4c | 8bd0 4489 
  0x000077163cbdc3f0: 54ba 108b | bc24 6401 | 0000 ffc7 

  0x000077163cbdc3fc: ;   {metadata(method data for {method} {0x00006a691455b320} 'transformSelectedNodes' '(Lorg/apache/xalan/transformer/TransformerImpl;)V' in 'org/apache/xalan/templates/ElemApplyTemplates')}
  0x000077163cbdc3fc: 48b8 0080 | 8114 696a | 0000 8b90 | f800 0000 | 83c2 0289 | 90f8 0000 | 0081 e2fe | 3f00 0085 
  0x000077163cbdc41c: d20f 848b | 9800 004d | 8b97 7007 

  0x000077163cbdc428: ; ImmutableOopMap {r11=Oop rbx=Oop [224]=Oop [232]=Oop [240]=Oop [256]=Oop [280]=Oop [312]=Oop [344]=Oop [360]=Oop [368]=Oop [376]=Oop [384]=Oop }
                      ;*goto {reexecute=1 rethrow=0 return_oop=0}
                      ; - (reexecute) org.apache.xalan.templates.ElemApplyTemplates::transformSelectedNodes@288 (line 256)
                      ;   {poll}
  0x000077163cbdc428: 0000 4185 

  0x000077163cbdc42c: ;   {metadata(method data for {method} {0x00006a691455b320} 'transformSelectedNodes' '(Lorg/apache/xalan/transformer/TransformerImpl;)V' in 'org/apache/xalan/templates/ElemApplyTemplates')}
  0x000077163cbdc42c: 0248 b800 | 8081 1469 | 6a00 00ff | 8088 0900 | 00e9 96fb | ffff 8b84 | 2488 0100 | 0089 8c24 
  0x000077163cbdc44c: fc00 0000 | 488b 9c24 | 0001 0000 

  0x000077163cbdc458: ;   {metadata(method data for {method} {0x00006a691455b320} 'transformSelectedNodes' '(Lorg/apache/xalan/transformer/TransformerImpl;)V' in 'org/apache/xalan/templates/ElemApplyTemplates')}
  0x000077163cbdc458: 488b d348 | be00 8081 | 1469 6a00 

  0x000077163cbdc464: ;   {metadata('org/apache/xpath/VariableStack')}
  0x000077163cbdc464: 0049 baa8 | de0e 2069 | 6a00 004c | 8996 b009 | 0000 4883 | 86b8 0900 | 0001 8943 | 1048 8bf8 
  0x000077163cbdc484: 488b 8c24 | e000 0000 

  0x000077163cbdc48c: ;   {metadata(method data for {method} {0x00006a691455b320} 'transformSelectedNodes' '(Lorg/apache/xalan/transformer/TransformerImpl;)V' in 'org/apache/xalan/templates/ElemApplyTemplates')}
  0x000077163cbdc48c: 488b c148 | ba00 8081 | 1469 6a00 | 0048 8382 | d809 0000 

  0x000077163cbdc4a0: ;   {metadata(method data for {method} {0x00006a69146a7f30} 'pushContextNodeList' '(Lorg/apache/xml/dtm/DTMIterator;)V' in 'org/apache/xpath/XPathContext')}
  0x000077163cbdc4a0: 0148 b800 | 5781 1469 | 6a00 008b | 90f4 0000 | 0083 c202 | 8990 f400 | 0000 81e2 | feff 1f00 
  0x000077163cbdc4c0: 85d2 0f84 | 0798 0000 | 448b 4150 

  0x000077163cbdc4cc: ; implicit exception: dispatches to 0x000077163cbe5cf0
  0x000077163cbdc4cc: 493b 0049 

  0x000077163cbdc4d0: ;   {metadata(method data for {method} {0x00006a69146a7f30} 'pushContextNodeList' '(Lorg/apache/xml/dtm/DTMIterator;)V' in 'org/apache/xpath/XPathContext')}
  0x000077163cbdc4d0: 8bc0 48ba | 0057 8114 | 696a 0000 | 4883 8250 | 0100 0001 

  0x000077163cbdc4e4: ;   {metadata(method data for {method} {0x00006a69141ac168} 'push' '(Ljava/lang/Object;)Ljava/lang/Object;' in 'java/util/Stack')}
  0x000077163cbdc4e4: 48b8 c8d7 | 1e14 696a | 0000 8b90 | f400 0000 | 83c2 0289 | 90f4 0000 | 0081 e2fe | ff1f 0085 
  0x000077163cbdc504: d20f 84ea | 9700 0049 

  0x000077163cbdc50c: ;   {metadata(method data for {method} {0x00006a69141ac168} 'push' '(Ljava/lang/Object;)Ljava/lang/Object;' in 'java/util/Stack')}
  0x000077163cbdc50c: 8bc0 48ba | c8d7 1e14 | 696a 0000 | 8b40 0849 | ba00 0000 | 1f69 6a00 | 0049 03c2 | 483b 8248 
  0x000077163cbdc52c: 0100 0075 | 0d48 8382 | 5001 0000 | 01e9 6000 | 0000 483b | 8258 0100 | 0075 0d48 | 8382 6001 
  0x000077163cbdc54c: 0000 01e9 | 4a00 0000 | 4883 ba48 | 0100 0000 | 7517 4889 | 8248 0100 | 0048 c782 | 5001 0000 
  0x000077163cbdc56c: 0100 0000 | e929 0000 | 0048 83ba | 5801 0000 | 0075 1748 | 8982 5801 | 0000 48c7 | 8260 0100 
  0x000077163cbdc58c: 0001 0000 | 00e9 0800 | 0000 4883 | 8238 0100 | 0001 488d | 9424 d803 | 0000 4c89 | 4208 498b 
  0x000077163cbdc5ac: 0048 83c8 | 0148 8902 | f049 0fb1 | 100f 8412 | 0000 0048 | 2bc4 4825 | 07f0 ffff | 4889 020f 
  0x000077163cbdc5cc: 8545 9700 | 0049 ff87 | 6808 0000 

  0x000077163cbdc5d8: ;   {metadata(method data for {method} {0x00006a6914100bf8} 'addElement' '(Ljava/lang/Object;)V' in 'java/util/Vector')}
  0x000077163cbdc5d8: 48ba 10d6 | 1e14 696a | 0000 8bb2 | f400 0000 | 83c6 0289 | b2f4 0000 | 0081 e6fe | ff1f 0085 
  0x000077163cbdc5f8: f60f 842a | 9700 0041 | 8b50 0cff | c241 8950 | 0c41 8b50 | 1841 8b40 | 1049 8bf0 

  0x000077163cbdc614: ;   {metadata(method data for {method} {0x00006a6914100bf8} 'addElement' '(Ljava/lang/Object;)V' in 'java/util/Vector')}
  0x000077163cbdc614: 49b9 10d6 | 1e14 696a | 0000 4983 | 8138 0100 

  0x000077163cbdc624: ;   {metadata(method data for {method} {0x00006a69141014f0} 'add' '(Ljava/lang/Object;[Ljava/lang/Object;I)V' in 'java/util/Vector')}
  0x000077163cbdc624: 0001 48be | 68d0 1e14 | 696a 0000 | 448b 8ef4 | 0000 0041 | 83c1 0244 | 898e f400 | 0000 4181 
  0x000077163cbdc644: e1fe ff1f | 0045 85c9 | 0f84 f896 | 0000 8b72 

  0x000077163cbdc654: ;   {metadata(method data for {method} {0x00006a69141014f0} 'add' '(Ljava/lang/Object;[Ljava/lang/Object;I)V' in 'java/util/Vector')}
  0x000077163cbdc654: 0c3b c648 | be68 d01e | 1469 6a00 | 0049 c7c1 | 3801 0000 | 7507 49c7 | c148 0100 | 004e 8b1c 
  0x000077163cbdc674: 0e4d 8d5b | 014e 891c | 0e89 bc24 | a001 0000 | 0f85 8c00 | 0000 498b 

  0x000077163cbdc68c: ;   {metadata(method data for {method} {0x00006a69141014f0} 'add' '(Ljava/lang/Object;[Ljava/lang/Object;I)V' in 'java/util/Vector')}
  0x000077163cbdc68c: d048 be68 | d01e 1469 | 6a00 0048 | 8386 5801 

  0x000077163cbdc69c: ;   {metadata(method data for {method} {0x00006a69140ffbd0} 'grow' '()[Ljava/lang/Object;' in 'java/util/Vector')}
  0x000077163cbdc69c: 0000 0148 | ba88 d21e | 1469 6a00 | 008b b2f4 | 0000 0083 | c602 89b2 | f400 0000 | 81e6 feff 
  0x000077163cbdc6bc: 1f00 85f6 | 0f84 aa96 | 0000 498b 

  0x000077163cbdc6c8: ;   {metadata(method data for {method} {0x00006a69140ffbd0} 'grow' '()[Ljava/lang/Object;' in 'java/util/Vector')}
  0x000077163cbdc6c8: d048 be88 | d21e 1469 | 6a00 0048 | 8386 3801 | 0000 0148 | 8bd0 ffc2 | 498b f04c | 8984 2498 
  0x000077163cbdc6e8: 0100 0089 | 8424 8c01 | 0000 0f1f 

  0x000077163cbdc6f4: ;   {optimized virtual_call}
  0x000077163cbdc6f4: 4400 00e8 

  0x000077163cbdc6f8: ; ImmutableOopMap {[224]=Oop [232]=Oop [240]=Oop [256]=Oop [280]=Oop [312]=Oop [344]=Oop [360]=Oop [368]=Oop [376]=Oop [408]=Oop [992]=Oop }
                      ;*invokevirtual grow {reexecute=0 rethrow=0 return_oop=0}
                      ; - java.util.Vector::grow@7 (line 266)
                      ; - java.util.Vector::add@7 (line 782)
                      ; - java.util.Vector::addElement@20 (line 617)
                      ; - java.util.Stack::push@2 (line 68)
                      ; - org.apache.xpath.XPathContext::pushContextNodeList@5 (line 697)
                      ; - org.apache.xalan.templates.ElemApplyTemplates::transformSelectedNodes@301 (line 270)
  0x000077163cbdc6f8: 848c 1e00 

  0x000077163cbdc6fc: ;   {other}
  0x000077163cbdc6fc: 0f1f 8400 | 6c2c 0011 | 488b d08b | 8424 8c01 | 0000 4c8b | 8424 9801 | 0000 488b | bc24 3801 
  0x000077163cbdc71c: 0000 3b42 | 0c0f 8374 | 9600 0048 | 85ff 7516 

  0x000077163cbdc72c: ;   {metadata(method data for {method} {0x00006a69141014f0} 'add' '(Ljava/lang/Object;[Ljava/lang/Object;I)V' in 'java/util/Vector')}
  0x000077163cbdc72c: 48bb 68d0 | 1e14 696a | 0000 808b | 8901 0000 | 01e9 f800 | 0000 8b72 | 0849 ba00 | 0000 1f69 
  0x000077163cbdc74c: 6a00 0049 | 03f2 8b5f | 0849 ba00 | 0000 1f69 | 6a00 0049 | 03da 488b | b6e0 0000 | 0048 3bde 
  0x000077163cbdc76c: 0f84 2700 | 0000 8b4e | 1448 3b34 | 0b0f 841a | 0000 0083 | f920 0f85 | 9b00 0000 

  0x000077163cbdc788: ;   {runtime_call slow_subtype_check Runtime1 stub}
  0x000077163cbdc788: 5356 e8f1 | 8513 075b | 5e85 f60f | 848a 0000 

  0x000077163cbdc798: ;   {metadata(method data for {method} {0x00006a69141014f0} 'add' '(Ljava/lang/Object;[Ljava/lang/Object;I)V' in 'java/util/Vector')}
  0x000077163cbdc798: 0048 bb68 | d01e 1469 | 6a00 008b | 7708 49ba | 0000 001f | 696a 0000 | 4903 f248 | 3bb3 a001 
  0x000077163cbdc7b8: 0000 750d | 4883 83a8 | 0100 0001 | e971 0000 | 0048 3bb3 | b001 0000 | 750d 4883 | 83b8 0100 
  0x000077163cbdc7d8: 0001 e95b | 0000 0048 | 83bb a001 | 0000 0075 | 1748 89b3 | a001 0000 | 48c7 83a8 | 0100 0001 
  0x000077163cbdc7f8: 0000 00e9 | 3a00 0000 | 4883 bbb0 | 0100 0000 | 7517 4889 | b3b0 0100 | 0048 c783 | b801 0000 
  0x000077163cbdc818: 0100 0000 | e919 0000 

  0x000077163cbdc820: ;   {metadata(method data for {method} {0x00006a69141014f0} 'add' '(Ljava/lang/Object;[Ljava/lang/Object;I)V' in 'java/util/Vector')}
  0x000077163cbdc820: 00eb 1748 | bb68 d01e | 1469 6a00 | 0048 83ab | 9001 0000 | 01e9 7495 | 0000 4863 | f04c 8bd7 
  0x000077163cbdc840: 4489 54b2 | 10ff c041 | 8940 1048 | 8d84 24d8 | 0300 0048 | 8b30 4885 | f60f 840f | 0000 0048 
  0x000077163cbdc860: 8b58 08f0 | 480f b133 | 0f85 4995 | 0000 49ff | 8f68 0800 | 0048 8b9c | 24e0 0000 | 0048 8bf3 
  0x000077163cbdc880: ;   {metadata(method data for {method} {0x00006a691455b320} 'transformSelectedNodes' '(Lorg/apache/xalan/transformer/TransformerImpl;)V' in 'org/apache/xalan/templates/ElemApplyTemplates')}
  0x000077163cbdc880: 48b8 0080 | 8114 696a | 0000 4883 | 8028 0a00 | 0001 8b43 | 5448 8984 | 24a8 0100 | 0048 8bf3 
  0x000077163cbdc8a0: ;   {metadata(method data for {method} {0x00006a691455b320} 'transformSelectedNodes' '(Lorg/apache/xalan/transformer/TransformerImpl;)V' in 'org/apache/xalan/templates/ElemApplyTemplates')}
  0x000077163cbdc8a0: 48ba 0080 | 8114 696a | 0000 4883 | 8260 0a00 | 0001 8b53 | 6048 8994 | 24b0 0100 | 0048 8b8c 
  0x000077163cbdc8c0: 2478 0100 | 0048 898c | 24b8 0100 | 0066 6690 

  0x000077163cbdc8d0: ; implicit exception: dispatches to 0x000077163cbe5dcd
  0x000077163cbdc8d0: 483b 0748 

  0x000077163cbdc8d4: ;   {metadata(method data for {method} {0x00006a691455b320} 'transformSelectedNodes' '(Lorg/apache/xalan/transformer/TransformerImpl;)V' in 'org/apache/xalan/templates/ElemApplyTemplates')}
  0x000077163cbdc8d4: 8bdf 48b8 | 0080 8114 | 696a 0000 | 8b5b 0849 | ba00 0000 | 1f69 6a00 | 0049 03da | 483b 9890 
  0x000077163cbdc8f4: 0a00 0075 | 0d48 8380 | 980a 0000 | 01e9 6000 | 0000 483b | 98a0 0a00 | 0075 0d48 | 8380 a80a 
  0x000077163cbdc914: 0000 01e9 | 4a00 0000 | 4883 b890 | 0a00 0000 | 7517 4889 | 9890 0a00 | 0048 c780 | 980a 0000 
  0x000077163cbdc934: 0100 0000 | e929 0000 | 0048 83b8 | a00a 0000 | 0075 1748 | 8998 a00a | 0000 48c7 | 80a8 0a00 
  0x000077163cbdc954: 0001 0000 | 00e9 0800 | 0000 4883 | 8080 0a00 | 0001 488b | f748 89bc | 2438 0100 | 000f 1f40 
  0x000077163cbdc974: 0048 b808 | f501 2069 

  0x000077163cbdc97c: ;   {virtual_call}
  0x000077163cbdc97c: 6a00 00e8 

  0x000077163cbdc980: ; ImmutableOopMap {[224]=Oop [232]=Oop [240]=Oop [256]=Oop [280]=Oop [312]=Oop [344]=Oop [360]=Oop [368]=Oop [424]=Oop [432]=Oop [440]=Oop }
                      ;*invokeinterface nextNode {reexecute=0 rethrow=0 return_oop=0}
                      ; - org.apache.xalan.templates.ElemApplyTemplates::transformSelectedNodes@322 (line 280)
  0x000077163cbdc980: 9c9a 8a07 

  0x000077163cbdc984: ;   {other}
  0x000077163cbdc984: 0f1f 8400 | f42e 0012 | 8984 24a4 | 0100 0083 

  0x000077163cbdc994: ;   {metadata(method data for {method} {0x00006a691455b320} 'transformSelectedNodes' '(Lorg/apache/xalan/transformer/TransformerImpl;)V' in 'org/apache/xalan/templates/ElemApplyTemplates')}
  0x000077163cbdc994: f8ff 48ba | 0080 8114 | 696a 0000 | 48c7 c6b8 | 0a00 0074 | 0748 c7c6 | c80a 0000 | 488b 3c32 
  0x000077163cbdc9b4: 488d 7f01 | 4889 3c32 | 0f84 3633 | 0000 488b | bc24 a801 | 0000 483b | 0748 8bd7 

  0x000077163cbdc9d0: ;   {metadata(method data for {method} {0x00006a691455b320} 'transformSelectedNodes' '(Lorg/apache/xalan/transformer/TransformerImpl;)V' in 'org/apache/xalan/templates/ElemApplyTemplates')}
  0x000077163cbdc9d0: 48be 0080 | 8114 696a | 0000 4883 | 86f0 0a00 

  0x000077163cbdc9e0: ;   {metadata(method data for {method} {0x00006a6914648958} 'setTop' '(I)V' in 'org/apache/xml/utils/IntStack')}
  0x000077163cbdc9e0: 0001 48ba | b05a 8014 | 696a 0000 | 8bb2 f400 | 0000 83c6 | 0289 b2f4 | 0000 0081 | e6fe ff1f 
  0x000077163cbdca00: 0085 f60f | 84ce 9300 | 008b 5718 | 8b77 10ff | ce3b 720c | 0f83 e893 | 0000 4863 | f689 44b2 
  0x000077163cbdca20: ;   {metadata(method data for {method} {0x00006a6914648958} 'setTop' '(I)V' in 'org/apache/xml/utils/IntStack')}
  0x000077163cbdca20: 1048 bab0 | 5a80 1469 | 6a00 00ff | 8238 0100 | 0048 8b94 | 24b0 0100 | 0048 3b02 

  0x000077163cbdca3c: ;   {metadata(method data for {method} {0x00006a691455b320} 'transformSelectedNodes' '(Lorg/apache/xalan/transformer/TransformerImpl;)V' in 'org/apache/xalan/templates/ElemApplyTemplates')}
  0x000077163cbdca3c: 488b f248 | bb00 8081 | 1469 6a00 | 0048 8383 | 280b 0000 

  0x000077163cbdca50: ;   {metadata(method data for {method} {0x00006a6914648958} 'setTop' '(I)V' in 'org/apache/xml/utils/IntStack')}
  0x000077163cbdca50: 0148 beb0 | 5a80 1469 | 6a00 008b | 9ef4 0000 | 0083 c302 | 899e f400 | 0000 81e3 | feff 1f00 
  0x000077163cbdca70: 85db 0f84 | 9d93 0000 | 8b72 188b | 5a10 ffcb 

  0x000077163cbdca80: ; implicit exception: dispatches to 0x000077163cbe5e36
  0x000077163cbdca80: 3b5e 0c0f | 83b7 9300 | 0048 63db | 8944 9e10 

  0x000077163cbdca90: ;   {metadata(method data for {method} {0x00006a6914648958} 'setTop' '(I)V' in 'org/apache/xml/utils/IntStack')}
  0x000077163cbdca90: 48be b05a | 8014 696a | 0000 ff86 | 3801 0000 | 488b bc24 | e000 0000 

  0x000077163cbdcaa8: ;   {metadata(method data for {method} {0x00006a691455b320} 'transformSelectedNodes' '(Lorg/apache/xalan/transformer/TransformerImpl;)V' in 'org/apache/xalan/templates/ElemApplyTemplates')}
  0x000077163cbdcaa8: 488b f749 | b800 8081 | 1469 6a00 | 0049 8380 | 600b 0000 

  0x000077163cbdcabc: ;   {metadata(method data for {method} {0x00006a69146a63a8} 'getDTM' '(I)Lorg/apache/xml/dtm/DTM;' in 'org/apache/xpath/XPathContext')}
  0x000077163cbdcabc: 0148 be58 | e77f 1469 | 6a00 0044 | 8b86 f400 | 0000 4183 | c002 4489 | 86f4 0000 | 0041 81e0 
  0x000077163cbdcadc: feff 1f00 | 4585 c00f | 8465 9300 | 008b 7728 

  0x000077163cbdcaec: ; implicit exception: dispatches to 0x000077163cbe5e6f
  0x000077163cbdcaec: 483b 064c 

  0x000077163cbdcaf0: ;   {metadata(method data for {method} {0x00006a69146a63a8} 'getDTM' '(I)Lorg/apache/xml/dtm/DTM;' in 'org/apache/xpath/XPathContext')}
  0x000077163cbdcaf0: 8bc6 49b9 | 58e7 7f14 | 696a 0000 | 458b 4008 | 49ba 0000 | 001f 696a | 0000 4d03 | c24d 3b81 
  0x000077163cbdcb10: 4801 0000 | 750d 4983 | 8150 0100 | 0001 e960 | 0000 004d | 3b81 5801 | 0000 750d | 4983 8160 
  0x000077163cbdcb30: 0100 0001 | e94a 0000 | 0049 83b9 | 4801 0000 | 0075 174d | 8981 4801 | 0000 49c7 | 8150 0100 
  0x000077163cbdcb50: 0001 0000 | 00e9 2900 | 0000 4983 | b958 0100 | 0000 7517 | 4d89 8158 | 0100 0049 | c781 6001 
  0x000077163cbdcb70: 0000 0100 | 0000 e908 | 0000 0049 | 8381 3801 | 0000 0148 | 8bd0 0f1f | 8000 0000 | 0048 b838 
  0x000077163cbdcb90: a60e 2069 

  0x000077163cbdcb94: ;   {virtual_call}
  0x000077163cbdcb94: 6a00 00e8 

  0x000077163cbdcb98: ; ImmutableOopMap {[224]=Oop [232]=Oop [240]=Oop [256]=Oop [280]=Oop [312]=Oop [344]=Oop [360]=Oop [368]=Oop [424]=Oop [432]=Oop [440]=Oop }
                      ;*invokevirtual getDTM {reexecute=0 rethrow=0 return_oop=0}
                      ; - org.apache.xpath.XPathContext::getDTM@5 (line 171)
                      ; - org.apache.xalan.templates.ElemApplyTemplates::transformSelectedNodes@350 (line 285)
  0x000077163cbdcb98: 04c4 8807 

  0x000077163cbdcb9c: ;   {other}
  0x000077163cbdcb9c: 0f1f 8400 | 0c31 0013 | 488b 8c24 | b801 0000 

  0x000077163cbdcbac: ;   {metadata(method data for {method} {0x00006a691455b320} 'transformSelectedNodes' '(Lorg/apache/xalan/transformer/TransformerImpl;)V' in 'org/apache/xalan/templates/ElemApplyTemplates')}
  0x000077163cbdcbac: 483b c148 | ba00 8081 | 1469 6a00 | 0048 c7c6 | 800b 0000 | 7407 48c7 | c690 0b00 | 0048 8b3c 
  0x000077163cbdcbcc: 3248 8d7f | 0148 893c | 320f 841c | 0100 0048 | 898c 24b8 | 0100 0048 | 8bbc 24e0 | 0000 0048 
  0x000077163cbdcbec: ;   {metadata(method data for {method} {0x00006a691455b320} 'transformSelectedNodes' '(Lorg/apache/xalan/transformer/TransformerImpl;)V' in 'org/apache/xalan/templates/ElemApplyTemplates')}
  0x000077163cbdcbec: 8bd7 48be | 0080 8114 | 696a 0000 

  0x000077163cbdcbf8: ;   {metadata('org/apache/xpath/XPathContext')}
  0x000077163cbdcbf8: 49ba 4815 | 0d20 696a | 0000 4c89 | 96b0 0b00 | 0048 8386 | b80b 0000 

  0x000077163cbdcc10: ;   {metadata(method data for {method} {0x00006a69146a63a8} 'getDTM' '(I)Lorg/apache/xml/dtm/DTM;' in 'org/apache/xpath/XPathContext')}
  0x000077163cbdcc10: 0148 ba58 | e77f 1469 | 6a00 008b | b2f4 0000 | 0083 c602 | 89b2 f400 | 0000 81e6 | feff 1f00 
  0x000077163cbdcc30: 85f6 0f84 | 3c92 0000 | 8b77 2848 | 3b06 488b 

  0x000077163cbdcc40: ;   {metadata(method data for {method} {0x00006a69146a63a8} 'getDTM' '(I)Lorg/apache/xml/dtm/DTM;' in 'org/apache/xpath/XPathContext')}
  0x000077163cbdcc40: d648 bb58 | e77f 1469 | 6a00 008b | 5208 49ba | 0000 001f | 696a 0000 | 4903 d248 | 3b93 4801 
  0x000077163cbdcc60: 0000 750d | 4883 8350 | 0100 0001 | e960 0000 | 0048 3b93 | 5801 0000 | 750d 4883 | 8360 0100 
  0x000077163cbdcc80: 0001 e94a | 0000 0048 | 83bb 4801 | 0000 0075 | 1748 8993 | 4801 0000 | 48c7 8350 | 0100 0001 
  0x000077163cbdcca0: 0000 00e9 | 2900 0000 | 4883 bb58 | 0100 0000 | 7517 4889 | 9358 0100 | 0048 c783 | 6001 0000 
  0x000077163cbdccc0: 0100 0000 | e908 0000 | 0048 8383 | 3801 0000 | 018b 9424 | a401 0000 | 0f1f 4400 | 0048 b8ff 
  0x000077163cbdcce0: ffff ffff 

  0x000077163cbdcce4: ;   {virtual_call}
  0x000077163cbdcce4: ffff ffe8 

  0x000077163cbdcce8: ; ImmutableOopMap {[224]=Oop [232]=Oop [240]=Oop [256]=Oop [280]=Oop [312]=Oop [344]=Oop [360]=Oop [368]=Oop [424]=Oop [432]=Oop [440]=Oop }
                      ;*invokevirtual getDTM {reexecute=0 rethrow=0 return_oop=0}
                      ; - org.apache.xpath.XPathContext::getDTM@5 (line 171)
                      ; - org.apache.xalan.templates.ElemApplyTemplates::transformSelectedNodes@361 (line 287)
  0x000077163cbdcce8: 9486 0807 

  0x000077163cbdccec: ;   {other}
  0x000077163cbdccec: 0f1f 8400 | 5c32 0014 | 488b c848 | 85c9 0f84 | 2900 0000 

  0x000077163cbdcd00: ;   {metadata('org/apache/xml/dtm/ref/DTMDefaultBase')}
  0x000077163cbdcd00: 48bb 10a9 | 0e20 696a | 0000 8b79 | 0849 ba00 | 0000 1f69 | 6a00 0049 | 03fa 483b | 5f38 0f85 
  0x000077163cbdcd20: 7691 0000 | e900 0000 | 0048 8bd1 

  0x000077163cbdcd2c: ; implicit exception: dispatches to 0x000077163cbe5e9f
  0x000077163cbdcd2c: 483b 0148 

  0x000077163cbdcd30: ;   {metadata(method data for {method} {0x00006a691455b320} 'transformSelectedNodes' '(Lorg/apache/xalan/transformer/TransformerImpl;)V' in 'org/apache/xalan/templates/ElemApplyTemplates')}
  0x000077163cbdcd30: 8bd1 48be | 0080 8114 | 696a 0000 | 8b52 0849 | ba00 0000 | 1f69 6a00 | 0049 03d2 | 483b 96e8 
  0x000077163cbdcd50: 0b00 0075 | 0d48 8386 | f00b 0000 | 01e9 6000 | 0000 483b | 96f8 0b00 | 0075 0d48 | 8386 000c 
  0x000077163cbdcd70: 0000 01e9 | 4a00 0000 | 4883 bee8 | 0b00 0000 | 7517 4889 | 96e8 0b00 | 0048 c786 | f00b 0000 
  0x000077163cbdcd90: 0100 0000 | e929 0000 | 0048 83be | f80b 0000 | 0075 1748 | 8996 f80b | 0000 48c7 | 8600 0c00 
  0x000077163cbdcdb0: 0001 0000 | 00e9 0800 | 0000 4883 | 86d8 0b00 

  0x000077163cbdcdc0: ;   {metadata(method data for {method} {0x00006a691478a088} 'getExpandedTypeID' '(I)I' in 'org/apache/xml/dtm/ref/DTMDefaultBase')}
  0x000077163cbdcdc0: 0001 48ba | 6837 8014 | 696a 0000 | 8bb2 f400 | 0000 83c6 | 0289 b2f4 | 0000 0081 | e6fe ff1f 
  0x000077163cbdcde0: 0085 f60f | 84bb 9000 | 0048 8bd1 

  0x000077163cbdcdec: ;   {metadata(method data for {method} {0x00006a691478a088} 'getExpandedTypeID' '(I)I' in 'org/apache/xml/dtm/ref/DTMDefaultBase')}
  0x000077163cbdcdec: 48be 6837 | 8014 696a | 0000 4883 | 8638 0100 | 0001 8b94 | 24a4 0100 | 0048 8bf1 | 4889 8c24 
  0x000077163cbdce0c: c001 0000 | 0f1f 8000 

  0x000077163cbdce14: ;   {optimized virtual_call}
  0x000077163cbdce14: 0000 00e8 

  0x000077163cbdce18: ; ImmutableOopMap {[224]=Oop [232]=Oop [240]=Oop [256]=Oop [280]=Oop [312]=Oop [344]=Oop [360]=Oop [368]=Oop [424]=Oop [432]=Oop [448]=Oop }
                      ;*invokevirtual makeNodeIdentity {reexecute=0 rethrow=0 return_oop=0}
                      ; - org.apache.xml.dtm.ref.DTMDefaultBase::getExpandedTypeID@2 (line 1682)
                      ; - org.apache.xalan.templates.ElemApplyTemplates::transformSelectedNodes@370 (line 290)
  0x000077163cbdce18: a405 8807 

  0x000077163cbdce1c: ;   {other}
  0x000077163cbdce1c: 0f1f 8400 | 8c33 0015 

  0x000077163cbdce24: ;   {metadata(method data for {method} {0x00006a691478a088} 'getExpandedTypeID' '(I)I' in 'org/apache/xml/dtm/ref/DTMDefaultBase')}
  0x000077163cbdce24: 83f8 ff48 | ba68 3780 | 1469 6a00 | 0048 c7c6 | 7001 0000 | 7507 48c7 | c680 0100 | 0048 8b3c 
  0x000077163cbdce44: 3248 8d7f | 0148 893c | 320f 850a | 0000 00bf | ffff ffff | e9ba 0000 | 0048 8b8c | 24c0 0100 
  0x000077163cbdce64: ;   {metadata(method data for {method} {0x00006a691478a088} 'getExpandedTypeID' '(I)I' in 'org/apache/xml/dtm/ref/DTMDefaultBase')}
  0x000077163cbdce64: 0048 ba68 | 3780 1469 | 6a00 008b | 4908 49ba | 0000 001f | 696a 0000 | 4903 ca48 | 3b8a a001 
  0x000077163cbdce84: 0000 750d | 4883 82a8 | 0100 0001 | e960 0000 | 0048 3b8a | b001 0000 | 750d 4883 | 82b8 0100 
  0x000077163cbdcea4: 0001 e94a | 0000 0048 | 83ba a001 | 0000 0075 | 1748 898a | a001 0000 | 48c7 82a8 | 0100 0001 
  0x000077163cbdcec4: 0000 00e9 | 2900 0000 | 4883 bab0 | 0100 0000 | 7517 4889 | 8ab0 0100 | 0048 c782 | b801 0000 
  0x000077163cbdcee4: 0100 0000 | e908 0000 | 0048 8382 | 9001 0000 | 0148 8bd0 | 488b b424 | c001 0000 | 0f1f 8000 
  0x000077163cbdcf04: ;   {optimized virtual_call}
  0x000077163cbdcf04: 0000 00e8 

  0x000077163cbdcf08: ; ImmutableOopMap {[224]=Oop [232]=Oop [240]=Oop [256]=Oop [280]=Oop [312]=Oop [344]=Oop [360]=Oop [368]=Oop [424]=Oop [432]=Oop [448]=Oop }
                      ;*invokevirtual _exptype {reexecute=0 rethrow=0 return_oop=0}
                      ; - org.apache.xml.dtm.ref.DTMDefaultBase::getExpandedTypeID@15 (line 1685)
                      ; - org.apache.xalan.templates.ElemApplyTemplates::transformSelectedNodes@370 (line 290)
  0x000077163cbdcf08: b421 8807 

  0x000077163cbdcf0c: ;   {other}
  0x000077163cbdcf0c: 0f1f 8400 | 7c34 0016 | 488b f848 | 8b8c 24c0 | 0100 008b | 8424 a401 | 0000 4885 | c90f 8429 
  0x000077163cbdcf2c: ;   {metadata('org/apache/xml/dtm/ref/DTMDefaultBase')}
  0x000077163cbdcf2c: 0000 0049 | b810 a90e | 2069 6a00 | 008b 5908 | 49ba 0000 | 001f 696a | 0000 4903 | da4c 3b43 
  0x000077163cbdcf4c: 380f 8572 | 8f00 00e9 | 0000 0000 | 488b d148 

  0x000077163cbdcf5c: ;   {metadata(method data for {method} {0x00006a691455b320} 'transformSelectedNodes' '(Lorg/apache/xalan/transformer/TransformerImpl;)V' in 'org/apache/xalan/templates/ElemApplyTemplates')}
  0x000077163cbdcf5c: 8bd1 48be | 0080 8114 | 696a 0000 | 8b52 0849 | ba00 0000 | 1f69 6a00 | 0049 03d2 | 483b 9620 
  0x000077163cbdcf7c: 0c00 0075 | 0d48 8386 | 280c 0000 | 01e9 6000 | 0000 483b | 9630 0c00 | 0075 0d48 | 8386 380c 
  0x000077163cbdcf9c: 0000 01e9 | 4a00 0000 | 4883 be20 | 0c00 0000 | 7517 4889 | 9620 0c00 | 0048 c786 | 280c 0000 
  0x000077163cbdcfbc: 0100 0000 | e929 0000 | 0048 83be | 300c 0000 | 0075 1748 | 8996 300c | 0000 48c7 | 8638 0c00 
  0x000077163cbdcfdc: 0001 0000 | 00e9 0800 | 0000 4883 | 8610 0c00 

  0x000077163cbdcfec: ;   {metadata(method data for {method} {0x00006a691478a820} 'getNodeType' '(I)S' in 'org/apache/xml/dtm/ref/DTMDefaultBase')}
  0x000077163cbdcfec: 0001 48ba | 2035 7e14 | 696a 0000 | 8bb2 f400 | 0000 83c6 | 0289 b2f4 | 0000 0081 | e6fe ff1f 
  0x000077163cbdd00c: 0085 f60f | 84b5 8e00 | 0083 f8ff 

  0x000077163cbdd018: ;   {metadata(method data for {method} {0x00006a691478a820} 'getNodeType' '(I)S' in 'org/apache/xml/dtm/ref/DTMDefaultBase')}
  0x000077163cbdd018: 48ba 2035 | 7e14 696a | 0000 48c7 | c638 0100 | 0075 0748 | c7c6 4801 | 0000 488b | 1c32 488d 
  0x000077163cbdd038: 5b01 4889 | 1c32 0f85 | 1900 0000 | bbff ffff | ff89 bc24 | d001 0000 | 4889 8c24 | c001 0000 
  0x000077163cbdd058: e97e 0100 | 0089 bc24 | d001 0000 | 8b59 5048 

  0x000077163cbdd068: ;   {metadata(method data for {method} {0x00006a691478a820} 'getNodeType' '(I)S' in 'org/apache/xml/dtm/ref/DTMDefaultBase')}
  0x000077163cbdd068: 8bd1 48be | 2035 7e14 | 696a 0000 | 4883 8658 | 0100 0001 | 488b d048 | 8bf1 4889 | 9c24 c801 
  0x000077163cbdd088: 0000 4889 | 8c24 c001 | 0000 0f1f 

  0x000077163cbdd094: ;   {optimized virtual_call}
  0x000077163cbdd094: 4400 00e8 

  0x000077163cbdd098: ; ImmutableOopMap {[224]=Oop [232]=Oop [240]=Oop [256]=Oop [280]=Oop [312]=Oop [344]=Oop [360]=Oop [368]=Oop [424]=Oop [432]=Oop [448]=Oop [456]=Oop }
                      ;*invokevirtual makeNodeIdentity {reexecute=0 rethrow=0 return_oop=0}
                      ; - org.apache.xml.dtm.ref.DTMDefaultBase::getNodeType@14 (line 1838)
                      ; - org.apache.xalan.templates.ElemApplyTemplates::transformSelectedNodes@381 (line 292)
  0x000077163cbdd098: 2403 8807 

  0x000077163cbdd09c: ;   {other}
  0x000077163cbdd09c: 0f1f 8400 | 0c36 0017 | 488b 8c24 | c001 0000 

  0x000077163cbdd0ac: ;   {metadata(method data for {method} {0x00006a691478a820} 'getNodeType' '(I)S' in 'org/apache/xml/dtm/ref/DTMDefaultBase')}
  0x000077163cbdd0ac: 48ba 2035 | 7e14 696a | 0000 8b49 | 0849 ba00 | 0000 1f69 | 6a00 0049 | 03ca 483b | 8aa0 0100 
  0x000077163cbdd0cc: 0075 0d48 | 8382 a801 | 0000 01e9 | 6000 0000 | 483b 8ab0 | 0100 0075 | 0d48 8382 | b801 0000 
  0x000077163cbdd0ec: 01e9 4a00 | 0000 4883 | baa0 0100 | 0000 7517 | 4889 8aa0 | 0100 0048 | c782 a801 | 0000 0100 
  0x000077163cbdd10c: 0000 e929 | 0000 0048 | 83ba b001 | 0000 0075 | 1748 898a | b001 0000 | 48c7 82b8 | 0100 0001 
  0x000077163cbdd12c: 0000 00e9 | 0800 0000 | 4883 8290 | 0100 0001 | 488b d048 | 8bb4 24c0 

  0x000077163cbdd144: ;   {optimized virtual_call}
  0x000077163cbdd144: 0100 00e8 

  0x000077163cbdd148: ; ImmutableOopMap {[224]=Oop [232]=Oop [240]=Oop [256]=Oop [280]=Oop [312]=Oop [344]=Oop [360]=Oop [368]=Oop [424]=Oop [432]=Oop [448]=Oop [456]=Oop }
                      ;*invokevirtual _exptype {reexecute=0 rethrow=0 return_oop=0}
                      ; - org.apache.xml.dtm.ref.DTMDefaultBase::getNodeType@17 (line 1838)
                      ; - org.apache.xalan.templates.ElemApplyTemplates::transformSelectedNodes@381 (line 292)
  0x000077163cbdd148: 741f 8807 

  0x000077163cbdd14c: ;   {other}
  0x000077163cbdd14c: 0f1f 8400 | bc36 0018 | 488b 9c24 | c801 0000 

  0x000077163cbdd15c: ; implicit exception: dispatches to 0x000077163cbe5eeb
  0x000077163cbdd15c: 483b 0348 

  0x000077163cbdd160: ;   {metadata(method data for {method} {0x00006a691478a820} 'getNodeType' '(I)S' in 'org/apache/xml/dtm/ref/DTMDefaultBase')}
  0x000077163cbdd160: 8bd3 48be | 2035 7e14 | 696a 0000 | 4883 86c8 | 0100 0001 

  0x000077163cbdd174: ;   {metadata(method data for {method} {0x00006a6914738668} 'getType' '(I)S' in 'org/apache/xml/dtm/ref/ExpandedNameTable')}
  0x000077163cbdd174: 48ba 78df | 7d14 696a | 0000 8bb2 | f400 0000 | 83c6 0289 | b2f4 0000 | 0081 e6fe | ff1f 0085 
  0x000077163cbdd194: f60f 8455 | 8d00 008b | 5318 3b42 | 0c0f 8374 | 8d00 0048 | 63c0 8b44 | 8210 483b | 0048 8bd0 
  0x000077163cbdd1b4: ;   {metadata(method data for {method} {0x00006a6914738668} 'getType' '(I)S' in 'org/apache/xml/dtm/ref/ExpandedNameTable')}
  0x000077163cbdd1b4: 48be 78df | 7d14 696a | 0000 4883 | 8638 0100 | 0001 8b40 | 0c0f bfc0 | c1e0 10c1 | f810 c1e0 
  0x000077163cbdd1d4: 10c1 f810 | 488b d848 | 8b94 24f0 | 0000 0048 

  0x000077163cbdd1e4: ;   {metadata(method data for {method} {0x00006a691455b320} 'transformSelectedNodes' '(Lorg/apache/xalan/transformer/TransformerImpl;)V' in 'org/apache/xalan/templates/ElemApplyTemplates')}
  0x000077163cbdd1e4: 8bc2 48be | 0080 8114 | 696a 0000 | 4883 8660 | 0c00 0001 

  0x000077163cbdd1f8: ;   {metadata(method data for {method} {0x00006a6914657968} 'getMode' '()Lorg/apache/xml/utils/QName;' in 'org/apache/xalan/transformer/TransformerImpl')}
  0x000077163cbdd1f8: 48b8 e069 | 8014 696a | 0000 8bb0 | f400 0000 | 83c6 0289 | b0f4 0000 | 0081 e6fe | ff1f 0085 
  0x000077163cbdd218: f60f 840f | 8d00 008b | b290 0000 | 0048 3b06 

  0x000077163cbdd228: ;   {metadata(method data for {method} {0x00006a6914657968} 'getMode' '()Lorg/apache/xml/utils/QName;' in 'org/apache/xalan/transformer/TransformerImpl')}
  0x000077163cbdd228: 488b c648 | bfe0 6980 | 1469 6a00 | 008b 4008 | 49ba 0000 | 001f 696a | 0000 4903 | c248 3b87 
  0x000077163cbdd248: 4801 0000 | 750d 4883 | 8750 0100 | 0001 e960 | 0000 0048 | 3b87 5801 | 0000 750d | 4883 8760 
  0x000077163cbdd268: 0100 0001 | e94a 0000 | 0048 83bf | 4801 0000 | 0075 1748 | 8987 4801 | 0000 48c7 | 8750 0100 
  0x000077163cbdd288: 0001 0000 | 00e9 2900 | 0000 4883 | bf58 0100 | 0000 7517 | 4889 8758 | 0100 0048 | c787 6001 
  0x000077163cbdd2a8: 0000 0100 | 0000 e908 | 0000 0048 | 8387 3801 | 0000 0148 | 8dbc 24d8 | 0300 0048 | 8977 0848 
  0x000077163cbdd2c8: 8b06 4883 | c801 4889 | 07f0 480f | b13e 0f84 | 1200 0000 | 482b c448 | 2507 f0ff | ff48 8907 
  0x000077163cbdd2e8: 0f85 668c | 0000 49ff | 8768 0800 

  0x000077163cbdd2f4: ;   {metadata(method data for {method} {0x00006a69140fff10} 'isEmpty' '()Z' in 'java/util/Vector')}
  0x000077163cbdd2f4: 0048 b820 | 061f 1469 | 6a00 008b | b8f4 0000 | 0083 c702 | 89b8 f400 | 0000 81e7 | feff 1f00 
  0x000077163cbdd314: 85ff 0f84 | 4b8c 0000 | 8b46 1085 

  0x000077163cbdd320: ;   {metadata(method data for {method} {0x00006a69140fff10} 'isEmpty' '()Z' in 'java/util/Vector')}
  0x000077163cbdd320: c048 b820 | 061f 1469 | 6a00 0048 | c7c6 3801 | 0000 7507 | 48c7 c648 | 0100 0048 | 8b3c 3048 
  0x000077163cbdd340: 8d7f 0148 | 893c 300f | 851a 0000 

  0x000077163cbdd34c: ;   {metadata(method data for {method} {0x00006a69140fff10} 'isEmpty' '()Z' in 'java/util/Vector')}
  0x000077163cbdd34c: 0048 b820 | 061f 1469 | 6a00 00ff | 8058 0100 | 00b8 0100 | 0000 e905 | 0000 00b8 | 0000 0000 
  0x000077163cbdd36c: 488b f083 | e601 488d | 8424 d803 | 0000 488b | 3848 85ff | 0f84 0f00 | 0000 488b | 4808 f048 
  0x000077163cbdd38c: 0fb1 390f | 85f3 8b00 | 0049 ff8f | 6808 0000 

  0x000077163cbdd39c: ;   {metadata(method data for {method} {0x00006a6914657968} 'getMode' '()Lorg/apache/xml/utils/QName;' in 'org/apache/xalan/transformer/TransformerImpl')}
  0x000077163cbdd39c: 85f6 48b8 | e069 8014 | 696a 0000 | 48c7 c670 | 0100 0074 | 0748 c7c6 | 8001 0000 | 488b 3c30 
  0x000077163cbdd3bc: 488d 7f01 | 4889 3c30 | 0f84 2600 

  0x000077163cbdd3c8: ;   {metadata(method data for {method} {0x00006a6914657968} 'getMode' '()Lorg/apache/xml/utils/QName;' in 'org/apache/xalan/transformer/TransformerImpl')}
  0x000077163cbdd3c8: 0000 48b8 | e069 8014 | 696a 0000 | ff80 9001 

  0x000077163cbdd3d8: ;   {oop(nullptr)}
  0x000077163cbdd3d8: 0000 48be | 0000 0000 | 0000 0000 | 899c 24d4 | 0100 00e9 | 6d03 0000 | 8bb2 9000 | 0000 483b 
  0x000077163cbdd3f8: 0648 8bc6 

  0x000077163cbdd3fc: ;   {metadata(method data for {method} {0x00006a6914657968} 'getMode' '()Lorg/apache/xml/utils/QName;' in 'org/apache/xalan/transformer/TransformerImpl')}
  0x000077163cbdd3fc: 48bf e069 | 8014 696a | 0000 4883 | 87c0 0100 | 0001 488d | bc24 d803 | 0000 4889 | 7708 488b 
  0x000077163cbdd41c: 0648 83c8 | 0148 8907 | f048 0fb1 | 3e0f 8412 | 0000 0048 | 2bc4 4825 | 07f0 ffff | 4889 070f 
  0x000077163cbdd43c: 8562 8b00 | 0049 ff87 | 6808 0000 

  0x000077163cbdd448: ;   {metadata(method data for {method} {0x00006a69141ac310} 'peek' '()Ljava/lang/Object;' in 'java/util/Stack')}
  0x000077163cbdd448: 48b8 80c3 | 1e14 696a | 0000 8bb8 | f400 0000 | 83c7 0289 | b8f4 0000 | 0081 e7fe | ff1f 0085 
  0x000077163cbdd468: ff0f 8447 | 8b00 0048 

  0x000077163cbdd470: ;   {metadata(method data for {method} {0x00006a69141ac310} 'peek' '()Ljava/lang/Object;' in 'java/util/Stack')}
  0x000077163cbdd470: 8bc6 48bf | 80c3 1e14 | 696a 0000 | 8b40 0849 | ba00 0000 | 1f69 6a00 | 0049 03c2 | 483b 8748 
  0x000077163cbdd490: 0100 0075 | 0d48 8387 | 5001 0000 | 01e9 6000 | 0000 483b | 8758 0100 | 0075 0d48 | 8387 6001 
  0x000077163cbdd4b0: 0000 01e9 | 4a00 0000 | 4883 bf48 | 0100 0000 | 7517 4889 | 8748 0100 | 0048 c787 | 5001 0000 
  0x000077163cbdd4d0: 0100 0000 | e929 0000 | 0048 83bf | 5801 0000 | 0075 1748 | 8987 5801 | 0000 48c7 | 8760 0100 
  0x000077163cbdd4f0: 0001 0000 | 00e9 0800 | 0000 4883 | 8738 0100 | 0001 488d | bc24 e803 | 0000 4889 | 7708 488b 
  0x000077163cbdd510: 0648 83c8 | 0148 8907 | f048 0fb1 | 3e0f 8412 | 0000 0048 | 2bc4 4825 | 07f0 ffff | 4889 070f 
  0x000077163cbdd530: 85a2 8a00 | 0049 ff87 | 6808 0000 | 8b7e 1048 | 8d84 24e8 | 0300 0048 | 8b08 4885 | c90f 840f 
  0x000077163cbdd550: 0000 004c | 8b40 08f0 | 490f b108 | 0f85 888a | 0000 49ff | 8f68 0800 

  0x000077163cbdd568: ;   {metadata(method data for {method} {0x00006a69141ac310} 'peek' '()Ljava/lang/Object;' in 'java/util/Stack')}
  0x000077163cbdd568: 0085 ff48 | b880 c31e | 1469 6a00 | 0048 c7c1 | 8001 0000 | 7407 48c7 | c170 0100 | 004c 8b04 
  0x000077163cbdd588: 084d 8d40 | 014c 8904 | 0889 9c24 | d401 0000 | 0f84 db5a | 0000 488b 

  0x000077163cbdd5a0: ;   {metadata(method data for {method} {0x00006a69141ac310} 'peek' '()Ljava/lang/Object;' in 'java/util/Stack')}
  0x000077163cbdd5a0: c648 b980 | c31e 1469 | 6a00 008b | 4008 49ba | 0000 001f | 696a 0000 | 4903 c248 | 3b81 b001 
  0x000077163cbdd5c0: 0000 750d | 4883 81b8 | 0100 0001 | e960 0000 | 0048 3b81 | c001 0000 | 750d 4883 | 81c8 0100 
  0x000077163cbdd5e0: 0001 e94a | 0000 0048 | 83b9 b001 | 0000 0075 | 1748 8981 | b001 0000 | 48c7 81b8 | 0100 0001 
  0x000077163cbdd600: 0000 00e9 | 2900 0000 | 4883 b9c0 | 0100 0000 | 7517 4889 | 81c0 0100 | 0048 c781 | c801 0000 
  0x000077163cbdd620: 0100 0000 | e908 0000 | 0048 8381 | a001 0000 | 01ff cf48 

  0x000077163cbdd634: ;   {optimized virtual_call}
  0x000077163cbdd634: 8bd7 90e8 

  0x000077163cbdd638: ; ImmutableOopMap {[224]=Oop [232]=Oop [240]=Oop [256]=Oop [280]=Oop [312]=Oop [344]=Oop [360]=Oop [368]=Oop [424]=Oop [432]=Oop [448]=Oop [992]=Oop }
                      ;*invokevirtual elementAt {reexecute=0 rethrow=0 return_oop=0}
                      ; - java.util.Stack::peek@21 (line 104)
                      ; - org.apache.xalan.transformer.TransformerImpl::getMode@18 (line 3195)
                      ; - org.apache.xalan.templates.ElemApplyTemplates::transformSelectedNodes@389 (line 294)
  0x000077163cbdd638: 0426 8507 

  0x000077163cbdd63c: ;   {other}
  0x000077163cbdd63c: 0f1f 8400 | ac3b 0019 | 488b d048 | 8d84 24d8 | 0300 0048 | 8b08 4885 | c90f 840f | 0000 004c 
  0x000077163cbdd65c: 8b40 08f0 | 490f b108 | 0f85 9689 | 0000 49ff | 8f68 0800 | 0048 85d2 

  0x000077163cbdd674: ;   {metadata(method data for {method} {0x00006a6914657968} 'getMode' '()Lorg/apache/xml/utils/QName;' in 'org/apache/xalan/transformer/TransformerImpl')}
  0x000077163cbdd674: 7517 49b8 | e069 8014 | 696a 0000 | 4180 88d9 | 0100 0001 | e9cd 0000 

  0x000077163cbdd68c: ;   {metadata('org/apache/xml/utils/QName')}
  0x000077163cbdd68c: 0049 b9a8 | f502 2069 | 6a00 008b | 4a08 49ba | 0000 001f | 696a 0000 | 4903 ca4c | 3bc9 0f85 
  0x000077163cbdd6ac: 8e00 0000 

  0x000077163cbdd6b0: ;   {metadata(method data for {method} {0x00006a6914657968} 'getMode' '()Lorg/apache/xml/utils/QName;' in 'org/apache/xalan/transformer/TransformerImpl')}
  0x000077163cbdd6b0: 49b8 e069 | 8014 696a | 0000 448b | 4a08 49ba | 0000 001f | 696a 0000 | 4d03 ca4d | 3b88 f001 
  0x000077163cbdd6d0: 0000 750d | 4983 80f8 | 0100 0001 | e979 0000 | 004d 3b88 | 0002 0000 | 750d 4983 | 8008 0200 
  0x000077163cbdd6f0: 0001 e963 | 0000 0049 | 83b8 f001 | 0000 0075 | 174d 8988 | f001 0000 | 49c7 80f8 | 0100 0001 
  0x000077163cbdd710: 0000 00e9 | 4200 0000 | 4983 b800 | 0200 0000 | 7517 4d89 | 8800 0200 | 0049 c780 | 0802 0000 
  0x000077163cbdd730: 0100 0000 | e921 0000 | 00e9 1c00 

  0x000077163cbdd73c: ;   {metadata(method data for {method} {0x00006a6914657968} 'getMode' '()Lorg/apache/xml/utils/QName;' in 'org/apache/xalan/transformer/TransformerImpl')}
  0x000077163cbdd73c: 0000 49b8 | e069 8014 | 696a 0000 | 4983 a8e0 | 0100 0001 | e9c1 8800 | 00e9 0000 | 0000 488b 
  0x000077163cbdd75c: f248 8b8c | 24c0 0100 | 008b 9c24 | 6001 0000 | 4c8b 8424 | 5801 0000 

  0x000077163cbdd774: ; implicit exception: dispatches to 0x000077163cbe601f
  0x000077163cbdd774: 493b 0049 

  0x000077163cbdd778: ;   {metadata(method data for {method} {0x00006a691455b320} 'transformSelectedNodes' '(Lorg/apache/xalan/transformer/TransformerImpl;)V' in 'org/apache/xalan/templates/ElemApplyTemplates')}
  0x000077163cbdd778: 8bd0 49b9 | 0080 8114 | 696a 0000 | 4983 8198 | 0c00 0001 | 488b 9424 | e000 0000 | 488b c18b 
  0x000077163cbdd798: 8c24 a401 | 0000 4d8b | d844 8b84 | 24d0 0100 | 004c 8bce | bfff ffff | ff89 1c24 | 4889 4424 
  0x000077163cbdd7b8: 0849 8bf3 | 4889 8424 | c001 0000 

  0x000077163cbdd7c4: ;   {optimized virtual_call}
  0x000077163cbdd7c4: 6666 90e8 

  0x000077163cbdd7c8: ; ImmutableOopMap {[224]=Oop [232]=Oop [240]=Oop [256]=Oop [280]=Oop [312]=Oop [344]=Oop [360]=Oop [368]=Oop [424]=Oop [432]=Oop [448]=Oop }
                      ;*invokevirtual getTemplateFast {reexecute=0 rethrow=0 return_oop=0}
                      ; - org.apache.xalan.templates.ElemApplyTemplates::transformSelectedNodes@408 (line 296)
  0x000077163cbdd7c8: d423 8c07 

  0x000077163cbdd7cc: ;   {other}
  0x000077163cbdd7cc: 0f1f 8400 | 3c3d 001a | 4889 8424 | f001 0000 

  0x000077163cbdd7dc: ;   {metadata(method data for {method} {0x00006a691455b320} 'transformSelectedNodes' '(Lorg/apache/xalan/transformer/TransformerImpl;)V' in 'org/apache/xalan/templates/ElemApplyTemplates')}
  0x000077163cbdd7dc: 4885 c048 | ba00 8081 | 1469 6a00 | 0048 c7c6 | b80c 0000 | 7507 48c7 | c6c8 0c00 | 0048 8b3c 
  0x000077163cbdd7fc: 3248 8d7f | 0148 893c | 320f 85ec | 0700 008b | 9c24 d401 

  0x000077163cbdd810: ;   {metadata(method data for {method} {0x00006a691455b320} 'transformSelectedNodes' '(Lorg/apache/xalan/transformer/TransformerImpl;)V' in 'org/apache/xalan/templates/ElemApplyTemplates')}
  0x000077163cbdd810: 0000 48ba | 0080 8114 | 696a 0000 | 48c7 c6e0 | 0c00 0083 | fb01 488b | fe48 c7c6 | f00c 0000 
  0x000077163cbdd830: 480f 45f7 | 83fb 0248 | 8bfe 48c7 | c600 0d00 | 0048 0f45 | f783 fb03 | 488b fe48 | c7c6 100d 
  0x000077163cbdd850: 0000 480f | 45f7 83fb | 0448 8bfe | 48c7 c620 | 0d00 0048 | 0f45 f783 | fb05 488b | fe48 c7c6 
  0x000077163cbdd870: 300d 0000 | 480f 45f7 | 83fb 0648 | 8bfe 48c7 | c640 0d00 | 0048 0f45 | f783 fb07 | 488b fe48 
  0x000077163cbdd890: c7c6 500d | 0000 480f | 45f7 83fb | 0848 8bfe | 48c7 c660 | 0d00 0048 | 0f45 f783 | fb09 488b 
  0x000077163cbdd8b0: fe48 c7c6 | 700d 0000 | 480f 45f7 | 83fb 0a48 | 8bfe 48c7 | c680 0d00 | 0048 0f45 | f783 fb0b 
  0x000077163cbdd8d0: 488b fe48 | c7c6 900d | 0000 480f | 45f7 488b | 3c32 49c7 | c201 0000 | 0049 03fa | 4889 3c32 
  0x000077163cbdd8f0: 83fb 010f | 8424 0000 | 0083 fb02 | 0f8c 0900 | 0000 83fb | 040f 8e27 | 0000 0083 | fb09 0f84 
  0x000077163cbdd910: ;   {no_reloc}
  0x000077163cbdd910: a306 0000 | 83fb 0b0f | 857d 2300 | 0048 8b84 | 2468 0100 | 0048 8b94 | 24f0 0000 | 00e9 5506 
  0x000077163cbdd930: 0000 488b | 8424 6801 | 0000 488b | 9424 f000 | 0000 488b 

  0x000077163cbdd944: ;   {metadata(method data for {method} {0x00006a691455b320} 'transformSelectedNodes' '(Lorg/apache/xalan/transformer/TransformerImpl;)V' in 'org/apache/xalan/templates/ElemApplyTemplates')}
  0x000077163cbdd944: f048 bb00 | 8081 1469 | 6a00 0048 | 8383 f80d | 0000 018b | 98e8 0000 | 0048 8bf2 

  0x000077163cbdd960: ;   {metadata(method data for {method} {0x00006a691455b320} 'transformSelectedNodes' '(Lorg/apache/xalan/transformer/TransformerImpl;)V' in 'org/apache/xalan/templates/ElemApplyTemplates')}
  0x000077163cbdd960: 48b9 0080 | 8114 696a | 0000 4883 | 8148 0e00 

  0x000077163cbdd970: ;   {metadata(method data for {method} {0x00006a6914656158} 'pushPairCurrentMatched' '(Lorg/apache/xalan/templates/ElemTemplateElement;I)V' in 'org/apache/xalan/transformer/TransformerImpl')}
  0x000077163cbdd970: 0001 48be | 80b8 8014 | 696a 0000 | 8b8e f400 | 0000 83c1 | 0289 8ef4 | 0000 0081 | e1fe ff1f 
  0x000077163cbdd990: 0085 c90f | 848b 8600 | 008b 4a50 

  0x000077163cbdd99c: ; implicit exception: dispatches to 0x000077163cbe6045
  0x000077163cbdd99c: 483b 0148 

  0x000077163cbdd9a0: ;   {metadata(method data for {method} {0x00006a6914656158} 'pushPairCurrentMatched' '(Lorg/apache/xalan/templates/ElemTemplateElement;I)V' in 'org/apache/xalan/transformer/TransformerImpl')}
  0x000077163cbdd9a0: 8bf1 49b8 | 80b8 8014 | 696a 0000 | 4983 8050 | 0100 0001 

  0x000077163cbdd9b4: ;   {metadata(method data for {method} {0x00006a69141ac168} 'push' '(Ljava/lang/Object;)Ljava/lang/Object;' in 'java/util/Stack')}
  0x000077163cbdd9b4: 48be c8d7 | 1e14 696a | 0000 448b | 86f4 0000 | 0041 83c0 | 0244 8986 | f400 0000 | 4181 e0fe 
  0x000077163cbdd9d4: ff1f 0045 | 85c0 0f84 | 6a86 0000 

  0x000077163cbdd9e0: ;   {metadata(method data for {method} {0x00006a69141ac168} 'push' '(Ljava/lang/Object;)Ljava/lang/Object;' in 'java/util/Stack')}
  0x000077163cbdd9e0: 488b f149 | b8c8 d71e | 1469 6a00 | 008b 7608 | 49ba 0000 | 001f 696a | 0000 4903 | f249 3bb0 
  0x000077163cbdda00: 4801 0000 | 750d 4983 | 8050 0100 | 0001 e960 | 0000 0049 | 3bb0 5801 | 0000 750d | 4983 8060 
  0x000077163cbdda20: 0100 0001 | e94a 0000 | 0049 83b8 | 4801 0000 | 0075 1749 | 89b0 4801 | 0000 49c7 | 8050 0100 
  0x000077163cbdda40: 0001 0000 | 00e9 2900 | 0000 4983 | b858 0100 | 0000 7517 | 4989 b058 | 0100 0049 | c780 6001 
  0x000077163cbdda60: 0000 0100 | 0000 e908 | 0000 0049 | 8380 3801 | 0000 0148 | 8db4 24d8 | 0300 0048 | 894e 0848 
  0x000077163cbdda80: 8b01 4883 | c801 4889 | 06f0 480f | b131 0f84 | 1200 0000 | 482b c448 | 2507 f0ff | ff48 8906 
  0x000077163cbddaa0: 0f85 c585 | 0000 49ff | 8768 0800 

  0x000077163cbddaac: ;   {metadata(method data for {method} {0x00006a6914100bf8} 'addElement' '(Ljava/lang/Object;)V' in 'java/util/Vector')}
  0x000077163cbddaac: 0048 be10 | d61e 1469 | 6a00 008b | 86f4 0000 | 0083 c002 | 8986 f400 | 0000 25fe | ff1f 0085 
  0x000077163cbddacc: c00f 84ab | 8500 008b | 710c ffc6 | 8971 0c8b | 7118 8b41 | 104c 8bc9 

  0x000077163cbddae4: ;   {metadata(method data for {method} {0x00006a6914100bf8} 'addElement' '(Ljava/lang/Object;)V' in 'java/util/Vector')}
  0x000077163cbddae4: 49bb 10d6 | 1e14 696a | 0000 4983 | 8338 0100 

  0x000077163cbddaf4: ;   {metadata(method data for {method} {0x00006a69141014f0} 'add' '(Ljava/lang/Object;[Ljava/lang/Object;I)V' in 'java/util/Vector')}
  0x000077163cbddaf4: 0001 49b9 | 68d0 1e14 | 696a 0000 | 458b 99f4 | 0000 0041 | 83c3 0245 | 8999 f400 | 0000 4181 
  0x000077163cbddb14: e3fe ff1f | 0045 85db | 0f84 7d85 | 0000 448b | 4e0c 413b 

  0x000077163cbddb28: ;   {metadata(method data for {method} {0x00006a69141014f0} 'add' '(Ljava/lang/Object;[Ljava/lang/Object;I)V' in 'java/util/Vector')}
  0x000077163cbddb28: c149 b968 | d01e 1469 | 6a00 0049 | c7c3 3801 | 0000 7507 | 49c7 c348 | 0100 004f | 8b2c 194d 
  0x000077163cbddb48: 8d6d 014f | 892c 190f | 85a1 0000 | 0048 899c | 24e0 0100 | 0048 8bf1 

  0x000077163cbddb60: ;   {metadata(method data for {method} {0x00006a69141014f0} 'add' '(Ljava/lang/Object;[Ljava/lang/Object;I)V' in 'java/util/Vector')}
  0x000077163cbddb60: 49b9 68d0 | 1e14 696a | 0000 4983 | 8158 0100 

  0x000077163cbddb70: ;   {metadata(method data for {method} {0x00006a69140ffbd0} 'grow' '()[Ljava/lang/Object;' in 'java/util/Vector')}
  0x000077163cbddb70: 0001 48be | 88d2 1e14 | 696a 0000 | 448b 8ef4 | 0000 0041 | 83c1 0244 | 898e f400 | 0000 4181 
  0x000077163cbddb90: e1fe ff1f | 0045 85c9 | 0f84 2785 | 0000 488b 

  0x000077163cbddba0: ;   {metadata(method data for {method} {0x00006a69140ffbd0} 'grow' '()[Ljava/lang/Object;' in 'java/util/Vector')}
  0x000077163cbddba0: f149 b988 | d21e 1469 | 6a00 0049 | 8381 3801 | 0000 0148 | 8bf0 ffc6 | 488b d648 | 8bf1 4889 
  0x000077163cbddbc0: 8c24 e801 | 0000 8984 | 24d8 0100 

  0x000077163cbddbcc: ;   {optimized virtual_call}
  0x000077163cbddbcc: 0066 90e8 

  0x000077163cbddbd0: ; ImmutableOopMap {[224]=Oop [232]=Oop [240]=Oop [256]=Oop [280]=Oop [312]=Oop [344]=Oop [360]=Oop [368]=Oop [424]=Oop [432]=Oop [448]=Oop [480]=Oop [488]=Oop [496]=Oop [992]=Oop }
                      ;*invokevirtual grow {reexecute=0 rethrow=0 return_oop=0}
                      ; - java.util.Vector::grow@7 (line 266)
                      ; - java.util.Vector::add@7 (line 782)
                      ; - java.util.Vector::addElement@20 (line 617)
                      ; - java.util.Stack::push@2 (line 68)
                      ; - org.apache.xalan.transformer.TransformerImpl::pushPairCurrentMatched@5 (line 2729)
                      ; - org.apache.xalan.templates.ElemApplyTemplates::transformSelectedNodes@498 (line 315)
  0x000077163cbddbd0: ac77 1e00 

  0x000077163cbddbd4: ;   {other}
  0x000077163cbddbd4: 0f1f 8400 | 4441 001b | 488b f08b | 8424 d801 | 0000 488b | 8c24 e801 | 0000 488b | 9c24 e001 
  0x000077163cbddbf4: 0000 3b46 | 0c0f 83f1 | 8400 0048 | 85db 7516 

  0x000077163cbddc04: ;   {metadata(method data for {method} {0x00006a69141014f0} 'add' '(Ljava/lang/Object;[Ljava/lang/Object;I)V' in 'java/util/Vector')}
  0x000077163cbddc04: 48bf 68d0 | 1e14 696a | 0000 808f | 8901 0000 | 01e9 fa00 | 0000 8b56 | 0849 ba00 | 0000 1f69 
  0x000077163cbddc24: 6a00 0049 | 03d2 8b7b | 0849 ba00 | 0000 1f69 | 6a00 0049 | 03fa 488b | 92e0 0000 | 0048 3bfa 
  0x000077163cbddc44: 0f84 2900 | 0000 448b | 4214 4a3b | 1407 0f84 | 1b00 0000 | 4183 f820 | 0f85 9b00 | 0000 5752 
  0x000077163cbddc64: ;   {runtime_call slow_subtype_check Runtime1 stub}
  0x000077163cbddc64: e817 7113 | 075f 5a85 | d20f 848a 

  0x000077163cbddc70: ;   {metadata(method data for {method} {0x00006a69141014f0} 'add' '(Ljava/lang/Object;[Ljava/lang/Object;I)V' in 'java/util/Vector')}
  0x000077163cbddc70: 0000 0048 | bf68 d01e | 1469 6a00 | 008b 5308 | 49ba 0000 | 001f 696a | 0000 4903 | d248 3b97 
  0x000077163cbddc90: a001 0000 | 750d 4883 | 87a8 0100 | 0001 e971 | 0000 0048 | 3b97 b001 | 0000 750d | 4883 87b8 
  0x000077163cbddcb0: 0100 0001 | e95b 0000 | 0048 83bf | a001 0000 | 0075 1748 | 8997 a001 | 0000 48c7 | 87a8 0100 
  0x000077163cbddcd0: 0001 0000 | 00e9 3a00 | 0000 4883 | bfb0 0100 | 0000 7517 | 4889 97b0 | 0100 0048 | c787 b801 
  0x000077163cbddcf0: 0000 0100 | 0000 e919 | 0000 00eb 

  0x000077163cbddcfc: ;   {metadata(method data for {method} {0x00006a69141014f0} 'add' '(Ljava/lang/Object;[Ljava/lang/Object;I)V' in 'java/util/Vector')}
  0x000077163cbddcfc: 1748 bf68 | d01e 1469 | 6a00 0048 | 83af 9001 | 0000 01e9 | ef83 0000 | 4863 d04c | 8bd3 4489 
  0x000077163cbddd1c: 5496 10ff | c089 4110 | 488d 8424 | d803 0000 | 488b 1048 | 85d2 0f84 | 0f00 0000 | 488b 7008 
  0x000077163cbddd3c: f048 0fb1 | 160f 85c5 | 8300 0049 | ff8f 6808 | 0000 488b | 9424 f000 | 0000 8b72 | 5448 3b06 
  0x000077163cbddd5c: ;   {metadata(method data for {method} {0x00006a6914656158} 'pushPairCurrentMatched' '(Lorg/apache/xalan/templates/ElemTemplateElement;I)V' in 'org/apache/xalan/transformer/TransformerImpl')}
  0x000077163cbddd5c: 488b fe48 | bb80 b880 | 1469 6a00 | 0048 8383 | 7001 0000 | 018b 9424 | a401 0000 | 0f1f 8000 
  0x000077163cbddd7c: ;   {optimized virtual_call}
  0x000077163cbddd7c: 0000 00e8 

  0x000077163cbddd80: ; ImmutableOopMap {[224]=Oop [232]=Oop [240]=Oop [256]=Oop [280]=Oop [312]=Oop [344]=Oop [360]=Oop [368]=Oop [424]=Oop [432]=Oop [448]=Oop [496]=Oop }
                      ;*invokevirtual push {reexecute=0 rethrow=0 return_oop=0}
                      ; - org.apache.xalan.transformer.TransformerImpl::pushPairCurrentMatched@14 (line 2730)
                      ; - org.apache.xalan.templates.ElemApplyTemplates::transformSelectedNodes@498 (line 315)
  0x000077163cbddd80: 5c8c 8b07 

  0x000077163cbddd84: ;   {other}
  0x000077163cbddd84: 0f1f 8400 | f442 001c | 488b 8424 | 6801 0000 | 488b 9424 | f000 0000 

  0x000077163cbddd9c: ;   {metadata(method data for {method} {0x00006a691455b320} 'transformSelectedNodes' '(Lorg/apache/xalan/transformer/TransformerImpl;)V' in 'org/apache/xalan/templates/ElemApplyTemplates')}
  0x000077163cbddd9c: 488b f048 | bf00 8081 | 1469 6a00 | 0048 8387 | 680e 0000 | 018b b0e8 | 0000 0048 

  0x000077163cbdddb8: ;   {metadata(method data for {method} {0x00006a691455b320} 'transformSelectedNodes' '(Lorg/apache/xalan/transformer/TransformerImpl;)V' in 'org/apache/xalan/templates/ElemApplyTemplates')}
  0x000077163cbdddb8: 8bfa 48bb | 0080 8114 | 696a 0000 | 4883 83b8 | 0e00 0001 

  0x000077163cbdddcc: ;   {metadata(method data for {method} {0x00006a6914655d20} 'setCurrentElement' '(Lorg/apache/xalan/templates/ElemTemplateElement;)V' in 'org/apache/xalan/transformer/TransformerImpl')}
  0x000077163cbdddcc: 48bf 10cd | 8014 696a | 0000 8b9f | f400 0000 | 83c3 0289 | 9ff4 0000 | 0081 e3fe | ff1f 0085 
  0x000077163cbdddec: db0f 8434 | 8300 008b | 7a4c 483b | 0748 8bdf 

  0x000077163cbdddfc: ;   {metadata(method data for {method} {0x00006a6914655d20} 'setCurrentElement' '(Lorg/apache/xalan/templates/ElemTemplateElement;)V' in 'org/apache/xalan/transformer/TransformerImpl')}
  0x000077163cbdddfc: 48b9 10cd | 8014 696a | 0000 4883 | 8150 0100 

  0x000077163cbdde0c: ;   {metadata(method data for {method} {0x00006a691476b150} 'setTop' '(Ljava/lang/Object;)V' in 'org/apache/xml/utils/ObjectStack')}
  0x000077163cbdde0c: 0001 48bb | 788b 7e14 | 696a 0000 | 8b8b f400 | 0000 83c1 | 0289 8bf4 | 0000 0081 | e1fe ff1f 
  0x000077163cbdde2c: 0085 c90f | 8418 8300 | 008b 5f18 | 8b7f 10ff | cf3b 7b0c | 0f83 3283 | 0000 4885 

  0x000077163cbdde48: ;   {metadata(method data for {method} {0x00006a691476b150} 'setTop' '(Ljava/lang/Object;)V' in 'org/apache/xml/utils/ObjectStack')}
  0x000077163cbdde48: f675 1749 | b878 8b7e | 1469 6a00 | 0041 8088 | 3101 0000 | 01e9 fd00 | 0000 8b4b | 0849 ba00 
  0x000077163cbdde68: 0000 1f69 | 6a00 0049 | 03ca 448b | 4608 49ba | 0000 001f | 696a 0000 | 4d03 c248 | 8b89 e000 
  0x000077163cbdde88: 0000 4c3b | c10f 842b | 0000 0044 | 8b49 144b | 3b0c 080f | 841d 0000 | 0041 83f9 | 200f 859d 
  0x000077163cbddea8: 0000 0041 

  0x000077163cbddeac: ;   {runtime_call slow_subtype_check Runtime1 stub}
  0x000077163cbddeac: 5051 e8cd | 6e13 0741 | 5859 85c9 | 0f84 8a00 

  0x000077163cbddebc: ;   {metadata(method data for {method} {0x00006a691476b150} 'setTop' '(Ljava/lang/Object;)V' in 'org/apache/xml/utils/ObjectStack')}
  0x000077163cbddebc: 0000 49b8 | 788b 7e14 | 696a 0000 | 8b4e 0849 | ba00 0000 | 1f69 6a00 | 0049 03ca | 493b 8848 
  0x000077163cbddedc: 0100 0075 | 0d49 8380 | 5001 0000 | 01e9 7100 | 0000 493b | 8858 0100 | 0075 0d49 | 8380 6001 
  0x000077163cbddefc: 0000 01e9 | 5b00 0000 | 4983 b848 | 0100 0000 | 7517 4989 | 8848 0100 | 0049 c780 | 5001 0000 
  0x000077163cbddf1c: 0100 0000 | e93a 0000 | 0049 83b8 | 5801 0000 | 0075 1749 | 8988 5801 | 0000 49c7 | 8060 0100 
  0x000077163cbddf3c: 0001 0000 | 00e9 1900 | 0000 eb17 

  0x000077163cbddf48: ;   {metadata(method data for {method} {0x00006a691476b150} 'setTop' '(Ljava/lang/Object;)V' in 'org/apache/xml/utils/ObjectStack')}
  0x000077163cbddf48: 49b8 788b | 7e14 696a | 0000 4983 | a838 0100 | 0001 e92c | 8200 0048 | 63ff 4c8b | d644 8954 
  0x000077163cbddf68: ;   {metadata(method data for {method} {0x00006a691476b150} 'setTop' '(Ljava/lang/Object;)V' in 'org/apache/xml/utils/ObjectStack')}
  0x000077163cbddf68: bb10 48be | 788b 7e14 | 696a 0000 | ff86 7001 | 0000 488b | 8c24 c001 | 0000 e913 | 1b00 0048 
  0x000077163cbddf88: ;   {metadata(method data for {method} {0x00006a691455b320} 'transformSelectedNodes' '(Lorg/apache/xalan/transformer/TransformerImpl;)V' in 'org/apache/xalan/templates/ElemApplyTemplates')}
  0x000077163cbddf88: 8bf0 48bf | 0080 8114 | 696a 0000 | 4883 87a8 | 0d00 0001 | 8bb0 ec00 

  0x000077163cbddfa0: ;   {metadata(method data for {method} {0x00006a691455b320} 'transformSelectedNodes' '(Lorg/apache/xalan/transformer/TransformerImpl;)V' in 'org/apache/xalan/templates/ElemApplyTemplates')}
  0x000077163cbddfa0: 0000 48bf | 0080 8114 | 696a 0000 | ff87 e00d | 0000 e919 | 0200 0048 | 8b84 2468 | 0100 0048 
  0x000077163cbddfc0: 8b94 24f0 | 0000 0048 

  0x000077163cbddfc8: ;   {metadata(method data for {method} {0x00006a691455b320} 'transformSelectedNodes' '(Lorg/apache/xalan/transformer/TransformerImpl;)V' in 'org/apache/xalan/templates/ElemApplyTemplates')}
  0x000077163cbddfc8: 8bf0 48bf | 0080 8114 | 696a 0000 | 4883 8760 | 0f00 0001 | 8bb0 f000 

  0x000077163cbddfe0: ;   {metadata(method data for {method} {0x00006a691455b320} 'transformSelectedNodes' '(Lorg/apache/xalan/transformer/TransformerImpl;)V' in 'org/apache/xalan/templates/ElemApplyTemplates')}
  0x000077163cbddfe0: 0000 48bf | 0080 8114 | 696a 0000 | ff87 980f | 0000 e9d9 | 0100 0048 | 8bf8 488b | 8424 6801 
  0x000077163cbde000: 0000 488b | 9424 f000 | 0000 488b 

  0x000077163cbde00c: ;   {metadata(method data for {method} {0x00006a691455b320} 'transformSelectedNodes' '(Lorg/apache/xalan/transformer/TransformerImpl;)V' in 'org/apache/xalan/templates/ElemApplyTemplates')}
  0x000077163cbde00c: f248 bb00 | 8081 1469 | 6a00 0048 | 8383 e00f 

  0x000077163cbde01c: ;   {metadata(method data for {method} {0x00006a6914655d20} 'setCurrentElement' '(Lorg/apache/xalan/templates/ElemTemplateElement;)V' in 'org/apache/xalan/transformer/TransformerImpl')}
  0x000077163cbde01c: 0000 0148 | be10 cd80 | 1469 6a00 | 008b 9ef4 | 0000 0083 | c302 899e | f400 0000 | 81e3 feff 
  0x000077163cbde03c: 1f00 85db | 0f84 4e81 | 0000 8b72 | 4c48 3b06 

  0x000077163cbde04c: ;   {metadata(method data for {method} {0x00006a6914655d20} 'setCurrentElement' '(Lorg/apache/xalan/templates/ElemTemplateElement;)V' in 'org/apache/xalan/transformer/TransformerImpl')}
  0x000077163cbde04c: 488b de48 | b910 cd80 | 1469 6a00 | 0048 8381 | 5001 0000 

  0x000077163cbde060: ;   {metadata(method data for {method} {0x00006a691476b150} 'setTop' '(Ljava/lang/Object;)V' in 'org/apache/xml/utils/ObjectStack')}
  0x000077163cbde060: 0148 bb78 | 8b7e 1469 | 6a00 008b | 8bf4 0000 | 0083 c102 | 898b f400 | 0000 81e1 | feff 1f00 
  0x000077163cbde080: 85c9 0f84 | 3281 0000 | 8b5e 188b | 7610 ffce 

  0x000077163cbde090: ; implicit exception: dispatches to 0x000077163cbe61db
  0x000077163cbde090: 3b73 0c0f | 834c 8100 | 0048 85ff 

  0x000077163cbde09c: ;   {metadata(method data for {method} {0x00006a691476b150} 'setTop' '(Ljava/lang/Object;)V' in 'org/apache/xml/utils/ObjectStack')}
  0x000077163cbde09c: 7517 49b8 | 788b 7e14 | 696a 0000 | 4180 8831 | 0100 0001 | e9fd 0000 | 008b 4b08 | 49ba 0000 
  0x000077163cbde0bc: 001f 696a | 0000 4903 | ca44 8b47 | 0849 ba00 | 0000 1f69 | 6a00 004d | 03c2 488b | 89e0 0000 
  0x000077163cbde0dc: 004c 3bc1 | 0f84 2b00 | 0000 448b | 4914 4b3b | 0c08 0f84 | 1d00 0000 | 4183 f920 | 0f85 9d00 
  0x000077163cbde0fc: 0000 4150 

  0x000077163cbde100: ;   {runtime_call slow_subtype_check Runtime1 stub}
  0x000077163cbde100: 51e8 7a6c | 1307 4158 | 5985 c90f | 848a 0000 

  0x000077163cbde110: ;   {metadata(method data for {method} {0x00006a691476b150} 'setTop' '(Ljava/lang/Object;)V' in 'org/apache/xml/utils/ObjectStack')}
  0x000077163cbde110: 0049 b878 | 8b7e 1469 | 6a00 008b | 4f08 49ba | 0000 001f | 696a 0000 | 4903 ca49 | 3b88 4801 
  0x000077163cbde130: 0000 750d | 4983 8050 | 0100 0001 | e971 0000 | 0049 3b88 | 5801 0000 | 750d 4983 | 8060 0100 
  0x000077163cbde150: 0001 e95b | 0000 0049 | 83b8 4801 | 0000 0075 | 1749 8988 | 4801 0000 | 49c7 8050 | 0100 0001 
  0x000077163cbde170: 0000 00e9 | 3a00 0000 | 4983 b858 | 0100 0000 | 7517 4989 | 8858 0100 | 0049 c780 | 6001 0000 
  0x000077163cbde190: 0100 0000 | e919 0000 

  0x000077163cbde198: ;   {metadata(method data for {method} {0x00006a691476b150} 'setTop' '(Ljava/lang/Object;)V' in 'org/apache/xml/utils/ObjectStack')}
  0x000077163cbde198: 00eb 1749 | b878 8b7e | 1469 6a00 | 0049 83a8 | 3801 0000 | 01e9 4680 | 0000 4863 | f64c 8bd7 
  0x000077163cbde1b8: 4489 54b3 

  0x000077163cbde1bc: ;   {metadata(method data for {method} {0x00006a691476b150} 'setTop' '(Ljava/lang/Object;)V' in 'org/apache/xml/utils/ObjectStack')}
  0x000077163cbde1bc: 1048 be78 | 8b7e 1469 | 6a00 00ff | 8670 0100 | 0048 8bf7 

  0x000077163cbde1d0: ;   {metadata(method data for {method} {0x00006a691455b320} 'transformSelectedNodes' '(Lorg/apache/xalan/transformer/TransformerImpl;)V' in 'org/apache/xalan/templates/ElemApplyTemplates')}
  0x000077163cbde1d0: 488b fa48 | bb00 8081 | 1469 6a00 | 0048 8383 | 1810 0000 

  0x000077163cbde1e4: ;   {metadata(method data for {method} {0x00006a6914656158} 'pushPairCurrentMatched' '(Lorg/apache/xalan/templates/ElemTemplateElement;I)V' in 'org/apache/xalan/transformer/TransformerImpl')}
  0x000077163cbde1e4: 0148 bf80 | b880 1469 | 6a00 008b | 9ff4 0000 | 0083 c302 | 899f f400 | 0000 81e3 | feff 1f00 
  0x000077163cbde204: 85db 0f84 | f57f 0000 | 8b7a 5048 | 3b07 488b 

  0x000077163cbde214: ;   {metadata(method data for {method} {0x00006a6914656158} 'pushPairCurrentMatched' '(Lorg/apache/xalan/templates/ElemTemplateElement;I)V' in 'org/apache/xalan/transformer/TransformerImpl')}
  0x000077163cbde214: df48 b980 | b880 1469 | 6a00 0048 | 8381 5001 

  0x000077163cbde224: ;   {metadata(method data for {method} {0x00006a69141ac168} 'push' '(Ljava/lang/Object;)Ljava/lang/Object;' in 'java/util/Stack')}
  0x000077163cbde224: 0000 0148 | bbc8 d71e | 1469 6a00 | 008b 8bf4 | 0000 0083 | c102 898b | f400 0000 | 81e1 feff 
  0x000077163cbde244: 1f00 85c9 | 0f84 d97f | 0000 488b 

  0x000077163cbde250: ;   {metadata(method data for {method} {0x00006a69141ac168} 'push' '(Ljava/lang/Object;)Ljava/lang/Object;' in 'java/util/Stack')}
  0x000077163cbde250: df48 b9c8 | d71e 1469 | 6a00 008b | 5b08 49ba | 0000 001f | 696a 0000 | 4903 da48 | 3b99 4801 
  0x000077163cbde270: 0000 750d | 4883 8150 | 0100 0001 | e960 0000 | 0048 3b99 | 5801 0000 | 750d 4883 | 8160 0100 
  0x000077163cbde290: 0001 e94a | 0000 0048 | 83b9 4801 | 0000 0075 | 1748 8999 | 4801 0000 | 48c7 8150 | 0100 0001 
  0x000077163cbde2b0: 0000 00e9 | 2900 0000 | 4883 b958 | 0100 0000 | 7517 4889 | 9958 0100 | 0048 c781 | 6001 0000 
  0x000077163cbde2d0: 0100 0000 | e908 0000 | 0048 8381 | 3801 0000 | 0148 8d9c | 24d8 0300 | 0048 897b | 0848 8b07 
  0x000077163cbde2f0: 4883 c801 | 4889 03f0 | 480f b11f | 0f84 1200 | 0000 482b | c448 2507 | f0ff ff48 | 8903 0f85 
  0x000077163cbde310: 347f 0000 | 49ff 8768 

  0x000077163cbde318: ;   {metadata(method data for {method} {0x00006a6914100bf8} 'addElement' '(Ljava/lang/Object;)V' in 'java/util/Vector')}
  0x000077163cbde318: 0800 0048 | bb10 d61e | 1469 6a00 | 008b 83f4 | 0000 0083 | c002 8983 | f400 0000 | 25fe ff1f 
  0x000077163cbde338: 0085 c00f | 841a 7f00 | 008b 5f0c | ffc3 895f | 0c8b 5f18 | 8b47 104c 

  0x000077163cbde350: ;   {metadata(method data for {method} {0x00006a6914100bf8} 'addElement' '(Ljava/lang/Object;)V' in 'java/util/Vector')}
  0x000077163cbde350: 8bc7 49b9 | 10d6 1e14 | 696a 0000 | 4983 8138 | 0100 0001 

  0x000077163cbde364: ;   {metadata(method data for {method} {0x00006a69141014f0} 'add' '(Ljava/lang/Object;[Ljava/lang/Object;I)V' in 'java/util/Vector')}
  0x000077163cbde364: 49b8 68d0 | 1e14 696a | 0000 458b | 88f4 0000 | 0041 83c1 | 0245 8988 | f400 0000 | 4181 e1fe 
  0x000077163cbde384: ff1f 0045 | 85c9 0f84 | ec7e 0000 

  0x000077163cbde390: ; implicit exception: dispatches to 0x000077163cbe629d
  0x000077163cbde390: 448b 430c 

  0x000077163cbde394: ;   {metadata(method data for {method} {0x00006a69141014f0} 'add' '(Ljava/lang/Object;[Ljava/lang/Object;I)V' in 'java/util/Vector')}
  0x000077163cbde394: 413b c049 | b868 d01e | 1469 6a00 | 0049 c7c1 | 3801 0000 | 7507 49c7 | c148 0100 | 004f 8b1c 
  0x000077163cbde3b4: 084d 8d5b | 014f 891c | 080f 85a3 | 0000 0048 | 89b4 24f8 | 0100 0048 

  0x000077163cbde3cc: ;   {metadata(method data for {method} {0x00006a69141014f0} 'add' '(Ljava/lang/Object;[Ljava/lang/Object;I)V' in 'java/util/Vector')}
  0x000077163cbde3cc: 8bcf 49b8 | 68d0 1e14 | 696a 0000 | 4983 8058 | 0100 0001 

  0x000077163cbde3e0: ;   {metadata(method data for {method} {0x00006a69140ffbd0} 'grow' '()[Ljava/lang/Object;' in 'java/util/Vector')}
  0x000077163cbde3e0: 48b9 88d2 | 1e14 696a | 0000 448b | 81f4 0000 | 0041 83c0 | 0244 8981 | f400 0000 | 4181 e0fe 
  0x000077163cbde400: ff1f 0045 | 85c0 0f84 | 967e 0000 

  0x000077163cbde40c: ;   {metadata(method data for {method} {0x00006a69140ffbd0} 'grow' '()[Ljava/lang/Object;' in 'java/util/Vector')}
  0x000077163cbde40c: 488b cf49 | b888 d21e | 1469 6a00 | 0049 8380 | 3801 0000 | 0148 8bc8 | ffc1 488b | d148 8bf7 
  0x000077163cbde42c: 4889 bc24 | 0002 0000 | 8984 24dc | 0100 000f 

  0x000077163cbde43c: ;   {optimized virtual_call}
  0x000077163cbde43c: 1f40 00e8 

  0x000077163cbde440: ; ImmutableOopMap {[224]=Oop [232]=Oop [240]=Oop [256]=Oop [280]=Oop [312]=Oop [344]=Oop [360]=Oop [368]=Oop [424]=Oop [432]=Oop [448]=Oop [504]=Oop [512]=Oop [992]=Oop }
                      ;*invokevirtual grow {reexecute=0 rethrow=0 return_oop=0}
                      ; - java.util.Vector::grow@7 (line 266)
                      ; - java.util.Vector::add@7 (line 782)
                      ; - java.util.Vector::addElement@20 (line 617)
                      ; - java.util.Stack::push@2 (line 68)
                      ; - org.apache.xalan.transformer.TransformerImpl::pushPairCurrentMatched@5 (line 2729)
                      ; - org.apache.xalan.templates.ElemApplyTemplates::transformSelectedNodes@553 (line 335)
  0x000077163cbde440: 3c6c 0807 

  0x000077163cbde444: ;   {other}
  0x000077163cbde444: 0f1f 8400 | b449 001d | 488b d88b | 8424 dc01 | 0000 488b | bc24 0002 | 0000 488b | b424 f801 
  0x000077163cbde464: 0000 3b43 | 0c0f 835e | 7e00 0048 | 85f6 7516 

  0x000077163cbde474: ;   {metadata(method data for {method} {0x00006a69141014f0} 'add' '(Ljava/lang/Object;[Ljava/lang/Object;I)V' in 'java/util/Vector')}
  0x000077163cbde474: 48b9 68d0 | 1e14 696a | 0000 8089 | 8901 0000 | 01e9 fa00 | 0000 8b53 | 0849 ba00 | 0000 1f69 
  0x000077163cbde494: 6a00 0049 | 03d2 8b4e | 0849 ba00 | 0000 1f69 | 6a00 0049 | 03ca 488b | 92e0 0000 | 0048 3bca 
  0x000077163cbde4b4: 0f84 2900 | 0000 448b | 4214 4a3b | 1401 0f84 | 1b00 0000 | 4183 f820 | 0f85 9b00 | 0000 5152 
  0x000077163cbde4d4: ;   {runtime_call slow_subtype_check Runtime1 stub}
  0x000077163cbde4d4: e8a7 6813 | 0759 5a85 | d20f 848a 

  0x000077163cbde4e0: ;   {metadata(method data for {method} {0x00006a69141014f0} 'add' '(Ljava/lang/Object;[Ljava/lang/Object;I)V' in 'java/util/Vector')}
  0x000077163cbde4e0: 0000 0048 | b968 d01e | 1469 6a00 | 008b 5608 | 49ba 0000 | 001f 696a | 0000 4903 | d248 3b91 
  0x000077163cbde500: a001 0000 | 750d 4883 | 81a8 0100 | 0001 e971 | 0000 0048 | 3b91 b001 | 0000 750d | 4883 81b8 
  0x000077163cbde520: 0100 0001 | e95b 0000 | 0048 83b9 | a001 0000 | 0075 1748 | 8991 a001 | 0000 48c7 | 81a8 0100 
  0x000077163cbde540: 0001 0000 | 00e9 3a00 | 0000 4883 | b9b0 0100 | 0000 7517 | 4889 91b0 | 0100 0048 | c781 b801 
  0x000077163cbde560: 0000 0100 | 0000 e919 | 0000 00eb 

  0x000077163cbde56c: ;   {metadata(method data for {method} {0x00006a69141014f0} 'add' '(Ljava/lang/Object;[Ljava/lang/Object;I)V' in 'java/util/Vector')}
  0x000077163cbde56c: 1748 b968 | d01e 1469 | 6a00 0048 | 83a9 9001 | 0000 01e9 | 5c7d 0000 | 4863 d04c | 8bd6 4489 
  0x000077163cbde58c: 5493 10ff | c089 4710 | 488d 8424 | d803 0000 | 488b 1048 | 85d2 0f84 | 0f00 0000 | 488b 7808 
  0x000077163cbde5ac: f048 0fb1 | 170f 8532 | 7d00 0049 | ff8f 6808 | 0000 4889 | b424 f801 | 0000 488b | 9424 f000 
  0x000077163cbde5cc: 0000 8b7a | 5448 3b07 

  0x000077163cbde5d4: ;   {metadata(method data for {method} {0x00006a6914656158} 'pushPairCurrentMatched' '(Lorg/apache/xalan/templates/ElemTemplateElement;I)V' in 'org/apache/xalan/transformer/TransformerImpl')}
  0x000077163cbde5d4: 488b df48 | b880 b880 | 1469 6a00 | 0048 8380 | 7001 0000 | 018b 9424 | a401 0000 | 488b f70f 
  0x000077163cbde5f4: ;   {optimized virtual_call}
  0x000077163cbde5f4: 1f40 00e8 

  0x000077163cbde5f8: ; ImmutableOopMap {[224]=Oop [232]=Oop [240]=Oop [256]=Oop [280]=Oop [312]=Oop [344]=Oop [360]=Oop [368]=Oop [424]=Oop [432]=Oop [448]=Oop [504]=Oop }
                      ;*invokevirtual push {reexecute=0 rethrow=0 return_oop=0}
                      ; - org.apache.xalan.transformer.TransformerImpl::pushPairCurrentMatched@14 (line 2730)
                      ; - org.apache.xalan.templates.ElemApplyTemplates::transformSelectedNodes@553 (line 335)
  0x000077163cbde5f8: e483 8b07 

  0x000077163cbde5fc: ;   {other}
  0x000077163cbde5fc: 0f1f 8400 | 6c4b 001e | 448b 9c24 | 1401 0000 

  0x000077163cbde60c: ;   {metadata(method data for {method} {0x00006a691455b320} 'transformSelectedNodes' '(Lorg/apache/xalan/transformer/TransformerImpl;)V' in 'org/apache/xalan/templates/ElemApplyTemplates')}
  0x000077163cbde60c: 4585 db48 | be00 8081 | 1469 6a00 | 0048 c7c7 | 4810 0000 | 7507 48c7 | c738 1000 | 0048 8b1c 
  0x000077163cbde62c: 3e48 8d5b | 0148 891c | 3e0f 8515 | 0000 0048 | 8bb4 24f8 | 0100 0044 | 899c 2414 | 0100 00e9 
  0x000077163cbde64c: 5400 0000 | 4489 9c24 | 1401 0000 | 4c8b 8c24 | 1801 0000 

  0x000077163cbde660: ;   {metadata(method data for {method} {0x00006a691455b320} 'transformSelectedNodes' '(Lorg/apache/xalan/transformer/TransformerImpl;)V' in 'org/apache/xalan/templates/ElemApplyTemplates')}
  0x000077163cbde660: 48be 0080 | 8114 696a 

  0x000077163cbde668: ;   {metadata('org/apache/xalan/transformer/StackGuard')}
  0x000077163cbde668: 0000 49ba | 68e5 0e20 | 696a 0000 | 4c89 9668 | 1000 0048 | 8386 7010 | 0000 0148 | 8bb4 2418 
  0x000077163cbde688: 0100 000f 

  0x000077163cbde68c: ;   {optimized virtual_call}
  0x000077163cbde68c: 1f40 00e8 

  0x000077163cbde690: ; ImmutableOopMap {[224]=Oop [232]=Oop [240]=Oop [256]=Oop [280]=Oop [312]=Oop [344]=Oop [360]=Oop [368]=Oop [424]=Oop [432]=Oop [448]=Oop [504]=Oop }
                      ;*invokevirtual checkForInfinateLoop {reexecute=0 rethrow=0 return_oop=0}
                      ; - org.apache.xalan.templates.ElemApplyTemplates::transformSelectedNodes@563 (line 337)
  0x000077163cbde690: ec69 0807 

  0x000077163cbde694: ;   {other}
  0x000077163cbde694: 0f1f 8400 | 044c 001f | 488b b424 | f801 0000 

  0x000077163cbde6a4: ; implicit exception: dispatches to 0x000077163cbe6304
  0x000077163cbde6a4: 8b56 4c85 

  0x000077163cbde6a8: ;   {metadata(method data for {method} {0x00006a691455b320} 'transformSelectedNodes' '(Lorg/apache/xalan/transformer/TransformerImpl;)V' in 'org/apache/xalan/templates/ElemApplyTemplates')}
  0x000077163cbde6a8: d248 ba00 | 8081 1469 | 6a00 0048 | c7c7 9010 | 0000 7e07 | 48c7 c7a0 | 1000 0048 | 8b1c 3a48 
  0x000077163cbde6c8: 8d5b 0148 | 891c 3a48 | 89b4 24f8 | 0100 000f | 8e24 0c00 | 0048 8bbc | 24e0 0000 | 0048 8bd7 
  0x000077163cbde6e8: ;   {metadata(method data for {method} {0x00006a691455b320} 'transformSelectedNodes' '(Lorg/apache/xalan/transformer/TransformerImpl;)V' in 'org/apache/xalan/templates/ElemApplyTemplates')}
  0x000077163cbde6e8: 48bb 0080 | 8114 696a 

  0x000077163cbde6f0: ;   {metadata('org/apache/xpath/XPathContext')}
  0x000077163cbde6f0: 0000 49ba | 4815 0d20 | 696a 0000 | 4c89 93c0 | 1000 0048 | 8383 c810 

  0x000077163cbde708: ;   {metadata(method data for {method} {0x00006a69146a9dd0} 'pushRTFContext' '()V' in 'org/apache/xpath/XPathContext')}
  0x000077163cbde708: 0000 0148 | ba20 1982 | 1469 6a00 | 008b 9af4 | 0000 0083 | c302 899a | f400 0000 | 81e3 feff 
  0x000077163cbde728: 1f00 85db | 0f84 d77b | 0000 8b5f | 188b 5714 

  0x000077163cbde738: ; implicit exception: dispatches to 0x000077163cbe632a
  0x000077163cbde738: 483b 0348 

  0x000077163cbde73c: ;   {metadata(method data for {method} {0x00006a69146a9dd0} 'pushRTFContext' '()V' in 'org/apache/xpath/XPathContext')}
  0x000077163cbde73c: 8bc3 48b9 | 2019 8214 | 696a 0000 

  0x000077163cbde748: ;   {metadata('org/apache/xml/utils/IntStack')}
  0x000077163cbde748: 49ba 7004 | 0c20 696a | 0000 4c89 | 9148 0100 | 0048 8381 | 5001 0000 | 0148 8bf3 

  0x000077163cbde764: ;   {optimized virtual_call}
  0x000077163cbde764: 6666 90e8 

  0x000077163cbde768: ; ImmutableOopMap {[224]=Oop [232]=Oop [240]=Oop [256]=Oop [280]=Oop [312]=Oop [344]=Oop [360]=Oop [368]=Oop [424]=Oop [432]=Oop [448]=Oop [504]=Oop }
                      ;*invokevirtual push {reexecute=0 rethrow=0 return_oop=0}
                      ; - org.apache.xpath.XPathContext::pushRTFContext@8 (line 1273)
                      ; - org.apache.xalan.templates.ElemApplyTemplates::transformSelectedNodes@575 (line 342)
  0x000077163cbde768: 5439 8807 

  0x000077163cbde76c: ;   {other}
  0x000077163cbde76c: 0f1f 8400 | dc4c 0020 | 488b bc24 | e000 0000 | 8b77 1c48 

  0x000077163cbde780: ;   {metadata(method data for {method} {0x00006a69146a9dd0} 'pushRTFContext' '()V' in 'org/apache/xpath/XPathContext')}
  0x000077163cbde780: 85f6 48be | 2019 8214 | 696a 0000 | 48c7 c370 | 0100 0074 | 0748 c7c3 | 8001 0000 | 488b 041e 
  0x000077163cbde7a0: 488d 4001 | 4889 041e | 0f84 ce01 | 0000 488b 

  0x000077163cbde7b0: ;   {metadata(method data for {method} {0x00006a69146a9dd0} 'pushRTFContext' '()V' in 'org/apache/xpath/XPathContext')}
  0x000077163cbde7b0: f748 bb20 | 1982 1469 

  0x000077163cbde7b8: ;   {metadata('org/apache/xpath/XPathContext')}
  0x000077163cbde7b8: 6a00 0049 | ba48 150d | 2069 6a00 | 004c 8993 | a001 0000 | 4883 83a8 | 0100 0001 

  0x000077163cbde7d4: ;   {optimized virtual_call}
  0x000077163cbde7d4: 488b f7e8 

  0x000077163cbde7d8: ; ImmutableOopMap {[224]=Oop [232]=Oop [240]=Oop [256]=Oop [280]=Oop [312]=Oop [344]=Oop [360]=Oop [368]=Oop [424]=Oop [432]=Oop [448]=Oop [504]=Oop }
                      ;*invokevirtual getRTFDTM {reexecute=0 rethrow=0 return_oop=0}
                      ; - org.apache.xpath.XPathContext::pushRTFContext@21 (line 1275)
                      ; - org.apache.xalan.templates.ElemApplyTemplates::transformSelectedNodes@575 (line 342)
  0x000077163cbde7d8: a468 0807 

  0x000077163cbde7dc: ;   {other}
  0x000077163cbde7dc: 0f1f 8400 | 4c4d 0021 | 4885 c075 

  0x000077163cbde7e8: ;   {metadata(method data for {method} {0x00006a69146a9dd0} 'pushRTFContext' '()V' in 'org/apache/xpath/XPathContext')}
  0x000077163cbde7e8: 1648 bb20 | 1982 1469 | 6a00 0080 | 8bc1 0100 | 0001 e9cc 

  0x000077163cbde7fc: ;   {metadata('org/apache/xml/dtm/ref/sax2dtm/SAX2RTFDTM')}
  0x000077163cbde7fc: 0000 0048 | be58 c90e | 2069 6a00 | 008b 7808 | 49ba 0000 | 001f 696a | 0000 4903 | fa48 3bf7 
  0x000077163cbde81c: 0f85 8d00 

  0x000077163cbde820: ;   {metadata(method data for {method} {0x00006a69146a9dd0} 'pushRTFContext' '()V' in 'org/apache/xpath/XPathContext')}
  0x000077163cbde820: 0000 48bb | 2019 8214 | 696a 0000 | 8b70 0849 | ba00 0000 | 1f69 6a00 | 0049 03f2 | 483b b3d8 
  0x000077163cbde840: 0100 0075 | 0d48 8383 | e001 0000 | 01e9 7900 | 0000 483b | b3e8 0100 | 0075 0d48 | 8383 f001 
  0x000077163cbde860: 0000 01e9 | 6300 0000 | 4883 bbd8 | 0100 0000 | 7517 4889 | b3d8 0100 | 0048 c783 | e001 0000 
  0x000077163cbde880: 0100 0000 | e942 0000 | 0048 83bb | e801 0000 | 0075 1748 | 89b3 e801 | 0000 48c7 | 83f0 0100 
  0x000077163cbde8a0: 0001 0000 | 00e9 2100 | 0000 e91c 

  0x000077163cbde8ac: ;   {metadata(method data for {method} {0x00006a69146a9dd0} 'pushRTFContext' '()V' in 'org/apache/xpath/XPathContext')}
  0x000077163cbde8ac: 0000 0048 | bb20 1982 | 1469 6a00 | 0048 83ab | c801 0000 | 01e9 697a | 0000 e900 | 0000 0048 
  0x000077163cbde8cc: 8bf0 483b | 0648 8bfe 

  0x000077163cbde8d4: ;   {metadata(method data for {method} {0x00006a69146a9dd0} 'pushRTFContext' '()V' in 'org/apache/xpath/XPathContext')}
  0x000077163cbde8d4: 48bb 2019 | 8214 696a | 0000 8b7f | 0849 ba00 | 0000 1f69 | 6a00 0049 | 03fa 483b | bb48 0200 
  0x000077163cbde8f4: 0075 0d48 | 8383 5002 | 0000 01e9 | 6000 0000 | 483b bb58 | 0200 0075 | 0d48 8383 | 6002 0000 
  0x000077163cbde914: 01e9 4a00 | 0000 4883 | bb48 0200 | 0000 7517 | 4889 bb48 | 0200 0048 | c783 5002 | 0000 0100 
  0x000077163cbde934: 0000 e929 | 0000 0048 | 83bb 5802 | 0000 0075 | 1748 89bb | 5802 0000 | 48c7 8360 | 0200 0001 
  0x000077163cbde954: 0000 00e9 | 0800 0000 | 4883 8338 | 0200 0001 | 9048 b8ff | ffff ffff 

  0x000077163cbde96c: ;   {virtual_call}
  0x000077163cbde96c: ffff ffe8 

  0x000077163cbde970: ; ImmutableOopMap {[224]=Oop [232]=Oop [240]=Oop [256]=Oop [280]=Oop [312]=Oop [344]=Oop [360]=Oop [368]=Oop [424]=Oop [432]=Oop [448]=Oop [504]=Oop }
                      ;*invokevirtual pushRewindMark {reexecute=0 rethrow=0 return_oop=0}
                      ; - org.apache.xpath.XPathContext::pushRTFContext@30 (line 1275)
                      ; - org.apache.xalan.templates.ElemApplyTemplates::transformSelectedNodes@575 (line 342)
  0x000077163cbde970: 0c6a 0807 

  0x000077163cbde974: ;   {other}
  0x000077163cbde974: 0f1f 8400 | e44e 0022 | 488b b424 | f801 0000 | 488b 9c24 | 0001 0000 

  0x000077163cbde98c: ;   {metadata(method data for {method} {0x00006a691455b320} 'transformSelectedNodes' '(Lorg/apache/xalan/transformer/TransformerImpl;)V' in 'org/apache/xalan/templates/ElemApplyTemplates')}
  0x000077163cbde98c: 488b d348 | bf00 8081 | 1469 6a00 

  0x000077163cbde998: ;   {metadata('org/apache/xpath/VariableStack')}
  0x000077163cbde998: 0049 baa8 | de0e 2069 | 6a00 004c | 8997 f810 | 0000 4883 | 8700 1100 | 0001 8b7b | 108b 564c 
  0x000077163cbde9b8: ;   {metadata(method data for {method} {0x00006a691455b320} 'transformSelectedNodes' '(Lorg/apache/xalan/transformer/TransformerImpl;)V' in 'org/apache/xalan/templates/ElemApplyTemplates')}
  0x000077163cbde9b8: 488b c348 | b900 8081 | 1469 6a00 

  0x000077163cbde9c4: ;   {metadata('org/apache/xpath/VariableStack')}
  0x000077163cbde9c4: 0049 baa8 | de0e 2069 | 6a00 004c | 8991 3011 | 0000 4883 | 8138 1100 | 0001 4889 | b424 f801 
  0x000077163cbde9e4: 0000 488b | f389 bc24 | 0802 0000 | 0f1f 8000 

  0x000077163cbde9f4: ;   {optimized virtual_call}
  0x000077163cbde9f4: 0000 00e8 

  0x000077163cbde9f8: ; ImmutableOopMap {[224]=Oop [232]=Oop [240]=Oop [256]=Oop [280]=Oop [312]=Oop [344]=Oop [360]=Oop [368]=Oop [424]=Oop [432]=Oop [448]=Oop [504]=Oop }
                      ;*invokevirtual link {reexecute=0 rethrow=0 return_oop=0}
                      ; - org.apache.xalan.templates.ElemApplyTemplates::transformSelectedNodes@592 (line 344)
  0x000077163cbde9f8: 04d0 0900 

  0x000077163cbde9fc: ;   {other}
  0x000077163cbde9fc: 0f1f 8400 | 6c4f 0023 | 488b b424 | f801 0000 | 8b7e 5885 

  0x000077163cbdea10: ;   {metadata(method data for {method} {0x00006a691455b320} 'transformSelectedNodes' '(Lorg/apache/xalan/transformer/TransformerImpl;)V' in 'org/apache/xalan/templates/ElemApplyTemplates')}
  0x000077163cbdea10: ff48 bf00 | 8081 1469 | 6a00 0048 | c7c3 6811 | 0000 7f07 | 48c7 c358 | 1100 0048 | 8b04 1f48 
  0x000077163cbdea30: 8d40 0148 | 8904 1f0f | 8f2c 0000 | 008b bc24 | 0802 0000 | 4889 b424 | f801 0000 | 488b 8424 
  0x000077163cbdea50: 0001 0000 | 488b 9424 | f000 0000 | 488b 9c24 | e800 0000 | e9b5 0800 | 0048 8bfe 

  0x000077163cbdea6c: ;   {metadata(method data for {method} {0x00006a691455b320} 'transformSelectedNodes' '(Lorg/apache/xalan/transformer/TransformerImpl;)V' in 'org/apache/xalan/templates/ElemApplyTemplates')}
  0x000077163cbdea6c: 48bb 0080 | 8114 696a | 0000 8b7f | 0849 ba00 | 0000 1f69 | 6a00 0049 | 03fa 483b | bb88 1100 
  0x000077163cbdea8c: 0075 0d48 | 8383 9011 | 0000 01e9 | 6000 0000 | 483b bb98 | 1100 0075 | 0d48 8383 | a011 0000 
  0x000077163cbdeaac: 01e9 4a00 | 0000 4883 | bb88 1100 | 0000 7517 | 4889 bb88 | 1100 0048 | c783 9011 | 0000 0100 
  0x000077163cbdeacc: 0000 e929 | 0000 0048 | 83bb 9811 | 0000 0075 | 1748 89bb | 9811 0000 | 48c7 83a0 | 1100 0001 
  0x000077163cbdeaec: 0000 00e9 | 0800 0000 | 4883 8378 | 1100 0001 | 8b7e 44bb | 0000 0000 | 899c 240c | 0200 0048 
  0x000077163cbdeb0c: 89b4 24f8 | 0100 000f | 1f44 0000 

  0x000077163cbdeb18: ;   {metadata(method data for {method} {0x00006a691455b320} 'transformSelectedNodes' '(Lorg/apache/xalan/transformer/TransformerImpl;)V' in 'org/apache/xalan/templates/ElemApplyTemplates')}
  0x000077163cbdeb18: 4885 ff49 | b800 8081 | 1469 6a00 | 0049 c7c1 | b011 0000 | 7407 49c7 | c1c0 1100 | 004f 8b1c 
  0x000077163cbdeb38: 084d 8d5b | 014f 891c | 080f 8486 | 0700 0048 | 3b07 4c8b 

  0x000077163cbdeb4c: ;   {metadata(method data for {method} {0x00006a691455b320} 'transformSelectedNodes' '(Lorg/apache/xalan/transformer/TransformerImpl;)V' in 'org/apache/xalan/templates/ElemApplyTemplates')}
  0x000077163cbdeb4c: c749 b900 | 8081 1469 | 6a00 0045 | 8b40 0849 | ba00 0000 | 1f69 6a00 | 004d 03c2 | 4d3b 81e0 
  0x000077163cbdeb6c: 1100 0075 | 0d49 8381 | e811 0000 | 01e9 6000 | 0000 4d3b | 81f0 1100 | 0075 0d49 | 8381 f811 
  0x000077163cbdeb8c: 0000 01e9 | 4a00 0000 | 4983 b9e0 | 1100 0000 | 7517 4d89 | 81e0 1100 | 0049 c781 | e811 0000 
  0x000077163cbdebac: 0100 0000 | e929 0000 | 0049 83b9 | f011 0000 | 0075 174d | 8981 f011 | 0000 49c7 | 81f8 1100 
  0x000077163cbdebcc: 0001 0000 | 00e9 0800 | 0000 4983 | 81d0 1100 | 0001 488b | f748 89bc | 2410 0200 | 000f 1f40 
  0x000077163cbdebec: 0048 b8ff | ffff ffff 

  0x000077163cbdebf4: ;   {virtual_call}
  0x000077163cbdebf4: ffff ffe8 

  0x000077163cbdebf8: ; ImmutableOopMap {[224]=Oop [232]=Oop [240]=Oop [256]=Oop [280]=Oop [312]=Oop [344]=Oop [360]=Oop [368]=Oop [424]=Oop [432]=Oop [448]=Oop [504]=Oop [528]=Oop }
                      ;*invokevirtual getXSLToken {reexecute=0 rethrow=0 return_oop=0}
                      ; - org.apache.xalan.templates.ElemApplyTemplates::transformSelectedNodes@624 (line 353)
  0x000077163cbdebf8: 8467 0807 

  0x000077163cbdebfc: ;   {other}
  0x000077163cbdebfc: 0f1f 8400 | 6c51 0024 

  0x000077163cbdec04: ;   {metadata(method data for {method} {0x00006a691455b320} 'transformSelectedNodes' '(Lorg/apache/xalan/transformer/TransformerImpl;)V' in 'org/apache/xalan/templates/ElemApplyTemplates')}
  0x000077163cbdec04: 83f8 2948 | ba00 8081 | 1469 6a00 | 0048 c7c6 | 0812 0000 | 7507 48c7 | c618 1200 | 0048 8b3c 
  0x000077163cbdec24: 3248 8d7f | 0148 893c | 320f 859a | 0600 0048 | 8bbc 2410 | 0200 0048 | 85ff 7516 

  0x000077163cbdec40: ;   {metadata(method data for {method} {0x00006a691455b320} 'transformSelectedNodes' '(Lorg/apache/xalan/transformer/TransformerImpl;)V' in 'org/apache/xalan/templates/ElemApplyTemplates')}
  0x000077163cbdec40: 48bb 0080 | 8114 696a | 0000 808b | 2112 0000 | 01e9 cc00 

  0x000077163cbdec54: ;   {metadata('org/apache/xalan/templates/ElemParam')}
  0x000077163cbdec54: 0000 48b8 | 383f 0920 | 696a 0000 | 8b77 0849 | ba00 0000 | 1f69 6a00 | 0049 03f2 | 483b c60f 
  0x000077163cbdec74: 858d 0000 

  0x000077163cbdec78: ;   {metadata(method data for {method} {0x00006a691455b320} 'transformSelectedNodes' '(Lorg/apache/xalan/transformer/TransformerImpl;)V' in 'org/apache/xalan/templates/ElemApplyTemplates')}
  0x000077163cbdec78: 0048 bb00 | 8081 1469 | 6a00 008b | 4708 49ba | 0000 001f | 696a 0000 | 4903 c248 | 3b83 3812 
  0x000077163cbdec98: 0000 750d | 4883 8340 | 1200 0001 | e979 0000 | 0048 3b83 | 4812 0000 | 750d 4883 | 8350 1200 
  0x000077163cbdecb8: 0001 e963 | 0000 0048 | 83bb 3812 | 0000 0075 | 1748 8983 | 3812 0000 | 48c7 8340 | 1200 0001 
  0x000077163cbdecd8: 0000 00e9 | 4200 0000 | 4883 bb48 | 1200 0000 | 7517 4889 | 8348 1200 | 0048 c783 | 5012 0000 
  0x000077163cbdecf8: 0100 0000 | e921 0000 | 00e9 1c00 

  0x000077163cbded04: ;   {metadata(method data for {method} {0x00006a691455b320} 'transformSelectedNodes' '(Lorg/apache/xalan/transformer/TransformerImpl;)V' in 'org/apache/xalan/templates/ElemApplyTemplates')}
  0x000077163cbded04: 0000 48bb | 0080 8114 | 696a 0000 | 4883 ab28 | 1200 0001 | e925 7600 | 00e9 0000 | 0000 488b 
  0x000077163cbded24: d7be 0000 | 0000 488b | 9c24 e800 | 0000 e98b | 0000 0090 | 8b43 643b | 700c 0f83 | 1176 0000 
  0x000077163cbded44: 4863 ce8b | 4488 108b | 4050 8b4a 

  0x000077163cbded50: ;   {metadata(method data for {method} {0x00006a691455b320} 'transformSelectedNodes' '(Lorg/apache/xalan/transformer/TransformerImpl;)V' in 'org/apache/xalan/templates/ElemApplyTemplates')}
  0x000077163cbded50: 603b c148 | b800 8081 | 1469 6a00 | 0048 c7c1 | 9012 0000 | 7407 48c7 | c180 1200 | 004c 8b04 
  0x000077163cbded70: 084d 8d40 | 014c 8904 | 080f 8483 | 0000 00ff 

  0x000077163cbded80: ;   {metadata(method data for {method} {0x00006a691455b320} 'transformSelectedNodes' '(Lorg/apache/xalan/transformer/TransformerImpl;)V' in 'org/apache/xalan/templates/ElemApplyTemplates')}
  0x000077163cbded80: c648 b800 | 8081 1469 | 6a00 008b | 88f8 0000 | 0083 c102 | 8988 f800 | 0000 81e1 | fe3f 0000 
  0x000077163cbdeda0: 85c9 0f84 | c575 0000 | 4d8b 9770 

  0x000077163cbdedac: ; ImmutableOopMap {rdi=Oop rdx=Oop rbx=Oop [224]=Oop [232]=Oop [240]=Oop [256]=Oop [280]=Oop [312]=Oop [344]=Oop [360]=Oop [368]=Oop [424]=Oop [432]=Oop [448]=Oop [504]=Oop }
                      ;*goto {reexecute=1 rethrow=0 return_oop=0}
                      ; - (reexecute) org.apache.xalan.templates.ElemApplyTemplates::transformSelectedNodes@695 (line 358)
                      ;   {poll}
  0x000077163cbdedac: 0700 0041 

  0x000077163cbdedb0: ;   {metadata(method data for {method} {0x00006a691455b320} 'transformSelectedNodes' '(Lorg/apache/xalan/transformer/TransformerImpl;)V' in 'org/apache/xalan/templates/ElemApplyTemplates')}
  0x000077163cbdedb0: 8502 48b8 | 0080 8114 | 696a 0000 | ff80 2813 | 0000 3bb4 | 24fc 0000 

  0x000077163cbdedc8: ;   {metadata(method data for {method} {0x00006a691455b320} 'transformSelectedNodes' '(Lorg/apache/xalan/transformer/TransformerImpl;)V' in 'org/apache/xalan/templates/ElemApplyTemplates')}
  0x000077163cbdedc8: 0048 b800 | 8081 1469 | 6a00 0048 | c7c1 7012 | 0000 7c07 | 48c7 c160 | 1200 004c | 8b04 084d 
  0x000077163cbdede8: 8d40 014c | 8904 080f | 8c43 ffff | ff48 8b84 | 2400 0100 | 00e9 1302 | 0000 488b | 8424 0001 
  0x000077163cbdee08: 0000 488b 

  0x000077163cbdee0c: ;   {metadata(method data for {method} {0x00006a691455b320} 'transformSelectedNodes' '(Lorg/apache/xalan/transformer/TransformerImpl;)V' in 'org/apache/xalan/templates/ElemApplyTemplates')}
  0x000077163cbdee0c: d048 b900 | 8081 1469 

  0x000077163cbdee14: ;   {metadata('org/apache/xpath/VariableStack')}
  0x000077163cbdee14: 6a00 0049 | baa8 de0e | 2069 6a00 | 004c 8991 | b012 0000 | 4883 81b8 | 1200 0001 

  0x000077163cbdee30: ;   {metadata(method data for {method} {0x00006a6914791e80} 'getLocalVariable' '(II)Lorg/apache/xpath/objects/XObject;' in 'org/apache/xpath/VariableStack')}
  0x000077163cbdee30: 48ba 982a | 8214 696a | 0000 8b8a | f400 0000 | 83c1 0289 | 8af4 0000 | 0081 e1fe | ff1f 0085 
  0x000077163cbdee50: c90f 8437 | 7500 008b | 5018 488b | ce03 8c24 | a001 0000 

  0x000077163cbdee64: ; implicit exception: dispatches to 0x000077163cbe63af
  0x000077163cbdee64: 3b4a 0c0f | 834c 7500 | 0048 63c9 | 8b4c 8a10 

  0x000077163cbdee74: ;   {metadata(method data for {method} {0x00006a691455b320} 'transformSelectedNodes' '(Lorg/apache/xalan/transformer/TransformerImpl;)V' in 'org/apache/xalan/templates/ElemApplyTemplates')}
  0x000077163cbdee74: 4c8b c049 | b900 8081 | 1469 6a00 

  0x000077163cbdee80: ;   {metadata('org/apache/xpath/VariableStack')}
  0x000077163cbdee80: 0049 baa8 | de0e 2069 | 6a00 004d | 8991 e812 | 0000 4983 | 81f0 1200 

  0x000077163cbdee98: ;   {metadata(method data for {method} {0x00006a6914791bb8} 'setLocalVariable' '(ILorg/apache/xpath/objects/XObject;)V' in 'org/apache/xpath/VariableStack')}
  0x000077163cbdee98: 0001 49b8 | 102c 8214 | 696a 0000 | 458b 88f4 | 0000 0041 | 83c1 0245 | 8988 f400 | 0000 4181 
  0x000077163cbdeeb8: e1fe ff1f | 0045 85c9 | 0f84 0175 | 0000 448b | 4010 4403 | 8424 0c02 | 0000 443b | 420c 0f83 
  0x000077163cbdeed8: 0c75 0000 | 4885 c975 

  0x000077163cbdeee0: ;   {metadata(method data for {method} {0x00006a6914791bb8} 'setLocalVariable' '(ILorg/apache/xpath/objects/XObject;)V' in 'org/apache/xpath/VariableStack')}
  0x000077163cbdeee0: 1749 bb10 | 2c82 1469 | 6a00 0041 | 808b 3101 | 0000 01e9 | 0201 0000 

  0x000077163cbdeef8: ; implicit exception: dispatches to 0x000077163cbe63f6
  0x000077163cbdeef8: 448b 4a08 | 49ba 0000 | 001f 696a | 0000 4d03 | ca44 8b59 | 0849 ba00 | 0000 1f69 | 6a00 004d 
  0x000077163cbdef18: 03da 4d8b | 89e0 0000 | 004d 3bd9 | 0f84 2e00 | 0000 458b | 6914 4f3b | 0c2b 0f84 | 2000 0000 
  0x000077163cbdef38: 4183 fd20 | 0f85 a100 | 0000 4153 

  0x000077163cbdef44: ;   {runtime_call slow_subtype_check Runtime1 stub}
  0x000077163cbdef44: 4151 e835 | 5e13 0741 | 5b41 5945 | 85c9 0f84 | 8b00 0000 

  0x000077163cbdef58: ;   {metadata(method data for {method} {0x00006a6914791bb8} 'setLocalVariable' '(ILorg/apache/xpath/objects/XObject;)V' in 'org/apache/xpath/VariableStack')}
  0x000077163cbdef58: 49bb 102c | 8214 696a | 0000 448b | 4908 49ba | 0000 001f | 696a 0000 | 4d03 ca4d | 3b8b 4801 
  0x000077163cbdef78: 0000 750d | 4983 8350 | 0100 0001 | e971 0000 | 004d 3b8b | 5801 0000 | 750d 4983 | 8360 0100 
  0x000077163cbdef98: 0001 e95b | 0000 0049 | 83bb 4801 | 0000 0075 | 174d 898b | 4801 0000 | 49c7 8350 | 0100 0001 
  0x000077163cbdefb8: 0000 00e9 | 3a00 0000 | 4983 bb58 | 0100 0000 | 7517 4d89 | 8b58 0100 | 0049 c783 | 6001 0000 
  0x000077163cbdefd8: 0100 0000 | e919 0000 

  0x000077163cbdefe0: ;   {metadata(method data for {method} {0x00006a6914791bb8} 'setLocalVariable' '(ILorg/apache/xpath/objects/XObject;)V' in 'org/apache/xpath/VariableStack')}
  0x000077163cbdefe0: 00eb 1749 | bb10 2c82 | 1469 6a00 | 0049 83ab | 3801 0000 | 01e9 0174 | 0000 4d63 | c04c 8bd1 
  0x000077163cbdf000: 4689 5482 

  0x000077163cbdf004: ;   {metadata(method data for {method} {0x00006a691455b320} 'transformSelectedNodes' '(Lorg/apache/xalan/transformer/TransformerImpl;)V' in 'org/apache/xalan/templates/ElemApplyTemplates')}
  0x000077163cbdf004: 1048 ba00 | 8081 1469 | 6a00 00ff | 8210 1300 | 003b b424 | fc00 0000 

  0x000077163cbdf01c: ;   {metadata(method data for {method} {0x00006a691455b320} 'transformSelectedNodes' '(Lorg/apache/xalan/transformer/TransformerImpl;)V' in 'org/apache/xalan/templates/ElemApplyTemplates')}
  0x000077163cbdf01c: 48ba 0080 | 8114 696a | 0000 48c7 | c640 1300 | 0075 0748 | c7c6 5013 | 0000 488b | 0c32 488d 
  0x000077163cbdf03c: 4901 4889 | 0c32 0f85 | 9601 0000 

  0x000077163cbdf048: ;   {metadata(method data for {method} {0x00006a691455b320} 'transformSelectedNodes' '(Lorg/apache/xalan/transformer/TransformerImpl;)V' in 'org/apache/xalan/templates/ElemApplyTemplates')}
  0x000077163cbdf048: 488b d048 | be00 8081 | 1469 6a00 

  0x000077163cbdf054: ;   {metadata('org/apache/xpath/VariableStack')}
  0x000077163cbdf054: 0049 baa8 | de0e 2069 | 6a00 004c | 8996 7013 | 0000 4883 | 8678 1300 

  0x000077163cbdf06c: ;   {metadata(method data for {method} {0x00006a6914791bb8} 'setLocalVariable' '(ILorg/apache/xpath/objects/XObject;)V' in 'org/apache/xpath/VariableStack')}
  0x000077163cbdf06c: 0001 48ba | 102c 8214 | 696a 0000 | 8bb2 f400 | 0000 83c6 | 0289 b2f4 | 0000 0081 | e6fe ff1f 
  0x000077163cbdf08c: 0085 f60f | 846f 7300 | 008b 5018 | 8b70 1003 | b424 0c02 

  0x000077163cbdf0a0: ;   {oop(nullptr)}
  0x000077163cbdf0a0: 0000 48b9 | 0000 0000 | 0000 0000 

  0x000077163cbdf0ac: ; implicit exception: dispatches to 0x000077163cbe6425
  0x000077163cbdf0ac: 3b72 0c0f | 837a 7300 | 0048 85c9 

  0x000077163cbdf0b8: ;   {metadata(method data for {method} {0x00006a6914791bb8} 'setLocalVariable' '(ILorg/apache/xpath/objects/XObject;)V' in 'org/apache/xpath/VariableStack')}
  0x000077163cbdf0b8: 7517 49b9 | 102c 8214 | 696a 0000 | 4180 8931 | 0100 0001 | e902 0100 | 0044 8b42 | 0849 ba00 
  0x000077163cbdf0d8: 0000 1f69 | 6a00 004d | 03c2 448b | 4908 49ba | 0000 001f | 696a 0000 | 4d03 ca4d | 8b80 e000 
  0x000077163cbdf0f8: 0000 4d3b | c80f 842e | 0000 0045 | 8b58 144f | 3b04 190f | 8420 0000 | 0041 83fb | 200f 85a1 
  0x000077163cbdf118: 0000 0041 

  0x000077163cbdf11c: ;   {runtime_call slow_subtype_check Runtime1 stub}
  0x000077163cbdf11c: 5141 50e8 | 5c5c 1307 | 4159 4158 | 4585 c00f | 848b 0000 

  0x000077163cbdf130: ;   {metadata(method data for {method} {0x00006a6914791bb8} 'setLocalVariable' '(ILorg/apache/xpath/objects/XObject;)V' in 'org/apache/xpath/VariableStack')}
  0x000077163cbdf130: 0049 b910 | 2c82 1469 | 6a00 0044 | 8b41 0849 | ba00 0000 | 1f69 6a00 | 004d 03c2 | 4d3b 8148 
  0x000077163cbdf150: 0100 0075 | 0d49 8381 | 5001 0000 | 01e9 7100 | 0000 4d3b | 8158 0100 | 0075 0d49 | 8381 6001 
  0x000077163cbdf170: 0000 01e9 | 5b00 0000 | 4983 b948 | 0100 0000 | 7517 4d89 | 8148 0100 | 0049 c781 | 5001 0000 
  0x000077163cbdf190: 0100 0000 | e93a 0000 | 0049 83b9 | 5801 0000 | 0075 174d | 8981 5801 | 0000 49c7 | 8160 0100 
  0x000077163cbdf1b0: 0001 0000 | 00e9 1900 | 0000 eb17 

  0x000077163cbdf1bc: ;   {metadata(method data for {method} {0x00006a6914791bb8} 'setLocalVariable' '(ILorg/apache/xpath/objects/XObject;)V' in 'org/apache/xpath/VariableStack')}
  0x000077163cbdf1bc: 49b9 102c | 8214 696a | 0000 4983 | a938 0100 | 0001 e96f | 7200 0048 | 63f6 4c8b | d144 8954 
  0x000077163cbdf1dc: b210 8b94 | 240c 0200 | 00ff c248 

  0x000077163cbdf1e8: ;   {metadata(method data for {method} {0x00006a691455b320} 'transformSelectedNodes' '(Lorg/apache/xalan/transformer/TransformerImpl;)V' in 'org/apache/xalan/templates/ElemApplyTemplates')}
  0x000077163cbdf1e8: 8bf7 48b9 | 0080 8114 | 696a 0000 | 8b76 0849 | ba00 0000 | 1f69 6a00 | 0049 03f2 | 483b b1a8 
  0x000077163cbdf208: 1300 0075 | 0d48 8381 | b013 0000 | 01e9 6000 | 0000 483b | b1b8 1300 | 0075 0d48 | 8381 c013 
  0x000077163cbdf228: 0000 01e9 | 4a00 0000 | 4883 b9a8 | 1300 0000 | 7517 4889 | b1a8 1300 | 0048 c781 | b013 0000 
  0x000077163cbdf248: 0100 0000 | e929 0000 | 0048 83b9 | b813 0000 | 0075 1748 | 89b1 b813 | 0000 48c7 | 81c0 1300 
  0x000077163cbdf268: 0001 0000 | 00e9 0800 | 0000 4883 | 8198 1300 | 0001 8b77 

  0x000077163cbdf27c: ;   {metadata(method data for {method} {0x00006a691455b320} 'transformSelectedNodes' '(Lorg/apache/xalan/transformer/TransformerImpl;)V' in 'org/apache/xalan/templates/ElemApplyTemplates')}
  0x000077163cbdf27c: 4048 bf00 | 8081 1469 | 6a00 008b | 8ff8 0000 | 0083 c102 | 898f f800 | 0000 81e1 | fe3f 0000 
  0x000077163cbdf29c: 85c9 0f84 | a771 0000 | 4d8b 9770 

  0x000077163cbdf2a8: ; ImmutableOopMap {rbx=Oop rax=Oop rsi=Oop [224]=Oop [232]=Oop [240]=Oop [256]=Oop [280]=Oop [312]=Oop [344]=Oop [360]=Oop [368]=Oop [424]=Oop [432]=Oop [448]=Oop [504]=Oop }
                      ;*goto {reexecute=1 rethrow=0 return_oop=0}
                      ; - (reexecute) org.apache.xalan.templates.ElemApplyTemplates::transformSelectedNodes@723 (line 351)
                      ;   {poll}
  0x000077163cbdf2a8: 0700 0041 

  0x000077163cbdf2ac: ;   {metadata(method data for {method} {0x00006a691455b320} 'transformSelectedNodes' '(Lorg/apache/xalan/transformer/TransformerImpl;)V' in 'org/apache/xalan/templates/ElemApplyTemplates')}
  0x000077163cbdf2ac: 8502 48bf | 0080 8114 | 696a 0000 | ff87 d013 | 0000 488b | fe89 9424 | 0c02 0000 | e94b f8ff 
  0x000077163cbdf2cc: ff8b bc24 | 0802 0000 | 488b 8424 | 0001 0000 | 488b 9c24 | e800 0000 

  0x000077163cbdf2e4: ;   {metadata(method data for {method} {0x00006a691455b320} 'transformSelectedNodes' '(Lorg/apache/xalan/transformer/TransformerImpl;)V' in 'org/apache/xalan/templates/ElemApplyTemplates')}
  0x000077163cbdf2e4: 48ba 0080 | 8114 696a | 0000 ff82 | e813 0000 | 488b 9424 | f000 0000 | e91d 0000 | 0048 8b84 
  0x000077163cbdf304: 2400 0100 | 0048 8b9c | 24e8 0000 | 00bf 0000 | 0000 488b | 9424 f000 | 0000 488b 

  0x000077163cbdf320: ;   {metadata(method data for {method} {0x00006a691455b320} 'transformSelectedNodes' '(Lorg/apache/xalan/transformer/TransformerImpl;)V' in 'org/apache/xalan/templates/ElemApplyTemplates')}
  0x000077163cbdf320: f248 b900 | 8081 1469 | 6a00 0048 | 8381 1814 | 0000 010f | be72 1583 | e601 85f6 

  0x000077163cbdf33c: ;   {metadata(method data for {method} {0x00006a691455b320} 'transformSelectedNodes' '(Lorg/apache/xalan/transformer/TransformerImpl;)V' in 'org/apache/xalan/templates/ElemApplyTemplates')}
  0x000077163cbdf33c: 48be 0080 | 8114 696a | 0000 48c7 | c138 1400 | 0074 0748 | c7c1 4814 | 0000 4c8b | 040e 4d8d 
  0x000077163cbdf35c: 4001 4c89 | 040e 89bc | 2418 0200 | 000f 846d | 0000 0048 

  0x000077163cbdf370: ;   {metadata(method data for {method} {0x00006a691455b320} 'transformSelectedNodes' '(Lorg/apache/xalan/transformer/TransformerImpl;)V' in 'org/apache/xalan/templates/ElemApplyTemplates')}
  0x000077163cbdf370: 8bc2 48b9 | 0080 8114 | 696a 0000 

  0x000077163cbdf37c: ;   {metadata('org/apache/xalan/transformer/TransformerImpl')}
  0x000077163cbdf37c: 49ba c80c | 0c20 696a | 0000 4c89 | 9168 1400 | 0048 8381 | 7014 0000 | 018b 8284 | 0000 0048 
  0x000077163cbdf39c: 3b00 488b 

  0x000077163cbdf3a0: ;   {metadata(method data for {method} {0x00006a691455b320} 'transformSelectedNodes' '(Lorg/apache/xalan/transformer/TransformerImpl;)V' in 'org/apache/xalan/templates/ElemApplyTemplates')}
  0x000077163cbdf3a0: c849 b800 | 8081 1469 

  0x000077163cbdf3a8: ;   {metadata('org/apache/xalan/trace/TraceManager')}
  0x000077163cbdf3a8: 6a00 0049 | ba78 840e | 2069 6a00 | 004d 8990 | a014 0000 | 4983 80a8 | 1400 0001 | 488b 9424 
  0x000077163cbdf3c8: f801 0000 

  0x000077163cbdf3cc: ;   {optimized virtual_call}
  0x000077163cbdf3cc: 488b f0e8 

  0x000077163cbdf3d0: ; ImmutableOopMap {[224]=Oop [232]=Oop [240]=Oop [256]=Oop [280]=Oop [312]=Oop [344]=Oop [360]=Oop [368]=Oop [424]=Oop [432]=Oop [448]=Oop [504]=Oop }
                      ;*invokevirtual fireTraceEvent {reexecute=0 rethrow=0 return_oop=0}
                      ; - org.apache.xalan.templates.ElemApplyTemplates::transformSelectedNodes@745 (line 383)
  0x000077163cbdf3d0: ac5c 0807 

  0x000077163cbdf3d4: ;   {other}
  0x000077163cbdf3d4: 0f1f 8400 | 4459 0027 | 488b b424 | f801 0000 | 8b56 4448 | 89b4 24f8 | 0100 0090 | 488b bc24 
  0x000077163cbdf3f4: e000 0000 | 488b 9c24 | f000 0000 

  0x000077163cbdf400: ;   {metadata(method data for {method} {0x00006a691455b320} 'transformSelectedNodes' '(Lorg/apache/xalan/transformer/TransformerImpl;)V' in 'org/apache/xalan/templates/ElemApplyTemplates')}
  0x000077163cbdf400: 4885 d248 | b800 8081 | 1469 6a00 | 0048 c7c1 | c814 0000 | 7407 48c7 | c1d8 1400 | 004c 8b04 
  0x000077163cbdf420: 084d 8d40 | 014c 8904 | 080f 84e6 | 0300 0048 

  0x000077163cbdf430: ;   {metadata(method data for {method} {0x00006a691455b320} 'transformSelectedNodes' '(Lorg/apache/xalan/transformer/TransformerImpl;)V' in 'org/apache/xalan/templates/ElemApplyTemplates')}
  0x000077163cbdf430: 8bc7 48b9 | 0080 8114 | 696a 0000 | 4883 8100 | 1500 0001 

  0x000077163cbdf444: ;   {metadata(method data for {method} {0x00006a69146a7070} 'setSAXLocator' '(Ljavax/xml/transform/SourceLocator;)V' in 'org/apache/xpath/XPathContext')}
  0x000077163cbdf444: 48b8 4840 | 8014 696a | 0000 8b88 | f400 0000 | 83c1 0289 | 88f4 0000 | 0081 e1fe | ff1f 0085 
  0x000077163cbdf464: c90f 8406 | 7000 008b | 472c 483b | 0048 8bc8 

  0x000077163cbdf474: ;   {metadata(method data for {method} {0x00006a69146a7070} 'setSAXLocator' '(Ljavax/xml/transform/SourceLocator;)V' in 'org/apache/xpath/XPathContext')}
  0x000077163cbdf474: 49b8 4840 | 8014 696a | 0000 4983 | 8050 0100 

  0x000077163cbdf484: ;   {metadata(method data for {method} {0x00006a691476b150} 'setTop' '(Ljava/lang/Object;)V' in 'org/apache/xml/utils/ObjectStack')}
  0x000077163cbdf484: 0001 48b9 | 788b 7e14 | 696a 0000 | 448b 81f4 | 0000 0041 | 83c0 0244 | 8981 f400 | 0000 4181 
  0x000077163cbdf4a4: e0fe ff1f | 0045 85c0 | 0f84 e56f | 0000 8b48 | 188b 4010 | ffc8 3b41 | 0c0f 83ff | 6f00 0048 
  0x000077163cbdf4c4: 85d2 7517 

  0x000077163cbdf4c8: ;   {metadata(method data for {method} {0x00006a691476b150} 'setTop' '(Ljava/lang/Object;)V' in 'org/apache/xml/utils/ObjectStack')}
  0x000077163cbdf4c8: 49b9 788b | 7e14 696a | 0000 4180 | 8931 0100 | 0001 e902 | 0100 0044 | 8b41 0849 | ba00 0000 
  0x000077163cbdf4e8: 1f69 6a00 | 004d 03c2 | 448b 4a08 | 49ba 0000 | 001f 696a | 0000 4d03 | ca4d 8b80 | e000 0000 
  0x000077163cbdf508: 4d3b c80f | 842e 0000 | 0045 8b58 | 144f 3b04 | 190f 8420 | 0000 0041 | 83fb 200f | 85a1 0000 
  0x000077163cbdf528: 0041 5141 

  0x000077163cbdf52c: ;   {runtime_call slow_subtype_check Runtime1 stub}
  0x000077163cbdf52c: 50e8 4e58 | 1307 4159 | 4158 4585 | c00f 848b 

  0x000077163cbdf53c: ;   {metadata(method data for {method} {0x00006a691476b150} 'setTop' '(Ljava/lang/Object;)V' in 'org/apache/xml/utils/ObjectStack')}
  0x000077163cbdf53c: 0000 0049 | b978 8b7e | 1469 6a00 | 0044 8b42 | 0849 ba00 | 0000 1f69 | 6a00 004d | 03c2 4d3b 
  0x000077163cbdf55c: 8148 0100 | 0075 0d49 | 8381 5001 | 0000 01e9 | 7100 0000 | 4d3b 8158 | 0100 0075 | 0d49 8381 
  0x000077163cbdf57c: 6001 0000 | 01e9 5b00 | 0000 4983 | b948 0100 | 0000 7517 | 4d89 8148 | 0100 0049 | c781 5001 
  0x000077163cbdf59c: 0000 0100 | 0000 e93a | 0000 0049 | 83b9 5801 | 0000 0075 | 174d 8981 | 5801 0000 | 49c7 8160 
  0x000077163cbdf5bc: 0100 0001 | 0000 00e9 | 1900 0000 

  0x000077163cbdf5c8: ;   {metadata(method data for {method} {0x00006a691476b150} 'setTop' '(Ljava/lang/Object;)V' in 'org/apache/xml/utils/ObjectStack')}
  0x000077163cbdf5c8: eb17 49b9 | 788b 7e14 | 696a 0000 | 4983 a938 | 0100 0001 | e9f4 6e00 | 0048 63c0 | 4c8b d244 
  0x000077163cbdf5e8: 8954 8110 

  0x000077163cbdf5ec: ;   {metadata(method data for {method} {0x00006a691476b150} 'setTop' '(Ljava/lang/Object;)V' in 'org/apache/xml/utils/ObjectStack')}
  0x000077163cbdf5ec: 48b8 788b | 7e14 696a | 0000 ff80 | 7001 0000 

  0x000077163cbdf5fc: ;   {metadata(method data for {method} {0x00006a691455b320} 'transformSelectedNodes' '(Lorg/apache/xalan/transformer/TransformerImpl;)V' in 'org/apache/xalan/templates/ElemApplyTemplates')}
  0x000077163cbdf5fc: 488b c348 | b900 8081 | 1469 6a00 | 0048 8381 | 3815 0000 

  0x000077163cbdf610: ;   {metadata(method data for {method} {0x00006a6914655bb0} 'pushElemTemplateElement' '(Lorg/apache/xalan/templates/ElemTemplateElement;)V' in 'org/apache/xalan/transformer/TransformerImpl')}
  0x000077163cbdf610: 0148 b8e8 | a480 1469 | 6a00 008b | 88f4 0000 | 0083 c102 | 8988 f400 | 0000 81e1 | feff 1f00 
  0x000077163cbdf630: 85c9 0f84 | a66e 0000 | 8b43 4c48 | 3b00 488b 

  0x000077163cbdf640: ;   {metadata(method data for {method} {0x00006a6914655bb0} 'pushElemTemplateElement' '(Lorg/apache/xalan/templates/ElemTemplateElement;)V' in 'org/apache/xalan/transformer/TransformerImpl')}
  0x000077163cbdf640: c849 b8e8 | a480 1469 | 6a00 0049 | 8380 5001 | 0000 0148 | 8bca 488b | d148 8bf0 | 4889 8c24 
  0x000077163cbdf660: 2002 0000 

  0x000077163cbdf664: ;   {optimized virtual_call}
  0x000077163cbdf664: 6666 90e8 

  0x000077163cbdf668: ; ImmutableOopMap {[224]=Oop [232]=Oop [240]=Oop [256]=Oop [280]=Oop [312]=Oop [344]=Oop [360]=Oop [368]=Oop [424]=Oop [432]=Oop [448]=Oop [504]=Oop [544]=Oop }
                      ;*invokevirtual push {reexecute=0 rethrow=0 return_oop=0}
                      ; - org.apache.xalan.transformer.TransformerImpl::pushElemTemplateElement@5 (line 2624)
                      ; - org.apache.xalan.templates.ElemApplyTemplates::transformSelectedNodes@769 (line 394)
  0x000077163cbdf668: d40b 8907 

  0x000077163cbdf66c: ;   {other}
  0x000077163cbdf66c: 0f1f 8400 | dc5b 0028 | 488b 9424 | 2002 0000 

  0x000077163cbdf67c: ; implicit exception: dispatches to 0x000077163cbe6504
  0x000077163cbdf67c: 483b 0248 

  0x000077163cbdf680: ;   {metadata(method data for {method} {0x00006a691455b320} 'transformSelectedNodes' '(Lorg/apache/xalan/transformer/TransformerImpl;)V' in 'org/apache/xalan/templates/ElemApplyTemplates')}
  0x000077163cbdf680: 8bf2 48bf | 0080 8114 | 696a 0000 | 8b76 0849 | ba00 0000 | 1f69 6a00 | 0049 03f2 | 483b b768 
  0x000077163cbdf6a0: 1500 0075 | 0d48 8387 | 7015 0000 | 01e9 6000 | 0000 483b | b778 1500 | 0075 0d48 | 8387 8015 
  0x000077163cbdf6c0: 0000 01e9 | 4a00 0000 | 4883 bf68 | 1500 0000 | 7517 4889 | b768 1500 | 0048 c787 | 7015 0000 
  0x000077163cbdf6e0: 0100 0000 | e929 0000 | 0048 83bf | 7815 0000 | 0075 1748 | 89b7 7815 | 0000 48c7 | 8780 1500 
  0x000077163cbdf700: 0001 0000 | 00e9 0800 | 0000 4883 | 8758 1500 | 0001 488b | fa48 8b94 | 24f0 0000 | 0048 8bf7 
  0x000077163cbdf720: 4889 bc24 | 2002 0000 | 0f1f 4400 | 0048 b8ff | ffff ffff 

  0x000077163cbdf734: ;   {virtual_call}
  0x000077163cbdf734: ffff ffe8 

  0x000077163cbdf738: ; ImmutableOopMap {[224]=Oop [232]=Oop [240]=Oop [256]=Oop [280]=Oop [312]=Oop [344]=Oop [360]=Oop [368]=Oop [424]=Oop [432]=Oop [448]=Oop [504]=Oop [544]=Oop }
                      ;*invokevirtual execute {reexecute=0 rethrow=0 return_oop=0}
                      ; - org.apache.xalan.templates.ElemApplyTemplates::transformSelectedNodes@775 (line 395)
  0x000077163cbdf738: 0ca4 3907 

  0x000077163cbdf73c: ;   {other}
  0x000077163cbdf73c: 0f1f 8400 | ac5c 0029 | 488b 9424 | f000 0000 

  0x000077163cbdf74c: ;   {metadata(method data for {method} {0x00006a691455b320} 'transformSelectedNodes' '(Lorg/apache/xalan/transformer/TransformerImpl;)V' in 'org/apache/xalan/templates/ElemApplyTemplates')}
  0x000077163cbdf74c: 488b f248 | bf00 8081 | 1469 6a00 | 0048 8387 | f015 0000 

  0x000077163cbdf760: ;   {metadata(method data for {method} {0x00006a6914655c60} 'popElemTemplateElement' '()V' in 'org/apache/xalan/transformer/TransformerImpl')}
  0x000077163cbdf760: 0148 be18 | c580 1469 | 6a00 008b | bef4 0000 | 0083 c702 | 89be f400 | 0000 81e7 | feff 1f00 
  0x000077163cbdf780: 85ff 0f84 | 816d 0000 | 8b72 4c48 | 3b06 488b 

  0x000077163cbdf790: ;   {metadata(method data for {method} {0x00006a6914655c60} 'popElemTemplateElement' '()V' in 'org/apache/xalan/transformer/TransformerImpl')}
  0x000077163cbdf790: fe48 bb18 | c580 1469 | 6a00 0048 | 8383 5001 | 0000 010f 

  0x000077163cbdf7a4: ;   {optimized virtual_call}
  0x000077163cbdf7a4: 1f40 00e8 

  0x000077163cbdf7a8: ; ImmutableOopMap {[224]=Oop [232]=Oop [240]=Oop [256]=Oop [280]=Oop [312]=Oop [344]=Oop [360]=Oop [368]=Oop [424]=Oop [432]=Oop [448]=Oop [504]=Oop [544]=Oop }
                      ;*invokevirtual pop {reexecute=0 rethrow=0 return_oop=0}
                      ; - org.apache.xalan.transformer.TransformerImpl::popElemTemplateElement@4 (line 2632)
                      ; - org.apache.xalan.templates.ElemApplyTemplates::transformSelectedNodes@795 (line 399)
  0x000077163cbdf7a8: 143d 8907 

  0x000077163cbdf7ac: ;   {other}
  0x000077163cbdf7ac: 0f1f 8400 | 1c5d 002a 

  0x000077163cbdf7b4: ;   {metadata(method data for {method} {0x00006a691455b320} 'transformSelectedNodes' '(Lorg/apache/xalan/transformer/TransformerImpl;)V' in 'org/apache/xalan/templates/ElemApplyTemplates')}
  0x000077163cbdf7b4: 48ba 0080 | 8114 696a | 0000 ff82 | a815 0000 | 488b 9424 | 2002 0000 

  0x000077163cbdf7cc: ;   {metadata(method data for {method} {0x00006a691455b320} 'transformSelectedNodes' '(Lorg/apache/xalan/transformer/TransformerImpl;)V' in 'org/apache/xalan/templates/ElemApplyTemplates')}
  0x000077163cbdf7cc: 8b52 4048 | be00 8081 | 1469 6a00 | 008b bef8 | 0000 0083 | c702 89be | f800 0000 | 81e7 fe3f 
  0x000077163cbdf7ec: 0000 85ff | 0f84 396d | 0000 4d8b | 9770 0700 

  0x000077163cbdf7fc: ; ImmutableOopMap {rdx=Oop [224]=Oop [232]=Oop [240]=Oop [256]=Oop [280]=Oop [312]=Oop [344]=Oop [360]=Oop [368]=Oop [424]=Oop [432]=Oop [448]=Oop [504]=Oop }
                      ;*goto {reexecute=1 rethrow=0 return_oop=0}
                      ; - (reexecute) org.apache.xalan.templates.ElemApplyTemplates::transformSelectedNodes@807 (line 389)
                      ;   {poll}
  0x000077163cbdf7fc: 0041 8502 

  0x000077163cbdf800: ;   {metadata(method data for {method} {0x00006a691455b320} 'transformSelectedNodes' '(Lorg/apache/xalan/transformer/TransformerImpl;)V' in 'org/apache/xalan/templates/ElemApplyTemplates')}
  0x000077163cbdf800: 48be 0080 | 8114 696a | 0000 ff86 | 5016 0000 | e9db fbff | ff48 8bfb 

  0x000077163cbdf818: ;   {metadata(method data for {method} {0x00006a691455b320} 'transformSelectedNodes' '(Lorg/apache/xalan/transformer/TransformerImpl;)V' in 'org/apache/xalan/templates/ElemApplyTemplates')}
  0x000077163cbdf818: 488b f748 | bb00 8081 | 1469 6a00 | 0048 8383 | 8016 0000 | 010f be77 | 1583 e601 

  0x000077163cbdf834: ;   {metadata(method data for {method} {0x00006a691455b320} 'transformSelectedNodes' '(Lorg/apache/xalan/transformer/TransformerImpl;)V' in 'org/apache/xalan/templates/ElemApplyTemplates')}
  0x000077163cbdf834: 85f6 48be | 0080 8114 | 696a 0000 | 48c7 c3a0 | 1600 0074 | 0748 c7c3 | b016 0000 | 488b 041e 
  0x000077163cbdf854: 488d 4001 | 4889 041e | 4889 9424 | 2002 0000 | 0f84 6a00 | 0000 488b 

  0x000077163cbdf86c: ;   {metadata(method data for {method} {0x00006a691455b320} 'transformSelectedNodes' '(Lorg/apache/xalan/transformer/TransformerImpl;)V' in 'org/apache/xalan/templates/ElemApplyTemplates')}
  0x000077163cbdf86c: f748 bb00 | 8081 1469 

  0x000077163cbdf874: ;   {metadata('org/apache/xalan/transformer/TransformerImpl')}
  0x000077163cbdf874: 6a00 0049 | bac8 0c0c | 2069 6a00 | 004c 8993 | d016 0000 | 4883 83d8 | 1600 0001 | 8bb7 8400 
  0x000077163cbdf894: 0000 483b | 0648 8bde 

  0x000077163cbdf89c: ;   {metadata(method data for {method} {0x00006a691455b320} 'transformSelectedNodes' '(Lorg/apache/xalan/transformer/TransformerImpl;)V' in 'org/apache/xalan/templates/ElemApplyTemplates')}
  0x000077163cbdf89c: 48b8 0080 | 8114 696a 

  0x000077163cbdf8a4: ;   {metadata('org/apache/xalan/trace/TraceManager')}
  0x000077163cbdf8a4: 0000 49ba | 7884 0e20 | 696a 0000 | 4c89 9008 | 1700 0048 | 8380 1017 | 0000 0148 | 8b94 24f8 
  0x000077163cbdf8c4: ;   {optimized virtual_call}
  0x000077163cbdf8c4: 0100 00e8 

  0x000077163cbdf8c8: ; ImmutableOopMap {[224]=Oop [232]=Oop [240]=Oop [256]=Oop [280]=Oop [312]=Oop [344]=Oop [360]=Oop [368]=Oop [424]=Oop [432]=Oop [448]=Oop [504]=Oop [544]=Oop }
                      ;*invokevirtual fireTraceEndEvent {reexecute=0 rethrow=0 return_oop=0}
                      ; - org.apache.xalan.templates.ElemApplyTemplates::transformSelectedNodes@823 (line 404)
  0x000077163cbdf8c8: b457 0807 

  0x000077163cbdf8cc: ;   {other}
  0x000077163cbdf8cc: 0f1f 8400 | 3c5e 002c | 488b b424 | f801 0000 | 8b56 4c85 

  0x000077163cbdf8e0: ;   {metadata(method data for {method} {0x00006a691455b320} 'transformSelectedNodes' '(Lorg/apache/xalan/transformer/TransformerImpl;)V' in 'org/apache/xalan/templates/ElemApplyTemplates')}
  0x000077163cbdf8e0: d248 ba00 | 8081 1469 | 6a00 0048 | c7c7 3017 | 0000 7e07 | 48c7 c740 | 1700 0048 | 8b1c 3a48 
  0x000077163cbdf900: 8d5b 0148 | 891c 3a48 | 89b4 24f8 | 0100 000f | 8e87 0000 | 0048 8b9c | 2400 0100 

  0x000077163cbdf91c: ;   {metadata(method data for {method} {0x00006a691455b320} 'transformSelectedNodes' '(Lorg/apache/xalan/transformer/TransformerImpl;)V' in 'org/apache/xalan/templates/ElemApplyTemplates')}
  0x000077163cbdf91c: 0048 ba00 | 8081 1469 

  0x000077163cbdf924: ;   {metadata('org/apache/xpath/VariableStack')}
  0x000077163cbdf924: 6a00 0049 | baa8 de0e | 2069 6a00 | 004c 8992 | 6017 0000 | 4883 8268 | 1700 0001 | 8b94 2418 
  0x000077163cbdf944: 0200 0048 | 8bb4 2400 

  0x000077163cbdf94c: ;   {optimized virtual_call}
  0x000077163cbdf94c: 0100 00e8 

  0x000077163cbdf950: ; ImmutableOopMap {[224]=Oop [232]=Oop [240]=Oop [256]=Oop [280]=Oop [312]=Oop [344]=Oop [360]=Oop [368]=Oop [424]=Oop [432]=Oop [448]=Oop [504]=Oop [544]=Oop }
                      ;*invokevirtual unlink {reexecute=0 rethrow=0 return_oop=0}
                      ; - org.apache.xalan.templates.ElemApplyTemplates::transformSelectedNodes@838 (line 423)
  0x000077163cbdf950: ec82 9307 

  0x000077163cbdf954: ;   {other}
  0x000077163cbdf954: 0f1f 8400 | c45e 002d | 488b bc24 | e000 0000 

  0x000077163cbdf964: ;   {metadata(method data for {method} {0x00006a691455b320} 'transformSelectedNodes' '(Lorg/apache/xalan/transformer/TransformerImpl;)V' in 'org/apache/xalan/templates/ElemApplyTemplates')}
  0x000077163cbdf964: 48be 0080 | 8114 696a 

  0x000077163cbdf96c: ;   {metadata('org/apache/xpath/XPathContext')}
  0x000077163cbdf96c: 0000 49ba | 4815 0d20 | 696a 0000 | 4c89 9698 | 1700 0048 | 8386 a017 | 0000 0148 | 8bb4 24e0 
  0x000077163cbdf98c: ;   {optimized virtual_call}
  0x000077163cbdf98c: 0000 00e8 

  0x000077163cbdf990: ; ImmutableOopMap {[224]=Oop [232]=Oop [240]=Oop [256]=Oop [280]=Oop [312]=Oop [344]=Oop [360]=Oop [368]=Oop [424]=Oop [432]=Oop [448]=Oop [504]=Oop [544]=Oop }
                      ;*invokevirtual popRTFContext {reexecute=0 rethrow=0 return_oop=0}
                      ; - org.apache.xalan.templates.ElemApplyTemplates::transformSelectedNodes@842 (line 424)
  0x000077163cbdf990: ac9a 0c00 

  0x000077163cbdf994: ;   {other}
  0x000077163cbdf994: 0f1f 8400 | 045f 002e | 488b 9424 | f000 0000 

  0x000077163cbdf9a4: ;   {metadata(method data for {method} {0x00006a691455b320} 'transformSelectedNodes' '(Lorg/apache/xalan/transformer/TransformerImpl;)V' in 'org/apache/xalan/templates/ElemApplyTemplates')}
  0x000077163cbdf9a4: 488b f248 | bf00 8081 | 1469 6a00 | 0048 8387 | d817 0000 

  0x000077163cbdf9b8: ;   {metadata(method data for {method} {0x00006a6914656210} 'popCurrentMatched' '()V' in 'org/apache/xalan/transformer/TransformerImpl')}
  0x000077163cbdf9b8: 0148 be30 | d080 1469 | 6a00 008b | bef4 0000 | 0083 c702 | 89be f400 | 0000 81e7 | feff 1f00 
  0x000077163cbdf9d8: 85ff 0f84 | 756b 0000 | 8b72 5048 | 3b06 488b 

  0x000077163cbdf9e8: ;   {metadata(method data for {method} {0x00006a6914656210} 'popCurrentMatched' '()V' in 'org/apache/xalan/transformer/TransformerImpl')}
  0x000077163cbdf9e8: fe48 bb30 | d080 1469 | 6a00 0048 | 8383 5001 | 0000 010f 

  0x000077163cbdf9fc: ;   {optimized virtual_call}
  0x000077163cbdf9fc: 1f40 00e8 

  0x000077163cbdfa00: ; ImmutableOopMap {[224]=Oop [232]=Oop [240]=Oop [256]=Oop [280]=Oop [312]=Oop [344]=Oop [360]=Oop [368]=Oop [424]=Oop [432]=Oop [448]=Oop [504]=Oop [544]=Oop }
                      ;*invokevirtual pop {reexecute=0 rethrow=0 return_oop=0}
                      ; - org.apache.xalan.transformer.TransformerImpl::popCurrentMatched@4 (line 2738)
                      ; - org.apache.xalan.templates.ElemApplyTemplates::transformSelectedNodes@846 (line 427)
  0x000077163cbdfa00: bc05 8a07 

  0x000077163cbdfa04: ;   {other}
  0x000077163cbdfa04: 0f1f 8400 | 745f 002f | 488b 9424 | f000 0000 | 8b72 5448 | 3b06 488b 

  0x000077163cbdfa1c: ;   {metadata(method data for {method} {0x00006a6914656210} 'popCurrentMatched' '()V' in 'org/apache/xalan/transformer/TransformerImpl')}
  0x000077163cbdfa1c: fe48 bb30 | d080 1469 | 6a00 0048 | 8383 7001 

  0x000077163cbdfa2c: ;   {optimized virtual_call}
  0x000077163cbdfa2c: 0000 01e8 

  0x000077163cbdfa30: ; ImmutableOopMap {[224]=Oop [232]=Oop [240]=Oop [256]=Oop [280]=Oop [312]=Oop [344]=Oop [360]=Oop [368]=Oop [424]=Oop [432]=Oop [448]=Oop [504]=Oop [544]=Oop }
                      ;*invokevirtual pop {reexecute=0 rethrow=0 return_oop=0}
                      ; - org.apache.xalan.transformer.TransformerImpl::popCurrentMatched@12 (line 2739)
                      ; - org.apache.xalan.templates.ElemApplyTemplates::transformSelectedNodes@846 (line 427)
  0x000077163cbdfa30: 0c61 8b07 

  0x000077163cbdfa34: ;   {other}
  0x000077163cbdfa34: 0f1f 8400 | a45f 0030 

  0x000077163cbdfa3c: ;   {metadata(method data for {method} {0x00006a691455b320} 'transformSelectedNodes' '(Lorg/apache/xalan/transformer/TransformerImpl;)V' in 'org/apache/xalan/templates/ElemApplyTemplates')}
  0x000077163cbdfa3c: 48ba 0080 | 8114 696a | 0000 8b8a | f800 0000 | 83c1 0289 | 8af8 0000 | 0081 e1fe | 3f00 0085 
  0x000077163cbdfa5c: c90f 841d | 6b00 004d | 8b97 7007 

  0x000077163cbdfa68: ; ImmutableOopMap {[224]=Oop [232]=Oop [240]=Oop [256]=Oop [280]=Oop [312]=Oop [344]=Oop [360]=Oop [368]=Oop [424]=Oop [432]=Oop [448]=Oop [504]=Oop [544]=Oop }
                      ;*goto {reexecute=1 rethrow=0 return_oop=0}
                      ; - (reexecute) org.apache.xalan.templates.ElemApplyTemplates::transformSelectedNodes@849 (line 429)
                      ;   {poll}
  0x000077163cbdfa68: 0000 4185 

  0x000077163cbdfa6c: ;   {metadata(method data for {method} {0x00006a691455b320} 'transformSelectedNodes' '(Lorg/apache/xalan/transformer/TransformerImpl;)V' in 'org/apache/xalan/templates/ElemApplyTemplates')}
  0x000077163cbdfa6c: 0248 ba00 | 8081 1469 | 6a00 00ff | 82f8 1700 | 0048 8b8c | 24c0 0100 | 0048 898c | 24b8 0100 
  0x000077163cbdfa8c: 0048 8bbc | 2438 0100 | 00e9 36ce | ffff 4885 | c90f 8429 

  0x000077163cbdfaa0: ;   {metadata('org/apache/xml/dtm/ref/sax2dtm/SAX2DTM')}
  0x000077163cbdfaa0: 0000 0048 | bb48 bf0e | 2069 6a00 | 008b 7908 | 49ba 0000 | 001f 696a | 0000 4903 | fa48 3b5f 
  0x000077163cbdfac0: 500f 85da | 6a00 00e9 | 0000 0000 | 4c8b c14c 

  0x000077163cbdfad0: ;   {metadata(method data for {method} {0x00006a691455b320} 'transformSelectedNodes' '(Lorg/apache/xalan/transformer/TransformerImpl;)V' in 'org/apache/xalan/templates/ElemApplyTemplates')}
  0x000077163cbdfad0: 8bc1 48be | 0080 8114 | 696a 0000 | 458b 4008 | 49ba 0000 | 001f 696a | 0000 4d03 | c24c 3b86 
  0x000077163cbdfaf0: e80e 0000 | 750d 4883 | 86f0 0e00 | 0001 e960 | 0000 004c | 3b86 f80e | 0000 750d | 4883 8600 
  0x000077163cbdfb10: 0f00 0001 | e94a 0000 | 0048 83be | e80e 0000 | 0075 174c | 8986 e80e | 0000 48c7 | 86f0 0e00 
  0x000077163cbdfb30: 0001 0000 | 00e9 2900 | 0000 4883 | bef8 0e00 | 0000 7517 | 4c89 86f8 | 0e00 0048 | c786 000f 
  0x000077163cbdfb50: 0000 0100 | 0000 e908 | 0000 0048 | 8386 d80e | 0000 018b | 9424 a401 | 0000 488b | d948 8b8c 
  0x000077163cbdfb70: 2470 0100 | 0041 b800 | 0000 0048 | 8bf3 4889 | 9c24 c001 

  0x000077163cbdfb84: ;   {optimized virtual_call}
  0x000077163cbdfb84: 0000 90e8 

  0x000077163cbdfb88: ; ImmutableOopMap {[224]=Oop [232]=Oop [240]=Oop [256]=Oop [280]=Oop [312]=Oop [344]=Oop [360]=Oop [368]=Oop [424]=Oop [432]=Oop [448]=Oop [496]=Oop }
                      ;*invokeinterface dispatchCharactersEvents {reexecute=0 rethrow=0 return_oop=0}
                      ; - org.apache.xalan.templates.ElemApplyTemplates::transformSelectedNodes@517 (line 318)
  0x000077163cbdfb88: 547f 9007 

  0x000077163cbdfb8c: ;   {other}
  0x000077163cbdfb8c: 0f1f 8400 | fc60 0032 | 488b 9424 | f000 0000 

  0x000077163cbdfb9c: ;   {metadata(method data for {method} {0x00006a691455b320} 'transformSelectedNodes' '(Lorg/apache/xalan/transformer/TransformerImpl;)V' in 'org/apache/xalan/templates/ElemApplyTemplates')}
  0x000077163cbdfb9c: 48be 0080 | 8114 696a | 0000 4883 | 8628 0f00 

  0x000077163cbdfbac: ;   {metadata(method data for {method} {0x00006a6914656210} 'popCurrentMatched' '()V' in 'org/apache/xalan/transformer/TransformerImpl')}
  0x000077163cbdfbac: 0001 48be | 30d0 8014 | 696a 0000 | 8bbe f400 | 0000 83c7 | 0289 bef4 | 0000 0081 | e7fe ff1f 
  0x000077163cbdfbcc: 0085 ff0f | 84d1 6900 | 0048 8b94 | 24f0 0000 | 008b 7250 

  0x000077163cbdfbe0: ; implicit exception: dispatches to 0x000077163cbe65c7
  0x000077163cbdfbe0: 483b 0648 

  0x000077163cbdfbe4: ;   {metadata(method data for {method} {0x00006a6914656210} 'popCurrentMatched' '()V' in 'org/apache/xalan/transformer/TransformerImpl')}
  0x000077163cbdfbe4: 8bfe 48bb | 30d0 8014 | 696a 0000 | 4883 8350 | 0100 0001 | 0f1f 8000 

  0x000077163cbdfbfc: ;   {optimized virtual_call}
  0x000077163cbdfbfc: 0000 00e8 

  0x000077163cbdfc00: ; ImmutableOopMap {[224]=Oop [232]=Oop [240]=Oop [256]=Oop [280]=Oop [312]=Oop [344]=Oop [360]=Oop [368]=Oop [424]=Oop [432]=Oop [448]=Oop [496]=Oop }
                      ;*invokevirtual pop {reexecute=0 rethrow=0 return_oop=0}
                      ; - org.apache.xalan.transformer.TransformerImpl::popCurrentMatched@4 (line 2738)
                      ; - org.apache.xalan.templates.ElemApplyTemplates::transformSelectedNodes@523 (line 319)
  0x000077163cbdfc00: bc03 8a07 

  0x000077163cbdfc04: ;   {other}
  0x000077163cbdfc04: 0f1f 8400 | 7461 0033 | 488b 9424 | f000 0000 | 8b72 5448 | 3b06 488b 

  0x000077163cbdfc1c: ;   {metadata(method data for {method} {0x00006a6914656210} 'popCurrentMatched' '()V' in 'org/apache/xalan/transformer/TransformerImpl')}
  0x000077163cbdfc1c: fe48 bb30 | d080 1469 | 6a00 0048 | 8383 7001 

  0x000077163cbdfc2c: ;   {optimized virtual_call}
  0x000077163cbdfc2c: 0000 01e8 

  0x000077163cbdfc30: ; ImmutableOopMap {[224]=Oop [232]=Oop [240]=Oop [256]=Oop [280]=Oop [312]=Oop [344]=Oop [360]=Oop [368]=Oop [424]=Oop [432]=Oop [448]=Oop [496]=Oop }
                      ;*invokevirtual pop {reexecute=0 rethrow=0 return_oop=0}
                      ; - org.apache.xalan.transformer.TransformerImpl::popCurrentMatched@12 (line 2739)
                      ; - org.apache.xalan.templates.ElemApplyTemplates::transformSelectedNodes@523 (line 319)
  0x000077163cbdfc30: 0c5f 8b07 

  0x000077163cbdfc34: ;   {other}
  0x000077163cbdfc34: 0f1f 8400 | a461 0034 

  0x000077163cbdfc3c: ;   {metadata(method data for {method} {0x00006a691455b320} 'transformSelectedNodes' '(Lorg/apache/xalan/transformer/TransformerImpl;)V' in 'org/apache/xalan/templates/ElemApplyTemplates')}
  0x000077163cbdfc3c: 48ba 0080 | 8114 696a | 0000 8bb2 | f800 0000 | 83c6 0289 | b2f8 0000 | 0081 e6fe | 3f00 0085 
  0x000077163cbdfc5c: f60f 846e | 6900 004d | 8b97 7007 

  0x000077163cbdfc68: ; ImmutableOopMap {[224]=Oop [232]=Oop [240]=Oop [256]=Oop [280]=Oop [312]=Oop [344]=Oop [360]=Oop [368]=Oop [424]=Oop [432]=Oop [448]=Oop [496]=Oop }
                      ;*goto {reexecute=1 rethrow=0 return_oop=0}
                      ; - (reexecute) org.apache.xalan.templates.ElemApplyTemplates::transformSelectedNodes@526 (line 320)
                      ;   {poll}
  0x000077163cbdfc68: 0000 4185 

  0x000077163cbdfc6c: ;   {metadata(method data for {method} {0x00006a691455b320} 'transformSelectedNodes' '(Lorg/apache/xalan/transformer/TransformerImpl;)V' in 'org/apache/xalan/templates/ElemApplyTemplates')}
  0x000077163cbdfc6c: 0248 ba00 | 8081 1469 | 6a00 00ff | 8248 0f00 | 0048 8b8c | 24c0 0100 | 0048 898c | 24b8 0100 
  0x000077163cbdfc8c: 0048 8bbc | 2438 0100 | 00e9 36cc 

  0x000077163cbdfc98: ;   {metadata(method data for {method} {0x00006a691455b320} 'transformSelectedNodes' '(Lorg/apache/xalan/transformer/TransformerImpl;)V' in 'org/apache/xalan/templates/ElemApplyTemplates')}
  0x000077163cbdfc98: ffff 48ba | 0080 8114 | 696a 0000 | 8bb2 f800 | 0000 83c6 | 0289 b2f8 | 0000 0081 | e6fe 3f00 
  0x000077163cbdfcb8: 0085 f60f | 8431 6900 | 004d 8b97 

  0x000077163cbdfcc4: ; ImmutableOopMap {[224]=Oop [232]=Oop [240]=Oop [256]=Oop [280]=Oop [312]=Oop [344]=Oop [360]=Oop [368]=Oop [424]=Oop [432]=Oop [448]=Oop [496]=Oop }
                      ;*goto {reexecute=1 rethrow=0 return_oop=0}
                      ; - (reexecute) org.apache.xalan.templates.ElemApplyTemplates::transformSelectedNodes@539 (line 327)
  0x000077163cbdfcc4: 7007 0000 

  0x000077163cbdfcc8: ;   {poll}
  0x000077163cbdfcc8: 4185 0248 | ba00 8081 | 1469 6a00 | 00ff 82b0 | 0f00 0048 | 8b8c 24c0 | 0100 0048 | 898c 24b8 
  0x000077163cbdfce8: 0100 0048 | 8bbc 2438 | 0100 00e9 | d8cb ffff | 488b 8c24 | b801 0000 | 488b 9424 | f000 0000 
  0x000077163cbdfd08: ;   {metadata(method data for {method} {0x00006a691455b320} 'transformSelectedNodes' '(Lorg/apache/xalan/transformer/TransformerImpl;)V' in 'org/apache/xalan/templates/ElemApplyTemplates')}
  0x000077163cbdfd08: 488b f248 | bf00 8081 | 1469 6a00 | 0048 8387 | 2019 0000 | 010f be72 | 1583 e601 

  0x000077163cbdfd24: ;   {metadata(method data for {method} {0x00006a691455b320} 'transformSelectedNodes' '(Lorg/apache/xalan/transformer/TransformerImpl;)V' in 'org/apache/xalan/templates/ElemApplyTemplates')}
  0x000077163cbdfd24: 85f6 48be | 0080 8114 | 696a 0000 | 48c7 c740 | 1900 0074 | 0748 c7c7 | 5019 0000 | 488b 043e 
  0x000077163cbdfd44: 488d 4001 | 4889 043e | 4889 8c24 | b801 0000 | 0f84 0a07 | 0000 488b | b424 e800 | 0000 488b 
  0x000077163cbdfd64: ;   {metadata(method data for {method} {0x00006a691455b320} 'transformSelectedNodes' '(Lorg/apache/xalan/transformer/TransformerImpl;)V' in 'org/apache/xalan/templates/ElemApplyTemplates')}
  0x000077163cbdfd64: fa48 b800 | 8081 1469 

  0x000077163cbdfd6c: ;   {metadata('org/apache/xalan/transformer/TransformerImpl')}
  0x000077163cbdfd6c: 6a00 0049 | bac8 0c0c | 2069 6a00 | 004c 8990 | 7019 0000 | 4883 8078 | 1900 0001 | 8b9a 8400 
  0x000077163cbdfd8c: 0000 4889 | 9c24 4002 | 0000 6690 

  0x000077163cbdfd98: ;   {no_reloc}
  0x000077163cbdfd98: e985 6800 | 0000 0000 | 0000 4c8b | ce49 8b87 | b804 0000 | 488d 4818 | 483b c80f | 8273 6800 
  0x000077163cbdfdb8: 0049 3b8f | c004 0000 | 0f87 6668 | 0000 4989 | 8fb8 0400 | 0048 8bf8 | 48c1 ef06 | 49ba 0000 
  0x000077163cbdfdd8: 4098 696a | 0000 458a | 143a 488b | c848 c1e9 | 0348 83e1 | 0748 c7c7 | 0100 0000 | 48d3 e74c 
  0x000077163cbdfdf8: 0bd7 488b | f848 c1ef | 0648 b900 | 0040 9869 | 6a00 0044 | 8814 3949 | 8387 2802 | 0000 1849 
  0x000077163cbdfe18: 8387 2802 | 0000 0048 | c700 0100 | 0000 488b | ca49 ba00 | 0000 1f69 | 6a00 0049 | 2bca 8948 
  0x000077163cbdfe38: 0848 33c9 | 8948 0c48 | 33c9 4889 | 4810 4889 | 8424 3802 | 0000 418b | 7950 488b 

  0x000077163cbdfe54: ;   {metadata(method data for {method} {0x00006a691455b320} 'transformSelectedNodes' '(Lorg/apache/xalan/transformer/TransformerImpl;)V' in 'org/apache/xalan/templates/ElemApplyTemplates')}
  0x000077163cbdfe54: d048 b900 | 8081 1469 | 6a00 0048 | 8381 9819 

  0x000077163cbdfe64: ;   {metadata(method data for {method} {0x00006a691465bd20} '<init>' '(Lorg/apache/xpath/Expression;)V' in 'org/apache/xpath/XPath')}
  0x000077163cbdfe64: 0000 0148 | ba80 f381 | 1469 6a00 | 008b 8af4 | 0000 0083 | c102 898a | f400 0000 | 81e1 feff 
  0x000077163cbdfe84: 1f00 85c9 | 0f84 ab67 | 0000 488b 

  0x000077163cbdfe90: ;   {metadata(method data for {method} {0x00006a691465bd20} '<init>' '(Lorg/apache/xpath/Expression;)V' in 'org/apache/xpath/XPath')}
  0x000077163cbdfe90: d048 b980 | f381 1469 | 6a00 0048 | 8381 3801 

  0x000077163cbdfea0: ;   {metadata(method data for {method} {0x00006a691f4791f0} '<init>' '()V' in 'java/lang/Object')}
  0x000077163cbdfea0: 0000 0148 | bac0 7000 | 1469 6a00 | 008b 8af4 | 0000 0083 | c102 898a | f400 0000 | 81e1 feff 
  0x000077163cbdfec0: 1f00 85c9 | 0f84 9067 | 0000 488b 

  0x000077163cbdfecc: ;   {metadata(method data for {method} {0x00006a691465bd20} '<init>' '(Lorg/apache/xpath/Expression;)V' in 'org/apache/xpath/XPath')}
  0x000077163cbdfecc: d048 b980 | f381 1469 

  0x000077163cbdfed4: ;   {metadata('org/apache/xpath/XPath')}
  0x000077163cbdfed4: 6a00 0049 | ba88 130c | 2069 6a00 | 004c 8991 | 5801 0000 | 4883 8160 | 0100 0001 

  0x000077163cbdfef0: ;   {metadata(method data for {method} {0x00006a691465b688} 'setExpression' '(Lorg/apache/xpath/Expression;)V' in 'org/apache/xpath/XPath')}
  0x000077163cbdfef0: 48ba d82e | 7114 696a | 0000 8b8a | f400 0000 | 83c1 0289 | 8af4 0000 | 0081 e1fe | ff1f 0085 
  0x000077163cbdff10: c90f 8464 | 6700 008b | 500c 4885 

  0x000077163cbdff1c: ;   {metadata(method data for {method} {0x00006a691465b688} 'setExpression' '(Lorg/apache/xpath/Expression;)V' in 'org/apache/xpath/XPath')}
  0x000077163cbdff1c: d248 b9d8 | 2e71 1469 | 6a00 0048 | c7c6 3801 | 0000 7407 | 48c7 c648 | 0100 004c | 8b2c 314d 
  0x000077163cbdff3c: 8d6d 014c | 892c 310f | 8482 0200 | 0048 3b02 

  0x000077163cbdff4c: ;   {metadata(method data for {method} {0x00006a691465b688} 'setExpression' '(Lorg/apache/xpath/Expression;)V' in 'org/apache/xpath/XPath')}
  0x000077163cbdff4c: 488b ca48 | bed8 2e71 | 1469 6a00 | 008b 4908 | 49ba 0000 | 001f 696a | 0000 4903 | ca48 3b8e 
  0x000077163cbdff6c: 6801 0000 | 750d 4883 | 8670 0100 | 0001 e960 | 0000 0048 | 3b8e 7801 | 0000 750d | 4883 8680 
  0x000077163cbdff8c: 0100 0001 | e94a 0000 | 0048 83be | 6801 0000 | 0075 1748 | 898e 6801 | 0000 48c7 | 8670 0100 
  0x000077163cbdffac: 0001 0000 | 00e9 2900 | 0000 4883 | be78 0100 | 0000 7517 | 4889 8e78 | 0100 0048 | c786 8001 
  0x000077163cbdffcc: 0000 0100 | 0000 e908 | 0000 0048 | 8386 5801 | 0000 0144 | 8b6a 0c48 | 3b07 488b 

  0x000077163cbdffe8: ;   {metadata(method data for {method} {0x00006a691465b688} 'setExpression' '(Lorg/apache/xpath/Expression;)V' in 'org/apache/xpath/XPath')}
  0x000077163cbdffe8: d748 b9d8 | 2e71 1469 | 6a00 008b | 5208 49ba | 0000 001f | 696a 0000 | 4903 d248 | 3b91 a001 
  0x000077163cbe0008: 0000 750d | 4883 81a8 | 0100 0001 | e960 0000 | 0048 3b91 | b001 0000 | 750d 4883 | 81b8 0100 
  0x000077163cbe0028: 0001 e94a | 0000 0048 | 83b9 a001 | 0000 0075 | 1748 8991 | a001 0000 | 48c7 81a8 | 0100 0001 
  0x000077163cbe0048: 0000 00e9 | 2900 0000 | 4883 b9b0 | 0100 0000 | 7517 4889 | 91b0 0100 | 0048 c781 | b801 0000 
  0x000077163cbe0068: 0100 0000 | e908 0000 | 0048 8381 | 9001 0000 

  0x000077163cbe0078: ;   {metadata(method data for {method} {0x00006a69144cf1c8} 'exprSetParent' '(Lorg/apache/xpath/ExpressionNode;)V' in 'org/apache/xpath/Expression')}
  0x000077163cbe0078: 0148 ba48 | e36f 1469 | 6a00 008b | 8af4 0000 | 0083 c102 | 898a f400 | 0000 81e1 | feff 1f00 
  0x000077163cbe0098: 85c9 0f84 | 0666 0000 

  0x000077163cbe00a0: ;   {metadata(method data for {method} {0x00006a69144cf1c8} 'exprSetParent' '(Lorg/apache/xpath/ExpressionNode;)V' in 'org/apache/xpath/Expression')}
  0x000077163cbe00a0: 4c3b ef48 | ba48 e36f | 1469 6a00 | 0048 c7c1 | 3801 0000 | 7407 48c7 | c148 0100 | 0048 8b34 
  0x000077163cbe00c0: 0a48 8d76 | 0148 8934 | 0a0f 841a 

  0x000077163cbe00cc: ;   {metadata(method data for {method} {0x00006a69144cf1c8} 'exprSetParent' '(Lorg/apache/xpath/ExpressionNode;)V' in 'org/apache/xpath/Expression')}
  0x000077163cbe00cc: 0000 0048 | ba48 e36f | 1469 6a00 | 00ff 8258 | 0100 00ba | 0100 0000 | e905 0000 | 00ba 0000 
  0x000077163cbe00ec: 0000 4c89 | ac24 2802 | 0000 4c8b 

  0x000077163cbe00f8: ;   {metadata(method data for {method} {0x00006a69144cf1c8} 'exprSetParent' '(Lorg/apache/xpath/ExpressionNode;)V' in 'org/apache/xpath/Expression')}
  0x000077163cbe00f8: cf49 bb48 | e36f 1469 | 6a00 0045 | 8b49 0849 | ba00 0000 | 1f69 6a00 | 004d 03ca | 4d3b 8b80 
  0x000077163cbe0118: 0100 0075 | 0d49 8383 | 8801 0000 | 01e9 6000 | 0000 4d3b | 8b90 0100 | 0075 0d49 | 8383 9801 
  0x000077163cbe0138: 0000 01e9 | 4a00 0000 | 4983 bb80 | 0100 0000 | 7517 4d89 | 8b80 0100 | 0049 c783 | 8801 0000 
  0x000077163cbe0158: 0100 0000 | e929 0000 | 0049 83bb | 9001 0000 | 0075 174d | 898b 9001 | 0000 49c7 | 8398 0100 
  0x000077163cbe0178: 0001 0000 | 00e9 0800 | 0000 4983 | 8370 0100 

  0x000077163cbe0188: ;   {oop("Can not parent an expression to itself!"{0x0000000040f27960})}
  0x000077163cbe0188: 0001 48b9 | 6079 f240 | 0000 0000 | 488b f748 | 89bc 2430 

  0x000077163cbe019c: ;   {optimized virtual_call}
  0x000077163cbe019c: 0200 00e8 

  0x000077163cbe01a0: ; ImmutableOopMap {[224]=Oop [232]=Oop [240]=Oop [256]=Oop [280]=Oop [312]=Oop [344]=Oop [360]=Oop [368]=Oop [424]=Oop [432]=Oop [440]=Oop [552]=Oop [560]=Oop [568]=Oop [576]=Oop }
                      ;*invokevirtual assertion {reexecute=0 rethrow=0 return_oop=0}
                      ; - org.apache.xpath.Expression::exprSetParent@13 (line 476)
                      ; - org.apache.xpath.XPath::setExpression@16 (line 100)
                      ; - org.apache.xpath.XPath::<init>@11 (line 278)
                      ; - org.apache.xalan.templates.ElemApplyTemplates::transformSelectedNodes@917 (line 438)
  0x000077163cbe01a0: dc4e 0807 

  0x000077163cbe01a4: ;   {other}
  0x000077163cbe01a4: 0f1f 8400 | 1467 0037 | 4c8b ac24 | 2802 0000 | 488b bc24 | 3002 0000 | 4d8b d544 | 8957 0c48 
  0x000077163cbe01c4: 8b84 2438 | 0200 004c | 8bd7 4489 | 500c 488b 

  0x000077163cbe01d4: ;   {metadata(method data for {method} {0x00006a691465bd20} '<init>' '(Lorg/apache/xpath/Expression;)V' in 'org/apache/xpath/XPath')}
  0x000077163cbe01d4: d048 be80 | f381 1469 | 6a00 0048 | 8386 8001 

  0x000077163cbe01e4: ;   {metadata(method data for {method} {0x00006a691465b448} 'initFunctionTable' '()V' in 'org/apache/xpath/XPath')}
  0x000077163cbe01e4: 0000 0148 | ba58 f581 | 1469 6a00 | 008b b2f4 | 0000 0083 | c602 89b2 | f400 0000 | 81e6 feff 
  0x000077163cbe0204: 1f00 85f6 | 0f84 b964 

  0x000077163cbe020c: ;   {metadata('org/apache/xpath/compiler/FunctionTable')}
  0x000077163cbe020c: 0000 48ba | 58d2 0120 | 696a 0000 | 498b 87b8 | 0400 0048 | 8d48 1848 | 3bc8 0f82 | bc64 0000 
  0x000077163cbe022c: 493b 8fc0 | 0400 000f | 87af 6400 | 0049 898f | b804 0000 | 488b f848 | c1ef 0649 | ba00 0040 
  0x000077163cbe024c: 9869 6a00 | 0045 8a14 | 3a48 8bc8 | 48c1 e903 | 4883 e107 | 48c7 c701 | 0000 0048 | d3e7 4c0b 
  0x000077163cbe026c: d748 8bf8 | 48c1 ef06 | 48b9 0000 | 4098 696a | 0000 4488 | 1439 4983 | 8728 0200 | 0018 4983 
  0x000077163cbe028c: 8728 0200 | 0000 48c7 | 0001 0000 | 0048 8bca | 49ba 0000 | 001f 696a | 0000 492b | ca89 4808 
  0x000077163cbe02ac: 4833 c989 | 480c 4833 | c948 8948 | 1048 8bf0 

  0x000077163cbe02bc: ;   {metadata(method data for {method} {0x00006a691465b448} 'initFunctionTable' '()V' in 'org/apache/xpath/XPath')}
  0x000077163cbe02bc: 48bf 58f5 | 8114 696a | 0000 4883 | 8738 0100 | 0001 488b | f048 8984 | 2448 0200 | 0066 0f1f 
  0x000077163cbe02dc: ;   {optimized virtual_call}
  0x000077163cbe02dc: 4400 00e8 

  0x000077163cbe02e0: ; ImmutableOopMap {[224]=Oop [232]=Oop [240]=Oop [256]=Oop [280]=Oop [312]=Oop [344]=Oop [360]=Oop [368]=Oop [424]=Oop [432]=Oop [440]=Oop [568]=Oop [576]=Oop [584]=Oop }
                      ;*invokespecial <init> {reexecute=0 rethrow=0 return_oop=0}
                      ; - org.apache.xpath.XPath::initFunctionTable@5 (line 62)
                      ; - org.apache.xpath.XPath::<init>@15 (line 279)
                      ; - org.apache.xalan.templates.ElemApplyTemplates::transformSelectedNodes@917 (line 438)
  0x000077163cbe02e0: 9c4d 0807 

  0x000077163cbe02e4: ;   {other}
  0x000077163cbe02e4: 0f1f 8400 | 5468 0038 | 488b 9424 | 4802 0000 | 488b 8424 | 3802 0000 | 4c8b d244 | 8950 100f 
  0x000077163cbe0304: 1f44 0000 

  0x000077163cbe0308: ;   {no_reloc}
  0x000077163cbe0308: e9f7 6300 | 0000 0000 | 0000 498b | 87b8 0400 | 0048 8d48 | 2848 3bc8 | 0f82 e863 | 0000 493b 
  0x000077163cbe0328: 8fc0 0400 | 000f 87db | 6300 0049 | 898f b804 | 0000 488b | f848 c1ef | 0649 ba00 | 0040 9869 
  0x000077163cbe0348: 6a00 0045 | 8a14 3a48 | 8bc8 48c1 | e903 4883 | e107 48c7 | c701 0000 | 0048 d3e7 | 4c0b d748 
  0x000077163cbe0368: 8bf8 48c1 | ef06 48b9 | 0000 4098 | 696a 0000 | 4488 1439 | 4983 8728 | 0200 0028 | 4983 8728 
  0x000077163cbe0388: 0200 0000 | 48c7 0001 | 0000 0048 | 8bca 49ba | 0000 001f | 696a 0000 | 492b ca89 | 4808 4833 
  0x000077163cbe03a8: c989 480c | 4833 c948 | 8948 1048 | 8948 1848 | 8948 2048 

  0x000077163cbe03bc: ;   {metadata(method data for {method} {0x00006a691455b320} 'transformSelectedNodes' '(Lorg/apache/xalan/transformer/TransformerImpl;)V' in 'org/apache/xalan/templates/ElemApplyTemplates')}
  0x000077163cbe03bc: 8bd0 48be | 0080 8114 | 696a 0000 | 4883 86a8 | 1900 0001 | 488b 9424 | 3801 0000 | 488b f048 
  0x000077163cbe03dc: 8984 2450 | 0200 000f 

  0x000077163cbe03e4: ;   {optimized virtual_call}
  0x000077163cbe03e4: 1f40 00e8 

  0x000077163cbe03e8: ; ImmutableOopMap {[224]=Oop [232]=Oop [240]=Oop [256]=Oop [280]=Oop [312]=Oop [344]=Oop [360]=Oop [368]=Oop [424]=Oop [432]=Oop [440]=Oop [568]=Oop [576]=Oop [592]=Oop }
                      ;*invokespecial <init> {reexecute=0 rethrow=0 return_oop=0}
                      ; - org.apache.xalan.templates.ElemApplyTemplates::transformSelectedNodes@926 (line 438)
  0x000077163cbe03e8: 944c 0807 

  0x000077163cbe03ec: ;   {other}
  0x000077163cbe03ec: 0f1f 8400 | 5c69 0039 | 488b 9c24 | 4002 0000 

  0x000077163cbe03fc: ; implicit exception: dispatches to 0x000077163cbe671b
  0x000077163cbe03fc: 483b 0348 

  0x000077163cbe0400: ;   {metadata(method data for {method} {0x00006a691455b320} 'transformSelectedNodes' '(Lorg/apache/xalan/transformer/TransformerImpl;)V' in 'org/apache/xalan/templates/ElemApplyTemplates')}
  0x000077163cbe0400: 8bd3 48b9 | 0080 8114 | 696a 0000 

  0x000077163cbe040c: ;   {metadata('org/apache/xalan/trace/TraceManager')}
  0x000077163cbe040c: 49ba 7884 | 0e20 696a | 0000 4c89 | 91c8 1900 | 0048 8381 | d019 0000 

  0x000077163cbe0424: ;   {oop("select"{0x0000000040ab07b8})}
  0x000077163cbe0424: 0149 b8b8 | 07ab 4000 | 0000 008b | 9424 f800 | 0000 488b | 8c24 e800 | 0000 4c8b | 8c24 3802 
  0x000077163cbe0444: 0000 488b | bc24 5002 | 0000 488b | f366 0f1f 

  0x000077163cbe0454: ;   {optimized virtual_call}
  0x000077163cbe0454: 4400 00e8 

  0x000077163cbe0458: ; ImmutableOopMap {[224]=Oop [232]=Oop [240]=Oop [256]=Oop [280]=Oop [312]=Oop [344]=Oop [360]=Oop [368]=Oop [424]=Oop [432]=Oop [440]=Oop }
                      ;*invokevirtual fireSelectedEndEvent {reexecute=0 rethrow=0 return_oop=0}
                      ; - org.apache.xalan.templates.ElemApplyTemplates::transformSelectedNodes@929 (line 438)
  0x000077163cbe0458: 244c 0807 

  0x000077163cbe045c: ;   {other}
  0x000077163cbe045c: 0f1f 8400 | cc69 003a | 8b8c 24fc | 0000 0085 

  0x000077163cbe046c: ;   {metadata(method data for {method} {0x00006a691455b320} 'transformSelectedNodes' '(Lorg/apache/xalan/transformer/TransformerImpl;)V' in 'org/apache/xalan/templates/ElemApplyTemplates')}
  0x000077163cbe046c: c948 ba00 | 8081 1469 | 6a00 0048 | c7c6 f019 | 0000 7e07 | 48c7 c600 | 1a00 0048 | 8b3c 3248 
  0x000077163cbe048c: 8d7f 0148 | 893c 3289 | 8c24 fc00 | 0000 0f8e | 4c00 0000 | 488b 9c24 | 0001 0000 

  0x000077163cbe04a8: ;   {metadata(method data for {method} {0x00006a691455b320} 'transformSelectedNodes' '(Lorg/apache/xalan/transformer/TransformerImpl;)V' in 'org/apache/xalan/templates/ElemApplyTemplates')}
  0x000077163cbe04a8: 48ba 0080 | 8114 696a 

  0x000077163cbe04b0: ;   {metadata('org/apache/xpath/VariableStack')}
  0x000077163cbe04b0: 0000 49ba | a8de 0e20 | 696a 0000 | 4c89 9220 | 1a00 0048 | 8382 281a | 0000 018b | 9424 1001 
  0x000077163cbe04d0: 0000 488b | b424 0001 | 0000 0f1f 

  0x000077163cbe04dc: ;   {optimized virtual_call}
  0x000077163cbe04dc: 4400 00e8 

  0x000077163cbe04e0: ; ImmutableOopMap {[224]=Oop [232]=Oop [240]=Oop [256]=Oop [280]=Oop [312]=Oop [344]=Oop [360]=Oop [368]=Oop [424]=Oop [432]=Oop [440]=Oop }
                      ;*invokevirtual unlink {reexecute=0 rethrow=0 return_oop=0}
                      ; - org.apache.xalan.templates.ElemApplyTemplates::transformSelectedNodes@941 (line 444)
  0x000077163cbe04e0: 9c4b 0807 

  0x000077163cbe04e4: ;   {other}
  0x000077163cbe04e4: 0f1f 8400 | 546a 003b | 488b bc24 | e000 0000 

  0x000077163cbe04f4: ;   {metadata(method data for {method} {0x00006a691455b320} 'transformSelectedNodes' '(Lorg/apache/xalan/transformer/TransformerImpl;)V' in 'org/apache/xalan/templates/ElemApplyTemplates')}
  0x000077163cbe04f4: 488b f748 | bb00 8081 | 1469 6a00 | 0048 8383 | 601a 0000 

  0x000077163cbe0508: ;   {metadata(method data for {method} {0x00006a69146a7290} 'popSAXLocator' '()V' in 'org/apache/xpath/XPathContext')}
  0x000077163cbe0508: 0148 be60 | be80 1469 | 6a00 008b | 9ef4 0000 | 0083 c302 | 899e f400 | 0000 81e3 | feff 1f00 
  0x000077163cbe0528: 85db 0f84 | f061 0000 | 8b77 2c48 | 3b06 488b 

  0x000077163cbe0538: ;   {metadata(method data for {method} {0x00006a69146a7290} 'popSAXLocator' '()V' in 'org/apache/xpath/XPathContext')}
  0x000077163cbe0538: de48 b860 | be80 1469 | 6a00 0048 | 8380 5001 | 0000 010f 

  0x000077163cbe054c: ;   {optimized virtual_call}
  0x000077163cbe054c: 1f40 00e8 

  0x000077163cbe0550: ; ImmutableOopMap {[224]=Oop [232]=Oop [240]=Oop [256]=Oop [280]=Oop [312]=Oop [344]=Oop [360]=Oop [368]=Oop [424]=Oop [432]=Oop [440]=Oop }
                      ;*invokevirtual pop {reexecute=0 rethrow=0 return_oop=0}
                      ; - org.apache.xpath.XPathContext::popSAXLocator@4 (line 434)
                      ; - org.apache.xalan.templates.ElemApplyTemplates::transformSelectedNodes@945 (line 445)
  0x000077163cbe0550: 6c2f 8907 

  0x000077163cbe0554: ;   {other}
  0x000077163cbe0554: 0f1f 8400 | c46a 003c 

  0x000077163cbe055c: ;   {metadata(method data for {method} {0x00006a691455b320} 'transformSelectedNodes' '(Lorg/apache/xalan/transformer/TransformerImpl;)V' in 'org/apache/xalan/templates/ElemApplyTemplates')}
  0x000077163cbe055c: 48b8 0080 | 8114 696a | 0000 ff80 | 901a 0000 | 488b bc24 | e000 0000 

  0x000077163cbe0574: ;   {metadata(method data for {method} {0x00006a691455b320} 'transformSelectedNodes' '(Lorg/apache/xalan/transformer/TransformerImpl;)V' in 'org/apache/xalan/templates/ElemApplyTemplates')}
  0x000077163cbe0574: 488b c748 | ba00 8081 | 1469 6a00 | 0048 8382 | a01a 0000 

  0x000077163cbe0588: ;   {metadata(method data for {method} {0x00006a69146a8000} 'popContextNodeList' '()V' in 'org/apache/xpath/XPathContext')}
  0x000077163cbe0588: 0148 b878 | 0c82 1469 | 6a00 008b | 90f4 0000 | 0083 c202 | 8990 f400 | 0000 81e2 | feff 1f00 
  0x000077163cbe05a8: 85d2 0f84 | 9661 0000 | 8b57 5048 | 3b02 488b 

  0x000077163cbe05b8: ;   {metadata(method data for {method} {0x00006a69146a8000} 'popContextNodeList' '()V' in 'org/apache/xpath/XPathContext')}
  0x000077163cbe05b8: c248 be78 | 0c82 1469 | 6a00 008b | 4008 49ba | 0000 001f | 696a 0000 | 4903 c248 | 3b86 4801 
  0x000077163cbe05d8: 0000 750d | 4883 8650 | 0100 0001 | e960 0000 | 0048 3b86 | 5801 0000 | 750d 4883 | 8660 0100 
  0x000077163cbe05f8: 0001 e94a | 0000 0048 | 83be 4801 | 0000 0075 | 1748 8986 | 4801 0000 | 48c7 8650 | 0100 0001 
  0x000077163cbe0618: 0000 00e9 | 2900 0000 | 4883 be58 | 0100 0000 | 7517 4889 | 8658 0100 | 0048 c786 | 6001 0000 
  0x000077163cbe0638: 0100 0000 | e908 0000 | 0048 8386 | 3801 0000 | 0148 8db4 | 24d8 0300 | 0048 8956 | 0848 8b02 
  0x000077163cbe0658: 4883 c801 | 4889 06f0 | 480f b132 | 0f84 1200 | 0000 482b | c448 2507 | f0ff ff48 | 8906 0f85 
  0x000077163cbe0678: f060 0000 | 49ff 8768 

  0x000077163cbe0680: ;   {metadata(method data for {method} {0x00006a69140fff10} 'isEmpty' '()Z' in 'java/util/Vector')}
  0x000077163cbe0680: 0800 0048 | b820 061f | 1469 6a00 | 008b b0f4 | 0000 0083 | c602 89b0 | f400 0000 | 81e6 feff 
  0x000077163cbe06a0: 1f00 85f6 | 0f84 d560 | 0000 8b42 

  0x000077163cbe06ac: ;   {metadata(method data for {method} {0x00006a69140fff10} 'isEmpty' '()Z' in 'java/util/Vector')}
  0x000077163cbe06ac: 1085 c048 | b820 061f | 1469 6a00 | 0048 c7c2 | 3801 0000 | 7507 48c7 | c248 0100 | 0048 8b34 
  0x000077163cbe06cc: 1048 8d76 | 0148 8934 | 100f 851a 

  0x000077163cbe06d8: ;   {metadata(method data for {method} {0x00006a69140fff10} 'isEmpty' '()Z' in 'java/util/Vector')}
  0x000077163cbe06d8: 0000 0048 | b820 061f | 1469 6a00 | 00ff 8058 | 0100 00b8 | 0100 0000 | e905 0000 | 00b8 0000 
  0x000077163cbe06f8: 0000 488b | d083 e201 | 488d 8424 | d803 0000 | 488b 3048 | 85f6 0f84 | 0f00 0000 | 488b 5808 
  0x000077163cbe0718: f048 0fb1 | 330f 857d | 6000 0049 | ff8f 6808 | 0000 85d2 

  0x000077163cbe072c: ;   {metadata(method data for {method} {0x00006a69146a8000} 'popContextNodeList' '()V' in 'org/apache/xpath/XPathContext')}
  0x000077163cbe072c: 48ba 780c | 8214 696a | 0000 48c7 | c670 0100 | 0074 0748 | c7c6 8001 | 0000 488b | 1c32 488d 
  0x000077163cbe074c: 5b01 4889 | 1c32 0f84 | d100 0000 

  0x000077163cbe0758: ;   {oop(a 'java/lang/Class'{0x0000000040001608} = 'java/lang/System')}
  0x000077163cbe0758: 48ba 0816 | 0040 0000 | 0000 8b72 | 7848 3b06 

  0x000077163cbe0768: ;   {metadata(method data for {method} {0x00006a69146a8000} 'popContextNodeList' '()V' in 'org/apache/xpath/XPathContext')}
  0x000077163cbe0768: 488b d648 | bb78 0c82 | 1469 6a00 | 008b 5208 | 49ba 0000 | 001f 696a | 0000 4903 | d248 3b93 
  0x000077163cbe0788: a001 0000 | 750d 4883 | 83a8 0100 | 0001 e960 | 0000 0048 | 3b93 b001 | 0000 750d | 4883 83b8 
  0x000077163cbe07a8: 0100 0001 | e94a 0000 | 0048 83bb | a001 0000 | 0075 1748 | 8993 a001 | 0000 48c7 | 83a8 0100 
  0x000077163cbe07c8: 0001 0000 | 00e9 2900 | 0000 4883 | bbb0 0100 | 0000 7517 | 4889 93b0 | 0100 0048 | c783 b801 
  0x000077163cbe07e8: 0000 0100 | 0000 e908 | 0000 0048 | 8383 9001 

  0x000077163cbe07f8: ;   {oop("Warning: popContextNodeList when stack is empty!"{0x00000000408802c8})}
  0x000077163cbe07f8: 0000 0148 | bac8 0288 | 4000 0000 

  0x000077163cbe0804: ;   {optimized virtual_call}
  0x000077163cbe0804: 0066 90e8 

  0x000077163cbe0808: ; ImmutableOopMap {[224]=Oop [232]=Oop [240]=Oop [256]=Oop [280]=Oop [312]=Oop [344]=Oop [360]=Oop [368]=Oop [424]=Oop [432]=Oop [440]=Oop }
                      ;*invokevirtual println {reexecute=0 rethrow=0 return_oop=0}
                      ; - org.apache.xpath.XPathContext::popContextNodeList@15 (line 707)
                      ; - org.apache.xalan.templates.ElemApplyTemplates::transformSelectedNodes@954 (line 446)
  0x000077163cbe0808: 7448 0807 

  0x000077163cbe080c: ;   {other}
  0x000077163cbe080c: 0f1f 8400 | 7c6d 003d 

  0x000077163cbe0814: ;   {metadata(method data for {method} {0x00006a69146a8000} 'popContextNodeList' '()V' in 'org/apache/xpath/XPathContext')}
  0x000077163cbe0814: 48be 780c | 8214 696a | 0000 ff86 | c801 0000 | e92b 0000 | 008b 7750 

  0x000077163cbe082c: ; implicit exception: dispatches to 0x000077163cbe67bb
  0x000077163cbe082c: 483b 0648 

  0x000077163cbe0830: ;   {metadata(method data for {method} {0x00006a69146a8000} 'popContextNodeList' '()V' in 'org/apache/xpath/XPathContext')}
  0x000077163cbe0830: 8bde 48b8 | 780c 8214 | 696a 0000 | 4883 80f8 | 0100 0001 

  0x000077163cbe0844: ;   {optimized virtual_call}
  0x000077163cbe0844: 6666 90e8 

  0x000077163cbe0848: ; ImmutableOopMap {[224]=Oop [232]=Oop [240]=Oop [256]=Oop [280]=Oop [312]=Oop [344]=Oop [360]=Oop [368]=Oop [424]=Oop [432]=Oop [440]=Oop }
                      ;*invokevirtual pop {reexecute=0 rethrow=0 return_oop=0}
                      ; - org.apache.xpath.XPathContext::popContextNodeList@25 (line 709)
                      ; - org.apache.xalan.templates.ElemApplyTemplates::transformSelectedNodes@954 (line 446)
  0x000077163cbe0848: 74f7 8907 

  0x000077163cbe084c: ;   {other}
  0x000077163cbe084c: 0f1f 8400 | bc6d 003e | 488b 9424 | f000 0000 

  0x000077163cbe085c: ;   {metadata(method data for {method} {0x00006a691455b320} 'transformSelectedNodes' '(Lorg/apache/xalan/transformer/TransformerImpl;)V' in 'org/apache/xalan/templates/ElemApplyTemplates')}
  0x000077163cbe085c: 488b f248 | bb00 8081 | 1469 6a00 | 0048 8383 | f01a 0000 

  0x000077163cbe0870: ;   {metadata(method data for {method} {0x00006a6914655c60} 'popElemTemplateElement' '()V' in 'org/apache/xalan/transformer/TransformerImpl')}
  0x000077163cbe0870: 0148 be18 | c580 1469 | 6a00 008b | 9ef4 0000 | 0083 c302 | 899e f400 | 0000 81e3 | feff 1f00 
  0x000077163cbe0890: 85db 0f84 | 285f 0000 | 8b72 4c48 | 3b06 488b 

  0x000077163cbe08a0: ;   {metadata(method data for {method} {0x00006a6914655c60} 'popElemTemplateElement' '()V' in 'org/apache/xalan/transformer/TransformerImpl')}
  0x000077163cbe08a0: de48 b818 | c580 1469 | 6a00 0048 | 8380 5001 | 0000 010f 

  0x000077163cbe08b4: ;   {optimized virtual_call}
  0x000077163cbe08b4: 1f40 00e8 

  0x000077163cbe08b8: ; ImmutableOopMap {[224]=Oop [232]=Oop [240]=Oop [256]=Oop [280]=Oop [312]=Oop [344]=Oop [360]=Oop [368]=Oop [424]=Oop [432]=Oop [440]=Oop }
                      ;*invokevirtual pop {reexecute=0 rethrow=0 return_oop=0}
                      ; - org.apache.xalan.transformer.TransformerImpl::popElemTemplateElement@4 (line 2632)
                      ; - org.apache.xalan.templates.ElemApplyTemplates::transformSelectedNodes@958 (line 447)
  0x000077163cbe08b8: 042c 8907 

  0x000077163cbe08bc: ;   {other}
  0x000077163cbe08bc: 0f1f 8400 | 2c6e 003f | 488b bc24 | e000 0000 

  0x000077163cbe08cc: ;   {metadata(method data for {method} {0x00006a691455b320} 'transformSelectedNodes' '(Lorg/apache/xalan/transformer/TransformerImpl;)V' in 'org/apache/xalan/templates/ElemApplyTemplates')}
  0x000077163cbe08cc: 48be 0080 | 8114 696a | 0000 4883 | 8610 1b00 

  0x000077163cbe08dc: ;   {metadata(method data for {method} {0x00006a69146a9090} 'popCurrentExpressionNode' '()V' in 'org/apache/xpath/XPathContext')}
  0x000077163cbe08dc: 0001 48be | 684d 8114 | 696a 0000 | 8bbe f400 | 0000 83c7 | 0289 bef4 | 0000 0081 | e7fe ff1f 
  0x000077163cbe08fc: 0085 ff0f | 84e1 5e00 | 0048 8bbc | 24e0 0000 | 008b 7760 

  0x000077163cbe0910: ; implicit exception: dispatches to 0x000077163cbe6807
  0x000077163cbe0910: 483b 0648 

  0x000077163cbe0914: ;   {metadata(method data for {method} {0x00006a69146a9090} 'popCurrentExpressionNode' '()V' in 'org/apache/xpath/XPathContext')}
  0x000077163cbe0914: 8bde 48b8 | 684d 8114 | 696a 0000 | 4883 8038 | 0100 0001 

  0x000077163cbe0928: ;   {metadata(method data for {method} {0x00006a69146486c0} 'quickPop' '(I)V' in 'org/apache/xml/utils/IntStack')}
  0x000077163cbe0928: 48bb d097 | 7e14 696a | 0000 8b83 | f400 0000 | 83c0 0289 | 83f4 0000 | 0025 feff | 1f00 85c0 
  0x000077163cbe0948: 0f84 be5e | 0000 8b5e | 10ff cb89 | 5e10 488b 

  0x000077163cbe0958: ;   {metadata(method data for {method} {0x00006a691455b320} 'transformSelectedNodes' '(Lorg/apache/xalan/transformer/TransformerImpl;)V' in 'org/apache/xalan/templates/ElemApplyTemplates')}
  0x000077163cbe0958: f748 bb00 | 8081 1469 | 6a00 0048 | 8383 481b 

  0x000077163cbe0968: ;   {metadata(method data for {method} {0x00006a69146a86b0} 'popCurrentNode' '()V' in 'org/apache/xpath/XPathContext')}
  0x000077163cbe0968: 0000 0148 | bef8 1480 | 1469 6a00 | 008b 9ef4 | 0000 0083 | c302 899e | f400 0000 | 81e3 feff 
  0x000077163cbe0988: 1f00 85db | 0f84 9b5e | 0000 8b77 | 5448 3b06 

  0x000077163cbe0998: ;   {metadata(method data for {method} {0x00006a69146a86b0} 'popCurrentNode' '()V' in 'org/apache/xpath/XPathContext')}
  0x000077163cbe0998: 488b de48 | b8f8 1480 | 1469 6a00 | 0048 8380 | 3801 0000 

  0x000077163cbe09ac: ;   {metadata(method data for {method} {0x00006a69146486c0} 'quickPop' '(I)V' in 'org/apache/xml/utils/IntStack')}
  0x000077163cbe09ac: 0148 bbd0 | 977e 1469 | 6a00 008b | 83f4 0000 | 0083 c002 | 8983 f400 | 0000 25fe | ff1f 0085 
  0x000077163cbe09cc: c00f 8480 | 5e00 008b | 5e10 ffcb | 895e 1048 | 8b84 2438 

  0x000077163cbe09e0: ;   {metadata(method data for {method} {0x00006a691455b320} 'transformSelectedNodes' '(Lorg/apache/xalan/transformer/TransformerImpl;)V' in 'org/apache/xalan/templates/ElemApplyTemplates')}
  0x000077163cbe09e0: 0100 0048 | be00 8081 | 1469 6a00 | 008b 4008 | 49ba 0000 | 001f 696a | 0000 4903 | c248 3b86 
  0x000077163cbe0a00: 901b 0000 | 750d 4883 | 8698 1b00 | 0001 e960 | 0000 0048 | 3b86 a01b | 0000 750d | 4883 86a8 
  0x000077163cbe0a20: 1b00 0001 | e94a 0000 | 0048 83be | 901b 0000 | 0075 1748 | 8986 901b | 0000 48c7 | 8698 1b00 
  0x000077163cbe0a40: 0001 0000 | 00e9 2900 | 0000 4883 | bea0 1b00 | 0000 7517 | 4889 86a0 | 1b00 0048 | c786 a81b 
  0x000077163cbe0a60: 0000 0100 | 0000 e908 | 0000 0048 | 8386 801b | 0000 0148 | 8bb4 2438 | 0100 0066 | 9048 b808 
  0x000077163cbe0a80: f501 2069 

  0x000077163cbe0a84: ;   {virtual_call}
  0x000077163cbe0a84: 6a00 00e8 

  0x000077163cbe0a88: ; ImmutableOopMap {[224]=Oop [232]=Oop [240]=Oop [256]=Oop [280]=Oop [312]=Oop [344]=Oop [360]=Oop [368]=Oop [424]=Oop [432]=Oop [440]=Oop }
                      ;*invokeinterface detach {reexecute=0 rethrow=0 return_oop=0}
                      ; - org.apache.xalan.templates.ElemApplyTemplates::transformSelectedNodes@971 (line 450)
  0x000077163cbe0a88: 542d 9107 

  0x000077163cbe0a8c: ;   {other}
  0x000077163cbe0a8c: 0f1f 8400 | fc6f 0040 | e96e 1000 | 0048 8b94 | 24f0 0000 | 0049 8b87 | 1808 0000 | 4d33 d24d 
  0x000077163cbe0aac: 8997 1808 | 0000 4d33 | d24d 8997 | 2008 0000 | 488b d848 

  0x000077163cbe0ac0: ;   {metadata(method data for {method} {0x00006a691455b320} 'transformSelectedNodes' '(Lorg/apache/xalan/transformer/TransformerImpl;)V' in 'org/apache/xalan/templates/ElemApplyTemplates')}
  0x000077163cbe0ac0: 8bf2 48bf | 0080 8114 | 696a 0000 

  0x000077163cbe0acc: ;   {metadata('org/apache/xalan/transformer/TransformerImpl')}
  0x000077163cbe0acc: 49ba c80c | 0c20 696a | 0000 4c89 | 9750 1800 | 0048 8387 | 5818 0000 | 0144 8b82 | 8000 0000 
  0x000077163cbe0aec: ;   {metadata('javax/xml/transform/TransformerException')}
  0x000077163cbe0aec: 48ba 9030 | 0120 696a | 0000 498b | 87b8 0400 | 0048 8d48 | 3048 3bc8 | 0f82 6a5d | 0000 493b 
  0x000077163cbe0b0c: 8fc0 0400 | 000f 875d | 5d00 0049 | 898f b804 | 0000 488b | f848 c1ef | 0649 ba00 | 0040 9869 
  0x000077163cbe0b2c: 6a00 0045 | 8a14 3a48 | 8bc8 48c1 | e903 4883 | e107 48c7 | c701 0000 | 0048 d3e7 | 4c0b d748 
  0x000077163cbe0b4c: 8bf8 48c1 | ef06 48b9 | 0000 4098 | 696a 0000 | 4488 1439 | 4983 8728 | 0200 0030 | 4983 8728 
  0x000077163cbe0b6c: 0200 0000 | 48c7 0001 | 0000 0048 | 8bca 49ba | 0000 001f | 696a 0000 | 492b ca89 | 4808 4833 
  0x000077163cbe0b8c: c989 480c | 4833 c948 | 8948 1048 | 8948 1848 | 8948 2048 | 8948 2848 

  0x000077163cbe0ba4: ;   {metadata(method data for {method} {0x00006a691455b320} 'transformSelectedNodes' '(Lorg/apache/xalan/transformer/TransformerImpl;)V' in 'org/apache/xalan/templates/ElemApplyTemplates')}
  0x000077163cbe0ba4: 8bd0 48be | 0080 8114 | 696a 0000 | 4883 8678 | 1800 0001 | 488b d348 | 8bf0 4889 | 8424 6002 
  0x000077163cbe0bc4: 0000 4c89 | 8424 5802 

  0x000077163cbe0bcc: ;   {optimized virtual_call}
  0x000077163cbe0bcc: 0000 90e8 

  0x000077163cbe0bd0: ; ImmutableOopMap {[224]=Oop [232]=Oop [240]=Oop [256]=Oop [280]=Oop [312]=Oop [344]=Oop [360]=Oop [368]=Oop [424]=Oop [432]=Oop [448]=Oop [504]=Oop [544]=Oop [600]=Oop [608]=Oop }
                      ;*invokespecial <init> {reexecute=0 rethrow=0 return_oop=0}
                      ; - org.apache.xalan.templates.ElemApplyTemplates::transformSelectedNodes@870 (line 433)
  0x000077163cbe0bd0: ac44 0807 

  0x000077163cbe0bd4: ;   {other}
  0x000077163cbe0bd4: 0f1f 8400 | 4471 0041 | 4c8b 8424 | 5802 0000 

  0x000077163cbe0be4: ; implicit exception: dispatches to 0x000077163cbe6881
  0x000077163cbe0be4: 493b 0049 

  0x000077163cbe0be8: ;   {metadata(method data for {method} {0x00006a691455b320} 'transformSelectedNodes' '(Lorg/apache/xalan/transformer/TransformerImpl;)V' in 'org/apache/xalan/templates/ElemApplyTemplates')}
  0x000077163cbe0be8: 8bd0 48be | 0080 8114 | 696a 0000 | 8b52 0849 | ba00 0000 | 1f69 6a00 | 0049 03d2 | 483b 9698 
  0x000077163cbe0c08: 1800 0075 | 0d48 8386 | a018 0000 | 01e9 6000 | 0000 483b | 96a8 1800 | 0075 0d48 | 8386 b018 
  0x000077163cbe0c28: 0000 01e9 | 4a00 0000 | 4883 be98 | 1800 0000 | 7517 4889 | 9698 1800 | 0048 c786 | a018 0000 
  0x000077163cbe0c48: 0100 0000 | e929 0000 | 0048 83be | a818 0000 | 0075 1748 | 8996 a818 | 0000 48c7 | 86b0 1800 
  0x000077163cbe0c68: 0001 0000 | 00e9 0800 | 0000 4883 | 8688 1800 | 0001 488b | 9424 6002 | 0000 498b | f048 b8ff 
  0x000077163cbe0c88: ffff ffff 

  0x000077163cbe0c8c: ;   {virtual_call}
  0x000077163cbe0c8c: ffff ffe8 

  0x000077163cbe0c90: ; ImmutableOopMap {[224]=Oop [232]=Oop [240]=Oop [256]=Oop [280]=Oop [312]=Oop [344]=Oop [360]=Oop [368]=Oop [424]=Oop [432]=Oop [448]=Oop [504]=Oop [544]=Oop }
                      ;*invokeinterface fatalError {reexecute=0 rethrow=0 return_oop=0}
                      ; - org.apache.xalan.templates.ElemApplyTemplates::transformSelectedNodes@873 (line 433)
  0x000077163cbe0c90: ec46 0807 

  0x000077163cbe0c94: ;   {other}
  0x000077163cbe0c94: 0f1f 8400 | 0472 0042 | 488b 9424 | f000 0000 

  0x000077163cbe0ca4: ;   {metadata(method data for {method} {0x00006a691455b320} 'transformSelectedNodes' '(Lorg/apache/xalan/transformer/TransformerImpl;)V' in 'org/apache/xalan/templates/ElemApplyTemplates')}
  0x000077163cbe0ca4: 488b f248 | bf00 8081 | 1469 6a00 | 0048 8387 | 2019 0000 | 010f be72 | 1583 e601 

  0x000077163cbe0cc0: ;   {metadata(method data for {method} {0x00006a691455b320} 'transformSelectedNodes' '(Lorg/apache/xalan/transformer/TransformerImpl;)V' in 'org/apache/xalan/templates/ElemApplyTemplates')}
  0x000077163cbe0cc0: 85f6 48be | 0080 8114 | 696a 0000 | 48c7 c740 | 1900 0074 | 0748 c7c7 | 5019 0000 | 488b 043e 
  0x000077163cbe0ce0: 488d 4001 | 4889 043e | 0f84 4604 | 0000 488b | b424 e800 | 0000 488b 

  0x000077163cbe0cf8: ;   {metadata(method data for {method} {0x00006a691455b320} 'transformSelectedNodes' '(Lorg/apache/xalan/transformer/TransformerImpl;)V' in 'org/apache/xalan/templates/ElemApplyTemplates')}
  0x000077163cbe0cf8: fa48 b800 | 8081 1469 

  0x000077163cbe0d00: ;   {metadata('org/apache/xalan/transformer/TransformerImpl')}
  0x000077163cbe0d00: 6a00 0049 | bac8 0c0c | 2069 6a00 | 004c 8990 | 7019 0000 | 4883 8078 | 1900 0001 | 8b9a 8400 
  0x000077163cbe0d20: 0000 660f | 1f44 0000 

  0x000077163cbe0d28: ;   {no_reloc}
  0x000077163cbe0d28: e968 5b00 | 0000 0000 | 0000 4c8b | ce49 8b87 | b804 0000 | 488d 4818 | 483b c80f | 8256 5b00 
  0x000077163cbe0d48: 0049 3b8f | c004 0000 | 0f87 495b | 0000 4989 | 8fb8 0400 | 0048 8bf8 | 48c1 ef06 | 49ba 0000 
  0x000077163cbe0d68: 4098 696a | 0000 458a | 143a 488b | c848 c1e9 | 0348 83e1 | 0748 c7c7 | 0100 0000 | 48d3 e74c 
  0x000077163cbe0d88: 0bd7 488b | f848 c1ef | 0648 b900 | 0040 9869 | 6a00 0044 | 8814 3949 | 8387 2802 | 0000 1849 
  0x000077163cbe0da8: 8387 2802 | 0000 0048 | c700 0100 | 0000 488b | ca49 ba00 | 0000 1f69 | 6a00 0049 | 2bca 8948 
  0x000077163cbe0dc8: 0848 33c9 | 8948 0c48 | 33c9 4889 | 4810 4889 | 8424 6802 | 0000 418b | 5150 488b 

  0x000077163cbe0de4: ;   {metadata(method data for {method} {0x00006a691455b320} 'transformSelectedNodes' '(Lorg/apache/xalan/transformer/TransformerImpl;)V' in 'org/apache/xalan/templates/ElemApplyTemplates')}
  0x000077163cbe0de4: f048 bf00 | 8081 1469 | 6a00 0048 | 8387 9819 

  0x000077163cbe0df4: ;   {metadata(method data for {method} {0x00006a691465bd20} '<init>' '(Lorg/apache/xpath/Expression;)V' in 'org/apache/xpath/XPath')}
  0x000077163cbe0df4: 0000 0148 | be80 f381 | 1469 6a00 | 008b bef4 | 0000 0083 | c702 89be | f400 0000 | 81e7 feff 
  0x000077163cbe0e14: 1f00 85ff | 0f84 8e5a | 0000 488b 

  0x000077163cbe0e20: ;   {metadata(method data for {method} {0x00006a691465bd20} '<init>' '(Lorg/apache/xpath/Expression;)V' in 'org/apache/xpath/XPath')}
  0x000077163cbe0e20: f048 bf80 | f381 1469 | 6a00 0048 | 8387 3801 

  0x000077163cbe0e30: ;   {metadata(method data for {method} {0x00006a691f4791f0} '<init>' '()V' in 'java/lang/Object')}
  0x000077163cbe0e30: 0000 0148 | bec0 7000 | 1469 6a00 | 008b bef4 | 0000 0083 | c702 89be | f400 0000 | 81e7 feff 
  0x000077163cbe0e50: 1f00 85ff | 0f84 735a | 0000 488b 

  0x000077163cbe0e5c: ;   {metadata(method data for {method} {0x00006a691465bd20} '<init>' '(Lorg/apache/xpath/Expression;)V' in 'org/apache/xpath/XPath')}
  0x000077163cbe0e5c: f048 bf80 | f381 1469 

  0x000077163cbe0e64: ;   {metadata('org/apache/xpath/XPath')}
  0x000077163cbe0e64: 6a00 0049 | ba88 130c | 2069 6a00 | 004c 8997 | 5801 0000 | 4883 8760 | 0100 0001 | 488b f048 
  0x000077163cbe0e84: 899c 2470 | 0200 000f 

  0x000077163cbe0e8c: ;   {optimized virtual_call}
  0x000077163cbe0e8c: 1f40 00e8 

  0x000077163cbe0e90: ; ImmutableOopMap {[224]=Oop [232]=Oop [240]=Oop [256]=Oop [280]=Oop [312]=Oop [344]=Oop [360]=Oop [368]=Oop [424]=Oop [432]=Oop [448]=Oop [504]=Oop [544]=Oop [616]=Oop [624]=Oop }
                      ;*invokevirtual setExpression {reexecute=0 rethrow=0 return_oop=0}
                      ; - org.apache.xpath.XPath::<init>@11 (line 278)
                      ; - org.apache.xalan.templates.ElemApplyTemplates::transformSelectedNodes@917 (line 438)
  0x000077163cbe0e90: ec41 0807 

  0x000077163cbe0e94: ;   {other}
  0x000077163cbe0e94: 0f1f 8400 | 0474 0043 | 488b 8424 | 6802 0000 

  0x000077163cbe0ea4: ;   {metadata(method data for {method} {0x00006a691465bd20} '<init>' '(Lorg/apache/xpath/Expression;)V' in 'org/apache/xpath/XPath')}
  0x000077163cbe0ea4: 48ba 80f3 | 8114 696a | 0000 4883 | 8280 0100 

  0x000077163cbe0eb4: ;   {metadata(method data for {method} {0x00006a691465b448} 'initFunctionTable' '()V' in 'org/apache/xpath/XPath')}
  0x000077163cbe0eb4: 0001 48ba | 58f5 8114 | 696a 0000 | 8bb2 f400 | 0000 83c6 | 0289 b2f4 | 0000 0081 | e6fe ff1f 
  0x000077163cbe0ed4: 0085 f60f | 8411 5a00 

  0x000077163cbe0edc: ;   {metadata('org/apache/xpath/compiler/FunctionTable')}
  0x000077163cbe0edc: 0048 ba58 | d201 2069 | 6a00 0049 | 8b87 b804 | 0000 488d | 4818 483b | c80f 8214 | 5a00 0049 
  0x000077163cbe0efc: 3b8f c004 | 0000 0f87 | 075a 0000 | 4989 8fb8 | 0400 0048 | 8bf8 48c1 | ef06 49ba | 0000 4098 
  0x000077163cbe0f1c: 696a 0000 | 458a 143a | 488b c848 | c1e9 0348 | 83e1 0748 | c7c7 0100 | 0000 48d3 | e74c 0bd7 
  0x000077163cbe0f3c: 488b f848 | c1ef 0648 | b900 0040 | 9869 6a00 | 0044 8814 | 3949 8387 | 2802 0000 | 1849 8387 
  0x000077163cbe0f5c: 2802 0000 | 0048 c700 | 0100 0000 | 488b ca49 | ba00 0000 | 1f69 6a00 | 0049 2bca | 8948 0848 
  0x000077163cbe0f7c: 33c9 8948 | 0c48 33c9 | 4889 4810 

  0x000077163cbe0f88: ;   {metadata(method data for {method} {0x00006a691465b448} 'initFunctionTable' '()V' in 'org/apache/xpath/XPath')}
  0x000077163cbe0f88: 488b f048 | bf58 f581 | 1469 6a00 | 0048 8387 | 3801 0000 | 0148 8bf0 | 4889 8424 | 7802 0000 
  0x000077163cbe0fa8: 0f1f 8000 

  0x000077163cbe0fac: ;   {optimized virtual_call}
  0x000077163cbe0fac: 0000 00e8 

  0x000077163cbe0fb0: ; ImmutableOopMap {[224]=Oop [232]=Oop [240]=Oop [256]=Oop [280]=Oop [312]=Oop [344]=Oop [360]=Oop [368]=Oop [424]=Oop [432]=Oop [448]=Oop [504]=Oop [544]=Oop [616]=Oop [624]=Oop [632]=Oop }
                      ;*invokespecial <init> {reexecute=0 rethrow=0 return_oop=0}
                      ; - org.apache.xpath.XPath::initFunctionTable@5 (line 62)
                      ; - org.apache.xpath.XPath::<init>@15 (line 279)
                      ; - org.apache.xalan.templates.ElemApplyTemplates::transformSelectedNodes@917 (line 438)
  0x000077163cbe0fb0: cc40 0807 

  0x000077163cbe0fb4: ;   {other}
  0x000077163cbe0fb4: 0f1f 8400 | 2475 0044 | 488b 9c24 | 6802 0000 | 488b 8424 | 7802 0000 | 4c8b d044 | 8953 100f 
  0x000077163cbe0fd4: 1f44 0000 

  0x000077163cbe0fd8: ;   {no_reloc}
  0x000077163cbe0fd8: e94e 5900 | 0000 0000 | 0000 498b | 87b8 0400 | 0048 8d48 | 2848 3bc8 | 0f82 3f59 | 0000 493b 
  0x000077163cbe0ff8: 8fc0 0400 | 000f 8732 | 5900 0049 | 898f b804 | 0000 488b | f848 c1ef | 0649 ba00 | 0040 9869 
  0x000077163cbe1018: 6a00 0045 | 8a14 3a48 | 8bc8 48c1 | e903 4883 | e107 48c7 | c701 0000 | 0048 d3e7 | 4c0b d748 
  0x000077163cbe1038: 8bf8 48c1 | ef06 48b9 | 0000 4098 | 696a 0000 | 4488 1439 | 4983 8728 | 0200 0028 | 4983 8728 
  0x000077163cbe1058: 0200 0000 | 48c7 0001 | 0000 0048 | 8bca 49ba | 0000 001f | 696a 0000 | 492b ca89 | 4808 4833 
  0x000077163cbe1078: c989 480c | 4833 c948 | 8948 1048 | 8948 1848 | 8948 2048 

  0x000077163cbe108c: ;   {metadata(method data for {method} {0x00006a691455b320} 'transformSelectedNodes' '(Lorg/apache/xalan/transformer/TransformerImpl;)V' in 'org/apache/xalan/templates/ElemApplyTemplates')}
  0x000077163cbe108c: 8bd0 48be | 0080 8114 | 696a 0000 | 4883 86a8 | 1900 0001 | 488b 9424 | 3801 0000 | 488b f048 
  0x000077163cbe10ac: 8984 2480 | 0200 000f 

  0x000077163cbe10b4: ;   {optimized virtual_call}
  0x000077163cbe10b4: 1f40 00e8 

  0x000077163cbe10b8: ; ImmutableOopMap {[224]=Oop [232]=Oop [240]=Oop [256]=Oop [280]=Oop [312]=Oop [344]=Oop [360]=Oop [368]=Oop [424]=Oop [432]=Oop [448]=Oop [504]=Oop [544]=Oop [616]=Oop [624]=Oop [640]=Oop }
                      ;*invokespecial <init> {reexecute=0 rethrow=0 return_oop=0}
                      ; - org.apache.xalan.templates.ElemApplyTemplates::transformSelectedNodes@926 (line 438)
  0x000077163cbe10b8: c43f 0807 

  0x000077163cbe10bc: ;   {other}
  0x000077163cbe10bc: 0f1f 8400 | 2c76 0045 | 488b 9c24 | 7002 0000 

  0x000077163cbe10cc: ; implicit exception: dispatches to 0x000077163cbe6942
  0x000077163cbe10cc: 483b 0348 

  0x000077163cbe10d0: ;   {metadata(method data for {method} {0x00006a691455b320} 'transformSelectedNodes' '(Lorg/apache/xalan/transformer/TransformerImpl;)V' in 'org/apache/xalan/templates/ElemApplyTemplates')}
  0x000077163cbe10d0: 8bd3 48b9 | 0080 8114 | 696a 0000 

  0x000077163cbe10dc: ;   {metadata('org/apache/xalan/trace/TraceManager')}
  0x000077163cbe10dc: 49ba 7884 | 0e20 696a | 0000 4c89 | 91c8 1900 | 0048 8381 | d019 0000 | 018b 9424 | f800 0000 
  0x000077163cbe10fc: 488b 8c24 | e800 0000 

  0x000077163cbe1104: ;   {oop("select"{0x0000000040ab07b8})}
  0x000077163cbe1104: 49b8 b807 | ab40 0000 | 0000 4c8b | 8c24 6802 | 0000 488b | bc24 8002 | 0000 488b | f366 0f1f 
  0x000077163cbe1124: ;   {optimized virtual_call}
  0x000077163cbe1124: 4400 00e8 

  0x000077163cbe1128: ; ImmutableOopMap {[224]=Oop [232]=Oop [240]=Oop [256]=Oop [280]=Oop [312]=Oop [344]=Oop [360]=Oop [368]=Oop [424]=Oop [432]=Oop [448]=Oop [504]=Oop [544]=Oop }
                      ;*invokevirtual fireSelectedEndEvent {reexecute=0 rethrow=0 return_oop=0}
                      ; - org.apache.xalan.templates.ElemApplyTemplates::transformSelectedNodes@929 (line 438)
  0x000077163cbe1128: 543f 0807 

  0x000077163cbe112c: ;   {other}
  0x000077163cbe112c: 0f1f 8400 | 9c76 0046 | 8b8c 24fc | 0000 0085 

  0x000077163cbe113c: ;   {metadata(method data for {method} {0x00006a691455b320} 'transformSelectedNodes' '(Lorg/apache/xalan/transformer/TransformerImpl;)V' in 'org/apache/xalan/templates/ElemApplyTemplates')}
  0x000077163cbe113c: c948 ba00 | 8081 1469 | 6a00 0048 | c7c6 f019 | 0000 7e07 | 48c7 c600 | 1a00 0048 | 8b3c 3248 
  0x000077163cbe115c: 8d7f 0148 | 893c 3289 | 8c24 fc00 | 0000 0f8e | 4c00 0000 | 488b 9c24 | 0001 0000 

  0x000077163cbe1178: ;   {metadata(method data for {method} {0x00006a691455b320} 'transformSelectedNodes' '(Lorg/apache/xalan/transformer/TransformerImpl;)V' in 'org/apache/xalan/templates/ElemApplyTemplates')}
  0x000077163cbe1178: 48ba 0080 | 8114 696a 

  0x000077163cbe1180: ;   {metadata('org/apache/xpath/VariableStack')}
  0x000077163cbe1180: 0000 49ba | a8de 0e20 | 696a 0000 | 4c89 9220 | 1a00 0048 | 8382 281a | 0000 018b | 9424 1001 
  0x000077163cbe11a0: 0000 488b | b424 0001 | 0000 0f1f 

  0x000077163cbe11ac: ;   {optimized virtual_call}
  0x000077163cbe11ac: 4400 00e8 

  0x000077163cbe11b0: ; ImmutableOopMap {[224]=Oop [232]=Oop [240]=Oop [256]=Oop [280]=Oop [312]=Oop [344]=Oop [360]=Oop [368]=Oop [424]=Oop [432]=Oop [448]=Oop [504]=Oop [544]=Oop }
                      ;*invokevirtual unlink {reexecute=0 rethrow=0 return_oop=0}
                      ; - org.apache.xalan.templates.ElemApplyTemplates::transformSelectedNodes@941 (line 444)
  0x000077163cbe11b0: cc3e 0807 

  0x000077163cbe11b4: ;   {other}
  0x000077163cbe11b4: 0f1f 8400 | 2477 0047 | 488b bc24 | e000 0000 

  0x000077163cbe11c4: ;   {metadata(method data for {method} {0x00006a691455b320} 'transformSelectedNodes' '(Lorg/apache/xalan/transformer/TransformerImpl;)V' in 'org/apache/xalan/templates/ElemApplyTemplates')}
  0x000077163cbe11c4: 488b f748 | bb00 8081 | 1469 6a00 | 0048 8383 | 601a 0000 

  0x000077163cbe11d8: ;   {metadata(method data for {method} {0x00006a69146a7290} 'popSAXLocator' '()V' in 'org/apache/xpath/XPathContext')}
  0x000077163cbe11d8: 0148 be60 | be80 1469 | 6a00 008b | 9ef4 0000 | 0083 c302 | 899e f400 | 0000 81e3 | feff 1f00 
  0x000077163cbe11f8: 85db 0f84 | 4757 0000 | 8b77 2c48 | 3b06 488b 

  0x000077163cbe1208: ;   {metadata(method data for {method} {0x00006a69146a7290} 'popSAXLocator' '()V' in 'org/apache/xpath/XPathContext')}
  0x000077163cbe1208: de48 b860 | be80 1469 | 6a00 0048 | 8380 5001 | 0000 010f 

  0x000077163cbe121c: ;   {optimized virtual_call}
  0x000077163cbe121c: 1f40 00e8 

  0x000077163cbe1220: ; ImmutableOopMap {[224]=Oop [232]=Oop [240]=Oop [256]=Oop [280]=Oop [312]=Oop [344]=Oop [360]=Oop [368]=Oop [424]=Oop [432]=Oop [448]=Oop [504]=Oop [544]=Oop }
                      ;*invokevirtual pop {reexecute=0 rethrow=0 return_oop=0}
                      ; - org.apache.xpath.XPathContext::popSAXLocator@4 (line 434)
                      ; - org.apache.xalan.templates.ElemApplyTemplates::transformSelectedNodes@945 (line 445)
  0x000077163cbe1220: 5c3e 0807 

  0x000077163cbe1224: ;   {other}
  0x000077163cbe1224: 0f1f 8400 | 9477 0048 

  0x000077163cbe122c: ;   {metadata(method data for {method} {0x00006a691455b320} 'transformSelectedNodes' '(Lorg/apache/xalan/transformer/TransformerImpl;)V' in 'org/apache/xalan/templates/ElemApplyTemplates')}
  0x000077163cbe122c: 48be 0080 | 8114 696a | 0000 ff86 | 901a 0000 | 488b bc24 | e000 0000 

  0x000077163cbe1244: ;   {metadata(method data for {method} {0x00006a691455b320} 'transformSelectedNodes' '(Lorg/apache/xalan/transformer/TransformerImpl;)V' in 'org/apache/xalan/templates/ElemApplyTemplates')}
  0x000077163cbe1244: 48be 0080 | 8114 696a | 0000 4883 | 86a0 1a00 | 0001 488b | b424 e000 

  0x000077163cbe125c: ;   {optimized virtual_call}
  0x000077163cbe125c: 0000 90e8 

  0x000077163cbe1260: ; ImmutableOopMap {[224]=Oop [232]=Oop [240]=Oop [256]=Oop [280]=Oop [312]=Oop [344]=Oop [360]=Oop [368]=Oop [424]=Oop [432]=Oop [448]=Oop [504]=Oop [544]=Oop }
                      ;*invokevirtual popContextNodeList {reexecute=0 rethrow=0 return_oop=0}
                      ; - org.apache.xalan.templates.ElemApplyTemplates::transformSelectedNodes@954 (line 446)
  0x000077163cbe1260: 1c3e 0807 

  0x000077163cbe1264: ;   {other}
  0x000077163cbe1264: 0f1f 8400 | d477 0049 | 488b 9424 | f000 0000 

  0x000077163cbe1274: ;   {metadata(method data for {method} {0x00006a691455b320} 'transformSelectedNodes' '(Lorg/apache/xalan/transformer/TransformerImpl;)V' in 'org/apache/xalan/templates/ElemApplyTemplates')}
  0x000077163cbe1274: 488b f248 | bb00 8081 | 1469 6a00 | 0048 8383 | f01a 0000 

  0x000077163cbe1288: ;   {metadata(method data for {method} {0x00006a6914655c60} 'popElemTemplateElement' '()V' in 'org/apache/xalan/transformer/TransformerImpl')}
  0x000077163cbe1288: 0148 be18 | c580 1469 | 6a00 008b | 9ef4 0000 | 0083 c302 | 899e f400 | 0000 81e3 | feff 1f00 
  0x000077163cbe12a8: 85db 0f84 | bd56 0000 | 8b72 4c48 | 3b06 488b 

  0x000077163cbe12b8: ;   {metadata(method data for {method} {0x00006a6914655c60} 'popElemTemplateElement' '()V' in 'org/apache/xalan/transformer/TransformerImpl')}
  0x000077163cbe12b8: de48 b818 | c580 1469 | 6a00 0048 | 8380 5001 | 0000 010f 

  0x000077163cbe12cc: ;   {optimized virtual_call}
  0x000077163cbe12cc: 1f40 00e8 

  0x000077163cbe12d0: ; ImmutableOopMap {[224]=Oop [232]=Oop [240]=Oop [256]=Oop [280]=Oop [312]=Oop [344]=Oop [360]=Oop [368]=Oop [424]=Oop [432]=Oop [448]=Oop [504]=Oop [544]=Oop }
                      ;*invokevirtual pop {reexecute=0 rethrow=0 return_oop=0}
                      ; - org.apache.xalan.transformer.TransformerImpl::popElemTemplateElement@4 (line 2632)
                      ; - org.apache.xalan.templates.ElemApplyTemplates::transformSelectedNodes@958 (line 447)
  0x000077163cbe12d0: ac3d 0807 

  0x000077163cbe12d4: ;   {other}
  0x000077163cbe12d4: 0f1f 8400 | 4478 004a | 488b bc24 | e000 0000 

  0x000077163cbe12e4: ;   {metadata(method data for {method} {0x00006a691455b320} 'transformSelectedNodes' '(Lorg/apache/xalan/transformer/TransformerImpl;)V' in 'org/apache/xalan/templates/ElemApplyTemplates')}
  0x000077163cbe12e4: 48be 0080 | 8114 696a | 0000 4883 | 8610 1b00 

  0x000077163cbe12f4: ;   {metadata(method data for {method} {0x00006a69146a9090} 'popCurrentExpressionNode' '()V' in 'org/apache/xpath/XPathContext')}
  0x000077163cbe12f4: 0001 48be | 684d 8114 | 696a 0000 | 8bbe f400 | 0000 83c7 | 0289 bef4 | 0000 0081 | e7fe ff1f 
  0x000077163cbe1314: 0085 ff0f | 8476 5600 | 0048 8bbc | 24e0 0000 | 008b 7760 

  0x000077163cbe1328: ; implicit exception: dispatches to 0x000077163cbe69b4
  0x000077163cbe1328: 483b 0648 

  0x000077163cbe132c: ;   {metadata(method data for {method} {0x00006a69146a9090} 'popCurrentExpressionNode' '()V' in 'org/apache/xpath/XPathContext')}
  0x000077163cbe132c: 8bde 48b8 | 684d 8114 | 696a 0000 | 4883 8038 | 0100 0001 

  0x000077163cbe1340: ;   {metadata(method data for {method} {0x00006a69146486c0} 'quickPop' '(I)V' in 'org/apache/xml/utils/IntStack')}
  0x000077163cbe1340: 48bb d097 | 7e14 696a | 0000 8b83 | f400 0000 | 83c0 0289 | 83f4 0000 | 0025 feff | 1f00 85c0 
  0x000077163cbe1360: 0f84 5356 | 0000 8b5e | 10ff cb89 | 5e10 488b 

  0x000077163cbe1370: ;   {metadata(method data for {method} {0x00006a691455b320} 'transformSelectedNodes' '(Lorg/apache/xalan/transformer/TransformerImpl;)V' in 'org/apache/xalan/templates/ElemApplyTemplates')}
  0x000077163cbe1370: f748 bb00 | 8081 1469 | 6a00 0048 | 8383 481b 

  0x000077163cbe1380: ;   {metadata(method data for {method} {0x00006a69146a86b0} 'popCurrentNode' '()V' in 'org/apache/xpath/XPathContext')}
  0x000077163cbe1380: 0000 0148 | bef8 1480 | 1469 6a00 | 008b 9ef4 | 0000 0083 | c302 899e | f400 0000 | 81e3 feff 
  0x000077163cbe13a0: 1f00 85db | 0f84 3056 | 0000 8b77 | 5448 3b06 

  0x000077163cbe13b0: ;   {metadata(method data for {method} {0x00006a69146a86b0} 'popCurrentNode' '()V' in 'org/apache/xpath/XPathContext')}
  0x000077163cbe13b0: 488b de48 | b8f8 1480 | 1469 6a00 | 0048 8380 | 3801 0000 

  0x000077163cbe13c4: ;   {metadata(method data for {method} {0x00006a69146486c0} 'quickPop' '(I)V' in 'org/apache/xml/utils/IntStack')}
  0x000077163cbe13c4: 0148 bbd0 | 977e 1469 | 6a00 008b | 83f4 0000 | 0083 c002 | 8983 f400 | 0000 25fe | ff1f 0085 
  0x000077163cbe13e4: c00f 8415 | 5600 008b | 5e10 ffcb | 895e 1048 | 8b84 2438 

  0x000077163cbe13f8: ;   {metadata(method data for {method} {0x00006a691455b320} 'transformSelectedNodes' '(Lorg/apache/xalan/transformer/TransformerImpl;)V' in 'org/apache/xalan/templates/ElemApplyTemplates')}
  0x000077163cbe13f8: 0100 0048 | be00 8081 | 1469 6a00 | 008b 4008 | 49ba 0000 | 001f 696a | 0000 4903 | c248 3b86 
  0x000077163cbe1418: 901b 0000 | 750d 4883 | 8698 1b00 | 0001 e960 | 0000 0048 | 3b86 a01b | 0000 750d | 4883 86a8 
  0x000077163cbe1438: 1b00 0001 | e94a 0000 | 0048 83be | 901b 0000 | 0075 1748 | 8986 901b | 0000 48c7 | 8698 1b00 
  0x000077163cbe1458: 0001 0000 | 00e9 2900 | 0000 4883 | bea0 1b00 | 0000 7517 | 4889 86a0 | 1b00 0048 | c786 a81b 
  0x000077163cbe1478: 0000 0100 | 0000 e908 | 0000 0048 | 8386 801b | 0000 0148 | 8bb4 2438 | 0100 0066 | 9048 b8ff 
  0x000077163cbe1498: ffff ffff 

  0x000077163cbe149c: ;   {virtual_call}
  0x000077163cbe149c: ffff ffe8 

  0x000077163cbe14a0: ; ImmutableOopMap {[224]=Oop [232]=Oop [240]=Oop [256]=Oop [280]=Oop [312]=Oop [344]=Oop [360]=Oop [368]=Oop [424]=Oop [432]=Oop [448]=Oop [504]=Oop [544]=Oop }
                      ;*invokeinterface detach {reexecute=0 rethrow=0 return_oop=0}
                      ; - org.apache.xalan.templates.ElemApplyTemplates::transformSelectedNodes@971 (line 450)
  0x000077163cbe14a0: dc3e 0807 

  0x000077163cbe14a4: ;   {other}
  0x000077163cbe14a4: 0f1f 8400 | 147a 004b | e930 0600 | 0049 8b87 | 1808 0000 | 4d33 d24d | 8997 1808 | 0000 4d33 
  0x000077163cbe14c4: d24d 8997 | 2008 0000 | 488b 9424 | f000 0000 

  0x000077163cbe14d4: ;   {metadata(method data for {method} {0x00006a691455b320} 'transformSelectedNodes' '(Lorg/apache/xalan/transformer/TransformerImpl;)V' in 'org/apache/xalan/templates/ElemApplyTemplates')}
  0x000077163cbe14d4: 488b f248 | bf00 8081 | 1469 6a00 | 0048 8387 | 2019 0000 | 010f be72 | 1583 e601 

  0x000077163cbe14f0: ;   {metadata(method data for {method} {0x00006a691455b320} 'transformSelectedNodes' '(Lorg/apache/xalan/transformer/TransformerImpl;)V' in 'org/apache/xalan/templates/ElemApplyTemplates')}
  0x000077163cbe14f0: 85f6 48be | 0080 8114 | 696a 0000 | 48c7 c740 | 1900 0074 | 0748 c7c7 | 5019 0000 | 488b 0c3e 
  0x000077163cbe1510: 488d 4901 | 4889 0c3e | 4889 8424 | 9802 0000 | 0f84 4604 | 0000 488b | b424 e800 | 0000 488b 
  0x000077163cbe1530: ;   {metadata(method data for {method} {0x00006a691455b320} 'transformSelectedNodes' '(Lorg/apache/xalan/transformer/TransformerImpl;)V' in 'org/apache/xalan/templates/ElemApplyTemplates')}
  0x000077163cbe1530: fa48 b900 | 8081 1469 

  0x000077163cbe1538: ;   {metadata('org/apache/xalan/transformer/TransformerImpl')}
  0x000077163cbe1538: 6a00 0049 | bac8 0c0c | 2069 6a00 | 004c 8991 | 7019 0000 | 4883 8178 | 1900 0001 | 8b9a 8400 
  0x000077163cbe1558: 0000 660f | 1f44 0000 

  0x000077163cbe1560: ;   {no_reloc}
  0x000077163cbe1560: e9cb 5400 | 0000 0000 | 0000 4c8b | ce49 8b87 | b804 0000 | 488d 4818 | 483b c80f | 82b9 5400 
  0x000077163cbe1580: 0049 3b8f | c004 0000 | 0f87 ac54 | 0000 4989 | 8fb8 0400 | 0048 8bf8 | 48c1 ef06 | 49ba 0000 
  0x000077163cbe15a0: 4098 696a | 0000 458a | 143a 488b | c848 c1e9 | 0348 83e1 | 0748 c7c7 | 0100 0000 | 48d3 e74c 
  0x000077163cbe15c0: 0bd7 488b | f848 c1ef | 0648 b900 | 0040 9869 | 6a00 0044 | 8814 3949 | 8387 2802 | 0000 1849 
  0x000077163cbe15e0: 8387 2802 | 0000 0048 | c700 0100 | 0000 488b | ca49 ba00 | 0000 1f69 | 6a00 0049 | 2bca 8948 
  0x000077163cbe1600: 0848 33c9 | 8948 0c48 | 33c9 4889 | 4810 4889 | 8424 8802 | 0000 418b | 5150 488b 

  0x000077163cbe161c: ;   {metadata(method data for {method} {0x00006a691455b320} 'transformSelectedNodes' '(Lorg/apache/xalan/transformer/TransformerImpl;)V' in 'org/apache/xalan/templates/ElemApplyTemplates')}
  0x000077163cbe161c: f048 bf00 | 8081 1469 | 6a00 0048 | 8387 9819 

  0x000077163cbe162c: ;   {metadata(method data for {method} {0x00006a691465bd20} '<init>' '(Lorg/apache/xpath/Expression;)V' in 'org/apache/xpath/XPath')}
  0x000077163cbe162c: 0000 0148 | be80 f381 | 1469 6a00 | 008b bef4 | 0000 0083 | c702 89be | f400 0000 | 81e7 feff 
  0x000077163cbe164c: 1f00 85ff | 0f84 f153 | 0000 488b 

  0x000077163cbe1658: ;   {metadata(method data for {method} {0x00006a691465bd20} '<init>' '(Lorg/apache/xpath/Expression;)V' in 'org/apache/xpath/XPath')}
  0x000077163cbe1658: f048 bf80 | f381 1469 | 6a00 0048 | 8387 3801 

  0x000077163cbe1668: ;   {metadata(method data for {method} {0x00006a691f4791f0} '<init>' '()V' in 'java/lang/Object')}
  0x000077163cbe1668: 0000 0148 | bec0 7000 | 1469 6a00 | 008b bef4 | 0000 0083 | c702 89be | f400 0000 | 81e7 feff 
  0x000077163cbe1688: 1f00 85ff | 0f84 d653 | 0000 488b 

  0x000077163cbe1694: ;   {metadata(method data for {method} {0x00006a691465bd20} '<init>' '(Lorg/apache/xpath/Expression;)V' in 'org/apache/xpath/XPath')}
  0x000077163cbe1694: f048 bf80 | f381 1469 

  0x000077163cbe169c: ;   {metadata('org/apache/xpath/XPath')}
  0x000077163cbe169c: 6a00 0049 | ba88 130c | 2069 6a00 | 004c 8997 | 5801 0000 | 4883 8760 | 0100 0001 | 488b f048 
  0x000077163cbe16bc: 899c 2490 | 0200 000f 

  0x000077163cbe16c4: ;   {optimized virtual_call}
  0x000077163cbe16c4: 1f40 00e8 

  0x000077163cbe16c8: ; ImmutableOopMap {[224]=Oop [232]=Oop [240]=Oop [256]=Oop [280]=Oop [312]=Oop [344]=Oop [360]=Oop [368]=Oop [424]=Oop [432]=Oop [448]=Oop [504]=Oop [544]=Oop [648]=Oop [656]=Oop [664]=Oop }
                      ;*invokevirtual setExpression {reexecute=0 rethrow=0 return_oop=0}
                      ; - org.apache.xpath.XPath::<init>@11 (line 278)
                      ; - org.apache.xalan.templates.ElemApplyTemplates::transformSelectedNodes@917 (line 438)
  0x000077163cbe16c8: b439 0807 

  0x000077163cbe16cc: ;   {other}
  0x000077163cbe16cc: 0f1f 8400 | 3c7c 004c | 488b 8424 | 8802 0000 

  0x000077163cbe16dc: ;   {metadata(method data for {method} {0x00006a691465bd20} '<init>' '(Lorg/apache/xpath/Expression;)V' in 'org/apache/xpath/XPath')}
  0x000077163cbe16dc: 48ba 80f3 | 8114 696a | 0000 4883 | 8280 0100 

  0x000077163cbe16ec: ;   {metadata(method data for {method} {0x00006a691465b448} 'initFunctionTable' '()V' in 'org/apache/xpath/XPath')}
  0x000077163cbe16ec: 0001 48ba | 58f5 8114 | 696a 0000 | 8bb2 f400 | 0000 83c6 | 0289 b2f4 | 0000 0081 | e6fe ff1f 
  0x000077163cbe170c: 0085 f60f | 8474 5300 

  0x000077163cbe1714: ;   {metadata('org/apache/xpath/compiler/FunctionTable')}
  0x000077163cbe1714: 0048 ba58 | d201 2069 | 6a00 0049 | 8b87 b804 | 0000 488d | 4818 483b | c80f 8277 | 5300 0049 
  0x000077163cbe1734: 3b8f c004 | 0000 0f87 | 6a53 0000 | 4989 8fb8 | 0400 0048 | 8bf8 48c1 | ef06 49ba | 0000 4098 
  0x000077163cbe1754: 696a 0000 | 458a 143a | 488b c848 | c1e9 0348 | 83e1 0748 | c7c7 0100 | 0000 48d3 | e74c 0bd7 
  0x000077163cbe1774: 488b f848 | c1ef 0648 | b900 0040 | 9869 6a00 | 0044 8814 | 3949 8387 | 2802 0000 | 1849 8387 
  0x000077163cbe1794: 2802 0000 | 0048 c700 | 0100 0000 | 488b ca49 | ba00 0000 | 1f69 6a00 | 0049 2bca | 8948 0848 
  0x000077163cbe17b4: 33c9 8948 | 0c48 33c9 | 4889 4810 

  0x000077163cbe17c0: ;   {metadata(method data for {method} {0x00006a691465b448} 'initFunctionTable' '()V' in 'org/apache/xpath/XPath')}
  0x000077163cbe17c0: 488b f048 | bf58 f581 | 1469 6a00 | 0048 8387 | 3801 0000 | 0148 8bf0 | 4889 8424 | a002 0000 
  0x000077163cbe17e0: 0f1f 8000 

  0x000077163cbe17e4: ;   {optimized virtual_call}
  0x000077163cbe17e4: 0000 00e8 

  0x000077163cbe17e8: ; ImmutableOopMap {[224]=Oop [232]=Oop [240]=Oop [256]=Oop [280]=Oop [312]=Oop [344]=Oop [360]=Oop [368]=Oop [424]=Oop [432]=Oop [448]=Oop [504]=Oop [544]=Oop [648]=Oop [656]=Oop [664]=Oop [672]=Oop }
                      ;*invokespecial <init> {reexecute=0 rethrow=0 return_oop=0}
                      ; - org.apache.xpath.XPath::initFunctionTable@5 (line 62)
                      ; - org.apache.xpath.XPath::<init>@15 (line 279)
                      ; - org.apache.xalan.templates.ElemApplyTemplates::transformSelectedNodes@917 (line 438)
  0x000077163cbe17e8: 9438 0807 

  0x000077163cbe17ec: ;   {other}
  0x000077163cbe17ec: 0f1f 8400 | 5c7d 004d | 488b 9c24 | 8802 0000 | 488b 8424 | a002 0000 | 4c8b d044 | 8953 100f 
  0x000077163cbe180c: 1f44 0000 

  0x000077163cbe1810: ;   {no_reloc}
  0x000077163cbe1810: e9b1 5200 | 0000 0000 | 0000 498b | 87b8 0400 | 0048 8d48 | 2848 3bc8 | 0f82 a252 | 0000 493b 
  0x000077163cbe1830: 8fc0 0400 | 000f 8795 | 5200 0049 | 898f b804 | 0000 488b | f848 c1ef | 0649 ba00 | 0040 9869 
  0x000077163cbe1850: 6a00 0045 | 8a14 3a48 | 8bc8 48c1 | e903 4883 | e107 48c7 | c701 0000 | 0048 d3e7 | 4c0b d748 
  0x000077163cbe1870: 8bf8 48c1 | ef06 48b9 | 0000 4098 | 696a 0000 | 4488 1439 | 4983 8728 | 0200 0028 | 4983 8728 
  0x000077163cbe1890: 0200 0000 | 48c7 0001 | 0000 0048 | 8bca 49ba | 0000 001f | 696a 0000 | 492b ca89 | 4808 4833 
  0x000077163cbe18b0: c989 480c | 4833 c948 | 8948 1048 | 8948 1848 | 8948 2048 

  0x000077163cbe18c4: ;   {metadata(method data for {method} {0x00006a691455b320} 'transformSelectedNodes' '(Lorg/apache/xalan/transformer/TransformerImpl;)V' in 'org/apache/xalan/templates/ElemApplyTemplates')}
  0x000077163cbe18c4: 8bd0 48be | 0080 8114 | 696a 0000 | 4883 86a8 | 1900 0001 | 488b 9424 | 3801 0000 | 488b f048 
  0x000077163cbe18e4: 8984 24a8 | 0200 000f 

  0x000077163cbe18ec: ;   {optimized virtual_call}
  0x000077163cbe18ec: 1f40 00e8 

  0x000077163cbe18f0: ; ImmutableOopMap {[224]=Oop [232]=Oop [240]=Oop [256]=Oop [280]=Oop [312]=Oop [344]=Oop [360]=Oop [368]=Oop [424]=Oop [432]=Oop [448]=Oop [504]=Oop [544]=Oop [648]=Oop [656]=Oop [664]=Oop [680]=Oop }
                      ;*invokespecial <init> {reexecute=0 rethrow=0 return_oop=0}
                      ; - org.apache.xalan.templates.ElemApplyTemplates::transformSelectedNodes@926 (line 438)
  0x000077163cbe18f0: 8c37 0807 

  0x000077163cbe18f4: ;   {other}
  0x000077163cbe18f4: 0f1f 8400 | 647e 004e | 488b 9c24 | 9002 0000 

  0x000077163cbe1904: ; implicit exception: dispatches to 0x000077163cbe6add
  0x000077163cbe1904: 483b 0348 

  0x000077163cbe1908: ;   {metadata(method data for {method} {0x00006a691455b320} 'transformSelectedNodes' '(Lorg/apache/xalan/transformer/TransformerImpl;)V' in 'org/apache/xalan/templates/ElemApplyTemplates')}
  0x000077163cbe1908: 8bd3 48b9 | 0080 8114 | 696a 0000 

  0x000077163cbe1914: ;   {metadata('org/apache/xalan/trace/TraceManager')}
  0x000077163cbe1914: 49ba 7884 | 0e20 696a | 0000 4c89 | 91c8 1900 | 0048 8381 | d019 0000 | 018b 9424 | f800 0000 
  0x000077163cbe1934: 488b 8c24 | e800 0000 

  0x000077163cbe193c: ;   {oop("select"{0x0000000040ab07b8})}
  0x000077163cbe193c: 49b8 b807 | ab40 0000 | 0000 4c8b | 8c24 8802 | 0000 488b | bc24 a802 | 0000 488b | f366 0f1f 
  0x000077163cbe195c: ;   {optimized virtual_call}
  0x000077163cbe195c: 4400 00e8 

  0x000077163cbe1960: ; ImmutableOopMap {[224]=Oop [232]=Oop [240]=Oop [256]=Oop [280]=Oop [312]=Oop [344]=Oop [360]=Oop [368]=Oop [424]=Oop [432]=Oop [448]=Oop [504]=Oop [544]=Oop [664]=Oop }
                      ;*invokevirtual fireSelectedEndEvent {reexecute=0 rethrow=0 return_oop=0}
                      ; - org.apache.xalan.templates.ElemApplyTemplates::transformSelectedNodes@929 (line 438)
  0x000077163cbe1960: 1c37 0807 

  0x000077163cbe1964: ;   {other}
  0x000077163cbe1964: 0f1f 8400 | d47e 004f | 8b8c 24fc | 0000 0085 

  0x000077163cbe1974: ;   {metadata(method data for {method} {0x00006a691455b320} 'transformSelectedNodes' '(Lorg/apache/xalan/transformer/TransformerImpl;)V' in 'org/apache/xalan/templates/ElemApplyTemplates')}
  0x000077163cbe1974: c948 ba00 | 8081 1469 | 6a00 0048 | c7c6 f019 | 0000 7e07 | 48c7 c600 | 1a00 0048 | 8b3c 3248 
  0x000077163cbe1994: 8d7f 0148 | 893c 3289 | 8c24 fc00 | 0000 0f8e | 4c00 0000 | 488b 9c24 | 0001 0000 

  0x000077163cbe19b0: ;   {metadata(method data for {method} {0x00006a691455b320} 'transformSelectedNodes' '(Lorg/apache/xalan/transformer/TransformerImpl;)V' in 'org/apache/xalan/templates/ElemApplyTemplates')}
  0x000077163cbe19b0: 48ba 0080 | 8114 696a 

  0x000077163cbe19b8: ;   {metadata('org/apache/xpath/VariableStack')}
  0x000077163cbe19b8: 0000 49ba | a8de 0e20 | 696a 0000 | 4c89 9220 | 1a00 0048 | 8382 281a | 0000 018b | 9424 1001 
  0x000077163cbe19d8: 0000 488b | b424 0001 | 0000 0f1f 

  0x000077163cbe19e4: ;   {optimized virtual_call}
  0x000077163cbe19e4: 4400 00e8 

  0x000077163cbe19e8: ; ImmutableOopMap {[224]=Oop [232]=Oop [240]=Oop [256]=Oop [280]=Oop [312]=Oop [344]=Oop [360]=Oop [368]=Oop [424]=Oop [432]=Oop [448]=Oop [504]=Oop [544]=Oop [664]=Oop }
                      ;*invokevirtual unlink {reexecute=0 rethrow=0 return_oop=0}
                      ; - org.apache.xalan.templates.ElemApplyTemplates::transformSelectedNodes@941 (line 444)
  0x000077163cbe19e8: 9436 0807 

  0x000077163cbe19ec: ;   {other}
  0x000077163cbe19ec: 0f1f 8400 | 5c7f 0050 | 488b bc24 | e000 0000 

  0x000077163cbe19fc: ;   {metadata(method data for {method} {0x00006a691455b320} 'transformSelectedNodes' '(Lorg/apache/xalan/transformer/TransformerImpl;)V' in 'org/apache/xalan/templates/ElemApplyTemplates')}
  0x000077163cbe19fc: 488b f748 | bb00 8081 | 1469 6a00 | 0048 8383 | 601a 0000 

  0x000077163cbe1a10: ;   {metadata(method data for {method} {0x00006a69146a7290} 'popSAXLocator' '()V' in 'org/apache/xpath/XPathContext')}
  0x000077163cbe1a10: 0148 be60 | be80 1469 | 6a00 008b | 9ef4 0000 | 0083 c302 | 899e f400 | 0000 81e3 | feff 1f00 
  0x000077163cbe1a30: 85db 0f84 | aa50 0000 | 8b77 2c48 | 3b06 488b 

  0x000077163cbe1a40: ;   {metadata(method data for {method} {0x00006a69146a7290} 'popSAXLocator' '()V' in 'org/apache/xpath/XPathContext')}
  0x000077163cbe1a40: de48 b860 | be80 1469 | 6a00 0048 | 8380 5001 | 0000 010f 

  0x000077163cbe1a54: ;   {optimized virtual_call}
  0x000077163cbe1a54: 1f40 00e8 

  0x000077163cbe1a58: ; ImmutableOopMap {[224]=Oop [232]=Oop [240]=Oop [256]=Oop [280]=Oop [312]=Oop [344]=Oop [360]=Oop [368]=Oop [424]=Oop [432]=Oop [448]=Oop [504]=Oop [544]=Oop [664]=Oop }
                      ;*invokevirtual pop {reexecute=0 rethrow=0 return_oop=0}
                      ; - org.apache.xpath.XPathContext::popSAXLocator@4 (line 434)
                      ; - org.apache.xalan.templates.ElemApplyTemplates::transformSelectedNodes@945 (line 445)
  0x000077163cbe1a58: 2436 0807 

  0x000077163cbe1a5c: ;   {other}
  0x000077163cbe1a5c: 0f1f 8400 | cc7f 0051 

  0x000077163cbe1a64: ;   {metadata(method data for {method} {0x00006a691455b320} 'transformSelectedNodes' '(Lorg/apache/xalan/transformer/TransformerImpl;)V' in 'org/apache/xalan/templates/ElemApplyTemplates')}
  0x000077163cbe1a64: 48be 0080 | 8114 696a | 0000 ff86 | 901a 0000 | 488b bc24 | e000 0000 

  0x000077163cbe1a7c: ;   {metadata(method data for {method} {0x00006a691455b320} 'transformSelectedNodes' '(Lorg/apache/xalan/transformer/TransformerImpl;)V' in 'org/apache/xalan/templates/ElemApplyTemplates')}
  0x000077163cbe1a7c: 48be 0080 | 8114 696a | 0000 4883 | 86a0 1a00 | 0001 488b | b424 e000 

  0x000077163cbe1a94: ;   {optimized virtual_call}
  0x000077163cbe1a94: 0000 90e8 

  0x000077163cbe1a98: ; ImmutableOopMap {[224]=Oop [232]=Oop [240]=Oop [256]=Oop [280]=Oop [312]=Oop [344]=Oop [360]=Oop [368]=Oop [424]=Oop [432]=Oop [448]=Oop [504]=Oop [544]=Oop [664]=Oop }
                      ;*invokevirtual popContextNodeList {reexecute=0 rethrow=0 return_oop=0}
                      ; - org.apache.xalan.templates.ElemApplyTemplates::transformSelectedNodes@954 (line 446)
  0x000077163cbe1a98: e435 0807 

  0x000077163cbe1a9c: ;   {other}
  0x000077163cbe1a9c: 0f1f 8400 | 0c80 0052 | 488b 9424 | f000 0000 | e983 1300 | 0049 8b87 | 1808 0000 | 4d33 d24d 
  0x000077163cbe1abc: 8997 1808 | 0000 4d33 | d24d 8997 | 2008 0000 | 4889 8424 | b002 0000 | 488b 9424 | f000 0000 
  0x000077163cbe1adc: e94c 0000 

  0x000077163cbe1ae0: ;   {metadata(method data for {method} {0x00006a691455b320} 'transformSelectedNodes' '(Lorg/apache/xalan/transformer/TransformerImpl;)V' in 'org/apache/xalan/templates/ElemApplyTemplates')}
  0x000077163cbe1ae0: 0048 be00 | 8081 1469 | 6a00 00ff | 86d8 1800 | 0048 81c4 | 0004 0000 

  0x000077163cbe1af8: ;   {poll_return}
  0x000077163cbe1af8: 5d49 3ba7 | 6807 0000 | 0f87 0250 

  0x000077163cbe1b04: ;   {metadata(method data for {method} {0x00006a691455b320} 'transformSelectedNodes' '(Lorg/apache/xalan/transformer/TransformerImpl;)V' in 'org/apache/xalan/templates/ElemApplyTemplates')}
  0x000077163cbe1b04: 0000 c348 | be00 8081 | 1469 6a00 | 00ff 8628 | 1800 0048 | 81c4 0004 

  0x000077163cbe1b1c: ;   {poll_return}
  0x000077163cbe1b1c: 0000 5d49 | 3ba7 6807 | 0000 0f87 | f24f 0000 | c348 8bf2 

  0x000077163cbe1b30: ;   {metadata(method data for {method} {0x00006a691455b320} 'transformSelectedNodes' '(Lorg/apache/xalan/transformer/TransformerImpl;)V' in 'org/apache/xalan/templates/ElemApplyTemplates')}
  0x000077163cbe1b30: 48bf 0080 | 8114 696a | 0000 4883 | 87f0 1500 

  0x000077163cbe1b40: ;   {metadata(method data for {method} {0x00006a6914655c60} 'popElemTemplateElement' '()V' in 'org/apache/xalan/transformer/TransformerImpl')}
  0x000077163cbe1b40: 0001 48be | 18c5 8014 | 696a 0000 | 8bbe f400 | 0000 83c7 | 0289 bef4 | 0000 0081 | e7fe ff1f 
  0x000077163cbe1b60: 0085 ff0f | 84cb 4f00 | 008b 724c 

  0x000077163cbe1b6c: ; implicit exception: dispatches to 0x000077163cbe6b55
  0x000077163cbe1b6c: 483b 0648 

  0x000077163cbe1b70: ;   {metadata(method data for {method} {0x00006a6914655c60} 'popElemTemplateElement' '()V' in 'org/apache/xalan/transformer/TransformerImpl')}
  0x000077163cbe1b70: 8bfe 48bb | 18c5 8014 | 696a 0000 | 4883 8350 | 0100 0001 

  0x000077163cbe1b84: ;   {optimized virtual_call}
  0x000077163cbe1b84: 6666 90e8 

  0x000077163cbe1b88: ; ImmutableOopMap {[224]=Oop [232]=Oop [240]=Oop [256]=Oop [280]=Oop [312]=Oop [344]=Oop [360]=Oop [368]=Oop [424]=Oop [432]=Oop [448]=Oop [504]=Oop [544]=Oop [688]=Oop }
                      ;*invokevirtual pop {reexecute=0 rethrow=0 return_oop=0}
                      ; - org.apache.xalan.transformer.TransformerImpl::popElemTemplateElement@4 (line 2632)
                      ; - org.apache.xalan.templates.ElemApplyTemplates::transformSelectedNodes@795 (line 399)
  0x000077163cbe1b88: f434 0807 

  0x000077163cbe1b8c: ;   {other}
  0x000077163cbe1b8c: 0f1f 8400 | fc80 0053 | 488b b424 | b002 0000 | e980 1200 | 0048 8b94 | 24f0 0000 | 0049 8b87 
  0x000077163cbe1bac: 1808 0000 | 4d33 d24d | 8997 1808 | 0000 4d33 | d24d 8997 | 2008 0000 | 488b d848 

  0x000077163cbe1bc8: ;   {metadata(method data for {method} {0x00006a691455b320} 'transformSelectedNodes' '(Lorg/apache/xalan/transformer/TransformerImpl;)V' in 'org/apache/xalan/templates/ElemApplyTemplates')}
  0x000077163cbe1bc8: 8bf2 48bf | 0080 8114 | 696a 0000 

  0x000077163cbe1bd4: ;   {metadata('org/apache/xalan/transformer/TransformerImpl')}
  0x000077163cbe1bd4: 49ba c80c | 0c20 696a | 0000 4c89 | 9750 1800 | 0048 8387 | 5818 0000 | 0144 8b82 | 8000 0000 
  0x000077163cbe1bf4: ;   {metadata('javax/xml/transform/TransformerException')}
  0x000077163cbe1bf4: 48ba 9030 | 0120 696a | 0000 498b | 87b8 0400 | 0048 8d48 | 3048 3bc8 | 0f82 484f | 0000 493b 
  0x000077163cbe1c14: 8fc0 0400 | 000f 873b | 4f00 0049 | 898f b804 | 0000 488b | f848 c1ef | 0649 ba00 | 0040 9869 
  0x000077163cbe1c34: 6a00 0045 | 8a14 3a48 | 8bc8 48c1 | e903 4883 | e107 48c7 | c701 0000 | 0048 d3e7 | 4c0b d748 
  0x000077163cbe1c54: 8bf8 48c1 | ef06 48b9 | 0000 4098 | 696a 0000 | 4488 1439 | 4983 8728 | 0200 0030 | 4983 8728 
  0x000077163cbe1c74: 0200 0000 | 48c7 0001 | 0000 0048 | 8bca 49ba | 0000 001f | 696a 0000 | 492b ca89 | 4808 4833 
  0x000077163cbe1c94: c989 480c | 4833 c948 | 8948 1048 | 8948 1848 | 8948 2048 | 8948 2848 

  0x000077163cbe1cac: ;   {metadata(method data for {method} {0x00006a691455b320} 'transformSelectedNodes' '(Lorg/apache/xalan/transformer/TransformerImpl;)V' in 'org/apache/xalan/templates/ElemApplyTemplates')}
  0x000077163cbe1cac: 8bd0 48be | 0080 8114 | 696a 0000 | 4883 8678 | 1800 0001 | 488b d348 | 8bf0 4889 | 8424 c002 
  0x000077163cbe1ccc: 0000 4c89 | 8424 b802 

  0x000077163cbe1cd4: ;   {optimized virtual_call}
  0x000077163cbe1cd4: 0000 90e8 

  0x000077163cbe1cd8: ; ImmutableOopMap {[224]=Oop [232]=Oop [240]=Oop [256]=Oop [280]=Oop [312]=Oop [344]=Oop [360]=Oop [368]=Oop [424]=Oop [432]=Oop [448]=Oop [504]=Oop [544]=Oop [688]=Oop [696]=Oop [704]=Oop }
                      ;*invokespecial <init> {reexecute=0 rethrow=0 return_oop=0}
                      ; - org.apache.xalan.templates.ElemApplyTemplates::transformSelectedNodes@870 (line 433)
  0x000077163cbe1cd8: a433 0807 

  0x000077163cbe1cdc: ;   {other}
  0x000077163cbe1cdc: 0f1f 8400 | 4c82 0054 | 4c8b 8424 | b802 0000 

  0x000077163cbe1cec: ; implicit exception: dispatches to 0x000077163cbe6b67
  0x000077163cbe1cec: 493b 0049 

  0x000077163cbe1cf0: ;   {metadata(method data for {method} {0x00006a691455b320} 'transformSelectedNodes' '(Lorg/apache/xalan/transformer/TransformerImpl;)V' in 'org/apache/xalan/templates/ElemApplyTemplates')}
  0x000077163cbe1cf0: 8bd0 48be | 0080 8114 | 696a 0000 | 8b52 0849 | ba00 0000 | 1f69 6a00 | 0049 03d2 | 483b 9698 
  0x000077163cbe1d10: 1800 0075 | 0d48 8386 | a018 0000 | 01e9 6000 | 0000 483b | 96a8 1800 | 0075 0d48 | 8386 b018 
  0x000077163cbe1d30: 0000 01e9 | 4a00 0000 | 4883 be98 | 1800 0000 | 7517 4889 | 9698 1800 | 0048 c786 | a018 0000 
  0x000077163cbe1d50: 0100 0000 | e929 0000 | 0048 83be | a818 0000 | 0075 1748 | 8996 a818 | 0000 48c7 | 86b0 1800 
  0x000077163cbe1d70: 0001 0000 | 00e9 0800 | 0000 4883 | 8688 1800 | 0001 488b | 9424 c002 | 0000 498b | f048 b8ff 
  0x000077163cbe1d90: ffff ffff 

  0x000077163cbe1d94: ;   {virtual_call}
  0x000077163cbe1d94: ffff ffe8 

  0x000077163cbe1d98: ; ImmutableOopMap {[224]=Oop [232]=Oop [240]=Oop [256]=Oop [280]=Oop [312]=Oop [344]=Oop [360]=Oop [368]=Oop [424]=Oop [432]=Oop [448]=Oop [504]=Oop [544]=Oop [688]=Oop }
                      ;*invokeinterface fatalError {reexecute=0 rethrow=0 return_oop=0}
                      ; - org.apache.xalan.templates.ElemApplyTemplates::transformSelectedNodes@873 (line 433)
  0x000077163cbe1d98: e435 0807 

  0x000077163cbe1d9c: ;   {other}
  0x000077163cbe1d9c: 0f1f 8400 | 0c83 0055 | 488b 9424 | f000 0000 

  0x000077163cbe1dac: ;   {metadata(method data for {method} {0x00006a691455b320} 'transformSelectedNodes' '(Lorg/apache/xalan/transformer/TransformerImpl;)V' in 'org/apache/xalan/templates/ElemApplyTemplates')}
  0x000077163cbe1dac: 488b f248 | bf00 8081 | 1469 6a00 | 0048 8387 | 2019 0000 | 010f be72 | 1583 e601 

  0x000077163cbe1dc8: ;   {metadata(method data for {method} {0x00006a691455b320} 'transformSelectedNodes' '(Lorg/apache/xalan/transformer/TransformerImpl;)V' in 'org/apache/xalan/templates/ElemApplyTemplates')}
  0x000077163cbe1dc8: 85f6 48be | 0080 8114 | 696a 0000 | 48c7 c740 | 1900 0074 | 0748 c7c7 | 5019 0000 | 488b 043e 
  0x000077163cbe1de8: 488d 4001 | 4889 043e | 0f84 4604 | 0000 488b | b424 e800 | 0000 488b 

  0x000077163cbe1e00: ;   {metadata(method data for {method} {0x00006a691455b320} 'transformSelectedNodes' '(Lorg/apache/xalan/transformer/TransformerImpl;)V' in 'org/apache/xalan/templates/ElemApplyTemplates')}
  0x000077163cbe1e00: fa48 b800 | 8081 1469 

  0x000077163cbe1e08: ;   {metadata('org/apache/xalan/transformer/TransformerImpl')}
  0x000077163cbe1e08: 6a00 0049 | bac8 0c0c | 2069 6a00 | 004c 8990 | 7019 0000 | 4883 8078 | 1900 0001 | 8b9a 8400 
  0x000077163cbe1e28: 0000 660f | 1f44 0000 

  0x000077163cbe1e30: ;   {no_reloc}
  0x000077163cbe1e30: e946 4d00 | 0000 0000 | 0000 4c8b | ce49 8b87 | b804 0000 | 488d 4818 | 483b c80f | 8234 4d00 
  0x000077163cbe1e50: 0049 3b8f | c004 0000 | 0f87 274d | 0000 4989 | 8fb8 0400 | 0048 8bf8 | 48c1 ef06 | 49ba 0000 
  0x000077163cbe1e70: 4098 696a | 0000 458a | 143a 488b | c848 c1e9 | 0348 83e1 | 0748 c7c7 | 0100 0000 | 48d3 e74c 
  0x000077163cbe1e90: 0bd7 488b | f848 c1ef | 0648 b900 | 0040 9869 | 6a00 0044 | 8814 3949 | 8387 2802 | 0000 1849 
  0x000077163cbe1eb0: 8387 2802 | 0000 0048 | c700 0100 | 0000 488b | ca49 ba00 | 0000 1f69 | 6a00 0049 | 2bca 8948 
  0x000077163cbe1ed0: 0848 33c9 | 8948 0c48 | 33c9 4889 | 4810 4889 | 8424 c802 | 0000 418b | 5150 488b 

  0x000077163cbe1eec: ;   {metadata(method data for {method} {0x00006a691455b320} 'transformSelectedNodes' '(Lorg/apache/xalan/transformer/TransformerImpl;)V' in 'org/apache/xalan/templates/ElemApplyTemplates')}
  0x000077163cbe1eec: f048 bf00 | 8081 1469 | 6a00 0048 | 8387 9819 

  0x000077163cbe1efc: ;   {metadata(method data for {method} {0x00006a691465bd20} '<init>' '(Lorg/apache/xpath/Expression;)V' in 'org/apache/xpath/XPath')}
  0x000077163cbe1efc: 0000 0148 | be80 f381 | 1469 6a00 | 008b bef4 | 0000 0083 | c702 89be | f400 0000 | 81e7 feff 
  0x000077163cbe1f1c: 1f00 85ff | 0f84 6c4c | 0000 488b 

  0x000077163cbe1f28: ;   {metadata(method data for {method} {0x00006a691465bd20} '<init>' '(Lorg/apache/xpath/Expression;)V' in 'org/apache/xpath/XPath')}
  0x000077163cbe1f28: f048 bf80 | f381 1469 | 6a00 0048 | 8387 3801 

  0x000077163cbe1f38: ;   {metadata(method data for {method} {0x00006a691f4791f0} '<init>' '()V' in 'java/lang/Object')}
  0x000077163cbe1f38: 0000 0148 | bec0 7000 | 1469 6a00 | 008b bef4 | 0000 0083 | c702 89be | f400 0000 | 81e7 feff 
  0x000077163cbe1f58: 1f00 85ff | 0f84 514c | 0000 488b 

  0x000077163cbe1f64: ;   {metadata(method data for {method} {0x00006a691465bd20} '<init>' '(Lorg/apache/xpath/Expression;)V' in 'org/apache/xpath/XPath')}
  0x000077163cbe1f64: f048 bf80 | f381 1469 

  0x000077163cbe1f6c: ;   {metadata('org/apache/xpath/XPath')}
  0x000077163cbe1f6c: 6a00 0049 | ba88 130c | 2069 6a00 | 004c 8997 | 5801 0000 | 4883 8760 | 0100 0001 | 488b f048 
  0x000077163cbe1f8c: 899c 24d0 | 0200 000f 

  0x000077163cbe1f94: ;   {optimized virtual_call}
  0x000077163cbe1f94: 1f40 00e8 

  0x000077163cbe1f98: ; ImmutableOopMap {[224]=Oop [232]=Oop [240]=Oop [256]=Oop [280]=Oop [312]=Oop [344]=Oop [360]=Oop [368]=Oop [424]=Oop [432]=Oop [448]=Oop [504]=Oop [544]=Oop [688]=Oop [712]=Oop [720]=Oop }
                      ;*invokevirtual setExpression {reexecute=0 rethrow=0 return_oop=0}
                      ; - org.apache.xpath.XPath::<init>@11 (line 278)
                      ; - org.apache.xalan.templates.ElemApplyTemplates::transformSelectedNodes@917 (line 438)
  0x000077163cbe1f98: e430 0807 

  0x000077163cbe1f9c: ;   {other}
  0x000077163cbe1f9c: 0f1f 8400 | 0c85 0056 | 488b 8424 | c802 0000 

  0x000077163cbe1fac: ;   {metadata(method data for {method} {0x00006a691465bd20} '<init>' '(Lorg/apache/xpath/Expression;)V' in 'org/apache/xpath/XPath')}
  0x000077163cbe1fac: 48ba 80f3 | 8114 696a | 0000 4883 | 8280 0100 

  0x000077163cbe1fbc: ;   {metadata(method data for {method} {0x00006a691465b448} 'initFunctionTable' '()V' in 'org/apache/xpath/XPath')}
  0x000077163cbe1fbc: 0001 48ba | 58f5 8114 | 696a 0000 | 8bb2 f400 | 0000 83c6 | 0289 b2f4 | 0000 0081 | e6fe ff1f 
  0x000077163cbe1fdc: 0085 f60f | 84ef 4b00 

  0x000077163cbe1fe4: ;   {metadata('org/apache/xpath/compiler/FunctionTable')}
  0x000077163cbe1fe4: 0048 ba58 | d201 2069 | 6a00 0049 | 8b87 b804 | 0000 488d | 4818 483b | c80f 82f2 | 4b00 0049 
  0x000077163cbe2004: 3b8f c004 | 0000 0f87 | e54b 0000 | 4989 8fb8 | 0400 0048 | 8bf8 48c1 | ef06 49ba | 0000 4098 
  0x000077163cbe2024: 696a 0000 | 458a 143a | 488b c848 | c1e9 0348 | 83e1 0748 | c7c7 0100 | 0000 48d3 | e74c 0bd7 
  0x000077163cbe2044: 488b f848 | c1ef 0648 | b900 0040 | 9869 6a00 | 0044 8814 | 3949 8387 | 2802 0000 | 1849 8387 
  0x000077163cbe2064: 2802 0000 | 0048 c700 | 0100 0000 | 488b ca49 | ba00 0000 | 1f69 6a00 | 0049 2bca | 8948 0848 
  0x000077163cbe2084: 33c9 8948 | 0c48 33c9 | 4889 4810 

  0x000077163cbe2090: ;   {metadata(method data for {method} {0x00006a691465b448} 'initFunctionTable' '()V' in 'org/apache/xpath/XPath')}
  0x000077163cbe2090: 488b f048 | bf58 f581 | 1469 6a00 | 0048 8387 | 3801 0000 | 0148 8bf0 | 4889 8424 | d802 0000 
  0x000077163cbe20b0: 0f1f 8000 

  0x000077163cbe20b4: ;   {optimized virtual_call}
  0x000077163cbe20b4: 0000 00e8 

  0x000077163cbe20b8: ; ImmutableOopMap {[224]=Oop [232]=Oop [240]=Oop [256]=Oop [280]=Oop [312]=Oop [344]=Oop [360]=Oop [368]=Oop [424]=Oop [432]=Oop [448]=Oop [504]=Oop [544]=Oop [688]=Oop [712]=Oop [720]=Oop [728]=Oop }
                      ;*invokespecial <init> {reexecute=0 rethrow=0 return_oop=0}
                      ; - org.apache.xpath.XPath::initFunctionTable@5 (line 62)
                      ; - org.apache.xpath.XPath::<init>@15 (line 279)
                      ; - org.apache.xalan.templates.ElemApplyTemplates::transformSelectedNodes@917 (line 438)
  0x000077163cbe20b8: c42f 0807 

  0x000077163cbe20bc: ;   {other}
  0x000077163cbe20bc: 0f1f 8400 | 2c86 0057 | 488b 9c24 | c802 0000 | 488b 8424 | d802 0000 | 4c8b d044 | 8953 100f 
  0x000077163cbe20dc: 1f44 0000 

  0x000077163cbe20e0: ;   {no_reloc}
  0x000077163cbe20e0: e92c 4b00 | 0000 0000 | 0000 498b | 87b8 0400 | 0048 8d48 | 2848 3bc8 | 0f82 1d4b | 0000 493b 
  0x000077163cbe2100: 8fc0 0400 | 000f 8710 | 4b00 0049 | 898f b804 | 0000 488b | f848 c1ef | 0649 ba00 | 0040 9869 
  0x000077163cbe2120: 6a00 0045 | 8a14 3a48 | 8bc8 48c1 | e903 4883 | e107 48c7 | c701 0000 | 0048 d3e7 | 4c0b d748 
  0x000077163cbe2140: 8bf8 48c1 | ef06 48b9 | 0000 4098 | 696a 0000 | 4488 1439 | 4983 8728 | 0200 0028 | 4983 8728 
  0x000077163cbe2160: 0200 0000 | 48c7 0001 | 0000 0048 | 8bca 49ba | 0000 001f | 696a 0000 | 492b ca89 | 4808 4833 
  0x000077163cbe2180: c989 480c | 4833 c948 | 8948 1048 | 8948 1848 | 8948 2048 

  0x000077163cbe2194: ;   {metadata(method data for {method} {0x00006a691455b320} 'transformSelectedNodes' '(Lorg/apache/xalan/transformer/TransformerImpl;)V' in 'org/apache/xalan/templates/ElemApplyTemplates')}
  0x000077163cbe2194: 8bd0 48be | 0080 8114 | 696a 0000 | 4883 86a8 | 1900 0001 | 488b 9424 | 3801 0000 | 488b f048 
  0x000077163cbe21b4: 8984 24e0 | 0200 000f 

  0x000077163cbe21bc: ;   {optimized virtual_call}
  0x000077163cbe21bc: 1f40 00e8 

  0x000077163cbe21c0: ; ImmutableOopMap {[224]=Oop [232]=Oop [240]=Oop [256]=Oop [280]=Oop [312]=Oop [344]=Oop [360]=Oop [368]=Oop [424]=Oop [432]=Oop [448]=Oop [504]=Oop [544]=Oop [688]=Oop [712]=Oop [720]=Oop [736]=Oop }
                      ;*invokespecial <init> {reexecute=0 rethrow=0 return_oop=0}
                      ; - org.apache.xalan.templates.ElemApplyTemplates::transformSelectedNodes@926 (line 438)
  0x000077163cbe21c0: bc2e 0807 

  0x000077163cbe21c4: ;   {other}
  0x000077163cbe21c4: 0f1f 8400 | 3487 0058 | 488b 9c24 | d002 0000 

  0x000077163cbe21d4: ; implicit exception: dispatches to 0x000077163cbe6c28
  0x000077163cbe21d4: 483b 0348 

  0x000077163cbe21d8: ;   {metadata(method data for {method} {0x00006a691455b320} 'transformSelectedNodes' '(Lorg/apache/xalan/transformer/TransformerImpl;)V' in 'org/apache/xalan/templates/ElemApplyTemplates')}
  0x000077163cbe21d8: 8bd3 48b9 | 0080 8114 | 696a 0000 

  0x000077163cbe21e4: ;   {metadata('org/apache/xalan/trace/TraceManager')}
  0x000077163cbe21e4: 49ba 7884 | 0e20 696a | 0000 4c89 | 91c8 1900 | 0048 8381 | d019 0000 | 018b 9424 | f800 0000 
  0x000077163cbe2204: 488b 8c24 | e800 0000 

  0x000077163cbe220c: ;   {oop("select"{0x0000000040ab07b8})}
  0x000077163cbe220c: 49b8 b807 | ab40 0000 | 0000 4c8b | 8c24 c802 | 0000 488b | bc24 e002 | 0000 488b | f366 0f1f 
  0x000077163cbe222c: ;   {optimized virtual_call}
  0x000077163cbe222c: 4400 00e8 

  0x000077163cbe2230: ; ImmutableOopMap {[224]=Oop [232]=Oop [240]=Oop [256]=Oop [280]=Oop [312]=Oop [344]=Oop [360]=Oop [368]=Oop [424]=Oop [432]=Oop [448]=Oop [504]=Oop [544]=Oop [688]=Oop }
                      ;*invokevirtual fireSelectedEndEvent {reexecute=0 rethrow=0 return_oop=0}
                      ; - org.apache.xalan.templates.ElemApplyTemplates::transformSelectedNodes@929 (line 438)
  0x000077163cbe2230: 4c2e 0807 

  0x000077163cbe2234: ;   {other}
  0x000077163cbe2234: 0f1f 8400 | a487 0059 | 8b8c 24fc | 0000 0085 

  0x000077163cbe2244: ;   {metadata(method data for {method} {0x00006a691455b320} 'transformSelectedNodes' '(Lorg/apache/xalan/transformer/TransformerImpl;)V' in 'org/apache/xalan/templates/ElemApplyTemplates')}
  0x000077163cbe2244: c948 ba00 | 8081 1469 | 6a00 0048 | c7c6 f019 | 0000 7e07 | 48c7 c600 | 1a00 0048 | 8b3c 3248 
  0x000077163cbe2264: 8d7f 0148 | 893c 3289 | 8c24 fc00 | 0000 0f8e | 4c00 0000 | 488b 9c24 | 0001 0000 

  0x000077163cbe2280: ;   {metadata(method data for {method} {0x00006a691455b320} 'transformSelectedNodes' '(Lorg/apache/xalan/transformer/TransformerImpl;)V' in 'org/apache/xalan/templates/ElemApplyTemplates')}
  0x000077163cbe2280: 48ba 0080 | 8114 696a 

  0x000077163cbe2288: ;   {metadata('org/apache/xpath/VariableStack')}
  0x000077163cbe2288: 0000 49ba | a8de 0e20 | 696a 0000 | 4c89 9220 | 1a00 0048 | 8382 281a | 0000 018b | 9424 1001 
  0x000077163cbe22a8: 0000 488b | b424 0001 | 0000 0f1f 

  0x000077163cbe22b4: ;   {optimized virtual_call}
  0x000077163cbe22b4: 4400 00e8 

  0x000077163cbe22b8: ; ImmutableOopMap {[224]=Oop [232]=Oop [240]=Oop [256]=Oop [280]=Oop [312]=Oop [344]=Oop [360]=Oop [368]=Oop [424]=Oop [432]=Oop [448]=Oop [504]=Oop [544]=Oop [688]=Oop }
                      ;*invokevirtual unlink {reexecute=0 rethrow=0 return_oop=0}
                      ; - org.apache.xalan.templates.ElemApplyTemplates::transformSelectedNodes@941 (line 444)
  0x000077163cbe22b8: c42d 0807 

  0x000077163cbe22bc: ;   {other}
  0x000077163cbe22bc: 0f1f 8400 | 2c88 005a | 488b bc24 | e000 0000 

  0x000077163cbe22cc: ;   {metadata(method data for {method} {0x00006a691455b320} 'transformSelectedNodes' '(Lorg/apache/xalan/transformer/TransformerImpl;)V' in 'org/apache/xalan/templates/ElemApplyTemplates')}
  0x000077163cbe22cc: 488b f748 | bb00 8081 | 1469 6a00 | 0048 8383 | 601a 0000 

  0x000077163cbe22e0: ;   {metadata(method data for {method} {0x00006a69146a7290} 'popSAXLocator' '()V' in 'org/apache/xpath/XPathContext')}
  0x000077163cbe22e0: 0148 be60 | be80 1469 | 6a00 008b | 9ef4 0000 | 0083 c302 | 899e f400 | 0000 81e3 | feff 1f00 
  0x000077163cbe2300: 85db 0f84 | 2549 0000 | 8b77 2c48 | 3b06 488b 

  0x000077163cbe2310: ;   {metadata(method data for {method} {0x00006a69146a7290} 'popSAXLocator' '()V' in 'org/apache/xpath/XPathContext')}
  0x000077163cbe2310: de48 b860 | be80 1469 | 6a00 0048 | 8380 5001 | 0000 010f 

  0x000077163cbe2324: ;   {optimized virtual_call}
  0x000077163cbe2324: 1f40 00e8 

  0x000077163cbe2328: ; ImmutableOopMap {[224]=Oop [232]=Oop [240]=Oop [256]=Oop [280]=Oop [312]=Oop [344]=Oop [360]=Oop [368]=Oop [424]=Oop [432]=Oop [448]=Oop [504]=Oop [544]=Oop [688]=Oop }
                      ;*invokevirtual pop {reexecute=0 rethrow=0 return_oop=0}
                      ; - org.apache.xpath.XPathContext::popSAXLocator@4 (line 434)
                      ; - org.apache.xalan.templates.ElemApplyTemplates::transformSelectedNodes@945 (line 445)
  0x000077163cbe2328: 542d 0807 

  0x000077163cbe232c: ;   {other}
  0x000077163cbe232c: 0f1f 8400 | 9c88 005b 

  0x000077163cbe2334: ;   {metadata(method data for {method} {0x00006a691455b320} 'transformSelectedNodes' '(Lorg/apache/xalan/transformer/TransformerImpl;)V' in 'org/apache/xalan/templates/ElemApplyTemplates')}
  0x000077163cbe2334: 48be 0080 | 8114 696a | 0000 ff86 | 901a 0000 | 488b bc24 | e000 0000 

  0x000077163cbe234c: ;   {metadata(method data for {method} {0x00006a691455b320} 'transformSelectedNodes' '(Lorg/apache/xalan/transformer/TransformerImpl;)V' in 'org/apache/xalan/templates/ElemApplyTemplates')}
  0x000077163cbe234c: 48be 0080 | 8114 696a | 0000 4883 | 86a0 1a00 | 0001 488b | b424 e000 

  0x000077163cbe2364: ;   {optimized virtual_call}
  0x000077163cbe2364: 0000 90e8 

  0x000077163cbe2368: ; ImmutableOopMap {[224]=Oop [232]=Oop [240]=Oop [256]=Oop [280]=Oop [312]=Oop [344]=Oop [360]=Oop [368]=Oop [424]=Oop [432]=Oop [448]=Oop [504]=Oop [544]=Oop [688]=Oop }
                      ;*invokevirtual popContextNodeList {reexecute=0 rethrow=0 return_oop=0}
                      ; - org.apache.xalan.templates.ElemApplyTemplates::transformSelectedNodes@954 (line 446)
  0x000077163cbe2368: 142d 0807 

  0x000077163cbe236c: ;   {other}
  0x000077163cbe236c: 0f1f 8400 | dc88 005c | 488b 9424 | f000 0000 

  0x000077163cbe237c: ;   {metadata(method data for {method} {0x00006a691455b320} 'transformSelectedNodes' '(Lorg/apache/xalan/transformer/TransformerImpl;)V' in 'org/apache/xalan/templates/ElemApplyTemplates')}
  0x000077163cbe237c: 488b f248 | bb00 8081 | 1469 6a00 | 0048 8383 | f01a 0000 

  0x000077163cbe2390: ;   {metadata(method data for {method} {0x00006a6914655c60} 'popElemTemplateElement' '()V' in 'org/apache/xalan/transformer/TransformerImpl')}
  0x000077163cbe2390: 0148 be18 | c580 1469 | 6a00 008b | 9ef4 0000 | 0083 c302 | 899e f400 | 0000 81e3 | feff 1f00 
  0x000077163cbe23b0: 85db 0f84 | 9b48 0000 | 8b72 4c48 | 3b06 488b 

  0x000077163cbe23c0: ;   {metadata(method data for {method} {0x00006a6914655c60} 'popElemTemplateElement' '()V' in 'org/apache/xalan/transformer/TransformerImpl')}
  0x000077163cbe23c0: de48 b818 | c580 1469 | 6a00 0048 | 8380 5001 | 0000 010f 

  0x000077163cbe23d4: ;   {optimized virtual_call}
  0x000077163cbe23d4: 1f40 00e8 

  0x000077163cbe23d8: ; ImmutableOopMap {[224]=Oop [232]=Oop [240]=Oop [256]=Oop [280]=Oop [312]=Oop [344]=Oop [360]=Oop [368]=Oop [424]=Oop [432]=Oop [448]=Oop [504]=Oop [544]=Oop [688]=Oop }
                      ;*invokevirtual pop {reexecute=0 rethrow=0 return_oop=0}
                      ; - org.apache.xalan.transformer.TransformerImpl::popElemTemplateElement@4 (line 2632)
                      ; - org.apache.xalan.templates.ElemApplyTemplates::transformSelectedNodes@958 (line 447)
  0x000077163cbe23d8: a42c 0807 

  0x000077163cbe23dc: ;   {other}
  0x000077163cbe23dc: 0f1f 8400 | 4c89 005d | 488b bc24 | e000 0000 

  0x000077163cbe23ec: ;   {metadata(method data for {method} {0x00006a691455b320} 'transformSelectedNodes' '(Lorg/apache/xalan/transformer/TransformerImpl;)V' in 'org/apache/xalan/templates/ElemApplyTemplates')}
  0x000077163cbe23ec: 48be 0080 | 8114 696a | 0000 4883 | 8610 1b00 

  0x000077163cbe23fc: ;   {metadata(method data for {method} {0x00006a69146a9090} 'popCurrentExpressionNode' '()V' in 'org/apache/xpath/XPathContext')}
  0x000077163cbe23fc: 0001 48be | 684d 8114 | 696a 0000 | 8bbe f400 | 0000 83c7 | 0289 bef4 | 0000 0081 | e7fe ff1f 
  0x000077163cbe241c: 0085 ff0f | 8454 4800 | 0048 8bbc | 24e0 0000 | 008b 7760 

  0x000077163cbe2430: ; implicit exception: dispatches to 0x000077163cbe6c9a
  0x000077163cbe2430: 483b 0648 

  0x000077163cbe2434: ;   {metadata(method data for {method} {0x00006a69146a9090} 'popCurrentExpressionNode' '()V' in 'org/apache/xpath/XPathContext')}
  0x000077163cbe2434: 8bde 48b8 | 684d 8114 | 696a 0000 | 4883 8038 | 0100 0001 

  0x000077163cbe2448: ;   {metadata(method data for {method} {0x00006a69146486c0} 'quickPop' '(I)V' in 'org/apache/xml/utils/IntStack')}
  0x000077163cbe2448: 48bb d097 | 7e14 696a | 0000 8b83 | f400 0000 | 83c0 0289 | 83f4 0000 | 0025 feff | 1f00 85c0 
  0x000077163cbe2468: 0f84 3148 | 0000 8b5e | 10ff cb89 | 5e10 488b 

  0x000077163cbe2478: ;   {metadata(method data for {method} {0x00006a691455b320} 'transformSelectedNodes' '(Lorg/apache/xalan/transformer/TransformerImpl;)V' in 'org/apache/xalan/templates/ElemApplyTemplates')}
  0x000077163cbe2478: f748 bb00 | 8081 1469 | 6a00 0048 | 8383 481b 

  0x000077163cbe2488: ;   {metadata(method data for {method} {0x00006a69146a86b0} 'popCurrentNode' '()V' in 'org/apache/xpath/XPathContext')}
  0x000077163cbe2488: 0000 0148 | bef8 1480 | 1469 6a00 | 008b 9ef4 | 0000 0083 | c302 899e | f400 0000 | 81e3 feff 
  0x000077163cbe24a8: 1f00 85db | 0f84 0e48 | 0000 8b77 | 5448 3b06 

  0x000077163cbe24b8: ;   {metadata(method data for {method} {0x00006a69146a86b0} 'popCurrentNode' '()V' in 'org/apache/xpath/XPathContext')}
  0x000077163cbe24b8: 488b de48 | b8f8 1480 | 1469 6a00 | 0048 8380 | 3801 0000 

  0x000077163cbe24cc: ;   {metadata(method data for {method} {0x00006a69146486c0} 'quickPop' '(I)V' in 'org/apache/xml/utils/IntStack')}
  0x000077163cbe24cc: 0148 bbd0 | 977e 1469 | 6a00 008b | 83f4 0000 | 0083 c002 | 8983 f400 | 0000 25fe | ff1f 0085 
  0x000077163cbe24ec: c00f 84f3 | 4700 008b | 5e10 ffcb | 895e 1048 | 8b84 2438 

  0x000077163cbe2500: ;   {metadata(method data for {method} {0x00006a691455b320} 'transformSelectedNodes' '(Lorg/apache/xalan/transformer/TransformerImpl;)V' in 'org/apache/xalan/templates/ElemApplyTemplates')}
  0x000077163cbe2500: 0100 0048 | be00 8081 | 1469 6a00 | 008b 4008 | 49ba 0000 | 001f 696a | 0000 4903 | c248 3b86 
  0x000077163cbe2520: 901b 0000 | 750d 4883 | 8698 1b00 | 0001 e960 | 0000 0048 | 3b86 a01b | 0000 750d | 4883 86a8 
  0x000077163cbe2540: 1b00 0001 | e94a 0000 | 0048 83be | 901b 0000 | 0075 1748 | 8986 901b | 0000 48c7 | 8698 1b00 
  0x000077163cbe2560: 0001 0000 | 00e9 2900 | 0000 4883 | bea0 1b00 | 0000 7517 | 4889 86a0 | 1b00 0048 | c786 a81b 
  0x000077163cbe2580: 0000 0100 | 0000 e908 | 0000 0048 | 8386 801b | 0000 0148 | 8bb4 2438 | 0100 0066 | 9048 b8ff 
  0x000077163cbe25a0: ffff ffff 

  0x000077163cbe25a4: ;   {virtual_call}
  0x000077163cbe25a4: ffff ffe8 

  0x000077163cbe25a8: ; ImmutableOopMap {[224]=Oop [232]=Oop [240]=Oop [256]=Oop [280]=Oop [312]=Oop [344]=Oop [360]=Oop [368]=Oop [424]=Oop [432]=Oop [448]=Oop [504]=Oop [544]=Oop [688]=Oop }
                      ;*invokeinterface detach {reexecute=0 rethrow=0 return_oop=0}
                      ; - org.apache.xalan.templates.ElemApplyTemplates::transformSelectedNodes@971 (line 450)
  0x000077163cbe25a8: d42d 0807 

  0x000077163cbe25ac: ;   {other}
  0x000077163cbe25ac: 0f1f 8400 | 1c8b 005e | e900 0600 | 0049 8b87 | 1808 0000 | 4d33 d24d | 8997 1808 | 0000 4d33 
  0x000077163cbe25cc: d24d 8997 | 2008 0000 | 488b 9424 | f000 0000 

  0x000077163cbe25dc: ;   {metadata(method data for {method} {0x00006a691455b320} 'transformSelectedNodes' '(Lorg/apache/xalan/transformer/TransformerImpl;)V' in 'org/apache/xalan/templates/ElemApplyTemplates')}
  0x000077163cbe25dc: 488b f248 | bf00 8081 | 1469 6a00 | 0048 8387 | 2019 0000 | 010f be72 | 1583 e601 

  0x000077163cbe25f8: ;   {metadata(method data for {method} {0x00006a691455b320} 'transformSelectedNodes' '(Lorg/apache/xalan/transformer/TransformerImpl;)V' in 'org/apache/xalan/templates/ElemApplyTemplates')}
  0x000077163cbe25f8: 85f6 48be | 0080 8114 | 696a 0000 | 48c7 c740 | 1900 0074 | 0748 c7c7 | 5019 0000 | 488b 0c3e 
  0x000077163cbe2618: 488d 4901 | 4889 0c3e | 4889 8424 | f802 0000 | 0f84 4604 | 0000 488b | b424 e800 | 0000 488b 
  0x000077163cbe2638: ;   {metadata(method data for {method} {0x00006a691455b320} 'transformSelectedNodes' '(Lorg/apache/xalan/transformer/TransformerImpl;)V' in 'org/apache/xalan/templates/ElemApplyTemplates')}
  0x000077163cbe2638: fa48 b900 | 8081 1469 

  0x000077163cbe2640: ;   {metadata('org/apache/xalan/transformer/TransformerImpl')}
  0x000077163cbe2640: 6a00 0049 | bac8 0c0c | 2069 6a00 | 004c 8991 | 7019 0000 | 4883 8178 | 1900 0001 | 8b9a 8400 
  0x000077163cbe2660: 0000 660f | 1f44 0000 

  0x000077163cbe2668: ;   {no_reloc}
  0x000077163cbe2668: e9a9 4600 | 0000 0000 | 0000 4c8b | ce49 8b87 | b804 0000 | 488d 4818 | 483b c80f | 8297 4600 
  0x000077163cbe2688: 0049 3b8f | c004 0000 | 0f87 8a46 | 0000 4989 | 8fb8 0400 | 0048 8bf8 | 48c1 ef06 | 49ba 0000 
  0x000077163cbe26a8: 4098 696a | 0000 458a | 143a 488b | c848 c1e9 | 0348 83e1 | 0748 c7c7 | 0100 0000 | 48d3 e74c 
  0x000077163cbe26c8: 0bd7 488b | f848 c1ef | 0648 b900 | 0040 9869 | 6a00 0044 | 8814 3949 | 8387 2802 | 0000 1849 
  0x000077163cbe26e8: 8387 2802 | 0000 0048 | c700 0100 | 0000 488b | ca49 ba00 | 0000 1f69 | 6a00 0049 | 2bca 8948 
  0x000077163cbe2708: 0848 33c9 | 8948 0c48 | 33c9 4889 | 4810 4889 | 8424 e802 | 0000 418b | 5150 488b 

  0x000077163cbe2724: ;   {metadata(method data for {method} {0x00006a691455b320} 'transformSelectedNodes' '(Lorg/apache/xalan/transformer/TransformerImpl;)V' in 'org/apache/xalan/templates/ElemApplyTemplates')}
  0x000077163cbe2724: f048 bf00 | 8081 1469 | 6a00 0048 | 8387 9819 

  0x000077163cbe2734: ;   {metadata(method data for {method} {0x00006a691465bd20} '<init>' '(Lorg/apache/xpath/Expression;)V' in 'org/apache/xpath/XPath')}
  0x000077163cbe2734: 0000 0148 | be80 f381 | 1469 6a00 | 008b bef4 | 0000 0083 | c702 89be | f400 0000 | 81e7 feff 
  0x000077163cbe2754: 1f00 85ff | 0f84 cf45 | 0000 488b 

  0x000077163cbe2760: ;   {metadata(method data for {method} {0x00006a691465bd20} '<init>' '(Lorg/apache/xpath/Expression;)V' in 'org/apache/xpath/XPath')}
  0x000077163cbe2760: f048 bf80 | f381 1469 | 6a00 0048 | 8387 3801 

  0x000077163cbe2770: ;   {metadata(method data for {method} {0x00006a691f4791f0} '<init>' '()V' in 'java/lang/Object')}
  0x000077163cbe2770: 0000 0148 | bec0 7000 | 1469 6a00 | 008b bef4 | 0000 0083 | c702 89be | f400 0000 | 81e7 feff 
  0x000077163cbe2790: 1f00 85ff | 0f84 b445 | 0000 488b 

  0x000077163cbe279c: ;   {metadata(method data for {method} {0x00006a691465bd20} '<init>' '(Lorg/apache/xpath/Expression;)V' in 'org/apache/xpath/XPath')}
  0x000077163cbe279c: f048 bf80 | f381 1469 

  0x000077163cbe27a4: ;   {metadata('org/apache/xpath/XPath')}
  0x000077163cbe27a4: 6a00 0049 | ba88 130c | 2069 6a00 | 004c 8997 | 5801 0000 | 4883 8760 | 0100 0001 | 488b f048 
  0x000077163cbe27c4: 899c 24f0 | 0200 000f 

  0x000077163cbe27cc: ;   {optimized virtual_call}
  0x000077163cbe27cc: 1f40 00e8 

  0x000077163cbe27d0: ; ImmutableOopMap {[224]=Oop [232]=Oop [240]=Oop [256]=Oop [280]=Oop [312]=Oop [344]=Oop [360]=Oop [368]=Oop [424]=Oop [432]=Oop [448]=Oop [504]=Oop [544]=Oop [688]=Oop [744]=Oop [752]=Oop [760]=Oop }
                      ;*invokevirtual setExpression {reexecute=0 rethrow=0 return_oop=0}
                      ; - org.apache.xpath.XPath::<init>@11 (line 278)
                      ; - org.apache.xalan.templates.ElemApplyTemplates::transformSelectedNodes@917 (line 438)
  0x000077163cbe27d0: ac28 0807 

  0x000077163cbe27d4: ;   {other}
  0x000077163cbe27d4: 0f1f 8400 | 448d 005f | 488b 8424 | e802 0000 

  0x000077163cbe27e4: ;   {metadata(method data for {method} {0x00006a691465bd20} '<init>' '(Lorg/apache/xpath/Expression;)V' in 'org/apache/xpath/XPath')}
  0x000077163cbe27e4: 48ba 80f3 | 8114 696a | 0000 4883 | 8280 0100 

  0x000077163cbe27f4: ;   {metadata(method data for {method} {0x00006a691465b448} 'initFunctionTable' '()V' in 'org/apache/xpath/XPath')}
  0x000077163cbe27f4: 0001 48ba | 58f5 8114 | 696a 0000 | 8bb2 f400 | 0000 83c6 | 0289 b2f4 | 0000 0081 | e6fe ff1f 
  0x000077163cbe2814: 0085 f60f | 8452 4500 

  0x000077163cbe281c: ;   {metadata('org/apache/xpath/compiler/FunctionTable')}
  0x000077163cbe281c: 0048 ba58 | d201 2069 | 6a00 0049 | 8b87 b804 | 0000 488d | 4818 483b | c80f 8255 | 4500 0049 
  0x000077163cbe283c: 3b8f c004 | 0000 0f87 | 4845 0000 | 4989 8fb8 | 0400 0048 | 8bf8 48c1 | ef06 49ba | 0000 4098 
  0x000077163cbe285c: 696a 0000 | 458a 143a | 488b c848 | c1e9 0348 | 83e1 0748 | c7c7 0100 | 0000 48d3 | e74c 0bd7 
  0x000077163cbe287c: 488b f848 | c1ef 0648 | b900 0040 | 9869 6a00 | 0044 8814 | 3949 8387 | 2802 0000 | 1849 8387 
  0x000077163cbe289c: 2802 0000 | 0048 c700 | 0100 0000 | 488b ca49 | ba00 0000 | 1f69 6a00 | 0049 2bca | 8948 0848 
  0x000077163cbe28bc: 33c9 8948 | 0c48 33c9 | 4889 4810 

  0x000077163cbe28c8: ;   {metadata(method data for {method} {0x00006a691465b448} 'initFunctionTable' '()V' in 'org/apache/xpath/XPath')}
  0x000077163cbe28c8: 488b f048 | bf58 f581 | 1469 6a00 | 0048 8387 | 3801 0000 | 0148 8bf0 | 4889 8424 | 0003 0000 
  0x000077163cbe28e8: 0f1f 8000 

  0x000077163cbe28ec: ;   {optimized virtual_call}
  0x000077163cbe28ec: 0000 00e8 

  0x000077163cbe28f0: ; ImmutableOopMap {[224]=Oop [232]=Oop [240]=Oop [256]=Oop [280]=Oop [312]=Oop [344]=Oop [360]=Oop [368]=Oop [424]=Oop [432]=Oop [448]=Oop [504]=Oop [544]=Oop [688]=Oop [744]=Oop [752]=Oop [760]=Oop [768]=Oop }
                      ;*invokespecial <init> {reexecute=0 rethrow=0 return_oop=0}
                      ; - org.apache.xpath.XPath::initFunctionTable@5 (line 62)
                      ; - org.apache.xpath.XPath::<init>@15 (line 279)
                      ; - org.apache.xalan.templates.ElemApplyTemplates::transformSelectedNodes@917 (line 438)
  0x000077163cbe28f0: 8c27 0807 

  0x000077163cbe28f4: ;   {other}
  0x000077163cbe28f4: 0f1f 8400 | 648e 0060 | 488b 9c24 | e802 0000 | 488b 8424 | 0003 0000 | 4c8b d044 | 8953 100f 
  0x000077163cbe2914: 1f44 0000 

  0x000077163cbe2918: ;   {no_reloc}
  0x000077163cbe2918: e98f 4400 | 0000 0000 | 0000 498b | 87b8 0400 | 0048 8d48 | 2848 3bc8 | 0f82 8044 | 0000 493b 
  0x000077163cbe2938: 8fc0 0400 | 000f 8773 | 4400 0049 | 898f b804 | 0000 488b | f848 c1ef | 0649 ba00 | 0040 9869 
  0x000077163cbe2958: 6a00 0045 | 8a14 3a48 | 8bc8 48c1 | e903 4883 | e107 48c7 | c701 0000 | 0048 d3e7 | 4c0b d748 
  0x000077163cbe2978: 8bf8 48c1 | ef06 48b9 | 0000 4098 | 696a 0000 | 4488 1439 | 4983 8728 | 0200 0028 | 4983 8728 
  0x000077163cbe2998: 0200 0000 | 48c7 0001 | 0000 0048 | 8bca 49ba | 0000 001f | 696a 0000 | 492b ca89 | 4808 4833 
  0x000077163cbe29b8: c989 480c | 4833 c948 | 8948 1048 | 8948 1848 | 8948 2048 

  0x000077163cbe29cc: ;   {metadata(method data for {method} {0x00006a691455b320} 'transformSelectedNodes' '(Lorg/apache/xalan/transformer/TransformerImpl;)V' in 'org/apache/xalan/templates/ElemApplyTemplates')}
  0x000077163cbe29cc: 8bd0 48be | 0080 8114 | 696a 0000 | 4883 86a8 | 1900 0001 | 488b 9424 | 3801 0000 | 488b f048 
  0x000077163cbe29ec: 8984 2408 | 0300 000f 

  0x000077163cbe29f4: ;   {optimized virtual_call}
  0x000077163cbe29f4: 1f40 00e8 

  0x000077163cbe29f8: ; ImmutableOopMap {[224]=Oop [232]=Oop [240]=Oop [256]=Oop [280]=Oop [312]=Oop [344]=Oop [360]=Oop [368]=Oop [424]=Oop [432]=Oop [448]=Oop [504]=Oop [544]=Oop [688]=Oop [744]=Oop [752]=Oop [760]=Oop [776]=Oop }
                      ;*invokespecial <init> {reexecute=0 rethrow=0 return_oop=0}
                      ; - org.apache.xalan.templates.ElemApplyTemplates::transformSelectedNodes@926 (line 438)
  0x000077163cbe29f8: 8426 0807 

  0x000077163cbe29fc: ;   {other}
  0x000077163cbe29fc: 0f1f 8400 | 6c8f 0061 | 488b 9c24 | f002 0000 

  0x000077163cbe2a0c: ; implicit exception: dispatches to 0x000077163cbe6dc3
  0x000077163cbe2a0c: 483b 0348 

  0x000077163cbe2a10: ;   {metadata(method data for {method} {0x00006a691455b320} 'transformSelectedNodes' '(Lorg/apache/xalan/transformer/TransformerImpl;)V' in 'org/apache/xalan/templates/ElemApplyTemplates')}
  0x000077163cbe2a10: 8bd3 48b9 | 0080 8114 | 696a 0000 

  0x000077163cbe2a1c: ;   {metadata('org/apache/xalan/trace/TraceManager')}
  0x000077163cbe2a1c: 49ba 7884 | 0e20 696a | 0000 4c89 | 91c8 1900 | 0048 8381 | d019 0000 | 018b 9424 | f800 0000 
  0x000077163cbe2a3c: 488b 8c24 | e800 0000 

  0x000077163cbe2a44: ;   {oop("select"{0x0000000040ab07b8})}
  0x000077163cbe2a44: 49b8 b807 | ab40 0000 | 0000 4c8b | 8c24 e802 | 0000 488b | bc24 0803 | 0000 488b | f366 0f1f 
  0x000077163cbe2a64: ;   {optimized virtual_call}
  0x000077163cbe2a64: 4400 00e8 

  0x000077163cbe2a68: ; ImmutableOopMap {[224]=Oop [232]=Oop [240]=Oop [256]=Oop [280]=Oop [312]=Oop [344]=Oop [360]=Oop [368]=Oop [424]=Oop [432]=Oop [448]=Oop [504]=Oop [544]=Oop [688]=Oop [760]=Oop }
                      ;*invokevirtual fireSelectedEndEvent {reexecute=0 rethrow=0 return_oop=0}
                      ; - org.apache.xalan.templates.ElemApplyTemplates::transformSelectedNodes@929 (line 438)
  0x000077163cbe2a68: 1426 0807 

  0x000077163cbe2a6c: ;   {other}
  0x000077163cbe2a6c: 0f1f 8400 | dc8f 0062 | 8b8c 24fc | 0000 0085 

  0x000077163cbe2a7c: ;   {metadata(method data for {method} {0x00006a691455b320} 'transformSelectedNodes' '(Lorg/apache/xalan/transformer/TransformerImpl;)V' in 'org/apache/xalan/templates/ElemApplyTemplates')}
  0x000077163cbe2a7c: c948 ba00 | 8081 1469 | 6a00 0048 | c7c6 f019 | 0000 7e07 | 48c7 c600 | 1a00 0048 | 8b3c 3248 
  0x000077163cbe2a9c: 8d7f 0148 | 893c 3289 | 8c24 fc00 | 0000 0f8e | 4c00 0000 | 488b 9c24 | 0001 0000 

  0x000077163cbe2ab8: ;   {metadata(method data for {method} {0x00006a691455b320} 'transformSelectedNodes' '(Lorg/apache/xalan/transformer/TransformerImpl;)V' in 'org/apache/xalan/templates/ElemApplyTemplates')}
  0x000077163cbe2ab8: 48ba 0080 | 8114 696a 

  0x000077163cbe2ac0: ;   {metadata('org/apache/xpath/VariableStack')}
  0x000077163cbe2ac0: 0000 49ba | a8de 0e20 | 696a 0000 | 4c89 9220 | 1a00 0048 | 8382 281a | 0000 018b | 9424 1001 
  0x000077163cbe2ae0: 0000 488b | b424 0001 | 0000 0f1f 

  0x000077163cbe2aec: ;   {optimized virtual_call}
  0x000077163cbe2aec: 4400 00e8 

  0x000077163cbe2af0: ; ImmutableOopMap {[224]=Oop [232]=Oop [240]=Oop [256]=Oop [280]=Oop [312]=Oop [344]=Oop [360]=Oop [368]=Oop [424]=Oop [432]=Oop [448]=Oop [504]=Oop [544]=Oop [688]=Oop [760]=Oop }
                      ;*invokevirtual unlink {reexecute=0 rethrow=0 return_oop=0}
                      ; - org.apache.xalan.templates.ElemApplyTemplates::transformSelectedNodes@941 (line 444)
  0x000077163cbe2af0: 8c25 0807 

  0x000077163cbe2af4: ;   {other}
  0x000077163cbe2af4: 0f1f 8400 | 6490 0063 | 488b bc24 | e000 0000 

  0x000077163cbe2b04: ;   {metadata(method data for {method} {0x00006a691455b320} 'transformSelectedNodes' '(Lorg/apache/xalan/transformer/TransformerImpl;)V' in 'org/apache/xalan/templates/ElemApplyTemplates')}
  0x000077163cbe2b04: 488b f748 | bb00 8081 | 1469 6a00 | 0048 8383 | 601a 0000 

  0x000077163cbe2b18: ;   {metadata(method data for {method} {0x00006a69146a7290} 'popSAXLocator' '()V' in 'org/apache/xpath/XPathContext')}
  0x000077163cbe2b18: 0148 be60 | be80 1469 | 6a00 008b | 9ef4 0000 | 0083 c302 | 899e f400 | 0000 81e3 | feff 1f00 
  0x000077163cbe2b38: 85db 0f84 | 8842 0000 | 8b77 2c48 | 3b06 488b 

  0x000077163cbe2b48: ;   {metadata(method data for {method} {0x00006a69146a7290} 'popSAXLocator' '()V' in 'org/apache/xpath/XPathContext')}
  0x000077163cbe2b48: de48 b860 | be80 1469 | 6a00 0048 | 8380 5001 | 0000 010f 

  0x000077163cbe2b5c: ;   {optimized virtual_call}
  0x000077163cbe2b5c: 1f40 00e8 

  0x000077163cbe2b60: ; ImmutableOopMap {[224]=Oop [232]=Oop [240]=Oop [256]=Oop [280]=Oop [312]=Oop [344]=Oop [360]=Oop [368]=Oop [424]=Oop [432]=Oop [448]=Oop [504]=Oop [544]=Oop [688]=Oop [760]=Oop }
                      ;*invokevirtual pop {reexecute=0 rethrow=0 return_oop=0}
                      ; - org.apache.xpath.XPathContext::popSAXLocator@4 (line 434)
                      ; - org.apache.xalan.templates.ElemApplyTemplates::transformSelectedNodes@945 (line 445)
  0x000077163cbe2b60: 1c25 0807 

  0x000077163cbe2b64: ;   {other}
  0x000077163cbe2b64: 0f1f 8400 | d490 0064 

  0x000077163cbe2b6c: ;   {metadata(method data for {method} {0x00006a691455b320} 'transformSelectedNodes' '(Lorg/apache/xalan/transformer/TransformerImpl;)V' in 'org/apache/xalan/templates/ElemApplyTemplates')}
  0x000077163cbe2b6c: 48be 0080 | 8114 696a | 0000 ff86 | 901a 0000 | 488b bc24 | e000 0000 

  0x000077163cbe2b84: ;   {metadata(method data for {method} {0x00006a691455b320} 'transformSelectedNodes' '(Lorg/apache/xalan/transformer/TransformerImpl;)V' in 'org/apache/xalan/templates/ElemApplyTemplates')}
  0x000077163cbe2b84: 48be 0080 | 8114 696a | 0000 4883 | 86a0 1a00 | 0001 488b | b424 e000 

  0x000077163cbe2b9c: ;   {optimized virtual_call}
  0x000077163cbe2b9c: 0000 90e8 

  0x000077163cbe2ba0: ; ImmutableOopMap {[224]=Oop [232]=Oop [240]=Oop [256]=Oop [280]=Oop [312]=Oop [344]=Oop [360]=Oop [368]=Oop [424]=Oop [432]=Oop [448]=Oop [504]=Oop [544]=Oop [688]=Oop [760]=Oop }
                      ;*invokevirtual popContextNodeList {reexecute=0 rethrow=0 return_oop=0}
                      ; - org.apache.xalan.templates.ElemApplyTemplates::transformSelectedNodes@954 (line 446)
  0x000077163cbe2ba0: dc24 0807 

  0x000077163cbe2ba4: ;   {other}
  0x000077163cbe2ba4: 0f1f 8400 | 1491 0065 | 488b 9424 | f000 0000 | e926 0000 

  0x000077163cbe2bb8: ;   {metadata(method data for {method} {0x00006a691455b320} 'transformSelectedNodes' '(Lorg/apache/xalan/transformer/TransformerImpl;)V' in 'org/apache/xalan/templates/ElemApplyTemplates')}
  0x000077163cbe2bb8: 0048 be00 | 8081 1469 | 6a00 00ff | 86d8 1800 | 0048 81c4 | 0004 0000 

  0x000077163cbe2bd0: ;   {poll_return}
  0x000077163cbe2bd0: 5d49 3ba7 | 6807 0000 | 0f87 1042 | 0000 c348 

  0x000077163cbe2be0: ;   {metadata(method data for {method} {0x00006a691455b320} 'transformSelectedNodes' '(Lorg/apache/xalan/transformer/TransformerImpl;)V' in 'org/apache/xalan/templates/ElemApplyTemplates')}
  0x000077163cbe2be0: 8bf2 48bb | 0080 8114 | 696a 0000 | 4883 83f0 | 1a00 0001 

  0x000077163cbe2bf4: ;   {metadata(method data for {method} {0x00006a6914655c60} 'popElemTemplateElement' '()V' in 'org/apache/xalan/transformer/TransformerImpl')}
  0x000077163cbe2bf4: 48be 18c5 | 8014 696a | 0000 8b9e | f400 0000 | 83c3 0289 | 9ef4 0000 | 0081 e3fe | ff1f 0085 
  0x000077163cbe2c14: db0f 84e9 | 4100 008b | 724c 483b | 0648 8bde 

  0x000077163cbe2c24: ;   {metadata(method data for {method} {0x00006a6914655c60} 'popElemTemplateElement' '()V' in 'org/apache/xalan/transformer/TransformerImpl')}
  0x000077163cbe2c24: 48b8 18c5 | 8014 696a | 0000 4883 | 8050 0100 

  0x000077163cbe2c34: ;   {optimized virtual_call}
  0x000077163cbe2c34: 0001 90e8 

  0x000077163cbe2c38: ; ImmutableOopMap {[224]=Oop [232]=Oop [240]=Oop [256]=Oop [280]=Oop [312]=Oop [344]=Oop [360]=Oop [368]=Oop [424]=Oop [432]=Oop [448]=Oop [504]=Oop [544]=Oop [688]=Oop [760]=Oop }
                      ;*invokevirtual pop {reexecute=0 rethrow=0 return_oop=0}
                      ; - org.apache.xalan.transformer.TransformerImpl::popElemTemplateElement@4 (line 2632)
                      ; - org.apache.xalan.templates.ElemApplyTemplates::transformSelectedNodes@958 (line 447)
  0x000077163cbe2c38: 4424 0807 

  0x000077163cbe2c3c: ;   {other}
  0x000077163cbe2c3c: 0f1f 8400 | ac91 0066 | 488b bc24 | e000 0000 

  0x000077163cbe2c4c: ;   {metadata(method data for {method} {0x00006a691455b320} 'transformSelectedNodes' '(Lorg/apache/xalan/transformer/TransformerImpl;)V' in 'org/apache/xalan/templates/ElemApplyTemplates')}
  0x000077163cbe2c4c: 48be 0080 | 8114 696a | 0000 4883 | 8610 1b00 

  0x000077163cbe2c5c: ;   {metadata(method data for {method} {0x00006a69146a9090} 'popCurrentExpressionNode' '()V' in 'org/apache/xpath/XPathContext')}
  0x000077163cbe2c5c: 0001 48be | 684d 8114 | 696a 0000 | 8bbe f400 | 0000 83c7 | 0289 bef4 | 0000 0081 | e7fe ff1f 
  0x000077163cbe2c7c: 0085 ff0f | 84a5 4100 | 0048 8bbc | 24e0 0000 | 008b 7760 

  0x000077163cbe2c90: ; implicit exception: dispatches to 0x000077163cbe6e4b
  0x000077163cbe2c90: 483b 0648 

  0x000077163cbe2c94: ;   {metadata(method data for {method} {0x00006a69146a9090} 'popCurrentExpressionNode' '()V' in 'org/apache/xpath/XPathContext')}
  0x000077163cbe2c94: 8bde 48b8 | 684d 8114 | 696a 0000 | 4883 8038 | 0100 0001 

  0x000077163cbe2ca8: ;   {metadata(method data for {method} {0x00006a69146486c0} 'quickPop' '(I)V' in 'org/apache/xml/utils/IntStack')}
  0x000077163cbe2ca8: 48bb d097 | 7e14 696a | 0000 8b83 | f400 0000 | 83c0 0289 | 83f4 0000 | 0025 feff | 1f00 85c0 
  0x000077163cbe2cc8: 0f84 8241 | 0000 8b5e | 10ff cb89 | 5e10 488b 

  0x000077163cbe2cd8: ;   {metadata(method data for {method} {0x00006a691455b320} 'transformSelectedNodes' '(Lorg/apache/xalan/transformer/TransformerImpl;)V' in 'org/apache/xalan/templates/ElemApplyTemplates')}
  0x000077163cbe2cd8: f748 bb00 | 8081 1469 | 6a00 0048 | 8383 481b 

  0x000077163cbe2ce8: ;   {metadata(method data for {method} {0x00006a69146a86b0} 'popCurrentNode' '()V' in 'org/apache/xpath/XPathContext')}
  0x000077163cbe2ce8: 0000 0148 | bef8 1480 | 1469 6a00 | 008b 9ef4 | 0000 0083 | c302 899e | f400 0000 | 81e3 feff 
  0x000077163cbe2d08: 1f00 85db | 0f84 5f41 | 0000 8b77 | 5448 3b06 

  0x000077163cbe2d18: ;   {metadata(method data for {method} {0x00006a69146a86b0} 'popCurrentNode' '()V' in 'org/apache/xpath/XPathContext')}
  0x000077163cbe2d18: 488b de48 | b8f8 1480 | 1469 6a00 | 0048 8380 | 3801 0000 

  0x000077163cbe2d2c: ;   {metadata(method data for {method} {0x00006a69146486c0} 'quickPop' '(I)V' in 'org/apache/xml/utils/IntStack')}
  0x000077163cbe2d2c: 0148 bbd0 | 977e 1469 | 6a00 008b | 83f4 0000 | 0083 c002 | 8983 f400 | 0000 25fe | ff1f 0085 
  0x000077163cbe2d4c: c00f 8444 | 4100 008b | 5e10 ffcb | 895e 1048 | 8b84 2438 

  0x000077163cbe2d60: ;   {metadata(method data for {method} {0x00006a691455b320} 'transformSelectedNodes' '(Lorg/apache/xalan/transformer/TransformerImpl;)V' in 'org/apache/xalan/templates/ElemApplyTemplates')}
  0x000077163cbe2d60: 0100 0048 | be00 8081 | 1469 6a00 | 008b 4008 | 49ba 0000 | 001f 696a | 0000 4903 | c248 3b86 
  0x000077163cbe2d80: 901b 0000 | 750d 4883 | 8698 1b00 | 0001 e960 | 0000 0048 | 3b86 a01b | 0000 750d | 4883 86a8 
  0x000077163cbe2da0: 1b00 0001 | e94a 0000 | 0048 83be | 901b 0000 | 0075 1748 | 8986 901b | 0000 48c7 | 8698 1b00 
  0x000077163cbe2dc0: 0001 0000 | 00e9 2900 | 0000 4883 | bea0 1b00 | 0000 7517 | 4889 86a0 | 1b00 0048 | c786 a81b 
  0x000077163cbe2de0: 0000 0100 | 0000 e908 | 0000 0048 | 8386 801b | 0000 0148 | 8bb4 2438 | 0100 0066 | 9048 b8ff 
  0x000077163cbe2e00: ffff ffff 

  0x000077163cbe2e04: ;   {virtual_call}
  0x000077163cbe2e04: ffff ffe8 

  0x000077163cbe2e08: ; ImmutableOopMap {[224]=Oop [232]=Oop [240]=Oop [256]=Oop [280]=Oop [312]=Oop [344]=Oop [360]=Oop [368]=Oop [424]=Oop [432]=Oop [448]=Oop [504]=Oop [544]=Oop [688]=Oop [760]=Oop }
                      ;*invokeinterface detach {reexecute=0 rethrow=0 return_oop=0}
                      ; - org.apache.xalan.templates.ElemApplyTemplates::transformSelectedNodes@971 (line 450)
  0x000077163cbe2e08: 7425 0807 

  0x000077163cbe2e0c: ;   {other}
  0x000077163cbe2e0c: 0f1f 8400 | 7c93 0067 | 488b 8424 | f802 0000 | e9f0 6e00 

  0x000077163cbe2e20: ; ImmutableOopMap {rsi=Oop rax=Oop [224]=Oop [232]=Oop [240]=Oop [256]=Oop [280]=Oop [312]=Oop [344]=Oop [360]=Oop [368]=Oop [424]=Oop [432]=Oop [448]=Oop [504]=Oop [544]=Oop }
                      ;*athrow {reexecute=1 rethrow=0 return_oop=0}
                      ; - (reexecute) org.apache.xalan.templates.ElemApplyTemplates::transformSelectedNodes@791 (line 400)
  0x000077163cbe2e20: 0048 8bc6 

  0x000077163cbe2e24: ;   {section_word}
  0x000077163cbe2e24: 48ba 242e | be3c 1677 

  0x000077163cbe2e2c: ;   {runtime_call handle_exception_nofpu Runtime1 stub}
  0x000077163cbe2e2c: 0000 e84d | 0413 0790 

  0x000077163cbe2e34: ;   {metadata(method data for {method} {0x00006a691455b320} 'transformSelectedNodes' '(Lorg/apache/xalan/transformer/TransformerImpl;)V' in 'org/apache/xalan/templates/ElemApplyTemplates')}
  0x000077163cbe2e34: 488b f248 | bb00 8081 | 1469 6a00 | 0048 8383 | f01a 0000 

  0x000077163cbe2e48: ;   {metadata(method data for {method} {0x00006a6914655c60} 'popElemTemplateElement' '()V' in 'org/apache/xalan/transformer/TransformerImpl')}
  0x000077163cbe2e48: 0148 be18 | c580 1469 | 6a00 008b | 9ef4 0000 | 0083 c302 | 899e f400 | 0000 81e3 | feff 1f00 
  0x000077163cbe2e68: 85db 0f84 | 4840 0000 | 8b72 4c48 | 3b06 488b 

  0x000077163cbe2e78: ;   {metadata(method data for {method} {0x00006a6914655c60} 'popElemTemplateElement' '()V' in 'org/apache/xalan/transformer/TransformerImpl')}
  0x000077163cbe2e78: de48 b818 | c580 1469 | 6a00 0048 | 8380 5001 | 0000 010f 

  0x000077163cbe2e8c: ;   {optimized virtual_call}
  0x000077163cbe2e8c: 1f40 00e8 

  0x000077163cbe2e90: ; ImmutableOopMap {[224]=Oop [232]=Oop [240]=Oop [256]=Oop [280]=Oop [312]=Oop [344]=Oop [360]=Oop [368]=Oop [424]=Oop [432]=Oop [448]=Oop [504]=Oop [544]=Oop [664]=Oop }
                      ;*invokevirtual pop {reexecute=0 rethrow=0 return_oop=0}
                      ; - org.apache.xalan.transformer.TransformerImpl::popElemTemplateElement@4 (line 2632)
                      ; - org.apache.xalan.templates.ElemApplyTemplates::transformSelectedNodes@958 (line 447)
  0x000077163cbe2e90: ec21 0807 

  0x000077163cbe2e94: ;   {other}
  0x000077163cbe2e94: 0f1f 8400 | 0494 0069 | 488b bc24 | e000 0000 

  0x000077163cbe2ea4: ;   {metadata(method data for {method} {0x00006a691455b320} 'transformSelectedNodes' '(Lorg/apache/xalan/transformer/TransformerImpl;)V' in 'org/apache/xalan/templates/ElemApplyTemplates')}
  0x000077163cbe2ea4: 48be 0080 | 8114 696a | 0000 4883 | 8610 1b00 

  0x000077163cbe2eb4: ;   {metadata(method data for {method} {0x00006a69146a9090} 'popCurrentExpressionNode' '()V' in 'org/apache/xpath/XPathContext')}
  0x000077163cbe2eb4: 0001 48be | 684d 8114 | 696a 0000 | 8bbe f400 | 0000 83c7 | 0289 bef4 | 0000 0081 | e7fe ff1f 
  0x000077163cbe2ed4: 0085 ff0f | 8401 4000 | 0048 8bbc | 24e0 0000 | 008b 7760 

  0x000077163cbe2ee8: ; implicit exception: dispatches to 0x000077163cbe6eff
  0x000077163cbe2ee8: 483b 0648 

  0x000077163cbe2eec: ;   {metadata(method data for {method} {0x00006a69146a9090} 'popCurrentExpressionNode' '()V' in 'org/apache/xpath/XPathContext')}
  0x000077163cbe2eec: 8bde 48b8 | 684d 8114 | 696a 0000 | 4883 8038 | 0100 0001 

  0x000077163cbe2f00: ;   {metadata(method data for {method} {0x00006a69146486c0} 'quickPop' '(I)V' in 'org/apache/xml/utils/IntStack')}
  0x000077163cbe2f00: 48bb d097 | 7e14 696a | 0000 8b83 | f400 0000 | 83c0 0289 | 83f4 0000 | 0025 feff | 1f00 85c0 
  0x000077163cbe2f20: 0f84 de3f | 0000 8b5e | 10ff cb89 | 5e10 488b 

  0x000077163cbe2f30: ;   {metadata(method data for {method} {0x00006a691455b320} 'transformSelectedNodes' '(Lorg/apache/xalan/transformer/TransformerImpl;)V' in 'org/apache/xalan/templates/ElemApplyTemplates')}
  0x000077163cbe2f30: f748 bb00 | 8081 1469 | 6a00 0048 | 8383 481b 

  0x000077163cbe2f40: ;   {metadata(method data for {method} {0x00006a69146a86b0} 'popCurrentNode' '()V' in 'org/apache/xpath/XPathContext')}
  0x000077163cbe2f40: 0000 0148 | bef8 1480 | 1469 6a00 | 008b 9ef4 | 0000 0083 | c302 899e | f400 0000 | 81e3 feff 
  0x000077163cbe2f60: 1f00 85db | 0f84 bb3f | 0000 8b77 | 5448 3b06 

  0x000077163cbe2f70: ;   {metadata(method data for {method} {0x00006a69146a86b0} 'popCurrentNode' '()V' in 'org/apache/xpath/XPathContext')}
  0x000077163cbe2f70: 488b de48 | b8f8 1480 | 1469 6a00 | 0048 8380 | 3801 0000 

  0x000077163cbe2f84: ;   {metadata(method data for {method} {0x00006a69146486c0} 'quickPop' '(I)V' in 'org/apache/xml/utils/IntStack')}
  0x000077163cbe2f84: 0148 bbd0 | 977e 1469 | 6a00 008b | 83f4 0000 | 0083 c002 | 8983 f400 | 0000 25fe | ff1f 0085 
  0x000077163cbe2fa4: c00f 84a0 | 3f00 008b | 5e10 ffcb | 895e 1048 | 8b84 2438 

  0x000077163cbe2fb8: ;   {metadata(method data for {method} {0x00006a691455b320} 'transformSelectedNodes' '(Lorg/apache/xalan/transformer/TransformerImpl;)V' in 'org/apache/xalan/templates/ElemApplyTemplates')}
  0x000077163cbe2fb8: 0100 0048 | be00 8081 | 1469 6a00 | 008b 4008 | 49ba 0000 | 001f 696a | 0000 4903 | c248 3b86 
  0x000077163cbe2fd8: 901b 0000 | 750d 4883 | 8698 1b00 | 0001 e960 | 0000 0048 | 3b86 a01b | 0000 750d | 4883 86a8 
  0x000077163cbe2ff8: 1b00 0001 | e94a 0000 | 0048 83be | 901b 0000 | 0075 1748 | 8986 901b | 0000 48c7 | 8698 1b00 
  0x000077163cbe3018: 0001 0000 | 00e9 2900 | 0000 4883 | bea0 1b00 | 0000 7517 | 4889 86a0 | 1b00 0048 | c786 a81b 
  0x000077163cbe3038: 0000 0100 | 0000 e908 | 0000 0048 | 8386 801b | 0000 0148 | 8bb4 2438 | 0100 0066 | 9048 b8ff 
  0x000077163cbe3058: ffff ffff 

  0x000077163cbe305c: ;   {virtual_call}
  0x000077163cbe305c: ffff ffe8 

  0x000077163cbe3060: ; ImmutableOopMap {[224]=Oop [232]=Oop [240]=Oop [256]=Oop [280]=Oop [312]=Oop [344]=Oop [360]=Oop [368]=Oop [424]=Oop [432]=Oop [448]=Oop [504]=Oop [544]=Oop [664]=Oop }
                      ;*invokeinterface detach {reexecute=0 rethrow=0 return_oop=0}
                      ; - org.apache.xalan.templates.ElemApplyTemplates::transformSelectedNodes@971 (line 450)
  0x000077163cbe3060: 1c23 0807 

  0x000077163cbe3064: ;   {other}
  0x000077163cbe3064: 0f1f 8400 | d495 006a | 488b 8424 | 9802 0000 | e998 6c00 | 000f 1f80 | 0000 0000 

  0x000077163cbe3080: ;   {no_reloc}
  0x000077163cbe3080: e9f6 3e00 | 0000 0000 | 0000 80ba | 3901 0000 | 040f 85f3 | 3e00 0049 | 8b87 b804 | 0000 488d 
  0x000077163cbe30a0: 4828 483b | c80f 82df | 3e00 0049 | 3b8f c004 | 0000 0f87 | d23e 0000 | 4989 8fb8 | 0400 0048 
  0x000077163cbe30c0: 8bf8 48c1 | ef06 49ba | 0000 4098 | 696a 0000 | 458a 143a | 488b c848 | c1e9 0348 | 83e1 0748 
  0x000077163cbe30e0: c7c7 0100 | 0000 48d3 | e74c 0bd7 | 488b f848 | c1ef 0648 | b900 0040 | 9869 6a00 | 0044 8814 
  0x000077163cbe3100: 3949 8387 | 2802 0000 | 2849 8387 | 2802 0000 | 0048 c700 | 0100 0000 | 488b ca49 | ba00 0000 
  0x000077163cbe3120: 1f69 6a00 | 0049 2bca | 8948 0848 | 33c9 8948 | 0c48 33c9 | 4889 4810 | 4889 4818 | 4889 4820 
  0x000077163cbe3140: ;   {metadata(method data for {method} {0x00006a69141ac310} 'peek' '()Ljava/lang/Object;' in 'java/util/Stack')}
  0x000077163cbe3140: 488b f048 | bf80 c31e | 1469 6a00 | 0048 8387 | 9001 0000 | 0148 8bf0 | 4889 8424 | 1003 0000 
  0x000077163cbe3160: 0f1f 8000 

  0x000077163cbe3164: ;   {optimized virtual_call}
  0x000077163cbe3164: 0000 00e8 

  0x000077163cbe3168: ; ImmutableOopMap {[224]=Oop [232]=Oop [240]=Oop [256]=Oop [280]=Oop [312]=Oop [344]=Oop [360]=Oop [368]=Oop [424]=Oop [432]=Oop [448]=Oop [784]=Oop [992]=Oop }
                      ;*invokespecial <init> {reexecute=0 rethrow=0 return_oop=0}
                      ; - java.util.Stack::peek@13 (line 103)
                      ; - org.apache.xalan.transformer.TransformerImpl::getMode@18 (line 3195)
                      ; - org.apache.xalan.templates.ElemApplyTemplates::transformSelectedNodes@389 (line 294)
  0x000077163cbe3168: 141f 0807 

  0x000077163cbe316c: ;   {other}
  0x000077163cbe316c: 0f1f 8400 | dc96 006b | 488b 8424 

  0x000077163cbe3178: ; ImmutableOopMap {rax=Oop [224]=Oop [232]=Oop [240]=Oop [256]=Oop [280]=Oop [312]=Oop [344]=Oop [360]=Oop [368]=Oop [424]=Oop [432]=Oop [448]=Oop [992]=Oop }
                      ;*athrow {reexecute=1 rethrow=0 return_oop=0}
                      ; - (reexecute) java.util.Stack::peek@16 (line 103)
                      ; - org.apache.xalan.transformer.TransformerImpl::getMode@18 (line 3195)
                      ; - org.apache.xalan.templates.ElemApplyTemplates::transformSelectedNodes@389 (line 294)
  0x000077163cbe3178: 1003 0000 

  0x000077163cbe317c: ;   {section_word}
  0x000077163cbe317c: 48ba 7c31 | be3c 1677 

  0x000077163cbe3184: ;   {runtime_call handle_exception_nofpu Runtime1 stub}
  0x000077163cbe3184: 0000 e8f5 | 0013 0790 | 498b 8718 | 0800 004d | 33d2 4d89 | 9718 0800 | 004d 33d2 | 4d89 9720 
  0x000077163cbe31a4: 0800 0048 | 8bd0 488d | 8424 d803 | 0000 488b | 3048 85f6 | 0f84 0f00 | 0000 488b | 7808 f048 
  0x000077163cbe31c4: 0fb1 370f | 85ca 3d00 | 0049 ff8f | 6808 0000 | 488b c2e9 | 356b 0000 | 498b 8718 | 0800 004d 
  0x000077163cbe31e4: 33d2 4d89 | 9718 0800 | 004d 33d2 | 4d89 9720 | 0800 0090 

  0x000077163cbe31f8: ;   {no_reloc}
  0x000077163cbe31f8: e9bf 3d00 | 0000 0000 | 0000 80ba | 3901 0000 | 040f 85bc | 3d00 0049 | 8b87 b804 | 0000 488d 
  0x000077163cbe3218: 4828 483b | c80f 82a8 | 3d00 0049 | 3b8f c004 | 0000 0f87 | 9b3d 0000 | 4989 8fb8 | 0400 0048 
  0x000077163cbe3238: 8bf8 48c1 | ef06 49ba | 0000 4098 | 696a 0000 | 458a 143a | 488b c848 | c1e9 0348 | 83e1 0748 
  0x000077163cbe3258: c7c7 0100 | 0000 48d3 | e74c 0bd7 | 488b f848 | c1ef 0648 | b900 0040 | 9869 6a00 | 0044 8814 
  0x000077163cbe3278: 3949 8387 | 2802 0000 | 2849 8387 | 2802 0000 | 0048 c700 | 0100 0000 | 488b ca49 | ba00 0000 
  0x000077163cbe3298: 1f69 6a00 | 0049 2bca | 8948 0848 | 33c9 8948 | 0c48 33c9 | 4889 4810 | 4889 4818 | 4889 4820 
  0x000077163cbe32b8: ;   {metadata(method data for {method} {0x00006a691476b150} 'setTop' '(Ljava/lang/Object;)V' in 'org/apache/xml/utils/ObjectStack')}
  0x000077163cbe32b8: 488b f048 | bf78 8b7e | 1469 6a00 | 0048 8387 | 8801 0000 | 0148 8bf0 | 4889 8424 | 1803 0000 
  0x000077163cbe32d8: 0f1f 8000 

  0x000077163cbe32dc: ;   {optimized virtual_call}
  0x000077163cbe32dc: 0000 00e8 

  0x000077163cbe32e0: ; ImmutableOopMap {[224]=Oop [232]=Oop [240]=Oop [256]=Oop [280]=Oop [312]=Oop [344]=Oop [360]=Oop [368]=Oop [424]=Oop [432]=Oop [448]=Oop [504]=Oop [544]=Oop [792]=Oop }
                      ;*invokespecial <init> {reexecute=0 rethrow=0 return_oop=0}
                      ; - org.apache.xml.utils.ObjectStack::setTop@20 (line 166)
                      ; - org.apache.xpath.XPathContext::setSAXLocator@5 (line 405)
                      ; - org.apache.xalan.templates.ElemApplyTemplates::transformSelectedNodes@763 (line 391)
  0x000077163cbe32e0: 9c1d 0807 

  0x000077163cbe32e4: ;   {other}
  0x000077163cbe32e4: 0f1f 8400 | 5498 006d | 488b 8424 

  0x000077163cbe32f0: ; ImmutableOopMap {rax=Oop [224]=Oop [232]=Oop [240]=Oop [256]=Oop [280]=Oop [312]=Oop [344]=Oop [360]=Oop [368]=Oop [424]=Oop [432]=Oop [448]=Oop [504]=Oop [544]=Oop }
                      ;*athrow {reexecute=1 rethrow=0 return_oop=0}
                      ; - (reexecute) org.apache.xml.utils.ObjectStack::setTop@23 (line 166)
                      ; - org.apache.xpath.XPathContext::setSAXLocator@5 (line 405)
                      ; - org.apache.xalan.templates.ElemApplyTemplates::transformSelectedNodes@763 (line 391)
  0x000077163cbe32f0: 1803 0000 

  0x000077163cbe32f4: ;   {section_word}
  0x000077163cbe32f4: 48ba f432 | be3c 1677 

  0x000077163cbe32fc: ;   {runtime_call handle_exception_nofpu Runtime1 stub}
  0x000077163cbe32fc: 0000 e87d | ff12 0790 | 498b 8718 | 0800 004d | 33d2 4d89 | 9718 0800 | 004d 33d2 | 4d89 9720 
  0x000077163cbe331c: 0800 0048 | 8bd0 488d | 8424 d803 | 0000 488b | 3848 85ff | 0f84 0f00 | 0000 488b | 4808 f048 
  0x000077163cbe333c: 0fb1 390f | 8593 3c00 | 0049 ff8f | 6808 0000 

  0x000077163cbe334c: ; ImmutableOopMap {rsi=Oop rax=Oop [224]=Oop [232]=Oop [240]=Oop [256]=Oop [280]=Oop [312]=Oop [344]=Oop [360]=Oop [368]=Oop [424]=Oop [432]=Oop [448]=Oop }
                      ;*invokevirtual addElement {reexecute=0 rethrow=0 return_oop=0}
                      ; - java.util.Stack::push@2 (line 68)
                      ; - org.apache.xalan.transformer.TransformerImpl::pushPairCurrentMatched@5 (line 2729)
                      ; - org.apache.xalan.templates.ElemApplyTemplates::transformSelectedNodes@553 (line 335)
                      ;   {section_word}
  0x000077163cbe334c: 488b c248 | ba4f 33be | 3c16 7700 

  0x000077163cbe3358: ;   {runtime_call handle_exception_nofpu Runtime1 stub}
  0x000077163cbe3358: 00e8 22ff | 1207 9049 | 8b87 1808 | 0000 4d33 | d24d 8997 | 1808 0000 | 4d33 d24d | 8997 2008 
  0x000077163cbe3378: 0000 660f | 1f44 0000 

  0x000077163cbe3380: ;   {no_reloc}
  0x000077163cbe3380: e978 3c00 | 0000 0000 | 0000 80ba | 3901 0000 | 040f 8575 | 3c00 0049 | 8b87 b804 | 0000 488d 
  0x000077163cbe33a0: 4828 483b | c80f 8261 | 3c00 0049 | 3b8f c004 | 0000 0f87 | 543c 0000 | 4989 8fb8 | 0400 0048 
  0x000077163cbe33c0: 8bf8 48c1 | ef06 49ba | 0000 4098 | 696a 0000 | 458a 143a | 488b c848 | c1e9 0348 | 83e1 0748 
  0x000077163cbe33e0: c7c7 0100 | 0000 48d3 | e74c 0bd7 | 488b f848 | c1ef 0648 | b900 0040 | 9869 6a00 | 0044 8814 
  0x000077163cbe3400: 3949 8387 | 2802 0000 | 2849 8387 | 2802 0000 | 0048 c700 | 0100 0000 | 488b ca49 | ba00 0000 
  0x000077163cbe3420: 1f69 6a00 | 0049 2bca | 8948 0848 | 33c9 8948 | 0c48 33c9 | 4889 4810 | 4889 4818 | 4889 4820 
  0x000077163cbe3440: ;   {metadata(method data for {method} {0x00006a691476b150} 'setTop' '(Ljava/lang/Object;)V' in 'org/apache/xml/utils/ObjectStack')}
  0x000077163cbe3440: 488b f048 | bf78 8b7e | 1469 6a00 | 0048 8387 | 8801 0000 | 0148 8bf0 | 4889 8424 | 2003 0000 
  0x000077163cbe3460: 0f1f 8000 

  0x000077163cbe3464: ;   {optimized virtual_call}
  0x000077163cbe3464: 0000 00e8 

  0x000077163cbe3468: ; ImmutableOopMap {[224]=Oop [232]=Oop [240]=Oop [256]=Oop [280]=Oop [312]=Oop [344]=Oop [360]=Oop [368]=Oop [424]=Oop [432]=Oop [448]=Oop [496]=Oop [800]=Oop }
                      ;*invokespecial <init> {reexecute=0 rethrow=0 return_oop=0}
                      ; - org.apache.xml.utils.ObjectStack::setTop@20 (line 166)
                      ; - org.apache.xalan.transformer.TransformerImpl::setCurrentElement@5 (line 2644)
                      ; - org.apache.xalan.templates.ElemApplyTemplates::transformSelectedNodes@545 (line 332)
  0x000077163cbe3468: 141c 0807 

  0x000077163cbe346c: ;   {other}
  0x000077163cbe346c: 0f1f 8400 | dc99 0070 | 488b 8424 

  0x000077163cbe3478: ; ImmutableOopMap {rax=Oop [224]=Oop [232]=Oop [240]=Oop [256]=Oop [280]=Oop [312]=Oop [344]=Oop [360]=Oop [368]=Oop [424]=Oop [432]=Oop [448]=Oop [496]=Oop }
                      ;*athrow {reexecute=1 rethrow=0 return_oop=0}
                      ; - (reexecute) org.apache.xml.utils.ObjectStack::setTop@23 (line 166)
                      ; - org.apache.xalan.transformer.TransformerImpl::setCurrentElement@5 (line 2644)
                      ; - org.apache.xalan.templates.ElemApplyTemplates::transformSelectedNodes@545 (line 332)
  0x000077163cbe3478: 2003 0000 

  0x000077163cbe347c: ;   {section_word}
  0x000077163cbe347c: 48ba 7c34 | be3c 1677 

  0x000077163cbe3484: ;   {runtime_call handle_exception_nofpu Runtime1 stub}
  0x000077163cbe3484: 0000 e8f5 | fd12 0790 | 498b 8718 | 0800 004d | 33d2 4d89 | 9718 0800 | 004d 33d2 | 4d89 9720 
  0x000077163cbe34a4: 0800 0090 

  0x000077163cbe34a8: ;   {no_reloc}
  0x000077163cbe34a8: e97b 3b00 | 0000 0000 | 0000 80ba | 3901 0000 | 040f 8578 | 3b00 0049 | 8b87 b804 | 0000 488d 
  0x000077163cbe34c8: 4828 483b | c80f 8264 | 3b00 0049 | 3b8f c004 | 0000 0f87 | 573b 0000 | 4989 8fb8 | 0400 0048 
  0x000077163cbe34e8: 8bf8 48c1 | ef06 49ba | 0000 4098 | 696a 0000 | 458a 143a | 488b c848 | c1e9 0348 | 83e1 0748 
  0x000077163cbe3508: c7c7 0100 | 0000 48d3 | e74c 0bd7 | 488b f848 | c1ef 0648 | b900 0040 | 9869 6a00 | 0044 8814 
  0x000077163cbe3528: 3949 8387 | 2802 0000 | 2849 8387 | 2802 0000 | 0048 c700 | 0100 0000 | 488b ca49 | ba00 0000 
  0x000077163cbe3548: 1f69 6a00 | 0049 2bca | 8948 0848 | 33c9 8948 | 0c48 33c9 | 4889 4810 | 4889 4818 | 4889 4820 
  0x000077163cbe3568: ;   {metadata(method data for {method} {0x00006a691476b150} 'setTop' '(Ljava/lang/Object;)V' in 'org/apache/xml/utils/ObjectStack')}
  0x000077163cbe3568: 488b f048 | bf78 8b7e | 1469 6a00 | 0048 8387 | 8801 0000 | 0148 8bf0 | 4889 8424 | 2803 0000 
  0x000077163cbe3588: 0f1f 8000 

  0x000077163cbe358c: ;   {optimized virtual_call}
  0x000077163cbe358c: 0000 00e8 

  0x000077163cbe3590: ; ImmutableOopMap {[224]=Oop [232]=Oop [240]=Oop [256]=Oop [280]=Oop [312]=Oop [344]=Oop [360]=Oop [368]=Oop [424]=Oop [432]=Oop [448]=Oop [496]=Oop [808]=Oop }
                      ;*invokespecial <init> {reexecute=0 rethrow=0 return_oop=0}
                      ; - org.apache.xml.utils.ObjectStack::setTop@20 (line 166)
                      ; - org.apache.xalan.transformer.TransformerImpl::setCurrentElement@5 (line 2644)
                      ; - org.apache.xalan.templates.ElemApplyTemplates::transformSelectedNodes@507 (line 316)
  0x000077163cbe3590: ec1a 0807 

  0x000077163cbe3594: ;   {other}
  0x000077163cbe3594: 0f1f 8400 | 049b 0072 | 488b 8424 

  0x000077163cbe35a0: ; ImmutableOopMap {rax=Oop [224]=Oop [232]=Oop [240]=Oop [256]=Oop [280]=Oop [312]=Oop [344]=Oop [360]=Oop [368]=Oop [424]=Oop [432]=Oop [448]=Oop [496]=Oop }
                      ;*athrow {reexecute=1 rethrow=0 return_oop=0}
                      ; - (reexecute) org.apache.xml.utils.ObjectStack::setTop@23 (line 166)
                      ; - org.apache.xalan.transformer.TransformerImpl::setCurrentElement@5 (line 2644)
                      ; - org.apache.xalan.templates.ElemApplyTemplates::transformSelectedNodes@507 (line 316)
  0x000077163cbe35a0: 2803 0000 

  0x000077163cbe35a4: ;   {section_word}
  0x000077163cbe35a4: 48ba a435 | be3c 1677 

  0x000077163cbe35ac: ;   {runtime_call handle_exception_nofpu Runtime1 stub}
  0x000077163cbe35ac: 0000 e8cd | fc12 0790 | 488b b424 | f001 0000 | 498b 8718 | 0800 004d | 33d2 4d89 | 9718 0800 
  0x000077163cbe35cc: 004d 33d2 | 4d89 9720 | 0800 0048 | 8bd0 488d | 8424 d803 | 0000 488b | 3848 85ff | 0f84 0f00 
  0x000077163cbe35ec: 0000 488b | 4808 f048 | 0fb1 390f | 8547 3a00 | 0049 ff8f | 6808 0000 

  0x000077163cbe3604: ; ImmutableOopMap {rbx=Oop rsi=Oop rax=Oop [224]=Oop [232]=Oop [240]=Oop [256]=Oop [280]=Oop [312]=Oop [344]=Oop [360]=Oop [368]=Oop [424]=Oop [432]=Oop [448]=Oop [496]=Oop }
                      ;*invokevirtual addElement {reexecute=0 rethrow=0 return_oop=0}
                      ; - java.util.Stack::push@2 (line 68)
                      ; - org.apache.xalan.transformer.TransformerImpl::pushPairCurrentMatched@5 (line 2729)
                      ; - org.apache.xalan.templates.ElemApplyTemplates::transformSelectedNodes@498 (line 315)
                      ;   {section_word}
  0x000077163cbe3604: 488b c248 | ba07 36be | 3c16 7700 

  0x000077163cbe3610: ;   {runtime_call handle_exception_nofpu Runtime1 stub}
  0x000077163cbe3610: 00e8 6afc | 1207 9049 | 8b87 1808 | 0000 4d33 | d24d 8997 | 1808 0000 | 4d33 d24d | 8997 2008 
  0x000077163cbe3630: 0000 488b | d048 8d84 | 24e8 0300 | 0048 8b38 | 4885 ff0f | 840f 0000 | 0048 8b48 | 08f0 480f 
  0x000077163cbe3650: b139 0f85 | 023a 0000 | 49ff 8f68 | 0800 0048 

  0x000077163cbe3660: ; ImmutableOopMap {rsi=Oop rax=Oop [224]=Oop [232]=Oop [240]=Oop [256]=Oop [280]=Oop [312]=Oop [344]=Oop [360]=Oop [368]=Oop [424]=Oop [432]=Oop [448]=Oop [992]=Oop }
                      ;*invokevirtual size {reexecute=0 rethrow=0 return_oop=0}
                      ; - java.util.Stack::peek@1 (line 100)
                      ; - org.apache.xalan.transformer.TransformerImpl::getMode@18 (line 3195)
                      ; - org.apache.xalan.templates.ElemApplyTemplates::transformSelectedNodes@389 (line 294)
                      ;   {section_word}
  0x000077163cbe3660: 8bc2 48ba | 6236 be3c | 1677 0000 

  0x000077163cbe366c: ;   {runtime_call handle_exception_nofpu Runtime1 stub}
  0x000077163cbe366c: e80f fc12 | 0790 498b | 8718 0800 | 004d 33d2 | 4d89 9718 | 0800 004d | 33d2 4d89 | 9720 0800 
  0x000077163cbe368c: 0048 8bd0 | 488d 8424 | d803 0000 | 488b 3048 | 85f6 0f84 | 0f00 0000 | 488b 7808 | f048 0fb1 
  0x000077163cbe36ac: 370f 85bd | 3900 0049 | ff8f 6808 | 0000 488b 

  0x000077163cbe36bc: ; ImmutableOopMap {rax=Oop [224]=Oop [232]=Oop [240]=Oop [256]=Oop [280]=Oop [312]=Oop [344]=Oop [360]=Oop [368]=Oop [424]=Oop [432]=Oop [448]=Oop }
                      ;*invokevirtual peek {reexecute=0 rethrow=0 return_oop=0}
                      ; - org.apache.xalan.transformer.TransformerImpl::getMode@18 (line 3195)
                      ; - org.apache.xalan.templates.ElemApplyTemplates::transformSelectedNodes@389 (line 294)
                      ;   {section_word}
  0x000077163cbe36bc: c248 babd | 36be 3c16 

  0x000077163cbe36c4: ;   {runtime_call handle_exception_nofpu Runtime1 stub}
  0x000077163cbe36c4: 7700 00e8 | b4fb 1207 | 9049 8b87 | 1808 0000 | 4d33 d24d | 8997 1808 | 0000 4d33 | d24d 8997 
  0x000077163cbe36e4: 2008 0000 | 488b d048 | 8d84 24d8 | 0300 0048 | 8b30 4885 | f60f 840f | 0000 004c | 8b40 08f0 
  0x000077163cbe3704: 490f b130 | 0f85 7839 | 0000 49ff | 8f68 0800 

  0x000077163cbe3714: ; ImmutableOopMap {rcx=Oop rax=Oop [224]=Oop [232]=Oop [240]=Oop [256]=Oop [280]=Oop [312]=Oop [344]=Oop [360]=Oop [368]=Oop [424]=Oop [432]=Oop }
                      ;*invokevirtual isEmpty {reexecute=0 rethrow=0 return_oop=0}
                      ; - org.apache.xalan.transformer.TransformerImpl::getMode@4 (line 3195)
                      ; - org.apache.xalan.templates.ElemApplyTemplates::transformSelectedNodes@389 (line 294)
  0x000077163cbe3714: 0048 8bc2 

  0x000077163cbe3718: ;   {section_word}
  0x000077163cbe3718: 48ba 1837 | be3c 1677 

  0x000077163cbe3720: ;   {runtime_call handle_exception_nofpu Runtime1 stub}
  0x000077163cbe3720: 0000 e859 | fb12 0790 | 498b 8718 | 0800 004d | 33d2 4d89 | 9718 0800 | 004d 33d2 | 4d89 9720 
  0x000077163cbe3740: 0800 000f | 1f44 0000 

  0x000077163cbe3748: ;   {no_reloc}
  0x000077163cbe3748: e95e 3900 | 0000 0000 | 0000 80ba | 3901 0000 | 040f 855b | 3900 0049 | 8b87 b804 | 0000 488d 
  0x000077163cbe3768: 4828 483b | c80f 8247 | 3900 0049 | 3b8f c004 | 0000 0f87 | 3a39 0000 | 4989 8fb8 | 0400 0048 
  0x000077163cbe3788: 8bf8 48c1 | ef06 49ba | 0000 4098 | 696a 0000 | 458a 143a | 488b c848 | c1e9 0348 | 83e1 0748 
  0x000077163cbe37a8: c7c7 0100 | 0000 48d3 | e74c 0bd7 | 488b f848 | c1ef 0648 | b900 0040 | 9869 6a00 | 0044 8814 
  0x000077163cbe37c8: 3949 8387 | 2802 0000 | 2849 8387 | 2802 0000 | 0048 c700 | 0100 0000 | 488b ca49 | ba00 0000 
  0x000077163cbe37e8: 1f69 6a00 | 0049 2bca | 8948 0848 | 33c9 8948 | 0c48 33c9 | 4889 4810 | 4889 4818 | 4889 4820 
  0x000077163cbe3808: ;   {metadata(method data for {method} {0x00006a6914648958} 'setTop' '(I)V' in 'org/apache/xml/utils/IntStack')}
  0x000077163cbe3808: 488b f048 | bfb0 5a80 | 1469 6a00 | 0048 8387 | 5001 0000 | 0148 8bf0 | 4889 8424 | 3003 0000 
  0x000077163cbe3828: 0f1f 8000 

  0x000077163cbe382c: ;   {optimized virtual_call}
  0x000077163cbe382c: 0000 00e8 

  0x000077163cbe3830: ; ImmutableOopMap {[224]=Oop [232]=Oop [240]=Oop [256]=Oop [280]=Oop [312]=Oop [344]=Oop [360]=Oop [368]=Oop [424]=Oop [432]=Oop [440]=Oop [816]=Oop }
                      ;*invokespecial <init> {reexecute=0 rethrow=0 return_oop=0}
                      ; - org.apache.xml.utils.IntStack::setTop@20 (line 163)
                      ; - org.apache.xalan.templates.ElemApplyTemplates::transformSelectedNodes@344 (line 283)
  0x000077163cbe3830: 4c18 0807 

  0x000077163cbe3834: ;   {other}
  0x000077163cbe3834: 0f1f 8400 | a49d 0078 | 488b 8424 

  0x000077163cbe3840: ; ImmutableOopMap {rax=Oop [224]=Oop [232]=Oop [240]=Oop [256]=Oop [280]=Oop [312]=Oop [344]=Oop [360]=Oop [368]=Oop [424]=Oop [432]=Oop [440]=Oop }
                      ;*athrow {reexecute=1 rethrow=0 return_oop=0}
                      ; - (reexecute) org.apache.xml.utils.IntStack::setTop@23 (line 163)
                      ; - org.apache.xalan.templates.ElemApplyTemplates::transformSelectedNodes@344 (line 283)
  0x000077163cbe3840: 3003 0000 

  0x000077163cbe3844: ;   {section_word}
  0x000077163cbe3844: 48ba 4438 | be3c 1677 

  0x000077163cbe384c: ;   {runtime_call handle_exception_nofpu Runtime1 stub}
  0x000077163cbe384c: 0000 e82d | fa12 0790 | 498b 8718 | 0800 004d | 33d2 4d89 | 9718 0800 | 004d 33d2 | 4d89 9720 
  0x000077163cbe386c: 0800 0090 

  0x000077163cbe3870: ;   {no_reloc}
  0x000077163cbe3870: e961 3800 | 0000 0000 | 0000 80ba | 3901 0000 | 040f 855e | 3800 0049 | 8b87 b804 | 0000 488d 
  0x000077163cbe3890: 4828 483b | c80f 824a | 3800 0049 | 3b8f c004 | 0000 0f87 | 3d38 0000 | 4989 8fb8 | 0400 0048 
  0x000077163cbe38b0: 8bf8 48c1 | ef06 49ba | 0000 4098 | 696a 0000 | 458a 143a | 488b c848 | c1e9 0348 | 83e1 0748 
  0x000077163cbe38d0: c7c7 0100 | 0000 48d3 | e74c 0bd7 | 488b f848 | c1ef 0648 | b900 0040 | 9869 6a00 | 0044 8814 
  0x000077163cbe38f0: 3949 8387 | 2802 0000 | 2849 8387 | 2802 0000 | 0048 c700 | 0100 0000 | 488b ca49 | ba00 0000 
  0x000077163cbe3910: 1f69 6a00 | 0049 2bca | 8948 0848 | 33c9 8948 | 0c48 33c9 | 4889 4810 | 4889 4818 | 4889 4820 
  0x000077163cbe3930: ;   {metadata(method data for {method} {0x00006a6914648958} 'setTop' '(I)V' in 'org/apache/xml/utils/IntStack')}
  0x000077163cbe3930: 488b f048 | bfb0 5a80 | 1469 6a00 | 0048 8387 | 5001 0000 | 0148 8bf0 | 4889 8424 | 3803 0000 
  0x000077163cbe3950: 0f1f 8000 

  0x000077163cbe3954: ;   {optimized virtual_call}
  0x000077163cbe3954: 0000 00e8 

  0x000077163cbe3958: ; ImmutableOopMap {[224]=Oop [232]=Oop [240]=Oop [256]=Oop [280]=Oop [312]=Oop [344]=Oop [360]=Oop [368]=Oop [424]=Oop [432]=Oop [440]=Oop [824]=Oop }
                      ;*invokespecial <init> {reexecute=0 rethrow=0 return_oop=0}
                      ; - org.apache.xml.utils.IntStack::setTop@20 (line 163)
                      ; - org.apache.xalan.templates.ElemApplyTemplates::transformSelectedNodes@337 (line 282)
  0x000077163cbe3958: 2417 0807 

  0x000077163cbe395c: ;   {other}
  0x000077163cbe395c: 0f1f 8400 | cc9e 007a | 488b 8424 

  0x000077163cbe3968: ; ImmutableOopMap {rax=Oop [224]=Oop [232]=Oop [240]=Oop [256]=Oop [280]=Oop [312]=Oop [344]=Oop [360]=Oop [368]=Oop [424]=Oop [432]=Oop [440]=Oop }
                      ;*athrow {reexecute=1 rethrow=0 return_oop=0}
                      ; - (reexecute) org.apache.xml.utils.IntStack::setTop@23 (line 163)
                      ; - org.apache.xalan.templates.ElemApplyTemplates::transformSelectedNodes@337 (line 282)
  0x000077163cbe3968: 3803 0000 

  0x000077163cbe396c: ;   {section_word}
  0x000077163cbe396c: 48ba 6c39 | be3c 1677 

  0x000077163cbe3974: ;   {runtime_call handle_exception_nofpu Runtime1 stub}
  0x000077163cbe3974: 0000 e805 | f912 0790 | 8b8c 2460 | 0100 004c | 8b84 2458 | 0100 0048 | 8bb4 2468 | 0100 004c 
  0x000077163cbe3994: 8b8c 2470 | 0100 0049 | 8b87 1808 | 0000 4d33 | d24d 8997 | 1808 0000 | 4d33 d24d | 8997 2008 
  0x000077163cbe39b4: 0000 488b | d048 8d84 | 24d8 0300 | 004c 8b28 | 4d85 ed0f | 840f 0000 | 004c 8b70 | 08f0 4d0f 
  0x000077163cbe39d4: b12e 0f85 | 1637 0000 | 49ff 8f68 | 0800 0048 

  0x000077163cbe39e4: ; ImmutableOopMap {rbx=Oop r11=Oop rsi=Oop r8=Oop r9=Oop rax=Oop [224]=Oop [232]=Oop [240]=Oop [256]=Oop [280]=Oop [344]=Oop [360]=Oop [368]=Oop }
                      ;*invokevirtual addElement {reexecute=0 rethrow=0 return_oop=0}
                      ; - java.util.Stack::push@2 (line 68)
                      ; - org.apache.xpath.XPathContext::pushContextNodeList@5 (line 697)
                      ; - org.apache.xalan.templates.ElemApplyTemplates::transformSelectedNodes@301 (line 270)
                      ;   {section_word}
  0x000077163cbe39e4: 8bc2 48ba | e639 be3c | 1677 0000 

  0x000077163cbe39f0: ;   {runtime_call handle_exception_nofpu Runtime1 stub}
  0x000077163cbe39f0: e88b f812 | 0790 488b | 9424 f000 | 0000 498b | 8718 0800 | 004d 33d2 | 4d89 9718 | 0800 004d 
  0x000077163cbe3a10: 33d2 4d89 | 9720 0800 | 004c 8bc8 

  0x000077163cbe3a1c: ;   {metadata(method data for {method} {0x00006a691455b320} 'transformSelectedNodes' '(Lorg/apache/xalan/transformer/TransformerImpl;)V' in 'org/apache/xalan/templates/ElemApplyTemplates')}
  0x000077163cbe3a1c: 488b f248 | bf00 8081 | 1469 6a00 

  0x000077163cbe3a28: ;   {metadata('org/apache/xalan/transformer/TransformerImpl')}
  0x000077163cbe3a28: 0049 bac8 | 0c0c 2069 | 6a00 004c | 8997 5018 | 0000 4883 | 8758 1800 | 0001 448b | 9a80 0000 
  0x000077163cbe3a48: ;   {metadata('javax/xml/transform/TransformerException')}
  0x000077163cbe3a48: 0048 ba90 | 3001 2069 | 6a00 0049 | 8b87 b804 | 0000 488d | 4830 483b | c80f 82a1 | 3600 0049 
  0x000077163cbe3a68: 3b8f c004 | 0000 0f87 | 9436 0000 | 4989 8fb8 | 0400 0048 | 8bf8 48c1 | ef06 49ba | 0000 4098 
  0x000077163cbe3a88: 696a 0000 | 458a 143a | 488b c848 | c1e9 0348 | 83e1 0748 | c7c7 0100 | 0000 48d3 | e74c 0bd7 
  0x000077163cbe3aa8: 488b f848 | c1ef 0648 | b900 0040 | 9869 6a00 | 0044 8814 | 3949 8387 | 2802 0000 | 3049 8387 
  0x000077163cbe3ac8: 2802 0000 | 0048 c700 | 0100 0000 | 488b ca49 | ba00 0000 | 1f69 6a00 | 0049 2bca | 8948 0848 
  0x000077163cbe3ae8: 33c9 8948 | 0c48 33c9 | 4889 4810 | 4889 4818 | 4889 4820 | 4889 4828 

  0x000077163cbe3b00: ;   {metadata(method data for {method} {0x00006a691455b320} 'transformSelectedNodes' '(Lorg/apache/xalan/transformer/TransformerImpl;)V' in 'org/apache/xalan/templates/ElemApplyTemplates')}
  0x000077163cbe3b00: 488b d048 | be00 8081 | 1469 6a00 | 0048 8386 | 7818 0000 | 0149 8bd1 | 488b f048 | 8984 2448 
  0x000077163cbe3b20: 0300 004c | 899c 2440 | 0300 000f 

  0x000077163cbe3b2c: ;   {optimized virtual_call}
  0x000077163cbe3b2c: 1f40 00e8 

  0x000077163cbe3b30: ; ImmutableOopMap {[224]=Oop [232]=Oop [240]=Oop [256]=Oop [280]=Oop [832]=Oop [840]=Oop [848]=Oop }
                      ;*invokespecial <init> {reexecute=0 rethrow=0 return_oop=0}
                      ; - org.apache.xalan.templates.ElemApplyTemplates::transformSelectedNodes@870 (line 433)
  0x000077163cbe3b30: 4c15 0807 

  0x000077163cbe3b34: ;   {other}
  0x000077163cbe3b34: 0f1f 8400 | a4a0 007d | 4c8b 9c24 | 4003 0000 

  0x000077163cbe3b44: ; implicit exception: dispatches to 0x000077163cbe7115
  0x000077163cbe3b44: 493b 0349 

  0x000077163cbe3b48: ;   {metadata(method data for {method} {0x00006a691455b320} 'transformSelectedNodes' '(Lorg/apache/xalan/transformer/TransformerImpl;)V' in 'org/apache/xalan/templates/ElemApplyTemplates')}
  0x000077163cbe3b48: 8bd3 48be | 0080 8114 | 696a 0000 | 8b52 0849 | ba00 0000 | 1f69 6a00 | 0049 03d2 | 483b 9698 
  0x000077163cbe3b68: 1800 0075 | 0d48 8386 | a018 0000 | 01e9 6000 | 0000 483b | 96a8 1800 | 0075 0d48 | 8386 b018 
  0x000077163cbe3b88: 0000 01e9 | 4a00 0000 | 4883 be98 | 1800 0000 | 7517 4889 | 9698 1800 | 0048 c786 | a018 0000 
  0x000077163cbe3ba8: 0100 0000 | e929 0000 | 0048 83be | a818 0000 | 0075 1748 | 8996 a818 | 0000 48c7 | 86b0 1800 
  0x000077163cbe3bc8: 0001 0000 | 00e9 0800 | 0000 4883 | 8688 1800 | 0001 488b | 9424 4803 | 0000 498b | f348 b8ff 
  0x000077163cbe3be8: ffff ffff 

  0x000077163cbe3bec: ;   {virtual_call}
  0x000077163cbe3bec: ffff ffe8 

  0x000077163cbe3bf0: ; ImmutableOopMap {[224]=Oop [232]=Oop [240]=Oop [256]=Oop [280]=Oop [848]=Oop }
                      ;*invokeinterface fatalError {reexecute=0 rethrow=0 return_oop=0}
                      ; - org.apache.xalan.templates.ElemApplyTemplates::transformSelectedNodes@873 (line 433)
  0x000077163cbe3bf0: 8c17 0807 

  0x000077163cbe3bf4: ;   {other}
  0x000077163cbe3bf4: 0f1f 8400 | 64a1 007e | 488b 9424 | f000 0000 

  0x000077163cbe3c04: ;   {metadata(method data for {method} {0x00006a691455b320} 'transformSelectedNodes' '(Lorg/apache/xalan/transformer/TransformerImpl;)V' in 'org/apache/xalan/templates/ElemApplyTemplates')}
  0x000077163cbe3c04: 488b f248 | bf00 8081 | 1469 6a00 | 0048 8387 | 2019 0000 | 010f be72 | 1583 e601 

  0x000077163cbe3c20: ;   {metadata(method data for {method} {0x00006a691455b320} 'transformSelectedNodes' '(Lorg/apache/xalan/transformer/TransformerImpl;)V' in 'org/apache/xalan/templates/ElemApplyTemplates')}
  0x000077163cbe3c20: 85f6 48be | 0080 8114 | 696a 0000 | 48c7 c740 | 1900 0074 | 0748 c7c7 | 5019 0000 | 488b 043e 
  0x000077163cbe3c40: 488d 4001 | 4889 043e | 0f84 0e07 | 0000 488b | b424 e800 | 0000 488b 

  0x000077163cbe3c58: ;   {metadata(method data for {method} {0x00006a691455b320} 'transformSelectedNodes' '(Lorg/apache/xalan/transformer/TransformerImpl;)V' in 'org/apache/xalan/templates/ElemApplyTemplates')}
  0x000077163cbe3c58: fa48 b800 | 8081 1469 

  0x000077163cbe3c60: ;   {metadata('org/apache/xalan/transformer/TransformerImpl')}
  0x000077163cbe3c60: 6a00 0049 | bac8 0c0c | 2069 6a00 | 004c 8990 | 7019 0000 | 4883 8078 | 1900 0001 | 8b9a 8400 
  0x000077163cbe3c80: 0000 4889 | 9c24 7003 | 0000 660f | 1f44 0000 

  0x000077163cbe3c90: ;   {no_reloc}
  0x000077163cbe3c90: e994 3400 | 0000 0000 | 0000 4c8b | ce49 8b87 | b804 0000 | 488d 4818 | 483b c80f | 8282 3400 
  0x000077163cbe3cb0: 0049 3b8f | c004 0000 | 0f87 7534 | 0000 4989 | 8fb8 0400 | 0048 8bf8 | 48c1 ef06 | 49ba 0000 
  0x000077163cbe3cd0: 4098 696a | 0000 458a | 143a 488b | c848 c1e9 | 0348 83e1 | 0748 c7c7 | 0100 0000 | 48d3 e74c 
  0x000077163cbe3cf0: 0bd7 488b | f848 c1ef | 0648 b900 | 0040 9869 | 6a00 0044 | 8814 3949 | 8387 2802 | 0000 1849 
  0x000077163cbe3d10: 8387 2802 | 0000 0048 | c700 0100 | 0000 488b | ca49 ba00 | 0000 1f69 | 6a00 0049 | 2bca 8948 
  0x000077163cbe3d30: 0848 33c9 | 8948 0c48 | 33c9 4889 | 4810 4889 | 8424 6803 | 0000 418b | 7950 488b 

  0x000077163cbe3d4c: ;   {metadata(method data for {method} {0x00006a691455b320} 'transformSelectedNodes' '(Lorg/apache/xalan/transformer/TransformerImpl;)V' in 'org/apache/xalan/templates/ElemApplyTemplates')}
  0x000077163cbe3d4c: d048 b900 | 8081 1469 | 6a00 0048 | 8381 9819 

  0x000077163cbe3d5c: ;   {metadata(method data for {method} {0x00006a691465bd20} '<init>' '(Lorg/apache/xpath/Expression;)V' in 'org/apache/xpath/XPath')}
  0x000077163cbe3d5c: 0000 0148 | ba80 f381 | 1469 6a00 | 008b 8af4 | 0000 0083 | c102 898a | f400 0000 | 81e1 feff 
  0x000077163cbe3d7c: 1f00 85c9 | 0f84 ba33 | 0000 488b 

  0x000077163cbe3d88: ;   {metadata(method data for {method} {0x00006a691465bd20} '<init>' '(Lorg/apache/xpath/Expression;)V' in 'org/apache/xpath/XPath')}
  0x000077163cbe3d88: d048 b980 | f381 1469 | 6a00 0048 | 8381 3801 

  0x000077163cbe3d98: ;   {metadata(method data for {method} {0x00006a691f4791f0} '<init>' '()V' in 'java/lang/Object')}
  0x000077163cbe3d98: 0000 0148 | bac0 7000 | 1469 6a00 | 008b 8af4 | 0000 0083 | c102 898a | f400 0000 | 81e1 feff 
  0x000077163cbe3db8: 1f00 85c9 | 0f84 9f33 | 0000 488b 

  0x000077163cbe3dc4: ;   {metadata(method data for {method} {0x00006a691465bd20} '<init>' '(Lorg/apache/xpath/Expression;)V' in 'org/apache/xpath/XPath')}
  0x000077163cbe3dc4: d048 b980 | f381 1469 

  0x000077163cbe3dcc: ;   {metadata('org/apache/xpath/XPath')}
  0x000077163cbe3dcc: 6a00 0049 | ba88 130c | 2069 6a00 | 004c 8991 | 5801 0000 | 4883 8160 | 0100 0001 

  0x000077163cbe3de8: ;   {metadata(method data for {method} {0x00006a691465b688} 'setExpression' '(Lorg/apache/xpath/Expression;)V' in 'org/apache/xpath/XPath')}
  0x000077163cbe3de8: 48ba d82e | 7114 696a | 0000 8b8a | f400 0000 | 83c1 0289 | 8af4 0000 | 0081 e1fe | ff1f 0085 
  0x000077163cbe3e08: c90f 8473 | 3300 008b | 500c 4885 

  0x000077163cbe3e14: ;   {metadata(method data for {method} {0x00006a691465b688} 'setExpression' '(Lorg/apache/xpath/Expression;)V' in 'org/apache/xpath/XPath')}
  0x000077163cbe3e14: d248 b9d8 | 2e71 1469 | 6a00 0048 | c7c6 3801 | 0000 7407 | 48c7 c648 | 0100 004c | 8b1c 314d 
  0x000077163cbe3e34: 8d5b 014c | 891c 310f | 8482 0200 | 0048 3b02 

  0x000077163cbe3e44: ;   {metadata(method data for {method} {0x00006a691465b688} 'setExpression' '(Lorg/apache/xpath/Expression;)V' in 'org/apache/xpath/XPath')}
  0x000077163cbe3e44: 488b ca48 | bed8 2e71 | 1469 6a00 | 008b 4908 | 49ba 0000 | 001f 696a | 0000 4903 | ca48 3b8e 
  0x000077163cbe3e64: 6801 0000 | 750d 4883 | 8670 0100 | 0001 e960 | 0000 0048 | 3b8e 7801 | 0000 750d | 4883 8680 
  0x000077163cbe3e84: 0100 0001 | e94a 0000 | 0048 83be | 6801 0000 | 0075 1748 | 898e 6801 | 0000 48c7 | 8670 0100 
  0x000077163cbe3ea4: 0001 0000 | 00e9 2900 | 0000 4883 | be78 0100 | 0000 7517 | 4889 8e78 | 0100 0048 | c786 8001 
  0x000077163cbe3ec4: 0000 0100 | 0000 e908 | 0000 0048 | 8386 5801 | 0000 0144 | 8b5a 0c48 | 3b07 488b 

  0x000077163cbe3ee0: ;   {metadata(method data for {method} {0x00006a691465b688} 'setExpression' '(Lorg/apache/xpath/Expression;)V' in 'org/apache/xpath/XPath')}
  0x000077163cbe3ee0: d748 b9d8 | 2e71 1469 | 6a00 008b | 5208 49ba | 0000 001f | 696a 0000 | 4903 d248 | 3b91 a001 
  0x000077163cbe3f00: 0000 750d | 4883 81a8 | 0100 0001 | e960 0000 | 0048 3b91 | b001 0000 | 750d 4883 | 81b8 0100 
  0x000077163cbe3f20: 0001 e94a | 0000 0048 | 83b9 a001 | 0000 0075 | 1748 8991 | a001 0000 | 48c7 81a8 | 0100 0001 
  0x000077163cbe3f40: 0000 00e9 | 2900 0000 | 4883 b9b0 | 0100 0000 | 7517 4889 | 91b0 0100 | 0048 c781 | b801 0000 
  0x000077163cbe3f60: 0100 0000 | e908 0000 | 0048 8381 | 9001 0000 

  0x000077163cbe3f70: ;   {metadata(method data for {method} {0x00006a69144cf1c8} 'exprSetParent' '(Lorg/apache/xpath/ExpressionNode;)V' in 'org/apache/xpath/Expression')}
  0x000077163cbe3f70: 0148 ba48 | e36f 1469 | 6a00 008b | 8af4 0000 | 0083 c102 | 898a f400 | 0000 81e1 | feff 1f00 
  0x000077163cbe3f90: 85c9 0f84 | 1532 0000 

  0x000077163cbe3f98: ;   {metadata(method data for {method} {0x00006a69144cf1c8} 'exprSetParent' '(Lorg/apache/xpath/ExpressionNode;)V' in 'org/apache/xpath/Expression')}
  0x000077163cbe3f98: 4c3b df48 | ba48 e36f | 1469 6a00 | 0048 c7c1 | 3801 0000 | 7407 48c7 | c148 0100 | 0048 8b34 
  0x000077163cbe3fb8: 0a48 8d76 | 0148 8934 | 0a0f 841a 

  0x000077163cbe3fc4: ;   {metadata(method data for {method} {0x00006a69144cf1c8} 'exprSetParent' '(Lorg/apache/xpath/ExpressionNode;)V' in 'org/apache/xpath/Expression')}
  0x000077163cbe3fc4: 0000 0048 | ba48 e36f | 1469 6a00 | 00ff 8258 | 0100 00ba | 0100 0000 | e905 0000 | 00ba 0000 
  0x000077163cbe3fe4: 0000 4c89 | 9c24 5803 | 0000 488b 

  0x000077163cbe3ff0: ;   {metadata(method data for {method} {0x00006a69144cf1c8} 'exprSetParent' '(Lorg/apache/xpath/ExpressionNode;)V' in 'org/apache/xpath/Expression')}
  0x000077163cbe3ff0: cf49 b948 | e36f 1469 | 6a00 008b | 4908 49ba | 0000 001f | 696a 0000 | 4903 ca49 | 3b89 8001 
  0x000077163cbe4010: 0000 750d | 4983 8188 | 0100 0001 | e960 0000 | 0049 3b89 | 9001 0000 | 750d 4983 | 8198 0100 
  0x000077163cbe4030: 0001 e94a | 0000 0049 | 83b9 8001 | 0000 0075 | 1749 8989 | 8001 0000 | 49c7 8188 | 0100 0001 
  0x000077163cbe4050: 0000 00e9 | 2900 0000 | 4983 b990 | 0100 0000 | 7517 4989 | 8990 0100 | 0049 c781 | 9801 0000 
  0x000077163cbe4070: 0100 0000 | e908 0000 | 0049 8381 | 7001 0000 

  0x000077163cbe4080: ;   {oop("Can not parent an expression to itself!"{0x0000000040f27960})}
  0x000077163cbe4080: 0148 b960 | 79f2 4000 | 0000 0048 | 8bf7 4889 | bc24 6003 

  0x000077163cbe4094: ;   {optimized virtual_call}
  0x000077163cbe4094: 0000 90e8 

  0x000077163cbe4098: ; ImmutableOopMap {[224]=Oop [232]=Oop [240]=Oop [256]=Oop [280]=Oop [848]=Oop [856]=Oop [864]=Oop [872]=Oop [880]=Oop }
                      ;*invokevirtual assertion {reexecute=0 rethrow=0 return_oop=0}
                      ; - org.apache.xpath.Expression::exprSetParent@13 (line 476)
                      ; - org.apache.xpath.XPath::setExpression@16 (line 100)
                      ; - org.apache.xpath.XPath::<init>@11 (line 278)
                      ; - org.apache.xalan.templates.ElemApplyTemplates::transformSelectedNodes@917 (line 438)
  0x000077163cbe4098: e40f 0807 

  0x000077163cbe409c: ;   {other}
  0x000077163cbe409c: 0f1f 8400 | 0ca6 007f | 4c8b 9c24 | 5803 0000 | 488b bc24 | 6003 0000 | 4d8b d344 | 8957 0c48 
  0x000077163cbe40bc: 8b84 2468 | 0300 004c | 8bd7 4489 | 500c 488b 

  0x000077163cbe40cc: ;   {metadata(method data for {method} {0x00006a691465bd20} '<init>' '(Lorg/apache/xpath/Expression;)V' in 'org/apache/xpath/XPath')}
  0x000077163cbe40cc: d048 be80 | f381 1469 | 6a00 0048 | 8386 8001 

  0x000077163cbe40dc: ;   {metadata(method data for {method} {0x00006a691465b448} 'initFunctionTable' '()V' in 'org/apache/xpath/XPath')}
  0x000077163cbe40dc: 0000 0148 | ba58 f581 | 1469 6a00 | 008b b2f4 | 0000 0083 | c602 89b2 | f400 0000 | 81e6 feff 
  0x000077163cbe40fc: 1f00 85f6 | 0f84 c830 

  0x000077163cbe4104: ;   {metadata('org/apache/xpath/compiler/FunctionTable')}
  0x000077163cbe4104: 0000 48ba | 58d2 0120 | 696a 0000 | 498b 87b8 | 0400 0048 | 8d48 1848 | 3bc8 0f82 | cb30 0000 
  0x000077163cbe4124: 493b 8fc0 | 0400 000f | 87be 3000 | 0049 898f | b804 0000 | 488b f848 | c1ef 0649 | ba00 0040 
  0x000077163cbe4144: 9869 6a00 | 0045 8a14 | 3a48 8bc8 | 48c1 e903 | 4883 e107 | 48c7 c701 | 0000 0048 | d3e7 4c0b 
  0x000077163cbe4164: d748 8bf8 | 48c1 ef06 | 48b9 0000 | 4098 696a | 0000 4488 | 1439 4983 | 8728 0200 | 0018 4983 
  0x000077163cbe4184: 8728 0200 | 0000 48c7 | 0001 0000 | 0048 8bca | 49ba 0000 | 001f 696a | 0000 492b | ca89 4808 
  0x000077163cbe41a4: 4833 c989 | 480c 4833 | c948 8948 | 1048 8bf0 

  0x000077163cbe41b4: ;   {metadata(method data for {method} {0x00006a691465b448} 'initFunctionTable' '()V' in 'org/apache/xpath/XPath')}
  0x000077163cbe41b4: 48bf 58f5 | 8114 696a | 0000 4883 | 8738 0100 | 0001 488b | f048 8984 | 2478 0300 | 0066 0f1f 
  0x000077163cbe41d4: ;   {optimized virtual_call}
  0x000077163cbe41d4: 4400 00e8 

  0x000077163cbe41d8: ; ImmutableOopMap {[224]=Oop [232]=Oop [240]=Oop [256]=Oop [280]=Oop [848]=Oop [872]=Oop [880]=Oop [888]=Oop }
                      ;*invokespecial <init> {reexecute=0 rethrow=0 return_oop=0}
                      ; - org.apache.xpath.XPath::initFunctionTable@5 (line 62)
                      ; - org.apache.xpath.XPath::<init>@15 (line 279)
                      ; - org.apache.xalan.templates.ElemApplyTemplates::transformSelectedNodes@917 (line 438)
  0x000077163cbe41d8: a40e 0807 

  0x000077163cbe41dc: ;   {other}
  0x000077163cbe41dc: 0f1f 8400 | 4ca7 0080 | 488b 9424 | 7803 0000 | 488b 8424 | 6803 0000 | 4c8b d244 | 8950 100f 
  0x000077163cbe41fc: 1f44 0000 

  0x000077163cbe4200: ;   {no_reloc}
  0x000077163cbe4200: e906 3000 | 0000 0000 | 0000 498b | 87b8 0400 | 0048 8d48 | 2848 3bc8 | 0f82 f72f | 0000 493b 
  0x000077163cbe4220: 8fc0 0400 | 000f 87ea | 2f00 0049 | 898f b804 | 0000 488b | f848 c1ef | 0649 ba00 | 0040 9869 
  0x000077163cbe4240: 6a00 0045 | 8a14 3a48 | 8bc8 48c1 | e903 4883 | e107 48c7 | c701 0000 | 0048 d3e7 | 4c0b d748 
  0x000077163cbe4260: 8bf8 48c1 | ef06 48b9 | 0000 4098 | 696a 0000 | 4488 1439 | 4983 8728 | 0200 0028 | 4983 8728 
  0x000077163cbe4280: 0200 0000 | 48c7 0001 | 0000 0048 | 8bca 49ba | 0000 001f | 696a 0000 | 492b ca89 | 4808 4833 
  0x000077163cbe42a0: c989 480c | 4833 c948 | 8948 1048 | 8948 1848 | 8948 2048 

  0x000077163cbe42b4: ;   {metadata(method data for {method} {0x00006a691455b320} 'transformSelectedNodes' '(Lorg/apache/xalan/transformer/TransformerImpl;)V' in 'org/apache/xalan/templates/ElemApplyTemplates')}
  0x000077163cbe42b4: 8bd0 48be | 0080 8114 | 696a 0000 | 4883 86a8 | 1900 0001 | 488b 9424 | 5003 0000 | 488b f048 
  0x000077163cbe42d4: 8984 2480 | 0300 000f 

  0x000077163cbe42dc: ;   {optimized virtual_call}
  0x000077163cbe42dc: 1f40 00e8 

  0x000077163cbe42e0: ; ImmutableOopMap {[224]=Oop [232]=Oop [240]=Oop [256]=Oop [280]=Oop [848]=Oop [872]=Oop [880]=Oop [896]=Oop }
                      ;*invokespecial <init> {reexecute=0 rethrow=0 return_oop=0}
                      ; - org.apache.xalan.templates.ElemApplyTemplates::transformSelectedNodes@926 (line 438)
  0x000077163cbe42e0: 9c0d 0807 

  0x000077163cbe42e4: ;   {other}
  0x000077163cbe42e4: 0f1f 8400 | 54a8 0081 | 488b 9c24 | 7003 0000 

  0x000077163cbe42f4: ; implicit exception: dispatches to 0x000077163cbe7222
  0x000077163cbe42f4: 483b 0348 

  0x000077163cbe42f8: ;   {metadata(method data for {method} {0x00006a691455b320} 'transformSelectedNodes' '(Lorg/apache/xalan/transformer/TransformerImpl;)V' in 'org/apache/xalan/templates/ElemApplyTemplates')}
  0x000077163cbe42f8: 8bd3 48b9 | 0080 8114 | 696a 0000 

  0x000077163cbe4304: ;   {metadata('org/apache/xalan/trace/TraceManager')}
  0x000077163cbe4304: 49ba 7884 | 0e20 696a | 0000 4c89 | 91c8 1900 | 0048 8381 | d019 0000 

  0x000077163cbe431c: ;   {oop("select"{0x0000000040ab07b8})}
  0x000077163cbe431c: 0149 b8b8 | 07ab 4000 | 0000 008b | 9424 f800 | 0000 488b | 8c24 e800 | 0000 4c8b | 8c24 6803 
  0x000077163cbe433c: 0000 488b | bc24 8003 | 0000 488b | f366 0f1f 

  0x000077163cbe434c: ;   {optimized virtual_call}
  0x000077163cbe434c: 4400 00e8 

  0x000077163cbe4350: ; ImmutableOopMap {[224]=Oop [232]=Oop [240]=Oop [256]=Oop [280]=Oop [848]=Oop }
                      ;*invokevirtual fireSelectedEndEvent {reexecute=0 rethrow=0 return_oop=0}
                      ; - org.apache.xalan.templates.ElemApplyTemplates::transformSelectedNodes@929 (line 438)
  0x000077163cbe4350: 2c0d 0807 

  0x000077163cbe4354: ;   {other}
  0x000077163cbe4354: 0f1f 8400 | c4a8 0082 | 8b8c 24fc | 0000 0085 

  0x000077163cbe4364: ;   {metadata(method data for {method} {0x00006a691455b320} 'transformSelectedNodes' '(Lorg/apache/xalan/transformer/TransformerImpl;)V' in 'org/apache/xalan/templates/ElemApplyTemplates')}
  0x000077163cbe4364: c948 ba00 | 8081 1469 | 6a00 0048 | c7c6 f019 | 0000 7e07 | 48c7 c600 | 1a00 0048 | 8b3c 3248 
  0x000077163cbe4384: 8d7f 0148 | 893c 3289 | 8c24 fc00 | 0000 0f8e | 4c00 0000 | 488b 9c24 | 0001 0000 

  0x000077163cbe43a0: ;   {metadata(method data for {method} {0x00006a691455b320} 'transformSelectedNodes' '(Lorg/apache/xalan/transformer/TransformerImpl;)V' in 'org/apache/xalan/templates/ElemApplyTemplates')}
  0x000077163cbe43a0: 48ba 0080 | 8114 696a 

  0x000077163cbe43a8: ;   {metadata('org/apache/xpath/VariableStack')}
  0x000077163cbe43a8: 0000 49ba | a8de 0e20 | 696a 0000 | 4c89 9220 | 1a00 0048 | 8382 281a | 0000 018b | 9424 1001 
  0x000077163cbe43c8: 0000 488b | b424 0001 | 0000 0f1f 

  0x000077163cbe43d4: ;   {optimized virtual_call}
  0x000077163cbe43d4: 4400 00e8 

  0x000077163cbe43d8: ; ImmutableOopMap {[224]=Oop [232]=Oop [240]=Oop [256]=Oop [280]=Oop [848]=Oop }
                      ;*invokevirtual unlink {reexecute=0 rethrow=0 return_oop=0}
                      ; - org.apache.xalan.templates.ElemApplyTemplates::transformSelectedNodes@941 (line 444)
  0x000077163cbe43d8: a40c 0807 

  0x000077163cbe43dc: ;   {other}
  0x000077163cbe43dc: 0f1f 8400 | 4ca9 0083 | 488b bc24 | e000 0000 

  0x000077163cbe43ec: ;   {metadata(method data for {method} {0x00006a691455b320} 'transformSelectedNodes' '(Lorg/apache/xalan/transformer/TransformerImpl;)V' in 'org/apache/xalan/templates/ElemApplyTemplates')}
  0x000077163cbe43ec: 488b f748 | b800 8081 | 1469 6a00 | 0048 8380 | 601a 0000 

  0x000077163cbe4400: ;   {metadata(method data for {method} {0x00006a69146a7290} 'popSAXLocator' '()V' in 'org/apache/xpath/XPathContext')}
  0x000077163cbe4400: 0148 be60 | be80 1469 | 6a00 008b | 86f4 0000 | 0083 c002 | 8986 f400 | 0000 25fe | ff1f 0085 
  0x000077163cbe4420: c00f 8400 | 2e00 008b | 772c 483b | 0648 8bc6 

  0x000077163cbe4430: ;   {metadata(method data for {method} {0x00006a69146a7290} 'popSAXLocator' '()V' in 'org/apache/xpath/XPathContext')}
  0x000077163cbe4430: 48ba 60be | 8014 696a | 0000 4883 | 8250 0100 | 0001 0f1f 

  0x000077163cbe4444: ;   {optimized virtual_call}
  0x000077163cbe4444: 4400 00e8 

  0x000077163cbe4448: ; ImmutableOopMap {[224]=Oop [232]=Oop [240]=Oop [256]=Oop [280]=Oop [848]=Oop }
                      ;*invokevirtual pop {reexecute=0 rethrow=0 return_oop=0}
                      ; - org.apache.xpath.XPathContext::popSAXLocator@4 (line 434)
                      ; - org.apache.xalan.templates.ElemApplyTemplates::transformSelectedNodes@945 (line 445)
  0x000077163cbe4448: 340c 0807 

  0x000077163cbe444c: ;   {other}
  0x000077163cbe444c: 0f1f 8400 | bca9 0084 | 8bbc 241c | 0200 0085 

  0x000077163cbe445c: ;   {metadata(method data for {method} {0x00006a691455b320} 'transformSelectedNodes' '(Lorg/apache/xalan/transformer/TransformerImpl;)V' in 'org/apache/xalan/templates/ElemApplyTemplates')}
  0x000077163cbe445c: ff48 b800 | 8081 1469 | 6a00 0048 | c7c2 901a | 0000 7507 | 48c7 c280 | 1a00 0048 | 8b34 1048 
  0x000077163cbe447c: 8d76 0148 | 8934 100f | 850c 0000 | 0089 bc24 | 1c02 0000 | e9ef 0200 | 0048 8b9c | 24e0 0000 
  0x000077163cbe449c: 0048 8bc3 

  0x000077163cbe44a0: ;   {metadata(method data for {method} {0x00006a691455b320} 'transformSelectedNodes' '(Lorg/apache/xalan/transformer/TransformerImpl;)V' in 'org/apache/xalan/templates/ElemApplyTemplates')}
  0x000077163cbe44a0: 48ba 0080 | 8114 696a | 0000 4883 | 82a0 1a00 

  0x000077163cbe44b0: ;   {metadata(method data for {method} {0x00006a69146a8000} 'popContextNodeList' '()V' in 'org/apache/xpath/XPathContext')}
  0x000077163cbe44b0: 0001 48b8 | 780c 8214 | 696a 0000 | 8b90 f400 | 0000 83c2 | 0289 90f4 | 0000 0081 | e2fe ff1f 
  0x000077163cbe44d0: 0085 d20f | 8474 2d00 | 008b 5350 

  0x000077163cbe44dc: ; implicit exception: dispatches to 0x000077163cbe726e
  0x000077163cbe44dc: 483b 0248 

  0x000077163cbe44e0: ;   {metadata(method data for {method} {0x00006a69146a8000} 'popContextNodeList' '()V' in 'org/apache/xpath/XPathContext')}
  0x000077163cbe44e0: 8bc2 48be | 780c 8214 | 696a 0000 | 8b40 0849 | ba00 0000 | 1f69 6a00 | 0049 03c2 | 483b 8648 
  0x000077163cbe4500: 0100 0075 | 0d48 8386 | 5001 0000 | 01e9 6000 | 0000 483b | 8658 0100 | 0075 0d48 | 8386 6001 
  0x000077163cbe4520: 0000 01e9 | 4a00 0000 | 4883 be48 | 0100 0000 | 7517 4889 | 8648 0100 | 0048 c786 | 5001 0000 
  0x000077163cbe4540: 0100 0000 | e929 0000 | 0048 83be | 5801 0000 | 0075 1748 | 8986 5801 | 0000 48c7 | 8660 0100 
  0x000077163cbe4560: 0001 0000 | 00e9 0800 | 0000 4883 | 8638 0100 | 0001 488d | b424 d803 | 0000 4889 | 5608 488b 
  0x000077163cbe4580: 0248 83c8 | 0148 8906 | f048 0fb1 | 320f 8412 | 0000 0048 | 2bc4 4825 | 07f0 ffff | 4889 060f 
  0x000077163cbe45a0: 85ce 2c00 | 0049 ff87 | 6808 0000 

  0x000077163cbe45ac: ;   {metadata(method data for {method} {0x00006a69140fff10} 'isEmpty' '()Z' in 'java/util/Vector')}
  0x000077163cbe45ac: 48b8 2006 | 1f14 696a | 0000 8bb0 | f400 0000 | 83c6 0289 | b0f4 0000 | 0081 e6fe | ff1f 0085 
  0x000077163cbe45cc: f60f 84b3 | 2c00 008b | 4210 85c0 

  0x000077163cbe45d8: ;   {metadata(method data for {method} {0x00006a69140fff10} 'isEmpty' '()Z' in 'java/util/Vector')}
  0x000077163cbe45d8: 48b8 2006 | 1f14 696a | 0000 48c7 | c238 0100 | 0075 0748 | c7c2 4801 | 0000 488b | 3410 488d 
  0x000077163cbe45f8: 7601 4889 | 3410 0f85 | 1a00 0000 

  0x000077163cbe4604: ;   {metadata(method data for {method} {0x00006a69140fff10} 'isEmpty' '()Z' in 'java/util/Vector')}
  0x000077163cbe4604: 48b8 2006 | 1f14 696a | 0000 ff80 | 5801 0000 | b801 0000 | 00e9 0500 | 0000 b800 | 0000 0048 
  0x000077163cbe4624: 8bd0 83e2 | 0148 8d84 | 24d8 0300 | 0048 8b30 | 4885 f60f | 840f 0000 | 0048 8b48 | 08f0 480f 
  0x000077163cbe4644: b131 0f85 | 5b2c 0000 | 49ff 8f68 | 0800 0085 

  0x000077163cbe4654: ;   {metadata(method data for {method} {0x00006a69146a8000} 'popContextNodeList' '()V' in 'org/apache/xpath/XPathContext')}
  0x000077163cbe4654: d248 ba78 | 0c82 1469 | 6a00 0048 | c7c6 7001 | 0000 7407 | 48c7 c680 | 0100 0048 | 8b04 3248 
  0x000077163cbe4674: 8d40 0148 | 8904 3289 | bc24 1c02 | 0000 0f84 | d100 0000 

  0x000077163cbe4688: ;   {oop(a 'java/lang/Class'{0x0000000040001608} = 'java/lang/System')}
  0x000077163cbe4688: 48ba 0816 | 0040 0000 | 0000 8b72 | 7848 3b06 

  0x000077163cbe4698: ;   {metadata(method data for {method} {0x00006a69146a8000} 'popContextNodeList' '()V' in 'org/apache/xpath/XPathContext')}
  0x000077163cbe4698: 488b d648 | b878 0c82 | 1469 6a00 | 008b 5208 | 49ba 0000 | 001f 696a | 0000 4903 | d248 3b90 
  0x000077163cbe46b8: a001 0000 | 750d 4883 | 80a8 0100 | 0001 e960 | 0000 0048 | 3b90 b001 | 0000 750d | 4883 80b8 
  0x000077163cbe46d8: 0100 0001 | e94a 0000 | 0048 83b8 | a001 0000 | 0075 1748 | 8990 a001 | 0000 48c7 | 80a8 0100 
  0x000077163cbe46f8: 0001 0000 | 00e9 2900 | 0000 4883 | b8b0 0100 | 0000 7517 | 4889 90b0 | 0100 0048 | c780 b801 
  0x000077163cbe4718: 0000 0100 | 0000 e908 | 0000 0048 | 8380 9001 

  0x000077163cbe4728: ;   {oop("Warning: popContextNodeList when stack is empty!"{0x00000000408802c8})}
  0x000077163cbe4728: 0000 0148 | bac8 0288 | 4000 0000 

  0x000077163cbe4734: ;   {optimized virtual_call}
  0x000077163cbe4734: 0066 90e8 

  0x000077163cbe4738: ; ImmutableOopMap {[224]=Oop [232]=Oop [240]=Oop [256]=Oop [280]=Oop [848]=Oop }
                      ;*invokevirtual println {reexecute=0 rethrow=0 return_oop=0}
                      ; - org.apache.xpath.XPathContext::popContextNodeList@15 (line 707)
                      ; - org.apache.xalan.templates.ElemApplyTemplates::transformSelectedNodes@954 (line 446)
  0x000077163cbe4738: 4409 0807 

  0x000077163cbe473c: ;   {other}
  0x000077163cbe473c: 0f1f 8400 | acac 0085 

  0x000077163cbe4744: ;   {metadata(method data for {method} {0x00006a69146a8000} 'popContextNodeList' '()V' in 'org/apache/xpath/XPathContext')}
  0x000077163cbe4744: 48be 780c | 8214 696a | 0000 ff86 | c801 0000 | e92b 0000 | 0048 8bfb | 8b77 5048 | 3b06 488b 
  0x000077163cbe4764: ;   {metadata(method data for {method} {0x00006a69146a8000} 'popContextNodeList' '()V' in 'org/apache/xpath/XPathContext')}
  0x000077163cbe4764: de48 b878 | 0c82 1469 | 6a00 0048 | 8380 f801 

  0x000077163cbe4774: ;   {optimized virtual_call}
  0x000077163cbe4774: 0000 01e8 

  0x000077163cbe4778: ; ImmutableOopMap {[224]=Oop [232]=Oop [240]=Oop [256]=Oop [280]=Oop [848]=Oop }
                      ;*invokevirtual pop {reexecute=0 rethrow=0 return_oop=0}
                      ; - org.apache.xpath.XPathContext::popContextNodeList@25 (line 709)
                      ; - org.apache.xalan.templates.ElemApplyTemplates::transformSelectedNodes@954 (line 446)
  0x000077163cbe4778: 0409 0807 

  0x000077163cbe477c: ;   {other}
  0x000077163cbe477c: 0f1f 8400 | ecac 0086 | 488b 9424 | f000 0000 

  0x000077163cbe478c: ;   {metadata(method data for {method} {0x00006a691455b320} 'transformSelectedNodes' '(Lorg/apache/xalan/transformer/TransformerImpl;)V' in 'org/apache/xalan/templates/ElemApplyTemplates')}
  0x000077163cbe478c: 488b f248 | b900 8081 | 1469 6a00 | 0048 8381 | f01a 0000 

  0x000077163cbe47a0: ;   {metadata(method data for {method} {0x00006a6914655c60} 'popElemTemplateElement' '()V' in 'org/apache/xalan/transformer/TransformerImpl')}
  0x000077163cbe47a0: 0148 be18 | c580 1469 | 6a00 008b | 8ef4 0000 | 0083 c102 | 898e f400 | 0000 81e1 | feff 1f00 
  0x000077163cbe47c0: 85c9 0f84 | ff2a 0000 | 8b72 4c48 | 3b06 488b 

  0x000077163cbe47d0: ;   {metadata(method data for {method} {0x00006a6914655c60} 'popElemTemplateElement' '()V' in 'org/apache/xalan/transformer/TransformerImpl')}
  0x000077163cbe47d0: ce49 b818 | c580 1469 | 6a00 0049 | 8380 5001 | 0000 010f 

  0x000077163cbe47e4: ;   {optimized virtual_call}
  0x000077163cbe47e4: 1f40 00e8 

  0x000077163cbe47e8: ; ImmutableOopMap {[224]=Oop [232]=Oop [240]=Oop [256]=Oop [280]=Oop [848]=Oop }
                      ;*invokevirtual pop {reexecute=0 rethrow=0 return_oop=0}
                      ; - org.apache.xalan.transformer.TransformerImpl::popElemTemplateElement@4 (line 2632)
                      ; - org.apache.xalan.templates.ElemApplyTemplates::transformSelectedNodes@958 (line 447)
  0x000077163cbe47e8: 9408 0807 

  0x000077163cbe47ec: ;   {other}
  0x000077163cbe47ec: 0f1f 8400 | 5cad 0087 | 488b bc24 | e000 0000 

  0x000077163cbe47fc: ;   {metadata(method data for {method} {0x00006a691455b320} 'transformSelectedNodes' '(Lorg/apache/xalan/transformer/TransformerImpl;)V' in 'org/apache/xalan/templates/ElemApplyTemplates')}
  0x000077163cbe47fc: 48be 0080 | 8114 696a | 0000 4883 | 8610 1b00 

  0x000077163cbe480c: ;   {metadata(method data for {method} {0x00006a69146a9090} 'popCurrentExpressionNode' '()V' in 'org/apache/xpath/XPathContext')}
  0x000077163cbe480c: 0001 48be | 684d 8114 | 696a 0000 | 8bbe f400 | 0000 83c7 | 0289 bef4 | 0000 0081 | e7fe ff1f 
  0x000077163cbe482c: 0085 ff0f | 84b8 2a00 | 0048 8bbc | 24e0 0000 | 008b 7760 

  0x000077163cbe4840: ; implicit exception: dispatches to 0x000077163cbe730e
  0x000077163cbe4840: 483b 0648 

  0x000077163cbe4844: ;   {metadata(method data for {method} {0x00006a69146a9090} 'popCurrentExpressionNode' '()V' in 'org/apache/xpath/XPathContext')}
  0x000077163cbe4844: 8bde 48b8 | 684d 8114 | 696a 0000 | 4883 8038 | 0100 0001 

  0x000077163cbe4858: ;   {metadata(method data for {method} {0x00006a69146486c0} 'quickPop' '(I)V' in 'org/apache/xml/utils/IntStack')}
  0x000077163cbe4858: 48bb d097 | 7e14 696a | 0000 8b83 | f400 0000 | 83c0 0289 | 83f4 0000 | 0025 feff | 1f00 85c0 
  0x000077163cbe4878: 0f84 952a | 0000 8b5e | 10ff cb89 | 5e10 488b 

  0x000077163cbe4888: ;   {metadata(method data for {method} {0x00006a691455b320} 'transformSelectedNodes' '(Lorg/apache/xalan/transformer/TransformerImpl;)V' in 'org/apache/xalan/templates/ElemApplyTemplates')}
  0x000077163cbe4888: f748 bb00 | 8081 1469 | 6a00 0048 | 8383 481b 

  0x000077163cbe4898: ;   {metadata(method data for {method} {0x00006a69146a86b0} 'popCurrentNode' '()V' in 'org/apache/xpath/XPathContext')}
  0x000077163cbe4898: 0000 0148 | bef8 1480 | 1469 6a00 | 008b 9ef4 | 0000 0083 | c302 899e | f400 0000 | 81e3 feff 
  0x000077163cbe48b8: 1f00 85db | 0f84 722a | 0000 8b77 | 5448 3b06 

  0x000077163cbe48c8: ;   {metadata(method data for {method} {0x00006a69146a86b0} 'popCurrentNode' '()V' in 'org/apache/xpath/XPathContext')}
  0x000077163cbe48c8: 488b de48 | b8f8 1480 | 1469 6a00 | 0048 8380 | 3801 0000 

  0x000077163cbe48dc: ;   {metadata(method data for {method} {0x00006a69146486c0} 'quickPop' '(I)V' in 'org/apache/xml/utils/IntStack')}
  0x000077163cbe48dc: 0148 bbd0 | 977e 1469 | 6a00 008b | 83f4 0000 | 0083 c002 | 8983 f400 | 0000 25fe | ff1f 0085 
  0x000077163cbe48fc: c00f 8457 | 2a00 008b | 5e10 ffcb | 895e 1048 | 8b9c 2450 | 0300 0048 | 3b03 488b 

  0x000077163cbe4918: ;   {metadata(method data for {method} {0x00006a691455b320} 'transformSelectedNodes' '(Lorg/apache/xalan/transformer/TransformerImpl;)V' in 'org/apache/xalan/templates/ElemApplyTemplates')}
  0x000077163cbe4918: f348 b800 | 8081 1469 | 6a00 008b | 7608 49ba | 0000 001f | 696a 0000 | 4903 f248 | 3bb0 901b 
  0x000077163cbe4938: 0000 750d | 4883 8098 | 1b00 0001 | e960 0000 | 0048 3bb0 | a01b 0000 | 750d 4883 | 80a8 1b00 
  0x000077163cbe4958: 0001 e94a | 0000 0048 | 83b8 901b | 0000 0075 | 1748 89b0 | 901b 0000 | 48c7 8098 | 1b00 0001 
  0x000077163cbe4978: 0000 00e9 | 2900 0000 | 4883 b8a0 | 1b00 0000 | 7517 4889 | b0a0 1b00 | 0048 c780 | a81b 0000 
  0x000077163cbe4998: 0100 0000 | e908 0000 | 0048 8380 | 801b 0000 | 0148 8bf3 | 4889 9c24 | 5003 0000 | 9048 b8ff 
  0x000077163cbe49b8: ffff ffff 

  0x000077163cbe49bc: ;   {virtual_call}
  0x000077163cbe49bc: ffff ffe8 

  0x000077163cbe49c0: ; ImmutableOopMap {[224]=Oop [232]=Oop [240]=Oop [256]=Oop [280]=Oop [848]=Oop }
                      ;*invokeinterface detach {reexecute=0 rethrow=0 return_oop=0}
                      ; - org.apache.xalan.templates.ElemApplyTemplates::transformSelectedNodes@971 (line 450)
  0x000077163cbe49c0: bc09 0807 

  0x000077163cbe49c4: ;   {other}
  0x000077163cbe49c4: 0f1f 8400 | 34af 0088 | e9a8 0b00 | 0049 8b87 | 1808 0000 | 4d33 d24d | 8997 1808 | 0000 4d33 
  0x000077163cbe49e4: d24d 8997 | 2008 0000 | 488b 9424 | f000 0000 

  0x000077163cbe49f4: ;   {metadata(method data for {method} {0x00006a691455b320} 'transformSelectedNodes' '(Lorg/apache/xalan/transformer/TransformerImpl;)V' in 'org/apache/xalan/templates/ElemApplyTemplates')}
  0x000077163cbe49f4: 488b f248 | bf00 8081 | 1469 6a00 | 0048 8387 | 2019 0000 | 010f be72 | 1583 e601 

  0x000077163cbe4a10: ;   {metadata(method data for {method} {0x00006a691455b320} 'transformSelectedNodes' '(Lorg/apache/xalan/transformer/TransformerImpl;)V' in 'org/apache/xalan/templates/ElemApplyTemplates')}
  0x000077163cbe4a10: 85f6 48be | 0080 8114 | 696a 0000 | 48c7 c740 | 1900 0074 | 0748 c7c7 | 5019 0000 | 488b 0c3e 
  0x000077163cbe4a30: 488d 4901 | 4889 0c3e | 4889 8424 | b803 0000 | 0f84 0607 | 0000 488b | b424 e800 | 0000 488b 
  0x000077163cbe4a50: ;   {metadata(method data for {method} {0x00006a691455b320} 'transformSelectedNodes' '(Lorg/apache/xalan/transformer/TransformerImpl;)V' in 'org/apache/xalan/templates/ElemApplyTemplates')}
  0x000077163cbe4a50: fa48 b900 | 8081 1469 

  0x000077163cbe4a58: ;   {metadata('org/apache/xalan/transformer/TransformerImpl')}
  0x000077163cbe4a58: 6a00 0049 | bac8 0c0c | 2069 6a00 | 004c 8991 | 7019 0000 | 4883 8178 | 1900 0001 | 448b 8a84 
  0x000077163cbe4a78: 0000 004c | 898c 24a8 | 0300 000f | 1f44 0000 

  0x000077163cbe4a88: ;   {no_reloc}
  0x000077163cbe4a88: e902 2900 | 0000 0000 | 0000 4c8b | ee49 8b87 | b804 0000 | 488d 4818 | 483b c80f | 82f0 2800 
  0x000077163cbe4aa8: 0049 3b8f | c004 0000 | 0f87 e328 | 0000 4989 | 8fb8 0400 | 0048 8bf8 | 48c1 ef06 | 49ba 0000 
  0x000077163cbe4ac8: 4098 696a | 0000 458a | 143a 488b | c848 c1e9 | 0348 83e1 | 0748 c7c7 | 0100 0000 | 48d3 e74c 
  0x000077163cbe4ae8: 0bd7 488b | f848 c1ef | 0648 b900 | 0040 9869 | 6a00 0044 | 8814 3949 | 8387 2802 | 0000 1849 
  0x000077163cbe4b08: 8387 2802 | 0000 0048 | c700 0100 | 0000 488b | ca49 ba00 | 0000 1f69 | 6a00 0049 | 2bca 8948 
  0x000077163cbe4b28: 0848 33c9 | 8948 0c48 | 33c9 4889 | 4810 4889 | 8424 9803 | 0000 418b | 7d50 488b 

  0x000077163cbe4b44: ;   {metadata(method data for {method} {0x00006a691455b320} 'transformSelectedNodes' '(Lorg/apache/xalan/transformer/TransformerImpl;)V' in 'org/apache/xalan/templates/ElemApplyTemplates')}
  0x000077163cbe4b44: d048 b900 | 8081 1469 | 6a00 0048 | 8381 9819 

  0x000077163cbe4b54: ;   {metadata(method data for {method} {0x00006a691465bd20} '<init>' '(Lorg/apache/xpath/Expression;)V' in 'org/apache/xpath/XPath')}
  0x000077163cbe4b54: 0000 0148 | ba80 f381 | 1469 6a00 | 008b 8af4 | 0000 0083 | c102 898a | f400 0000 | 81e1 feff 
  0x000077163cbe4b74: 1f00 85c9 | 0f84 2828 | 0000 488b 

  0x000077163cbe4b80: ;   {metadata(method data for {method} {0x00006a691465bd20} '<init>' '(Lorg/apache/xpath/Expression;)V' in 'org/apache/xpath/XPath')}
  0x000077163cbe4b80: d048 b980 | f381 1469 | 6a00 0048 | 8381 3801 

  0x000077163cbe4b90: ;   {metadata(method data for {method} {0x00006a691f4791f0} '<init>' '()V' in 'java/lang/Object')}
  0x000077163cbe4b90: 0000 0148 | bac0 7000 | 1469 6a00 | 008b 8af4 | 0000 0083 | c102 898a | f400 0000 | 81e1 feff 
  0x000077163cbe4bb0: 1f00 85c9 | 0f84 0d28 | 0000 488b 

  0x000077163cbe4bbc: ;   {metadata(method data for {method} {0x00006a691465bd20} '<init>' '(Lorg/apache/xpath/Expression;)V' in 'org/apache/xpath/XPath')}
  0x000077163cbe4bbc: d048 b980 | f381 1469 

  0x000077163cbe4bc4: ;   {metadata('org/apache/xpath/XPath')}
  0x000077163cbe4bc4: 6a00 0049 | ba88 130c | 2069 6a00 | 004c 8991 | 5801 0000 | 4883 8160 | 0100 0001 

  0x000077163cbe4be0: ;   {metadata(method data for {method} {0x00006a691465b688} 'setExpression' '(Lorg/apache/xpath/Expression;)V' in 'org/apache/xpath/XPath')}
  0x000077163cbe4be0: 48ba d82e | 7114 696a | 0000 8b8a | f400 0000 | 83c1 0289 | 8af4 0000 | 0081 e1fe | ff1f 0085 
  0x000077163cbe4c00: c90f 84e1 | 2700 008b | 500c 4885 

  0x000077163cbe4c0c: ;   {metadata(method data for {method} {0x00006a691465b688} 'setExpression' '(Lorg/apache/xpath/Expression;)V' in 'org/apache/xpath/XPath')}
  0x000077163cbe4c0c: d248 b9d8 | 2e71 1469 | 6a00 0048 | c7c6 3801 | 0000 7407 | 48c7 c648 | 0100 0048 | 8b1c 3148 
  0x000077163cbe4c2c: 8d5b 0148 | 891c 310f | 8482 0200 | 0048 3b02 

  0x000077163cbe4c3c: ;   {metadata(method data for {method} {0x00006a691465b688} 'setExpression' '(Lorg/apache/xpath/Expression;)V' in 'org/apache/xpath/XPath')}
  0x000077163cbe4c3c: 488b ca48 | bed8 2e71 | 1469 6a00 | 008b 4908 | 49ba 0000 | 001f 696a | 0000 4903 | ca48 3b8e 
  0x000077163cbe4c5c: 6801 0000 | 750d 4883 | 8670 0100 | 0001 e960 | 0000 0048 | 3b8e 7801 | 0000 750d | 4883 8680 
  0x000077163cbe4c7c: 0100 0001 | e94a 0000 | 0048 83be | 6801 0000 | 0075 1748 | 898e 6801 | 0000 48c7 | 8670 0100 
  0x000077163cbe4c9c: 0001 0000 | 00e9 2900 | 0000 4883 | be78 0100 | 0000 7517 | 4889 8e78 | 0100 0048 | c786 8001 
  0x000077163cbe4cbc: 0000 0100 | 0000 e908 | 0000 0048 | 8386 5801 | 0000 018b | 5a0c 4889 | 9c24 9003 | 0000 483b 
  0x000077163cbe4cdc: 0748 8bd7 

  0x000077163cbe4ce0: ;   {metadata(method data for {method} {0x00006a691465b688} 'setExpression' '(Lorg/apache/xpath/Expression;)V' in 'org/apache/xpath/XPath')}
  0x000077163cbe4ce0: 48b9 d82e | 7114 696a | 0000 8b52 | 0849 ba00 | 0000 1f69 | 6a00 0049 | 03d2 483b | 91a0 0100 
  0x000077163cbe4d00: 0075 0d48 | 8381 a801 | 0000 01e9 | 6000 0000 | 483b 91b0 | 0100 0075 | 0d48 8381 | b801 0000 
  0x000077163cbe4d20: 01e9 4a00 | 0000 4883 | b9a0 0100 | 0000 7517 | 4889 91a0 | 0100 0048 | c781 a801 | 0000 0100 
  0x000077163cbe4d40: 0000 e929 | 0000 0048 | 83b9 b001 | 0000 0075 | 1748 8991 | b001 0000 | 48c7 81b8 | 0100 0001 
  0x000077163cbe4d60: 0000 00e9 | 0800 0000 | 4883 8190 | 0100 0001 

  0x000077163cbe4d70: ;   {metadata(method data for {method} {0x00006a69144cf1c8} 'exprSetParent' '(Lorg/apache/xpath/ExpressionNode;)V' in 'org/apache/xpath/Expression')}
  0x000077163cbe4d70: 48ba 48e3 | 6f14 696a | 0000 8b8a | f400 0000 | 83c1 0289 | 8af4 0000 | 0081 e1fe | ff1f 0085 
  0x000077163cbe4d90: c90f 847c | 2600 0048 

  0x000077163cbe4d98: ;   {metadata(method data for {method} {0x00006a69144cf1c8} 'exprSetParent' '(Lorg/apache/xpath/ExpressionNode;)V' in 'org/apache/xpath/Expression')}
  0x000077163cbe4d98: 3bdf 48ba | 48e3 6f14 | 696a 0000 | 48c7 c138 | 0100 0074 | 0748 c7c1 | 4801 0000 | 488b 340a 
  0x000077163cbe4db8: 488d 7601 | 4889 340a | 0f84 1a00 

  0x000077163cbe4dc4: ;   {metadata(method data for {method} {0x00006a69144cf1c8} 'exprSetParent' '(Lorg/apache/xpath/ExpressionNode;)V' in 'org/apache/xpath/Expression')}
  0x000077163cbe4dc4: 0000 48ba | 48e3 6f14 | 696a 0000 | ff82 5801 | 0000 ba01 | 0000 00e9 | 0500 0000 | ba00 0000 
  0x000077163cbe4de4: 0048 8bcf 

  0x000077163cbe4de8: ;   {metadata(method data for {method} {0x00006a69144cf1c8} 'exprSetParent' '(Lorg/apache/xpath/ExpressionNode;)V' in 'org/apache/xpath/Expression')}
  0x000077163cbe4de8: 48bb 48e3 | 6f14 696a | 0000 8b49 | 0849 ba00 | 0000 1f69 | 6a00 0049 | 03ca 483b | 8b80 0100 
  0x000077163cbe4e08: 0075 0d48 | 8383 8801 | 0000 01e9 | 6000 0000 | 483b 8b90 | 0100 0075 | 0d48 8383 | 9801 0000 
  0x000077163cbe4e28: 01e9 4a00 | 0000 4883 | bb80 0100 | 0000 7517 | 4889 8b80 | 0100 0048 | c783 8801 | 0000 0100 
  0x000077163cbe4e48: 0000 e929 | 0000 0048 | 83bb 9001 | 0000 0075 | 1748 898b | 9001 0000 | 48c7 8398 | 0100 0001 
  0x000077163cbe4e68: 0000 00e9 | 0800 0000 | 4883 8370 | 0100 0001 

  0x000077163cbe4e78: ;   {oop("Can not parent an expression to itself!"{0x0000000040f27960})}
  0x000077163cbe4e78: 48b9 6079 | f240 0000 | 0000 488b | f748 89bc | 24a0 0300 

  0x000077163cbe4e8c: ;   {optimized virtual_call}
  0x000077163cbe4e8c: 0066 90e8 

  0x000077163cbe4e90: ; ImmutableOopMap {[224]=Oop [232]=Oop [240]=Oop [256]=Oop [280]=Oop [904]=Oop [912]=Oop [920]=Oop [928]=Oop [936]=Oop [952]=Oop }
                      ;*invokevirtual assertion {reexecute=0 rethrow=0 return_oop=0}
                      ; - org.apache.xpath.Expression::exprSetParent@13 (line 476)
                      ; - org.apache.xpath.XPath::setExpression@16 (line 100)
                      ; - org.apache.xpath.XPath::<init>@11 (line 278)
                      ; - org.apache.xalan.templates.ElemApplyTemplates::transformSelectedNodes@917 (line 438)
  0x000077163cbe4e90: ec01 0807 

  0x000077163cbe4e94: ;   {other}
  0x000077163cbe4e94: 0f1f 8400 | 04b4 0089 | 488b 9c24 | 9003 0000 | 488b bc24 | a003 0000 | 4c8b d344 | 8957 0c48 
  0x000077163cbe4eb4: 8b84 2498 | 0300 004c | 8bd7 4489 | 500c 488b 

  0x000077163cbe4ec4: ;   {metadata(method data for {method} {0x00006a691465bd20} '<init>' '(Lorg/apache/xpath/Expression;)V' in 'org/apache/xpath/XPath')}
  0x000077163cbe4ec4: d048 be80 | f381 1469 | 6a00 0048 | 8386 8001 

  0x000077163cbe4ed4: ;   {metadata(method data for {method} {0x00006a691465b448} 'initFunctionTable' '()V' in 'org/apache/xpath/XPath')}
  0x000077163cbe4ed4: 0000 0148 | ba58 f581 | 1469 6a00 | 008b b2f4 | 0000 0083 | c602 89b2 | f400 0000 | 81e6 feff 
  0x000077163cbe4ef4: 1f00 85f6 | 0f84 3625 

  0x000077163cbe4efc: ;   {metadata('org/apache/xpath/compiler/FunctionTable')}
  0x000077163cbe4efc: 0000 48ba | 58d2 0120 | 696a 0000 | 498b 87b8 | 0400 0048 | 8d48 1848 | 3bc8 0f82 | 3925 0000 
  0x000077163cbe4f1c: 493b 8fc0 | 0400 000f | 872c 2500 | 0049 898f | b804 0000 | 488b f848 | c1ef 0649 | ba00 0040 
  0x000077163cbe4f3c: 9869 6a00 | 0045 8a14 | 3a48 8bc8 | 48c1 e903 | 4883 e107 | 48c7 c701 | 0000 0048 | d3e7 4c0b 
  0x000077163cbe4f5c: d748 8bf8 | 48c1 ef06 | 48b9 0000 | 4098 696a | 0000 4488 | 1439 4983 | 8728 0200 | 0018 4983 
  0x000077163cbe4f7c: 8728 0200 | 0000 48c7 | 0001 0000 | 0048 8bca | 49ba 0000 | 001f 696a | 0000 492b | ca89 4808 
  0x000077163cbe4f9c: 4833 c989 | 480c 4833 | c948 8948 | 1048 8bf0 

  0x000077163cbe4fac: ;   {metadata(method data for {method} {0x00006a691465b448} 'initFunctionTable' '()V' in 'org/apache/xpath/XPath')}
  0x000077163cbe4fac: 48bf 58f5 | 8114 696a | 0000 4883 | 8738 0100 | 0001 488b | f048 8984 | 24c0 0300 | 0066 0f1f 
  0x000077163cbe4fcc: ;   {optimized virtual_call}
  0x000077163cbe4fcc: 4400 00e8 

  0x000077163cbe4fd0: ; ImmutableOopMap {[224]=Oop [232]=Oop [240]=Oop [256]=Oop [280]=Oop [904]=Oop [920]=Oop [936]=Oop [952]=Oop [960]=Oop }
                      ;*invokespecial <init> {reexecute=0 rethrow=0 return_oop=0}
                      ; - org.apache.xpath.XPath::initFunctionTable@5 (line 62)
                      ; - org.apache.xpath.XPath::<init>@15 (line 279)
                      ; - org.apache.xalan.templates.ElemApplyTemplates::transformSelectedNodes@917 (line 438)
  0x000077163cbe4fd0: ac00 0807 

  0x000077163cbe4fd4: ;   {other}
  0x000077163cbe4fd4: 0f1f 8400 | 44b5 008a | 488b 9424 | c003 0000 | 488b 8424 | 9803 0000 | 4c8b d244 | 8950 100f 
  0x000077163cbe4ff4: 1f44 0000 

  0x000077163cbe4ff8: ;   {no_reloc}
  0x000077163cbe4ff8: e974 2400 | 0000 0000 | 0000 498b | 87b8 0400 | 0048 8d48 | 2848 3bc8 | 0f82 6524 | 0000 493b 
  0x000077163cbe5018: 8fc0 0400 | 000f 8758 | 2400 0049 | 898f b804 | 0000 488b | f848 c1ef | 0649 ba00 | 0040 9869 
  0x000077163cbe5038: 6a00 0045 | 8a14 3a48 | 8bc8 48c1 | e903 4883 | e107 48c7 | c701 0000 | 0048 d3e7 | 4c0b d748 
  0x000077163cbe5058: 8bf8 48c1 | ef06 48b9 | 0000 4098 | 696a 0000 | 4488 1439 | 4983 8728 | 0200 0028 | 4983 8728 
  0x000077163cbe5078: 0200 0000 | 48c7 0001 | 0000 0048 | 8bca 49ba | 0000 001f | 696a 0000 | 492b ca89 | 4808 4833 
  0x000077163cbe5098: c989 480c | 4833 c948 | 8948 1048 | 8948 1848 | 8948 2048 

  0x000077163cbe50ac: ;   {metadata(method data for {method} {0x00006a691455b320} 'transformSelectedNodes' '(Lorg/apache/xalan/transformer/TransformerImpl;)V' in 'org/apache/xalan/templates/ElemApplyTemplates')}
  0x000077163cbe50ac: 8bd0 48be | 0080 8114 | 696a 0000 | 4883 86a8 | 1900 0001 | 488b 9424 | 8803 0000 | 488b f048 
  0x000077163cbe50cc: 8984 24c8 | 0300 000f 

  0x000077163cbe50d4: ;   {optimized virtual_call}
  0x000077163cbe50d4: 1f40 00e8 

  0x000077163cbe50d8: ; ImmutableOopMap {[224]=Oop [232]=Oop [240]=Oop [256]=Oop [280]=Oop [904]=Oop [920]=Oop [936]=Oop [952]=Oop [968]=Oop }
                      ;*invokespecial <init> {reexecute=0 rethrow=0 return_oop=0}
                      ; - org.apache.xalan.templates.ElemApplyTemplates::transformSelectedNodes@926 (line 438)
  0x000077163cbe50d8: a4ff 0707 

  0x000077163cbe50dc: ;   {other}
  0x000077163cbe50dc: 0f1f 8400 | 4cb6 008b | 488b b424 | a803 0000 

  0x000077163cbe50ec: ; implicit exception: dispatches to 0x000077163cbe7488
  0x000077163cbe50ec: 483b 064c 

  0x000077163cbe50f0: ;   {metadata(method data for {method} {0x00006a691455b320} 'transformSelectedNodes' '(Lorg/apache/xalan/transformer/TransformerImpl;)V' in 'org/apache/xalan/templates/ElemApplyTemplates')}
  0x000077163cbe50f0: 8bce 48ba | 0080 8114 | 696a 0000 

  0x000077163cbe50fc: ;   {metadata('org/apache/xalan/trace/TraceManager')}
  0x000077163cbe50fc: 49ba 7884 | 0e20 696a | 0000 4c89 | 92c8 1900 | 0048 8382 | d019 0000 

  0x000077163cbe5114: ;   {oop("select"{0x0000000040ab07b8})}
  0x000077163cbe5114: 0149 b8b8 | 07ab 4000 | 0000 008b | 9424 f800 | 0000 488b | 8c24 e800 | 0000 4c8b | 8c24 9803 
  0x000077163cbe5134: 0000 488b | bc24 c803 

  0x000077163cbe513c: ;   {optimized virtual_call}
  0x000077163cbe513c: 0000 90e8 

  0x000077163cbe5140: ; ImmutableOopMap {[224]=Oop [232]=Oop [240]=Oop [256]=Oop [280]=Oop [904]=Oop [952]=Oop }
                      ;*invokevirtual fireSelectedEndEvent {reexecute=0 rethrow=0 return_oop=0}
                      ; - org.apache.xalan.templates.ElemApplyTemplates::transformSelectedNodes@929 (line 438)
  0x000077163cbe5140: 3cff 0707 

  0x000077163cbe5144: ;   {other}
  0x000077163cbe5144: 0f1f 8400 | b4b6 008c | 8b8c 24fc | 0000 0085 

  0x000077163cbe5154: ;   {metadata(method data for {method} {0x00006a691455b320} 'transformSelectedNodes' '(Lorg/apache/xalan/transformer/TransformerImpl;)V' in 'org/apache/xalan/templates/ElemApplyTemplates')}
  0x000077163cbe5154: c948 ba00 | 8081 1469 | 6a00 0048 | c7c6 f019 | 0000 7e07 | 48c7 c600 | 1a00 0048 | 8b3c 3248 
  0x000077163cbe5174: 8d7f 0148 | 893c 3289 | 8c24 fc00 | 0000 0f8e | 4c00 0000 | 488b 9c24 | 0001 0000 

  0x000077163cbe5190: ;   {metadata(method data for {method} {0x00006a691455b320} 'transformSelectedNodes' '(Lorg/apache/xalan/transformer/TransformerImpl;)V' in 'org/apache/xalan/templates/ElemApplyTemplates')}
  0x000077163cbe5190: 48ba 0080 | 8114 696a 

  0x000077163cbe5198: ;   {metadata('org/apache/xpath/VariableStack')}
  0x000077163cbe5198: 0000 49ba | a8de 0e20 | 696a 0000 | 4c89 9220 | 1a00 0048 | 8382 281a | 0000 018b | 9424 1001 
  0x000077163cbe51b8: 0000 488b | b424 0001 | 0000 0f1f 

  0x000077163cbe51c4: ;   {optimized virtual_call}
  0x000077163cbe51c4: 4400 00e8 

  0x000077163cbe51c8: ; ImmutableOopMap {[224]=Oop [232]=Oop [240]=Oop [256]=Oop [280]=Oop [904]=Oop [952]=Oop }
                      ;*invokevirtual unlink {reexecute=0 rethrow=0 return_oop=0}
                      ; - org.apache.xalan.templates.ElemApplyTemplates::transformSelectedNodes@941 (line 444)
  0x000077163cbe51c8: b4fe 0707 

  0x000077163cbe51cc: ;   {other}
  0x000077163cbe51cc: 0f1f 8400 | 3cb7 008d | 488b bc24 | e000 0000 

  0x000077163cbe51dc: ;   {metadata(method data for {method} {0x00006a691455b320} 'transformSelectedNodes' '(Lorg/apache/xalan/transformer/TransformerImpl;)V' in 'org/apache/xalan/templates/ElemApplyTemplates')}
  0x000077163cbe51dc: 488b f748 | b800 8081 | 1469 6a00 | 0048 8380 | 601a 0000 

  0x000077163cbe51f0: ;   {metadata(method data for {method} {0x00006a69146a7290} 'popSAXLocator' '()V' in 'org/apache/xpath/XPathContext')}
  0x000077163cbe51f0: 0148 be60 | be80 1469 | 6a00 008b | 86f4 0000 | 0083 c002 | 8986 f400 | 0000 25fe | ff1f 0085 
  0x000077163cbe5210: c00f 8476 | 2200 008b | 772c 483b | 0648 8bc6 

  0x000077163cbe5220: ;   {metadata(method data for {method} {0x00006a69146a7290} 'popSAXLocator' '()V' in 'org/apache/xpath/XPathContext')}
  0x000077163cbe5220: 48ba 60be | 8014 696a | 0000 4883 | 8250 0100 | 0001 0f1f 

  0x000077163cbe5234: ;   {optimized virtual_call}
  0x000077163cbe5234: 4400 00e8 

  0x000077163cbe5238: ; ImmutableOopMap {[224]=Oop [232]=Oop [240]=Oop [256]=Oop [280]=Oop [904]=Oop [952]=Oop }
                      ;*invokevirtual pop {reexecute=0 rethrow=0 return_oop=0}
                      ; - org.apache.xpath.XPathContext::popSAXLocator@4 (line 434)
                      ; - org.apache.xalan.templates.ElemApplyTemplates::transformSelectedNodes@945 (line 445)
  0x000077163cbe5238: 44fe 0707 

  0x000077163cbe523c: ;   {other}
  0x000077163cbe523c: 0f1f 8400 | acb7 008e | 8bbc 24b0 | 0300 0085 

  0x000077163cbe524c: ;   {metadata(method data for {method} {0x00006a691455b320} 'transformSelectedNodes' '(Lorg/apache/xalan/transformer/TransformerImpl;)V' in 'org/apache/xalan/templates/ElemApplyTemplates')}
  0x000077163cbe524c: ff48 b800 | 8081 1469 | 6a00 0048 | c7c2 901a | 0000 7507 | 48c7 c280 | 1a00 0048 | 8b34 1048 
  0x000077163cbe526c: 8d76 0148 | 8934 100f | 850c 0000 | 0089 bc24 | b003 0000 | e91a 0300 | 0048 8b9c | 24e0 0000 
  0x000077163cbe528c: 0048 8bc3 

  0x000077163cbe5290: ;   {metadata(method data for {method} {0x00006a691455b320} 'transformSelectedNodes' '(Lorg/apache/xalan/transformer/TransformerImpl;)V' in 'org/apache/xalan/templates/ElemApplyTemplates')}
  0x000077163cbe5290: 48ba 0080 | 8114 696a | 0000 4883 | 82a0 1a00 

  0x000077163cbe52a0: ;   {metadata(method data for {method} {0x00006a69146a8000} 'popContextNodeList' '()V' in 'org/apache/xpath/XPathContext')}
  0x000077163cbe52a0: 0001 48b8 | 780c 8214 | 696a 0000 | 8b90 f400 | 0000 83c2 | 0289 90f4 | 0000 0081 | e2fe ff1f 
  0x000077163cbe52c0: 0085 d20f | 84ea 2100 | 008b 5350 

  0x000077163cbe52cc: ; implicit exception: dispatches to 0x000077163cbe74d4
  0x000077163cbe52cc: 483b 0248 

  0x000077163cbe52d0: ;   {metadata(method data for {method} {0x00006a69146a8000} 'popContextNodeList' '()V' in 'org/apache/xpath/XPathContext')}
  0x000077163cbe52d0: 8bc2 48be | 780c 8214 | 696a 0000 | 8b40 0849 | ba00 0000 | 1f69 6a00 | 0049 03c2 | 483b 8648 
  0x000077163cbe52f0: 0100 0075 | 0d48 8386 | 5001 0000 | 01e9 6000 | 0000 483b | 8658 0100 | 0075 0d48 | 8386 6001 
  0x000077163cbe5310: 0000 01e9 | 4a00 0000 | 4883 be48 | 0100 0000 | 7517 4889 | 8648 0100 | 0048 c786 | 5001 0000 
  0x000077163cbe5330: 0100 0000 | e929 0000 | 0048 83be | 5801 0000 | 0075 1748 | 8986 5801 | 0000 48c7 | 8660 0100 
  0x000077163cbe5350: 0001 0000 | 00e9 0800 | 0000 4883 | 8638 0100 | 0001 488d | b424 d803 | 0000 4889 | 5608 488b 
  0x000077163cbe5370: 0248 83c8 | 0148 8906 | f048 0fb1 | 320f 8412 | 0000 0048 | 2bc4 4825 | 07f0 ffff | 4889 060f 
  0x000077163cbe5390: 8544 2100 | 0049 ff87 | 6808 0000 

  0x000077163cbe539c: ;   {metadata(method data for {method} {0x00006a69140fff10} 'isEmpty' '()Z' in 'java/util/Vector')}
  0x000077163cbe539c: 48b8 2006 | 1f14 696a | 0000 8bb0 | f400 0000 | 83c6 0289 | b0f4 0000 | 0081 e6fe | ff1f 0085 
  0x000077163cbe53bc: f60f 8429 | 2100 008b | 4210 85c0 

  0x000077163cbe53c8: ;   {metadata(method data for {method} {0x00006a69140fff10} 'isEmpty' '()Z' in 'java/util/Vector')}
  0x000077163cbe53c8: 48b8 2006 | 1f14 696a | 0000 48c7 | c238 0100 | 0075 0748 | c7c2 4801 | 0000 488b | 3410 488d 
  0x000077163cbe53e8: 7601 4889 | 3410 0f85 | 1a00 0000 

  0x000077163cbe53f4: ;   {metadata(method data for {method} {0x00006a69140fff10} 'isEmpty' '()Z' in 'java/util/Vector')}
  0x000077163cbe53f4: 48b8 2006 | 1f14 696a | 0000 ff80 | 5801 0000 | b801 0000 | 00e9 0500 | 0000 b800 | 0000 0048 
  0x000077163cbe5414: 8bd0 83e2 | 0148 8d84 | 24d8 0300 | 0048 8b30 | 4885 f60f | 840f 0000 | 0048 8b48 | 08f0 480f 
  0x000077163cbe5434: b131 0f85 | d120 0000 | 49ff 8f68 | 0800 0085 

  0x000077163cbe5444: ;   {metadata(method data for {method} {0x00006a69146a8000} 'popContextNodeList' '()V' in 'org/apache/xpath/XPathContext')}
  0x000077163cbe5444: d248 ba78 | 0c82 1469 | 6a00 0048 | c7c6 7001 | 0000 7407 | 48c7 c680 | 0100 0048 | 8b04 3248 
  0x000077163cbe5464: 8d40 0148 | 8904 3289 | bc24 b003 | 0000 0f84 | d100 0000 

  0x000077163cbe5478: ;   {oop(a 'java/lang/Class'{0x0000000040001608} = 'java/lang/System')}
  0x000077163cbe5478: 48ba 0816 | 0040 0000 | 0000 8b72 | 7848 3b06 

  0x000077163cbe5488: ;   {metadata(method data for {method} {0x00006a69146a8000} 'popContextNodeList' '()V' in 'org/apache/xpath/XPathContext')}
  0x000077163cbe5488: 488b d648 | b878 0c82 | 1469 6a00 | 008b 5208 | 49ba 0000 | 001f 696a | 0000 4903 | d248 3b90 
  0x000077163cbe54a8: a001 0000 | 750d 4883 | 80a8 0100 | 0001 e960 | 0000 0048 | 3b90 b001 | 0000 750d | 4883 80b8 
  0x000077163cbe54c8: 0100 0001 | e94a 0000 | 0048 83b8 | a001 0000 | 0075 1748 | 8990 a001 | 0000 48c7 | 80a8 0100 
  0x000077163cbe54e8: 0001 0000 | 00e9 2900 | 0000 4883 | b8b0 0100 | 0000 7517 | 4889 90b0 | 0100 0048 | c780 b801 
  0x000077163cbe5508: 0000 0100 | 0000 e908 | 0000 0048 | 8380 9001 

  0x000077163cbe5518: ;   {oop("Warning: popContextNodeList when stack is empty!"{0x00000000408802c8})}
  0x000077163cbe5518: 0000 0148 | bac8 0288 | 4000 0000 

  0x000077163cbe5524: ;   {optimized virtual_call}
  0x000077163cbe5524: 0066 90e8 

  0x000077163cbe5528: ; ImmutableOopMap {[224]=Oop [232]=Oop [240]=Oop [256]=Oop [280]=Oop [904]=Oop [952]=Oop }
                      ;*invokevirtual println {reexecute=0 rethrow=0 return_oop=0}
                      ; - org.apache.xpath.XPathContext::popContextNodeList@15 (line 707)
                      ; - org.apache.xalan.templates.ElemApplyTemplates::transformSelectedNodes@954 (line 446)
  0x000077163cbe5528: 54fb 0707 

  0x000077163cbe552c: ;   {other}
  0x000077163cbe552c: 0f1f 8400 | 9cba 008f 

  0x000077163cbe5534: ;   {metadata(method data for {method} {0x00006a69146a8000} 'popContextNodeList' '()V' in 'org/apache/xpath/XPathContext')}
  0x000077163cbe5534: 48be 780c | 8214 696a | 0000 ff86 | c801 0000 | e956 0000 | 0048 8bfb | 8b77 5048 | 3b06 488b 
  0x000077163cbe5554: ;   {metadata(method data for {method} {0x00006a69146a8000} 'popContextNodeList' '()V' in 'org/apache/xpath/XPathContext')}
  0x000077163cbe5554: de48 b878 | 0c82 1469 | 6a00 0048 | 8380 f801 

  0x000077163cbe5564: ;   {optimized virtual_call}
  0x000077163cbe5564: 0000 01e8 

  0x000077163cbe5568: ; ImmutableOopMap {[224]=Oop [232]=Oop [240]=Oop [256]=Oop [280]=Oop [904]=Oop [952]=Oop }
                      ;*invokevirtual pop {reexecute=0 rethrow=0 return_oop=0}
                      ; - org.apache.xpath.XPathContext::popContextNodeList@25 (line 709)
                      ; - org.apache.xalan.templates.ElemApplyTemplates::transformSelectedNodes@954 (line 446)
  0x000077163cbe5568: 14fb 0707 

  0x000077163cbe556c: ;   {other}
  0x000077163cbe556c: 0f1f 8400 | dcba 0090 | e926 0000 

  0x000077163cbe5578: ;   {metadata(method data for {method} {0x00006a691455b320} 'transformSelectedNodes' '(Lorg/apache/xalan/transformer/TransformerImpl;)V' in 'org/apache/xalan/templates/ElemApplyTemplates')}
  0x000077163cbe5578: 0048 be00 | 8081 1469 | 6a00 00ff | 86d8 1800 | 0048 81c4 | 0004 0000 

  0x000077163cbe5590: ;   {poll_return}
  0x000077163cbe5590: 5d49 3ba7 | 6807 0000 | 0f87 8f1f | 0000 c348 | 8b94 24f0 | 0000 0048 

  0x000077163cbe55a8: ;   {metadata(method data for {method} {0x00006a691455b320} 'transformSelectedNodes' '(Lorg/apache/xalan/transformer/TransformerImpl;)V' in 'org/apache/xalan/templates/ElemApplyTemplates')}
  0x000077163cbe55a8: 8bf2 48bf | 0080 8114 | 696a 0000 | 4883 87f0 | 1a00 0001 

  0x000077163cbe55bc: ;   {metadata(method data for {method} {0x00006a6914655c60} 'popElemTemplateElement' '()V' in 'org/apache/xalan/transformer/TransformerImpl')}
  0x000077163cbe55bc: 48be 18c5 | 8014 696a | 0000 8bbe | f400 0000 | 83c7 0289 | bef4 0000 | 0081 e7fe | ff1f 0085 
  0x000077163cbe55dc: ff0f 8460 | 1f00 008b | 724c 483b | 0648 8bfe 

  0x000077163cbe55ec: ;   {metadata(method data for {method} {0x00006a6914655c60} 'popElemTemplateElement' '()V' in 'org/apache/xalan/transformer/TransformerImpl')}
  0x000077163cbe55ec: 48bb 18c5 | 8014 696a | 0000 4883 | 8350 0100 

  0x000077163cbe55fc: ;   {optimized virtual_call}
  0x000077163cbe55fc: 0001 90e8 

  0x000077163cbe5600: ; ImmutableOopMap {[224]=Oop [232]=Oop [240]=Oop [256]=Oop [280]=Oop [904]=Oop [952]=Oop }
                      ;*invokevirtual pop {reexecute=0 rethrow=0 return_oop=0}
                      ; - org.apache.xalan.transformer.TransformerImpl::popElemTemplateElement@4 (line 2632)
                      ; - org.apache.xalan.templates.ElemApplyTemplates::transformSelectedNodes@958 (line 447)
  0x000077163cbe5600: 7cfa 0707 

  0x000077163cbe5604: ;   {other}
  0x000077163cbe5604: 0f1f 8400 | 74bb 0091 | 488b bc24 | e000 0000 

  0x000077163cbe5614: ;   {metadata(method data for {method} {0x00006a691455b320} 'transformSelectedNodes' '(Lorg/apache/xalan/transformer/TransformerImpl;)V' in 'org/apache/xalan/templates/ElemApplyTemplates')}
  0x000077163cbe5614: 48be 0080 | 8114 696a | 0000 4883 | 8610 1b00 

  0x000077163cbe5624: ;   {metadata(method data for {method} {0x00006a69146a9090} 'popCurrentExpressionNode' '()V' in 'org/apache/xpath/XPathContext')}
  0x000077163cbe5624: 0001 48be | 684d 8114 | 696a 0000 | 8bbe f400 | 0000 83c7 | 0289 bef4 | 0000 0081 | e7fe ff1f 
  0x000077163cbe5644: 0085 ff0f | 841c 1f00 | 0048 8bbc | 24e0 0000 | 008b 7760 

  0x000077163cbe5658: ; implicit exception: dispatches to 0x000077163cbe758a
  0x000077163cbe5658: 483b 0648 

  0x000077163cbe565c: ;   {metadata(method data for {method} {0x00006a69146a9090} 'popCurrentExpressionNode' '()V' in 'org/apache/xpath/XPathContext')}
  0x000077163cbe565c: 8bde 48b8 | 684d 8114 | 696a 0000 | 4883 8038 | 0100 0001 

  0x000077163cbe5670: ;   {metadata(method data for {method} {0x00006a69146486c0} 'quickPop' '(I)V' in 'org/apache/xml/utils/IntStack')}
  0x000077163cbe5670: 48bb d097 | 7e14 696a | 0000 8b83 | f400 0000 | 83c0 0289 | 83f4 0000 | 0025 feff | 1f00 85c0 
  0x000077163cbe5690: 0f84 f91e | 0000 8b5e | 10ff cb89 | 5e10 488b 

  0x000077163cbe56a0: ;   {metadata(method data for {method} {0x00006a691455b320} 'transformSelectedNodes' '(Lorg/apache/xalan/transformer/TransformerImpl;)V' in 'org/apache/xalan/templates/ElemApplyTemplates')}
  0x000077163cbe56a0: f748 bb00 | 8081 1469 | 6a00 0048 | 8383 481b 

  0x000077163cbe56b0: ;   {metadata(method data for {method} {0x00006a69146a86b0} 'popCurrentNode' '()V' in 'org/apache/xpath/XPathContext')}
  0x000077163cbe56b0: 0000 0148 | bef8 1480 | 1469 6a00 | 008b 9ef4 | 0000 0083 | c302 899e | f400 0000 | 81e3 feff 
  0x000077163cbe56d0: 1f00 85db | 0f84 d61e | 0000 8b77 | 5448 3b06 

  0x000077163cbe56e0: ;   {metadata(method data for {method} {0x00006a69146a86b0} 'popCurrentNode' '()V' in 'org/apache/xpath/XPathContext')}
  0x000077163cbe56e0: 488b de48 | b8f8 1480 | 1469 6a00 | 0048 8380 | 3801 0000 

  0x000077163cbe56f4: ;   {metadata(method data for {method} {0x00006a69146486c0} 'quickPop' '(I)V' in 'org/apache/xml/utils/IntStack')}
  0x000077163cbe56f4: 0148 bbd0 | 977e 1469 | 6a00 008b | 83f4 0000 | 0083 c002 | 8983 f400 | 0000 25fe | ff1f 0085 
  0x000077163cbe5714: c00f 84bb | 1e00 008b | 5e10 ffcb | 895e 1048 | 8b9c 2488 | 0300 0048 | 3b03 488b 

  0x000077163cbe5730: ;   {metadata(method data for {method} {0x00006a691455b320} 'transformSelectedNodes' '(Lorg/apache/xalan/transformer/TransformerImpl;)V' in 'org/apache/xalan/templates/ElemApplyTemplates')}
  0x000077163cbe5730: f348 b800 | 8081 1469 | 6a00 008b | 7608 49ba | 0000 001f | 696a 0000 | 4903 f248 | 3bb0 901b 
  0x000077163cbe5750: 0000 750d | 4883 8098 | 1b00 0001 | e960 0000 | 0048 3bb0 | a01b 0000 | 750d 4883 | 80a8 1b00 
  0x000077163cbe5770: 0001 e94a | 0000 0048 | 83b8 901b | 0000 0075 | 1748 89b0 | 901b 0000 | 48c7 8098 | 1b00 0001 
  0x000077163cbe5790: 0000 00e9 | 2900 0000 | 4883 b8a0 | 1b00 0000 | 7517 4889 | b0a0 1b00 | 0048 c780 | a81b 0000 
  0x000077163cbe57b0: 0100 0000 | e908 0000 | 0048 8380 | 801b 0000 | 0148 8bf3 | 4889 9c24 | 8803 0000 | 9048 b8ff 
  0x000077163cbe57d0: ffff ffff 

  0x000077163cbe57d4: ;   {virtual_call}
  0x000077163cbe57d4: ffff ffe8 

  0x000077163cbe57d8: ; ImmutableOopMap {[224]=Oop [232]=Oop [240]=Oop [256]=Oop [280]=Oop [904]=Oop [952]=Oop }
                      ;*invokeinterface detach {reexecute=0 rethrow=0 return_oop=0}
                      ; - org.apache.xalan.templates.ElemApplyTemplates::transformSelectedNodes@971 (line 450)
  0x000077163cbe57d8: a4fb 0707 

  0x000077163cbe57dc: ;   {other}
  0x000077163cbe57dc: 0f1f 8400 | 4cbd 0092 | 488b 8424 | b803 0000 | e920 4500 | 0049 8b87 | 1808 0000 | 4d33 d24d 
  0x000077163cbe57fc: 8997 1808 | 0000 4d33 | d24d 8997 | 2008 0000 | 488b d048 | 8d84 24d8 | 0300 0048 | 8b30 4885 
  0x000077163cbe581c: f60f 840f | 0000 0048 | 8b78 08f0 | 480f b137 | 0f85 ca1d | 0000 49ff | 8f68 0800 | 0048 8bc2 
  0x000077163cbe583c: e9d0 4400 | 0049 8b87 | 1808 0000 | 4d33 d24d | 8997 1808 | 0000 4d33 | d24d 8997 | 2008 0000 
  0x000077163cbe585c: 488b d048 | 8d84 24d8 | 0300 0048 | 8b30 4885 | f60f 840f | 0000 0048 | 8b78 08f0 | 480f b137 
  0x000077163cbe587c: 0f85 901d | 0000 49ff | 8f68 0800 | 0048 8bc2 | e980 4400 | 0049 8b87 | 1808 0000 | 4d33 d24d 
  0x000077163cbe589c: 8997 1808 | 0000 4d33 | d24d 8997 | 2008 0000 | 0f1f 4000 

  0x000077163cbe58b0: ;   {no_reloc}
  0x000077163cbe58b0: e982 1d00 | 0000 0000 | 0000 80ba | 3901 0000 | 040f 857f | 1d00 0049 | 8b87 b804 | 0000 488d 
  0x000077163cbe58d0: 4828 483b | c80f 826b | 1d00 0049 | 3b8f c004 | 0000 0f87 | 5e1d 0000 | 4989 8fb8 | 0400 0048 
  0x000077163cbe58f0: 8bf8 48c1 | ef06 49ba | 0000 4098 | 696a 0000 | 458a 143a | 488b c848 | c1e9 0348 | 83e1 0748 
  0x000077163cbe5910: c7c7 0100 | 0000 48d3 | e74c 0bd7 | 488b f848 | c1ef 0648 | b900 0040 | 9869 6a00 | 0044 8814 
  0x000077163cbe5930: 3949 8387 | 2802 0000 | 2849 8387 | 2802 0000 | 0048 c700 | 0100 0000 | 488b ca49 | ba00 0000 
  0x000077163cbe5950: 1f69 6a00 | 0049 2bca | 8948 0848 | 33c9 8948 | 0c48 33c9 | 4889 4810 | 4889 4818 | 4889 4820 
  0x000077163cbe5970: ;   {metadata(method data for {method} {0x00006a6914648790} 'peek' '()I' in 'org/apache/xml/utils/IntStack')}
  0x000077163cbe5970: 488b f048 | bf30 8e7d | 1469 6a00 | 0048 8387 | 3801 0000 | 0148 8bf0 | 4889 8424 | d003 0000 
  0x000077163cbe5990: 0f1f 8000 

  0x000077163cbe5994: ;   {optimized virtual_call}
  0x000077163cbe5994: 0000 00e8 

  0x000077163cbe5998: ; ImmutableOopMap {[224]=Oop [232]=Oop [240]=Oop [976]=Oop }
                      ;*invokespecial <init> {reexecute=0 rethrow=0 return_oop=0}
                      ; - org.apache.xml.utils.IntStack::peek@17 (line 127)
                      ; - org.apache.xpath.XPathContext::getCurrentNode@4 (line 736)
                      ; - org.apache.xalan.templates.ElemApplyTemplates::transformSelectedNodes@6 (line 206)
  0x000077163cbe5998: e4f6 0707 

  0x000077163cbe599c: ;   {other}
  0x000077163cbe599c: 0f1f 8400 | 0cbf 0093 | 488b 8424 | d003 0000 | e960 4300 

  0x000077163cbe59b0: ;   {metadata({method} {0x00006a691455b320} 'transformSelectedNodes' '(Lorg/apache/xalan/transformer/TransformerImpl;)V' in 'org/apache/xalan/templates/ElemApplyTemplates')}
  0x000077163cbe59b0: 0049 ba20 | b355 1469 | 6a00 004c | 8954 2408 | 48c7 0424 | ffff ffff 

  0x000077163cbe59c8: ;   {runtime_call counter_overflow Runtime1 stub}
  0x000077163cbe59c8: e8b3 2713 

  0x000077163cbe59cc: ; ImmutableOopMap {rsi=Oop rdx=Oop [232]=Oop [240]=Oop }
                      ;*synchronization entry
                      ; - org.apache.xalan.templates.ElemApplyTemplates::transformSelectedNodes@-1 (line 205)
  0x000077163cbe59cc: 07e9 e454 

  0x000077163cbe59d0: ;   {runtime_call throw_null_pointer_exception Runtime1 stub}
  0x000077163cbe59d0: ffff e8a9 

  0x000077163cbe59d4: ; ImmutableOopMap {rsi=Oop rdx=Oop [232]=Oop [240]=Oop }
                      ;*invokevirtual getXPathContext {reexecute=0 rethrow=0 return_oop=0}
                      ; - org.apache.xalan.templates.ElemApplyTemplates::transformSelectedNodes@1 (line 205)
                      ;   {runtime_call throw_null_pointer_exception Runtime1 stub}
  0x000077163cbe59d4: c012 07e8 

  0x000077163cbe59d8: ; ImmutableOopMap {rsi=Oop rdx=Oop rdi=Oop [224]=Oop [232]=Oop [240]=Oop }
                      ;*invokevirtual getCurrentNode {reexecute=0 rethrow=0 return_oop=0}
                      ; - org.apache.xalan.templates.ElemApplyTemplates::transformSelectedNodes@6 (line 206)
  0x000077163cbe59d8: a4c0 1207 

  0x000077163cbe59dc: ;   {metadata({method} {0x00006a69146a8210} 'getCurrentNode' '()I' in 'org/apache/xpath/XPathContext')}
  0x000077163cbe59dc: 49ba 1082 | 6a14 696a | 0000 4c89 | 5424 0848 | c704 24ff 

  0x000077163cbe59f0: ;   {runtime_call counter_overflow Runtime1 stub}
  0x000077163cbe59f0: ffff ffe8 

  0x000077163cbe59f4: ; ImmutableOopMap {rsi=Oop rdx=Oop rdi=Oop [224]=Oop [232]=Oop [240]=Oop }
                      ;*synchronization entry
                      ; - org.apache.xpath.XPathContext::getCurrentNode@-1 (line 736)
                      ; - org.apache.xalan.templates.ElemApplyTemplates::transformSelectedNodes@6 (line 206)
  0x000077163cbe59f4: 8827 1307 | e91b 55ff 

  0x000077163cbe59fc: ;   {runtime_call throw_null_pointer_exception Runtime1 stub}
  0x000077163cbe59fc: ffe8 7ec0 

  0x000077163cbe5a00: ; ImmutableOopMap {rsi=Oop rdx=Oop rdi=Oop rcx=Oop [224]=Oop [232]=Oop [240]=Oop }
                      ;*invokevirtual peek {reexecute=0 rethrow=0 return_oop=0}
                      ; - org.apache.xpath.XPathContext::getCurrentNode@4 (line 736)
                      ; - org.apache.xalan.templates.ElemApplyTemplates::transformSelectedNodes@6 (line 206)
                      ;   {metadata({method} {0x00006a6914648790} 'peek' '()I' in 'org/apache/xml/utils/IntStack')}
  0x000077163cbe5a00: 1207 49ba | 9087 6414 | 696a 0000 | 4c89 5424 | 0848 c704 | 24ff ffff 

  0x000077163cbe5a18: ;   {runtime_call counter_overflow Runtime1 stub}
  0x000077163cbe5a18: ffe8 6227 

  0x000077163cbe5a1c: ; ImmutableOopMap {rsi=Oop rdx=Oop rdi=Oop rcx=Oop [224]=Oop [232]=Oop [240]=Oop }
                      ;*synchronization entry
                      ; - org.apache.xml.utils.IntStack::peek@-1 (line 123)
                      ; - org.apache.xpath.XPathContext::getCurrentNode@4 (line 736)
                      ; - org.apache.xalan.templates.ElemApplyTemplates::transformSelectedNodes@6 (line 206)
  0x000077163cbe5a1c: 1307 e936 

  0x000077163cbe5a20: ;   {runtime_call throw_null_pointer_exception Runtime1 stub}
  0x000077163cbe5a20: 55ff ffe8 

  0x000077163cbe5a24: ; ImmutableOopMap {rsi=Oop rdx=Oop rdi=Oop rbx=Oop [224]=Oop [232]=Oop [240]=Oop }
                      ;*iaload {reexecute=0 rethrow=0 return_oop=0}
                      ; - org.apache.xml.utils.IntStack::peek@10 (line 123)
                      ; - org.apache.xpath.XPathContext::getCurrentNode@4 (line 736)
                      ; - org.apache.xalan.templates.ElemApplyTemplates::transformSelectedNodes@6 (line 206)
  0x000077163cbe5a24: 58c0 1207 

  0x000077163cbe5a28: ;   {runtime_call throw_null_pointer_exception Runtime1 stub}
  0x000077163cbe5a28: e853 c012 

  0x000077163cbe5a2c: ; ImmutableOopMap {rsi=Oop rdx=Oop rdi=Oop rbx=Oop [224]=Oop [232]=Oop [240]=Oop }
                      ;*iaload {reexecute=0 rethrow=0 return_oop=0}
                      ; - org.apache.xml.utils.IntStack::peek@10 (line 123)
                      ; - org.apache.xpath.XPathContext::getCurrentNode@4 (line 736)
                      ; - org.apache.xalan.templates.ElemApplyTemplates::transformSelectedNodes@6 (line 206)
  0x000077163cbe5a2c: 0748 890c | 2448 895c 

  0x000077163cbe5a34: ;   {runtime_call throw_range_check_failed Runtime1 stub}
  0x000077163cbe5a34: 2408 e845 

  0x000077163cbe5a38: ; ImmutableOopMap {rsi=Oop rdx=Oop rdi=Oop rbx=Oop [224]=Oop [232]=Oop [240]=Oop }
                      ;*iaload {reexecute=0 rethrow=0 return_oop=0}
                      ; - org.apache.xml.utils.IntStack::peek@10 (line 123)
                      ; - org.apache.xpath.XPathContext::getCurrentNode@4 (line 736)
                      ; - org.apache.xalan.templates.ElemApplyTemplates::transformSelectedNodes@6 (line 206)
                      ;   {runtime_call throw_null_pointer_exception Runtime1 stub}
  0x000077163cbe5a38: b712 07e8 

  0x000077163cbe5a3c: ; ImmutableOopMap {rsi=Oop rdi=Oop rax=Oop [224]=Oop [232]=Oop [240]=Oop }
                      ;*invokevirtual asIterator {reexecute=0 rethrow=0 return_oop=0}
                      ; - org.apache.xalan.templates.ElemApplyTemplates::transformSelectedNodes@16 (line 207)
  0x000077163cbe5a3c: 40c0 1207 

  0x000077163cbe5a40: ;   {metadata({method} {0x00006a691455c7d0} 'getParamElemCount' '()I' in 'org/apache/xalan/templates/ElemCallTemplate')}
  0x000077163cbe5a40: 49ba d0c7 | 5514 696a | 0000 4c89 | 5424 0848 | c704 24ff 

  0x000077163cbe5a54: ;   {runtime_call counter_overflow Runtime1 stub}
  0x000077163cbe5a54: ffff ffe8 

  0x000077163cbe5a58: ; ImmutableOopMap {rax=Oop rdi=Oop rbx=Oop [224]=Oop [232]=Oop [240]=Oop [256]=Oop [264]=Oop }
                      ;*synchronization entry
                      ; - org.apache.xalan.templates.ElemCallTemplate::getParamElemCount@-1 (line 287)
                      ; - org.apache.xalan.templates.ElemApplyTemplates::transformSelectedNodes@28 (line 209)
  0x000077163cbe5a58: 2427 1307 | e9c7 56ff 

  0x000077163cbe5a60: ;   {runtime_call throw_null_pointer_exception Runtime1 stub}
  0x000077163cbe5a60: ffe8 1ac0 

  0x000077163cbe5a64: ; ImmutableOopMap {rax=Oop rdi=Oop rbx=Oop rsi=Oop [224]=Oop [232]=Oop [240]=Oop [256]=Oop [264]=Oop }
                      ;*arraylength {reexecute=0 rethrow=0 return_oop=0}
                      ; - org.apache.xalan.templates.ElemCallTemplate::getParamElemCount@15 (line 287)
                      ; - org.apache.xalan.templates.ElemApplyTemplates::transformSelectedNodes@28 (line 209)
                      ;   {runtime_call throw_null_pointer_exception Runtime1 stub}
  0x000077163cbe5a64: 1207 e815 

  0x000077163cbe5a68: ; ImmutableOopMap {rax=Oop rdi=Oop rbx=Oop rsi=Oop rdx=Oop [224]=Oop [232]=Oop [240]=Oop [256]=Oop [264]=Oop }
                      ;*invokevirtual getStackFrame {reexecute=0 rethrow=0 return_oop=0}
                      ; - org.apache.xalan.templates.ElemApplyTemplates::transformSelectedNodes@35 (line 210)
                      ;   {runtime_call throw_null_pointer_exception Runtime1 stub}
  0x000077163cbe5a68: c012 07e8 

  0x000077163cbe5a6c: ; ImmutableOopMap {rax=Oop rdi=Oop rbx=Oop rsi=Oop rdx=Oop r9=Oop [224]=Oop [232]=Oop [240]=Oop [256]=Oop [264]=Oop [280]=Oop }
                      ;*invokevirtual getRecursionLimit {reexecute=0 rethrow=0 return_oop=0}
                      ; - org.apache.xalan.templates.ElemApplyTemplates::transformSelectedNodes@48 (line 212)
  0x000077163cbe5a6c: 10c0 1207 

  0x000077163cbe5a70: ;   {metadata({method} {0x00006a69146a8600} 'pushCurrentNode' '(I)V' in 'org/apache/xpath/XPathContext')}
  0x000077163cbe5a70: 49ba 0086 | 6a14 696a | 0000 4c89 | 5424 0848 | c704 24ff 

  0x000077163cbe5a84: ;   {runtime_call counter_overflow Runtime1 stub}
  0x000077163cbe5a84: ffff ffe8 

  0x000077163cbe5a88: ; ImmutableOopMap {rdi=Oop [224]=Oop [232]=Oop [240]=Oop [256]=Oop [264]=Oop [280]=Oop }
                      ;*synchronization entry
                      ; - org.apache.xpath.XPathContext::pushCurrentNode@-1 (line 793)
                      ; - org.apache.xalan.templates.ElemApplyTemplates::transformSelectedNodes@67 (line 219)
  0x000077163cbe5a88: f426 1307 | e9fc 57ff 

  0x000077163cbe5a90: ;   {runtime_call throw_null_pointer_exception Runtime1 stub}
  0x000077163cbe5a90: ffe8 eabf 

  0x000077163cbe5a94: ; ImmutableOopMap {rdi=Oop rbx=Oop [224]=Oop [232]=Oop [240]=Oop [256]=Oop [264]=Oop [280]=Oop }
                      ;*invokevirtual push {reexecute=0 rethrow=0 return_oop=0}
                      ; - org.apache.xpath.XPathContext::pushCurrentNode@5 (line 793)
                      ; - org.apache.xalan.templates.ElemApplyTemplates::transformSelectedNodes@67 (line 219)
                      ;   {metadata({method} {0x00006a69146a8fe0} 'pushCurrentExpressionNode' '(I)V' in 'org/apache/xpath/XPathContext')}
  0x000077163cbe5a94: 1207 49ba | e08f 6a14 | 696a 0000 | 4c89 5424 | 0848 c704 | 24ff ffff 

  0x000077163cbe5aac: ;   {runtime_call counter_overflow Runtime1 stub}
  0x000077163cbe5aac: ffe8 ce26 

  0x000077163cbe5ab0: ; ImmutableOopMap {[224]=Oop [232]=Oop [240]=Oop [256]=Oop [264]=Oop [280]=Oop }
                      ;*synchronization entry
                      ; - org.apache.xpath.XPathContext::pushCurrentExpressionNode@-1 (line 899)
                      ; - org.apache.xalan.templates.ElemApplyTemplates::transformSelectedNodes@72 (line 220)
  0x000077163cbe5ab0: 1307 e94e 

  0x000077163cbe5ab4: ;   {runtime_call throw_null_pointer_exception Runtime1 stub}
  0x000077163cbe5ab4: 58ff ffe8 

  0x000077163cbe5ab8: ; ImmutableOopMap {rdi=Oop rsi=Oop [224]=Oop [232]=Oop [240]=Oop [256]=Oop [264]=Oop [280]=Oop }
                      ;*invokevirtual push {reexecute=0 rethrow=0 return_oop=0}
                      ; - org.apache.xpath.XPathContext::pushCurrentExpressionNode@5 (line 899)
                      ; - org.apache.xalan.templates.ElemApplyTemplates::transformSelectedNodes@72 (line 220)
  0x000077163cbe5ab8: c4bf 1207 

  0x000077163cbe5abc: ;   {metadata({method} {0x00006a69146a71e0} 'pushSAXLocatorNull' '()V' in 'org/apache/xpath/XPathContext')}
  0x000077163cbe5abc: 49ba e071 | 6a14 696a | 0000 4c89 | 5424 0848 | c704 24ff 

  0x000077163cbe5ad0: ;   {runtime_call counter_overflow Runtime1 stub}
  0x000077163cbe5ad0: ffff ffe8 

  0x000077163cbe5ad4: ; ImmutableOopMap {[224]=Oop [232]=Oop [240]=Oop [256]=Oop [264]=Oop [280]=Oop }
                      ;*synchronization entry
                      ; - org.apache.xpath.XPathContext::pushSAXLocatorNull@-1 (line 425)
                      ; - org.apache.xalan.templates.ElemApplyTemplates::transformSelectedNodes@76 (line 221)
  0x000077163cbe5ad4: a826 1307 | e9a0 58ff 

  0x000077163cbe5adc: ;   {runtime_call throw_null_pointer_exception Runtime1 stub}
  0x000077163cbe5adc: ffe8 9ebf 

  0x000077163cbe5ae0: ; ImmutableOopMap {rdi=Oop rsi=Oop [224]=Oop [232]=Oop [240]=Oop [256]=Oop [264]=Oop [280]=Oop }
                      ;*invokevirtual push {reexecute=0 rethrow=0 return_oop=0}
                      ; - org.apache.xpath.XPathContext::pushSAXLocatorNull@5 (line 425)
                      ; - org.apache.xalan.templates.ElemApplyTemplates::transformSelectedNodes@76 (line 221)
                      ;   {metadata({method} {0x00006a6914655bb0} 'pushElemTemplateElement' '(Lorg/apache/xalan/templates/ElemTemplateElement;)V' in 'org/apache/xalan/transformer/TransformerImpl')}
  0x000077163cbe5ae0: 1207 49ba | b05b 6514 | 696a 0000 | 4c89 5424 | 0848 c704 | 24ff ffff 

  0x000077163cbe5af8: ;   {runtime_call counter_overflow Runtime1 stub}
  0x000077163cbe5af8: ffe8 8226 

  0x000077163cbe5afc: ; ImmutableOopMap {[224]=Oop [232]=Oop [240]=Oop [256]=Oop [264]=Oop [280]=Oop }
                      ;*synchronization entry
                      ; - org.apache.xalan.transformer.TransformerImpl::pushElemTemplateElement@-1 (line 2624)
                      ; - org.apache.xalan.templates.ElemApplyTemplates::transformSelectedNodes@81 (line 222)
  0x000077163cbe5afc: 1307 e9fa 

  0x000077163cbe5b00: ;   {runtime_call throw_null_pointer_exception Runtime1 stub}
  0x000077163cbe5b00: 58ff ffe8 

  0x000077163cbe5b04: ; ImmutableOopMap {rdx=Oop rsi=Oop [224]=Oop [232]=Oop [240]=Oop [256]=Oop [264]=Oop [280]=Oop }
                      ;*invokevirtual push {reexecute=0 rethrow=0 return_oop=0}
                      ; - org.apache.xalan.transformer.TransformerImpl::pushElemTemplateElement@5 (line 2624)
                      ; - org.apache.xalan.templates.ElemApplyTemplates::transformSelectedNodes@81 (line 222)
  0x000077163cbe5b04: 78bf 1207 

  0x000077163cbe5b08: ;   {metadata(nullptr)}
  0x000077163cbe5b08: 48ba 0000 | 0000 0000 | 0000 b800 

  0x000077163cbe5b14: ;   {runtime_call load_klass_patching Runtime1 stub}
  0x000077163cbe5b14: 0f05 0ae8 

  0x000077163cbe5b18: ; ImmutableOopMap {rsi=Oop rbx=Oop [224]=Oop [232]=Oop [240]=Oop [256]=Oop [280]=Oop [312]=Oop [320]=Oop }
                      ;*new {reexecute=1 rethrow=0 return_oop=0}
                      ; - (reexecute) org.apache.xalan.templates.ElemApplyTemplates::transformSelectedNodes@135 (line 233)
  0x000077163cbe5b18: 6417 1307 | e95f 5bff | ff48 8bd2 

  0x000077163cbe5b24: ;   {runtime_call fast_new_instance Runtime1 stub}
  0x000077163cbe5b24: e857 c812 

  0x000077163cbe5b28: ; ImmutableOopMap {rbx=Oop r9=Oop [224]=Oop [232]=Oop [240]=Oop [256]=Oop [280]=Oop [312]=Oop [320]=Oop }
                      ;*new {reexecute=0 rethrow=0 return_oop=0}
                      ; - org.apache.xalan.templates.ElemApplyTemplates::transformSelectedNodes@135 (line 233)
  0x000077163cbe5b28: 07e9 005c 

  0x000077163cbe5b2c: ;   {metadata({method} {0x00006a691465bd20} '<init>' '(Lorg/apache/xpath/Expression;)V' in 'org/apache/xpath/XPath')}
  0x000077163cbe5b2c: ffff 49ba | 20bd 6514 | 696a 0000 | 4c89 5424 | 0848 c704 | 24ff ffff 

  0x000077163cbe5b44: ;   {runtime_call counter_overflow Runtime1 stub}
  0x000077163cbe5b44: ffe8 3626 

  0x000077163cbe5b48: ; ImmutableOopMap {rbx=Oop r9=Oop rax=Oop rdi=Oop [224]=Oop [232]=Oop [240]=Oop [256]=Oop [280]=Oop [304]=Oop [312]=Oop [320]=Oop }
                      ;*synchronization entry
                      ; - org.apache.xpath.XPath::<init>@-1 (line 277)
                      ; - org.apache.xalan.templates.ElemApplyTemplates::transformSelectedNodes@143 (line 233)
  0x000077163cbe5b48: 1307 e927 

  0x000077163cbe5b4c: ;   {metadata({method} {0x00006a691f4791f0} '<init>' '()V' in 'java/lang/Object')}
  0x000077163cbe5b4c: 5cff ff49 | baf0 9147 | 1f69 6a00 | 004c 8954 | 2408 48c7 | 0424 ffff 

  0x000077163cbe5b64: ;   {runtime_call counter_overflow Runtime1 stub}
  0x000077163cbe5b64: ffff e815 

  0x000077163cbe5b68: ; ImmutableOopMap {rbx=Oop r9=Oop rax=Oop rdi=Oop [224]=Oop [232]=Oop [240]=Oop [256]=Oop [280]=Oop [304]=Oop [312]=Oop [320]=Oop }
                      ;*synchronization entry
                      ; - java.lang.Object::<init>@-1 (line 45)
                      ; - org.apache.xpath.XPath::<init>@1 (line 277)
                      ; - org.apache.xalan.templates.ElemApplyTemplates::transformSelectedNodes@143 (line 233)
  0x000077163cbe5b68: 2613 07e9 | 425c ffff 

  0x000077163cbe5b70: ;   {metadata({method} {0x00006a691465b688} 'setExpression' '(Lorg/apache/xpath/Expression;)V' in 'org/apache/xpath/XPath')}
  0x000077163cbe5b70: 49ba 88b6 | 6514 696a | 0000 4c89 | 5424 0848 | c704 24ff 

  0x000077163cbe5b84: ;   {runtime_call counter_overflow Runtime1 stub}
  0x000077163cbe5b84: ffff ffe8 

  0x000077163cbe5b88: ; ImmutableOopMap {rbx=Oop r9=Oop rax=Oop rdi=Oop [224]=Oop [232]=Oop [240]=Oop [256]=Oop [280]=Oop [304]=Oop [312]=Oop [320]=Oop }
                      ;*synchronization entry
                      ; - org.apache.xpath.XPath::setExpression@-1 (line 99)
                      ; - org.apache.xpath.XPath::<init>@11 (line 278)
                      ; - org.apache.xalan.templates.ElemApplyTemplates::transformSelectedNodes@143 (line 233)
  0x000077163cbe5b88: f425 1307 | e96e 5cff 

  0x000077163cbe5b90: ;   {runtime_call throw_null_pointer_exception Runtime1 stub}
  0x000077163cbe5b90: ffe8 eabe 

  0x000077163cbe5b94: ; ImmutableOopMap {rbx=Oop r9=Oop rax=Oop rdi=Oop rdx=Oop [224]=Oop [232]=Oop [240]=Oop [256]=Oop [280]=Oop [304]=Oop [312]=Oop [320]=Oop }
                      ;*invokevirtual exprGetParent {reexecute=0 rethrow=0 return_oop=0}
                      ; - org.apache.xpath.XPath::setExpression@13 (line 100)
                      ; - org.apache.xpath.XPath::<init>@11 (line 278)
                      ; - org.apache.xalan.templates.ElemApplyTemplates::transformSelectedNodes@143 (line 233)
                      ;   {runtime_call throw_null_pointer_exception Runtime1 stub}
  0x000077163cbe5b94: 1207 e8e5 

  0x000077163cbe5b98: ; ImmutableOopMap {rbx=Oop r9=Oop rax=Oop rdi=Oop r13=Oop [224]=Oop [232]=Oop [240]=Oop [256]=Oop [280]=Oop [304]=Oop [312]=Oop [320]=Oop }
                      ;*invokevirtual exprSetParent {reexecute=0 rethrow=0 return_oop=0}
                      ; - org.apache.xpath.XPath::setExpression@16 (line 100)
                      ; - org.apache.xpath.XPath::<init>@11 (line 278)
                      ; - org.apache.xalan.templates.ElemApplyTemplates::transformSelectedNodes@143 (line 233)
                      ;   {metadata({method} {0x00006a69144cf1c8} 'exprSetParent' '(Lorg/apache/xpath/ExpressionNode;)V' in 'org/apache/xpath/Expression')}
  0x000077163cbe5b98: be12 0749 | bac8 f14c | 1469 6a00 | 004c 8954 | 2408 48c7 | 0424 ffff 

  0x000077163cbe5bb0: ;   {runtime_call counter_overflow Runtime1 stub}
  0x000077163cbe5bb0: ffff e8c9 

  0x000077163cbe5bb4: ; ImmutableOopMap {rbx=Oop r9=Oop rax=Oop rdi=Oop r13=Oop [224]=Oop [232]=Oop [240]=Oop [256]=Oop [280]=Oop [304]=Oop [312]=Oop [320]=Oop }
                      ;*synchronization entry
                      ; - org.apache.xpath.Expression::exprSetParent@-1 (line 476)
                      ; - org.apache.xpath.XPath::setExpression@16 (line 100)
                      ; - org.apache.xpath.XPath::<init>@11 (line 278)
                      ; - org.apache.xalan.templates.ElemApplyTemplates::transformSelectedNodes@143 (line 233)
  0x000077163cbe5bb4: 2513 07e9 | cc5d ffff 

  0x000077163cbe5bbc: ;   {metadata({method} {0x00006a691465b448} 'initFunctionTable' '()V' in 'org/apache/xpath/XPath')}
  0x000077163cbe5bbc: 49ba 48b4 | 6514 696a | 0000 4c89 | 5424 0848 | c704 24ff 

  0x000077163cbe5bd0: ;   {runtime_call counter_overflow Runtime1 stub}
  0x000077163cbe5bd0: ffff ffe8 

  0x000077163cbe5bd4: ; ImmutableOopMap {rax=Oop [224]=Oop [232]=Oop [240]=Oop [256]=Oop [280]=Oop [304]=Oop [312]=Oop [320]=Oop }
                      ;*synchronization entry
                      ; - org.apache.xpath.XPath::initFunctionTable@-1 (line 62)
                      ; - org.apache.xpath.XPath::<init>@15 (line 279)
                      ; - org.apache.xalan.templates.ElemApplyTemplates::transformSelectedNodes@143 (line 233)
  0x000077163cbe5bd4: a825 1307 | e919 5fff | ff48 8bd2 

  0x000077163cbe5be0: ;   {runtime_call fast_new_instance Runtime1 stub}
  0x000077163cbe5be0: e89b c712 

  0x000077163cbe5be4: ; ImmutableOopMap {[224]=Oop [232]=Oop [240]=Oop [256]=Oop [280]=Oop [304]=Oop [312]=Oop [320]=Oop }
                      ;*new {reexecute=0 rethrow=0 return_oop=0}
                      ; - org.apache.xpath.XPath::initFunctionTable@1 (line 62)
                      ; - org.apache.xpath.XPath::<init>@15 (line 279)
                      ; - org.apache.xalan.templates.ElemApplyTemplates::transformSelectedNodes@143 (line 233)
  0x000077163cbe5be4: 07e9 b75f 

  0x000077163cbe5be8: ;   {metadata(nullptr)}
  0x000077163cbe5be8: ffff 48ba | 0000 0000 | 0000 0000 | b800 0f05 

  0x000077163cbe5bf8: ;   {runtime_call load_klass_patching Runtime1 stub}
  0x000077163cbe5bf8: 0ae8 8216 

  0x000077163cbe5bfc: ; ImmutableOopMap {[224]=Oop [232]=Oop [240]=Oop [256]=Oop [280]=Oop [304]=Oop [312]=Oop [320]=Oop }
                      ;*new {reexecute=1 rethrow=0 return_oop=0}
                      ; - (reexecute) org.apache.xalan.templates.ElemApplyTemplates::transformSelectedNodes@146 (line 233)
  0x000077163cbe5bfc: 1307 e9ed | 5fff ff48 

  0x000077163cbe5c04: ;   {runtime_call fast_new_instance Runtime1 stub}
  0x000077163cbe5c04: 8bd2 e875 

  0x000077163cbe5c08: ; ImmutableOopMap {[224]=Oop [232]=Oop [240]=Oop [256]=Oop [280]=Oop [304]=Oop [312]=Oop [320]=Oop }
                      ;*new {reexecute=0 rethrow=0 return_oop=0}
                      ; - org.apache.xalan.templates.ElemApplyTemplates::transformSelectedNodes@146 (line 233)
  0x000077163cbe5c08: c712 07e9 | 9360 ffff 

  0x000077163cbe5c10: ;   {runtime_call throw_null_pointer_exception Runtime1 stub}
  0x000077163cbe5c10: e86b be12 

  0x000077163cbe5c14: ; ImmutableOopMap {rbx=Oop [224]=Oop [232]=Oop [240]=Oop [256]=Oop [280]=Oop [304]=Oop [312]=Oop [320]=Oop [336]=Oop }
                      ;*invokevirtual fireSelectedEvent {reexecute=0 rethrow=0 return_oop=0}
                      ; - org.apache.xalan.templates.ElemApplyTemplates::transformSelectedNodes@155 (line 233)
                      ;   {runtime_call throw_null_pointer_exception Runtime1 stub}
  0x000077163cbe5c14: 07e8 66be 

  0x000077163cbe5c18: ; ImmutableOopMap {rdx=Oop rdi=Oop rbx=Oop rax=Oop [224]=Oop [232]=Oop [240]=Oop [256]=Oop [280]=Oop [312]=Oop [360]=Oop [368]=Oop }
                      ;*invokevirtual getTemplateListComposed {reexecute=0 rethrow=0 return_oop=0}
                      ; - org.apache.xalan.templates.ElemApplyTemplates::transformSelectedNodes@172 (line 241)
                      ;   {metadata({method} {0x00006a69146a63a8} 'getDTM' '(I)Lorg/apache/xml/dtm/DTM;' in 'org/apache/xpath/XPathContext')}
  0x000077163cbe5c18: 1207 49ba | a863 6a14 | 696a 0000 | 4c89 5424 | 0848 c704 | 24ff ffff 

  0x000077163cbe5c30: ;   {runtime_call counter_overflow Runtime1 stub}
  0x000077163cbe5c30: ffe8 4a25 

  0x000077163cbe5c34: ; ImmutableOopMap {rdx=Oop rdi=Oop rbx=Oop rax=Oop r8=Oop [224]=Oop [232]=Oop [240]=Oop [256]=Oop [280]=Oop [312]=Oop [344]=Oop [360]=Oop [368]=Oop }
                      ;*synchronization entry
                      ; - org.apache.xpath.XPathContext::getDTM@-1 (line 171)
                      ; - org.apache.xalan.templates.ElemApplyTemplates::transformSelectedNodes@185 (line 245)
  0x000077163cbe5c34: 1307 e9ec 

  0x000077163cbe5c38: ;   {runtime_call throw_null_pointer_exception Runtime1 stub}
  0x000077163cbe5c38: 61ff ffe8 

  0x000077163cbe5c3c: ; ImmutableOopMap {rdx=Oop rdi=Oop rbx=Oop rax=Oop r8=Oop r9=Oop [224]=Oop [232]=Oop [240]=Oop [256]=Oop [280]=Oop [312]=Oop [344]=Oop [360]=Oop [368]=Oop }
                      ;*invokevirtual getDTM {reexecute=0 rethrow=0 return_oop=0}
                      ; - org.apache.xpath.XPathContext::getDTM@5 (line 171)
                      ; - org.apache.xalan.templates.ElemApplyTemplates::transformSelectedNodes@185 (line 245)
  0x000077163cbe5c3c: 40be 1207 

  0x000077163cbe5c40: ;   {runtime_call throw_null_pointer_exception Runtime1 stub}
  0x000077163cbe5c40: e83b be12 

  0x000077163cbe5c44: ; ImmutableOopMap {rdx=Oop rsi=Oop r11=Oop [224]=Oop [232]=Oop [240]=Oop [256]=Oop [280]=Oop [312]=Oop [344]=Oop [360]=Oop [368]=Oop [376]=Oop }
                      ;*aaload {reexecute=0 rethrow=0 return_oop=0}
                      ; - org.apache.xalan.templates.ElemApplyTemplates::transformSelectedNodes@230 (line 258)
                      ;   {runtime_call throw_null_pointer_exception Runtime1 stub}
  0x000077163cbe5c44: 07e8 36be 

  0x000077163cbe5c48: ; ImmutableOopMap {rdx=Oop rsi=Oop r11=Oop [224]=Oop [232]=Oop [240]=Oop [256]=Oop [280]=Oop [312]=Oop [344]=Oop [360]=Oop [368]=Oop [376]=Oop }
                      ;*aaload {reexecute=0 rethrow=0 return_oop=0}
                      ; - org.apache.xalan.templates.ElemApplyTemplates::transformSelectedNodes@230 (line 258)
  0x000077163cbe5c48: 1207 4889 | 3c24 4c89 

  0x000077163cbe5c50: ;   {runtime_call throw_range_check_failed Runtime1 stub}
  0x000077163cbe5c50: 5c24 08e8 

  0x000077163cbe5c54: ; ImmutableOopMap {rdx=Oop rsi=Oop r11=Oop [224]=Oop [232]=Oop [240]=Oop [256]=Oop [280]=Oop [312]=Oop [344]=Oop [360]=Oop [368]=Oop [376]=Oop }
                      ;*aaload {reexecute=0 rethrow=0 return_oop=0}
                      ; - org.apache.xalan.templates.ElemApplyTemplates::transformSelectedNodes@230 (line 258)
  0x000077163cbe5c54: 28b5 1207 

  0x000077163cbe5c58: ;   {runtime_call throw_null_pointer_exception Runtime1 stub}
  0x000077163cbe5c58: e823 be12 

  0x000077163cbe5c5c: ; ImmutableOopMap {rdx=Oop r11=Oop rdi=Oop [224]=Oop [232]=Oop [240]=Oop [256]=Oop [280]=Oop [312]=Oop [344]=Oop [360]=Oop [368]=Oop [376]=Oop [384]=Oop }
                      ;*invokevirtual fireTraceEvent {reexecute=0 rethrow=0 return_oop=0}
                      ; - org.apache.xalan.templates.ElemApplyTemplates::transformSelectedNodes@246 (line 260)
                      ;   {runtime_call throw_null_pointer_exception Runtime1 stub}
  0x000077163cbe5c5c: 07e8 1ebe 

  0x000077163cbe5c60: ; ImmutableOopMap {rdx=Oop r11=Oop [224]=Oop [232]=Oop [240]=Oop [256]=Oop [280]=Oop [312]=Oop [344]=Oop [360]=Oop [368]=Oop [376]=Oop [384]=Oop }
                      ;*invokevirtual getValue {reexecute=0 rethrow=0 return_oop=0}
                      ; - org.apache.xalan.templates.ElemApplyTemplates::transformSelectedNodes@253 (line 261)
                      ;   {runtime_call throw_null_pointer_exception Runtime1 stub}
  0x000077163cbe5c60: 1207 e819 

  0x000077163cbe5c64: ; ImmutableOopMap {rdx=Oop rsi=Oop [224]=Oop [232]=Oop [240]=Oop [256]=Oop [280]=Oop [312]=Oop [344]=Oop [360]=Oop [368]=Oop [376]=Oop [384]=Oop [400]=Oop }
                      ;*invokevirtual fireTraceEndEvent {reexecute=0 rethrow=0 return_oop=0}
                      ; - org.apache.xalan.templates.ElemApplyTemplates::transformSelectedNodes@271 (line 263)
                      ;   {metadata({method} {0x00006a6914791c90} 'setLocalVariable' '(ILorg/apache/xpath/objects/XObject;I)V' in 'org/apache/xpath/VariableStack')}
  0x000077163cbe5c64: be12 0749 | ba90 1c79 | 1469 6a00 | 004c 8954 | 2408 48c7 | 0424 ffff 

  0x000077163cbe5c7c: ;   {runtime_call counter_overflow Runtime1 stub}
  0x000077163cbe5c7c: ffff e8fd 

  0x000077163cbe5c80: ; ImmutableOopMap {rax=Oop r11=Oop rbx=Oop [224]=Oop [232]=Oop [240]=Oop [256]=Oop [280]=Oop [312]=Oop [344]=Oop [360]=Oop [368]=Oop [376]=Oop [384]=Oop }
                      ;*synchronization entry
                      ; - org.apache.xpath.VariableStack::setLocalVariable@-1 (line 287)
                      ; - org.apache.xalan.templates.ElemApplyTemplates::transformSelectedNodes@282 (line 265)
  0x000077163cbe5c80: 2413 07e9 | 3166 ffff 

  0x000077163cbe5c88: ;   {runtime_call throw_null_pointer_exception Runtime1 stub}
  0x000077163cbe5c88: e8f3 bd12 

  0x000077163cbe5c8c: ; ImmutableOopMap {rax=Oop r11=Oop rbx=Oop rdx=Oop [224]=Oop [232]=Oop [240]=Oop [256]=Oop [280]=Oop [312]=Oop [344]=Oop [360]=Oop [368]=Oop [376]=Oop [384]=Oop }
                      ;*aastore {reexecute=1 rethrow=0 return_oop=0}
                      ; - (reexecute) org.apache.xpath.VariableStack::setLocalVariable@8 (line 287)
                      ; - org.apache.xalan.templates.ElemApplyTemplates::transformSelectedNodes@282 (line 265)
                      ;   {runtime_call throw_null_pointer_exception Runtime1 stub}
  0x000077163cbe5c8c: 07e8 eebd 

  0x000077163cbe5c90: ; ImmutableOopMap {rax=Oop r11=Oop rbx=Oop rdx=Oop [224]=Oop [232]=Oop [240]=Oop [256]=Oop [280]=Oop [312]=Oop [344]=Oop [360]=Oop [368]=Oop [376]=Oop [384]=Oop }
                      ;*aastore {reexecute=1 rethrow=0 return_oop=0}
                      ; - (reexecute) org.apache.xpath.VariableStack::setLocalVariable@8 (line 287)
                      ; - org.apache.xalan.templates.ElemApplyTemplates::transformSelectedNodes@282 (line 265)
  0x000077163cbe5c90: 1207 4889 | 3c24 4889 

  0x000077163cbe5c98: ;   {runtime_call throw_range_check_failed Runtime1 stub}
  0x000077163cbe5c98: 5424 08e8 

  0x000077163cbe5c9c: ; ImmutableOopMap {rax=Oop r11=Oop rbx=Oop rdx=Oop [224]=Oop [232]=Oop [240]=Oop [256]=Oop [280]=Oop [312]=Oop [344]=Oop [360]=Oop [368]=Oop [376]=Oop [384]=Oop }
                      ;*aastore {reexecute=1 rethrow=0 return_oop=0}
                      ; - (reexecute) org.apache.xpath.VariableStack::setLocalVariable@8 (line 287)
                      ; - org.apache.xalan.templates.ElemApplyTemplates::transformSelectedNodes@282 (line 265)
  0x000077163cbe5c9c: e0b4 1207 

  0x000077163cbe5ca0: ;   {runtime_call throw_null_pointer_exception Runtime1 stub}
  0x000077163cbe5ca0: e8db bd12 

  0x000077163cbe5ca4: ; ImmutableOopMap {rax=Oop r11=Oop rbx=Oop rdx=Oop [224]=Oop [232]=Oop [240]=Oop [256]=Oop [280]=Oop [312]=Oop [344]=Oop [360]=Oop [368]=Oop [376]=Oop [384]=Oop }
                      ;*aastore {reexecute=1 rethrow=0 return_oop=0}
                      ; - (reexecute) org.apache.xpath.VariableStack::setLocalVariable@8 (line 287)
                      ; - org.apache.xalan.templates.ElemApplyTemplates::transformSelectedNodes@282 (line 265)
  0x000077163cbe5ca4: 0748 8904 

  0x000077163cbe5ca8: ;   {runtime_call throw_array_store_exception Runtime1 stub}
  0x000077163cbe5ca8: 24e8 d2e7 

  0x000077163cbe5cac: ; ImmutableOopMap {rax=Oop r11=Oop rbx=Oop rdx=Oop [224]=Oop [232]=Oop [240]=Oop [256]=Oop [280]=Oop [312]=Oop [344]=Oop [360]=Oop [368]=Oop [376]=Oop [384]=Oop }
                      ;*aastore {reexecute=1 rethrow=0 return_oop=0}
                      ; - (reexecute) org.apache.xpath.VariableStack::setLocalVariable@8 (line 287)
                      ; - org.apache.xalan.templates.ElemApplyTemplates::transformSelectedNodes@282 (line 265)
                      ;   {metadata({method} {0x00006a691455b320} 'transformSelectedNodes' '(Lorg/apache/xalan/transformer/TransformerImpl;)V' in 'org/apache/xalan/templates/ElemApplyTemplates')}
  0x000077163cbe5cac: 1207 49ba | 20b3 5514 | 696a 0000 | 4c89 5424 | 0848 c704 | 2420 0100 

  0x000077163cbe5cc4: ;   {runtime_call counter_overflow Runtime1 stub}
  0x000077163cbe5cc4: 00e8 b624 

  0x000077163cbe5cc8: ; ImmutableOopMap {r11=Oop rbx=Oop [224]=Oop [232]=Oop [240]=Oop [256]=Oop [280]=Oop [312]=Oop [344]=Oop [360]=Oop [368]=Oop [376]=Oop [384]=Oop }
                      ;*goto {reexecute=1 rethrow=0 return_oop=0}
                      ; - (reexecute) org.apache.xalan.templates.ElemApplyTemplates::transformSelectedNodes@288 (line 256)
  0x000077163cbe5cc8: 1307 e954 

  0x000077163cbe5ccc: ;   {metadata({method} {0x00006a69146a7f30} 'pushContextNodeList' '(Lorg/apache/xml/dtm/DTMIterator;)V' in 'org/apache/xpath/XPathContext')}
  0x000077163cbe5ccc: 67ff ff49 | ba30 7f6a | 1469 6a00 | 004c 8954 | 2408 48c7 | 0424 ffff 

  0x000077163cbe5ce4: ;   {runtime_call counter_overflow Runtime1 stub}
  0x000077163cbe5ce4: ffff e895 

  0x000077163cbe5ce8: ; ImmutableOopMap {rbx=Oop rcx=Oop [224]=Oop [232]=Oop [240]=Oop [256]=Oop [280]=Oop [312]=Oop [344]=Oop [360]=Oop [368]=Oop [376]=Oop }
                      ;*synchronization entry
                      ; - org.apache.xpath.XPathContext::pushContextNodeList@-1 (line 697)
                      ; - org.apache.xalan.templates.ElemApplyTemplates::transformSelectedNodes@301 (line 270)
  0x000077163cbe5ce8: 2413 07e9 | d867 ffff 

  0x000077163cbe5cf0: ;   {runtime_call throw_null_pointer_exception Runtime1 stub}
  0x000077163cbe5cf0: e88b bd12 

  0x000077163cbe5cf4: ; ImmutableOopMap {rbx=Oop rcx=Oop r8=Oop [224]=Oop [232]=Oop [240]=Oop [256]=Oop [280]=Oop [312]=Oop [344]=Oop [360]=Oop [368]=Oop [376]=Oop }
                      ;*invokevirtual push {reexecute=0 rethrow=0 return_oop=0}
                      ; - org.apache.xpath.XPathContext::pushContextNodeList@5 (line 697)
                      ; - org.apache.xalan.templates.ElemApplyTemplates::transformSelectedNodes@301 (line 270)
                      ;   {metadata({method} {0x00006a69141ac168} 'push' '(Ljava/lang/Object;)Ljava/lang/Object;' in 'java/util/Stack')}
  0x000077163cbe5cf4: 0749 ba68 | c11a 1469 | 6a00 004c | 8954 2408 | 48c7 0424 | ffff ffff 

  0x000077163cbe5d0c: ;   {runtime_call counter_overflow Runtime1 stub}
  0x000077163cbe5d0c: e86f 2413 

  0x000077163cbe5d10: ; ImmutableOopMap {rbx=Oop rcx=Oop r8=Oop [224]=Oop [232]=Oop [240]=Oop [256]=Oop [280]=Oop [312]=Oop [344]=Oop [360]=Oop [368]=Oop [376]=Oop }
                      ;*synchronization entry
                      ; - java.util.Stack::push@-1 (line 68)
                      ; - org.apache.xpath.XPathContext::pushContextNodeList@5 (line 697)
                      ; - org.apache.xalan.templates.ElemApplyTemplates::transformSelectedNodes@301 (line 270)
  0x000077163cbe5d10: 07e9 f567 | ffff 4c89 | 4424 0848 

  0x000077163cbe5d1c: ;   {runtime_call monitorenter_nofpu Runtime1 stub}
  0x000077163cbe5d1c: 8914 24e8 

  0x000077163cbe5d20: ; ImmutableOopMap {rbx=Oop rcx=Oop r8=Oop [224]=Oop [232]=Oop [240]=Oop [256]=Oop [280]=Oop [312]=Oop [344]=Oop [360]=Oop [368]=Oop [376]=Oop [992]=Oop }
                      ;*synchronization entry
                      ; - java.util.Vector::addElement@-1 (line 616)
                      ; - java.util.Stack::push@2 (line 68)
                      ; - org.apache.xpath.XPathContext::pushContextNodeList@5 (line 697)
                      ; - org.apache.xalan.templates.ElemApplyTemplates::transformSelectedNodes@301 (line 270)
  0x000077163cbe5d20: 5cf9 1207 | e9af 68ff 

  0x000077163cbe5d28: ;   {metadata({method} {0x00006a6914100bf8} 'addElement' '(Ljava/lang/Object;)V' in 'java/util/Vector')}
  0x000077163cbe5d28: ff49 baf8 | 0b10 1469 | 6a00 004c | 8954 2408 | 48c7 0424 | ffff ffff 

  0x000077163cbe5d40: ;   {runtime_call counter_overflow Runtime1 stub}
  0x000077163cbe5d40: e83b 2413 

  0x000077163cbe5d44: ; ImmutableOopMap {rbx=Oop rcx=Oop r8=Oop [224]=Oop [232]=Oop [240]=Oop [256]=Oop [280]=Oop [312]=Oop [344]=Oop [360]=Oop [368]=Oop [376]=Oop [992]=Oop }
                      ;*synchronization entry
                      ; - java.util.Vector::addElement@-1 (line 616)
                      ; - java.util.Stack::push@2 (line 68)
                      ; - org.apache.xpath.XPathContext::pushContextNodeList@5 (line 697)
                      ; - org.apache.xalan.templates.ElemApplyTemplates::transformSelectedNodes@301 (line 270)
  0x000077163cbe5d44: 07e9 b568 

  0x000077163cbe5d48: ;   {metadata({method} {0x00006a69141014f0} 'add' '(Ljava/lang/Object;[Ljava/lang/Object;I)V' in 'java/util/Vector')}
  0x000077163cbe5d48: ffff 49ba | f014 1014 | 696a 0000 | 4c89 5424 | 0848 c704 | 24ff ffff 

  0x000077163cbe5d60: ;   {runtime_call counter_overflow Runtime1 stub}
  0x000077163cbe5d60: ffe8 1a24 

  0x000077163cbe5d64: ; ImmutableOopMap {rbx=Oop rcx=Oop r8=Oop rdx=Oop [224]=Oop [232]=Oop [240]=Oop [256]=Oop [280]=Oop [312]=Oop [344]=Oop [360]=Oop [368]=Oop [376]=Oop [992]=Oop }
                      ;*synchronization entry
                      ; - java.util.Vector::add@-1 (line 781)
                      ; - java.util.Vector::addElement@20 (line 617)
                      ; - java.util.Stack::push@2 (line 68)
                      ; - org.apache.xpath.XPathContext::pushContextNodeList@5 (line 697)
                      ; - org.apache.xalan.templates.ElemApplyTemplates::transformSelectedNodes@301 (line 270)
  0x000077163cbe5d64: 1307 e9e7 

  0x000077163cbe5d68: ;   {runtime_call throw_null_pointer_exception Runtime1 stub}
  0x000077163cbe5d68: 68ff ffe8 

  0x000077163cbe5d6c: ; ImmutableOopMap {rbx=Oop rcx=Oop r8=Oop rdx=Oop [224]=Oop [232]=Oop [240]=Oop [256]=Oop [280]=Oop [312]=Oop [344]=Oop [360]=Oop [368]=Oop [376]=Oop [992]=Oop }
                      ;*arraylength {reexecute=0 rethrow=0 return_oop=0}
                      ; - java.util.Vector::add@2 (line 781)
                      ; - java.util.Vector::addElement@20 (line 617)
                      ; - java.util.Stack::push@2 (line 68)
                      ; - org.apache.xpath.XPathContext::pushContextNodeList@5 (line 697)
                      ; - org.apache.xalan.templates.ElemApplyTemplates::transformSelectedNodes@301 (line 270)
  0x000077163cbe5d6c: 10bd 1207 

  0x000077163cbe5d70: ;   {metadata({method} {0x00006a69140ffbd0} 'grow' '()[Ljava/lang/Object;' in 'java/util/Vector')}
  0x000077163cbe5d70: 49ba d0fb | 0f14 696a | 0000 4c89 | 5424 0848 | c704 24ff 

  0x000077163cbe5d84: ;   {runtime_call counter_overflow Runtime1 stub}
  0x000077163cbe5d84: ffff ffe8 

  0x000077163cbe5d88: ; ImmutableOopMap {r8=Oop [224]=Oop [232]=Oop [240]=Oop [256]=Oop [280]=Oop [312]=Oop [344]=Oop [360]=Oop [368]=Oop [376]=Oop [992]=Oop }
                      ;*synchronization entry
                      ; - java.util.Vector::grow@-1 (line 266)
                      ; - java.util.Vector::add@7 (line 782)
                      ; - java.util.Vector::addElement@20 (line 617)
                      ; - java.util.Stack::push@2 (line 68)
                      ; - org.apache.xpath.XPathContext::pushContextNodeList@5 (line 697)
                      ; - org.apache.xalan.templates.ElemApplyTemplates::transformSelectedNodes@301 (line 270)
  0x000077163cbe5d88: f423 1307 | e935 69ff 

  0x000077163cbe5d90: ;   {runtime_call throw_null_pointer_exception Runtime1 stub}
  0x000077163cbe5d90: ffe8 eabc 

  0x000077163cbe5d94: ; ImmutableOopMap {rdx=Oop r8=Oop rdi=Oop [224]=Oop [232]=Oop [240]=Oop [256]=Oop [280]=Oop [344]=Oop [360]=Oop [368]=Oop [376]=Oop [992]=Oop }
                      ;*aastore {reexecute=1 rethrow=0 return_oop=0}
                      ; - (reexecute) java.util.Vector::add@14 (line 783)
                      ; - java.util.Vector::addElement@20 (line 617)
                      ; - java.util.Stack::push@2 (line 68)
                      ; - org.apache.xpath.XPathContext::pushContextNodeList@5 (line 697)
                      ; - org.apache.xalan.templates.ElemApplyTemplates::transformSelectedNodes@301 (line 270)
                      ;   {runtime_call throw_null_pointer_exception Runtime1 stub}
  0x000077163cbe5d94: 1207 e8e5 

  0x000077163cbe5d98: ; ImmutableOopMap {rdx=Oop r8=Oop rdi=Oop [224]=Oop [232]=Oop [240]=Oop [256]=Oop [280]=Oop [344]=Oop [360]=Oop [368]=Oop [376]=Oop [992]=Oop }
                      ;*aastore {reexecute=1 rethrow=0 return_oop=0}
                      ; - (reexecute) java.util.Vector::add@14 (line 783)
                      ; - java.util.Vector::addElement@20 (line 617)
                      ; - java.util.Stack::push@2 (line 68)
                      ; - org.apache.xpath.XPathContext::pushContextNodeList@5 (line 697)
                      ; - org.apache.xalan.templates.ElemApplyTemplates::transformSelectedNodes@301 (line 270)
  0x000077163cbe5d98: bc12 0748 | 8904 2448 | 8954 2408 

  0x000077163cbe5da4: ;   {runtime_call throw_range_check_failed Runtime1 stub}
  0x000077163cbe5da4: e8d7 b312 

  0x000077163cbe5da8: ; ImmutableOopMap {rdx=Oop r8=Oop rdi=Oop [224]=Oop [232]=Oop [240]=Oop [256]=Oop [280]=Oop [344]=Oop [360]=Oop [368]=Oop [376]=Oop [992]=Oop }
                      ;*aastore {reexecute=1 rethrow=0 return_oop=0}
                      ; - (reexecute) java.util.Vector::add@14 (line 783)
                      ; - java.util.Vector::addElement@20 (line 617)
                      ; - java.util.Stack::push@2 (line 68)
                      ; - org.apache.xpath.XPathContext::pushContextNodeList@5 (line 697)
                      ; - org.apache.xalan.templates.ElemApplyTemplates::transformSelectedNodes@301 (line 270)
                      ;   {runtime_call throw_null_pointer_exception Runtime1 stub}
  0x000077163cbe5da8: 07e8 d2bc 

  0x000077163cbe5dac: ; ImmutableOopMap {rdx=Oop r8=Oop rdi=Oop [224]=Oop [232]=Oop [240]=Oop [256]=Oop [280]=Oop [344]=Oop [360]=Oop [368]=Oop [376]=Oop [992]=Oop }
                      ;*aastore {reexecute=1 rethrow=0 return_oop=0}
                      ; - (reexecute) java.util.Vector::add@14 (line 783)
                      ; - java.util.Vector::addElement@20 (line 617)
                      ; - java.util.Stack::push@2 (line 68)
                      ; - org.apache.xpath.XPathContext::pushContextNodeList@5 (line 697)
                      ; - org.apache.xalan.templates.ElemApplyTemplates::transformSelectedNodes@301 (line 270)
  0x000077163cbe5dac: 1207 4889 

  0x000077163cbe5db0: ;   {runtime_call throw_array_store_exception Runtime1 stub}
  0x000077163cbe5db0: 3c24 e8c9 

  0x000077163cbe5db4: ; ImmutableOopMap {rdx=Oop r8=Oop rdi=Oop [224]=Oop [232]=Oop [240]=Oop [256]=Oop [280]=Oop [344]=Oop [360]=Oop [368]=Oop [376]=Oop [992]=Oop }
                      ;*aastore {reexecute=1 rethrow=0 return_oop=0}
                      ; - (reexecute) java.util.Vector::add@14 (line 783)
                      ; - java.util.Vector::addElement@20 (line 617)
                      ; - java.util.Stack::push@2 (line 68)
                      ; - org.apache.xpath.XPathContext::pushContextNodeList@5 (line 697)
                      ; - org.apache.xalan.templates.ElemApplyTemplates::transformSelectedNodes@301 (line 270)
  0x000077163cbe5db4: e612 0748 | 8d84 24d8 | 0300 0048 

  0x000077163cbe5dc0: ;   {runtime_call monitorexit_nofpu Runtime1 stub}
  0x000077163cbe5dc0: 8904 24e8 | b8fe 1207 | e9a8 6aff 

  0x000077163cbe5dcc: ;   {runtime_call throw_null_pointer_exception Runtime1 stub}
  0x000077163cbe5dcc: ffe8 aebc 

  0x000077163cbe5dd0: ; ImmutableOopMap {rdi=Oop [224]=Oop [232]=Oop [240]=Oop [256]=Oop [280]=Oop [344]=Oop [360]=Oop [368]=Oop [424]=Oop [432]=Oop [440]=Oop }
                      ;*invokeinterface nextNode {reexecute=0 rethrow=0 return_oop=0}
                      ; - org.apache.xalan.templates.ElemApplyTemplates::transformSelectedNodes@322 (line 280)
                      ;   {runtime_call throw_null_pointer_exception Runtime1 stub}
  0x000077163cbe5dd0: 1207 e8a9 

  0x000077163cbe5dd4: ; ImmutableOopMap {rdi=Oop [224]=Oop [232]=Oop [240]=Oop [256]=Oop [280]=Oop [312]=Oop [344]=Oop [360]=Oop [368]=Oop [424]=Oop [432]=Oop [440]=Oop }
                      ;*invokevirtual setTop {reexecute=0 rethrow=0 return_oop=0}
                      ; - org.apache.xalan.templates.ElemApplyTemplates::transformSelectedNodes@337 (line 282)
                      ;   {metadata({method} {0x00006a6914648958} 'setTop' '(I)V' in 'org/apache/xml/utils/IntStack')}
  0x000077163cbe5dd4: bc12 0749 | ba58 8964 | 1469 6a00 | 004c 8954 | 2408 48c7 | 0424 ffff 

  0x000077163cbe5dec: ;   {runtime_call counter_overflow Runtime1 stub}
  0x000077163cbe5dec: ffff e88d 

  0x000077163cbe5df0: ; ImmutableOopMap {rdi=Oop [224]=Oop [232]=Oop [240]=Oop [256]=Oop [280]=Oop [312]=Oop [344]=Oop [360]=Oop [368]=Oop [424]=Oop [432]=Oop [440]=Oop }
                      ;*synchronization entry
                      ; - org.apache.xml.utils.IntStack::setTop@-1 (line 159)
                      ; - org.apache.xalan.templates.ElemApplyTemplates::transformSelectedNodes@337 (line 282)
  0x000077163cbe5df0: 2313 07e9 | 116c ffff 

  0x000077163cbe5df8: ;   {runtime_call throw_null_pointer_exception Runtime1 stub}
  0x000077163cbe5df8: e883 bc12 

  0x000077163cbe5dfc: ; ImmutableOopMap {rdi=Oop rdx=Oop [224]=Oop [232]=Oop [240]=Oop [256]=Oop [280]=Oop [312]=Oop [344]=Oop [360]=Oop [368]=Oop [424]=Oop [432]=Oop [440]=Oop }
                      ;*iastore {reexecute=0 rethrow=0 return_oop=0}
                      ; - org.apache.xml.utils.IntStack::setTop@11 (line 159)
                      ; - org.apache.xalan.templates.ElemApplyTemplates::transformSelectedNodes@337 (line 282)
                      ;   {runtime_call throw_null_pointer_exception Runtime1 stub}
  0x000077163cbe5dfc: 07e8 7ebc 

  0x000077163cbe5e00: ; ImmutableOopMap {rdi=Oop rdx=Oop [224]=Oop [232]=Oop [240]=Oop [256]=Oop [280]=Oop [312]=Oop [344]=Oop [360]=Oop [368]=Oop [424]=Oop [432]=Oop [440]=Oop }
                      ;*iastore {reexecute=0 rethrow=0 return_oop=0}
                      ; - org.apache.xml.utils.IntStack::setTop@11 (line 159)
                      ; - org.apache.xalan.templates.ElemApplyTemplates::transformSelectedNodes@337 (line 282)
  0x000077163cbe5e00: 1207 4889 | 3424 4889 

  0x000077163cbe5e08: ;   {runtime_call throw_range_check_failed Runtime1 stub}
  0x000077163cbe5e08: 5424 08e8 

  0x000077163cbe5e0c: ; ImmutableOopMap {rdi=Oop rdx=Oop [224]=Oop [232]=Oop [240]=Oop [256]=Oop [280]=Oop [312]=Oop [344]=Oop [360]=Oop [368]=Oop [424]=Oop [432]=Oop [440]=Oop }
                      ;*iastore {reexecute=0 rethrow=0 return_oop=0}
                      ; - org.apache.xml.utils.IntStack::setTop@11 (line 159)
                      ; - org.apache.xalan.templates.ElemApplyTemplates::transformSelectedNodes@337 (line 282)
  0x000077163cbe5e0c: 70b3 1207 

  0x000077163cbe5e10: ;   {runtime_call throw_null_pointer_exception Runtime1 stub}
  0x000077163cbe5e10: e86b bc12 

  0x000077163cbe5e14: ; ImmutableOopMap {rdi=Oop rdx=Oop [224]=Oop [232]=Oop [240]=Oop [256]=Oop [280]=Oop [312]=Oop [344]=Oop [360]=Oop [368]=Oop [424]=Oop [432]=Oop [440]=Oop }
                      ;*invokevirtual setTop {reexecute=0 rethrow=0 return_oop=0}
                      ; - org.apache.xalan.templates.ElemApplyTemplates::transformSelectedNodes@344 (line 283)
                      ;   {metadata({method} {0x00006a6914648958} 'setTop' '(I)V' in 'org/apache/xml/utils/IntStack')}
  0x000077163cbe5e14: 0749 ba58 | 8964 1469 | 6a00 004c | 8954 2408 | 48c7 0424 | ffff ffff 

  0x000077163cbe5e2c: ;   {runtime_call counter_overflow Runtime1 stub}
  0x000077163cbe5e2c: e84f 2313 

  0x000077163cbe5e30: ; ImmutableOopMap {rdi=Oop rdx=Oop [224]=Oop [232]=Oop [240]=Oop [256]=Oop [280]=Oop [312]=Oop [344]=Oop [360]=Oop [368]=Oop [424]=Oop [432]=Oop [440]=Oop }
                      ;*synchronization entry
                      ; - org.apache.xml.utils.IntStack::setTop@-1 (line 159)
                      ; - org.apache.xalan.templates.ElemApplyTemplates::transformSelectedNodes@344 (line 283)
  0x000077163cbe5e30: 07e9 426c 

  0x000077163cbe5e34: ;   {runtime_call throw_null_pointer_exception Runtime1 stub}
  0x000077163cbe5e34: ffff e845 

  0x000077163cbe5e38: ; ImmutableOopMap {rdi=Oop rdx=Oop rsi=Oop [224]=Oop [232]=Oop [240]=Oop [256]=Oop [280]=Oop [312]=Oop [344]=Oop [360]=Oop [368]=Oop [424]=Oop [432]=Oop [440]=Oop }
                      ;*iastore {reexecute=0 rethrow=0 return_oop=0}
                      ; - org.apache.xml.utils.IntStack::setTop@11 (line 159)
                      ; - org.apache.xalan.templates.ElemApplyTemplates::transformSelectedNodes@344 (line 283)
                      ;   {runtime_call throw_null_pointer_exception Runtime1 stub}
  0x000077163cbe5e38: bc12 07e8 

  0x000077163cbe5e3c: ; ImmutableOopMap {rdi=Oop rdx=Oop rsi=Oop [224]=Oop [232]=Oop [240]=Oop [256]=Oop [280]=Oop [312]=Oop [344]=Oop [360]=Oop [368]=Oop [424]=Oop [432]=Oop [440]=Oop }
                      ;*iastore {reexecute=0 rethrow=0 return_oop=0}
                      ; - org.apache.xml.utils.IntStack::setTop@11 (line 159)
                      ; - org.apache.xalan.templates.ElemApplyTemplates::transformSelectedNodes@344 (line 283)
  0x000077163cbe5e3c: 40bc 1207 | 4889 1c24 | 4889 7424 

  0x000077163cbe5e48: ;   {runtime_call throw_range_check_failed Runtime1 stub}
  0x000077163cbe5e48: 08e8 32b3 

  0x000077163cbe5e4c: ; ImmutableOopMap {rdi=Oop rdx=Oop rsi=Oop [224]=Oop [232]=Oop [240]=Oop [256]=Oop [280]=Oop [312]=Oop [344]=Oop [360]=Oop [368]=Oop [424]=Oop [432]=Oop [440]=Oop }
                      ;*iastore {reexecute=0 rethrow=0 return_oop=0}
                      ; - org.apache.xml.utils.IntStack::setTop@11 (line 159)
                      ; - org.apache.xalan.templates.ElemApplyTemplates::transformSelectedNodes@344 (line 283)
                      ;   {metadata({method} {0x00006a69146a63a8} 'getDTM' '(I)Lorg/apache/xml/dtm/DTM;' in 'org/apache/xpath/XPathContext')}
  0x000077163cbe5e4c: 1207 49ba | a863 6a14 | 696a 0000 | 4c89 5424 | 0848 c704 | 24ff ffff 

  0x000077163cbe5e64: ;   {runtime_call counter_overflow Runtime1 stub}
  0x000077163cbe5e64: ffe8 1623 

  0x000077163cbe5e68: ; ImmutableOopMap {rdi=Oop [224]=Oop [232]=Oop [240]=Oop [256]=Oop [280]=Oop [312]=Oop [344]=Oop [360]=Oop [368]=Oop [424]=Oop [432]=Oop [440]=Oop }
                      ;*synchronization entry
                      ; - org.apache.xpath.XPathContext::getDTM@-1 (line 171)
                      ; - org.apache.xalan.templates.ElemApplyTemplates::transformSelectedNodes@350 (line 285)
  0x000077163cbe5e68: 1307 e97a 

  0x000077163cbe5e6c: ;   {runtime_call throw_null_pointer_exception Runtime1 stub}
  0x000077163cbe5e6c: 6cff ffe8 

  0x000077163cbe5e70: ; ImmutableOopMap {rdi=Oop rsi=Oop [224]=Oop [232]=Oop [240]=Oop [256]=Oop [280]=Oop [312]=Oop [344]=Oop [360]=Oop [368]=Oop [424]=Oop [432]=Oop [440]=Oop }
                      ;*invokevirtual getDTM {reexecute=0 rethrow=0 return_oop=0}
                      ; - org.apache.xpath.XPathContext::getDTM@5 (line 171)
                      ; - org.apache.xalan.templates.ElemApplyTemplates::transformSelectedNodes@350 (line 285)
  0x000077163cbe5e70: 0cbc 1207 

  0x000077163cbe5e74: ;   {metadata({method} {0x00006a69146a63a8} 'getDTM' '(I)Lorg/apache/xml/dtm/DTM;' in 'org/apache/xpath/XPathContext')}
  0x000077163cbe5e74: 49ba a863 | 6a14 696a | 0000 4c89 | 5424 0848 | c704 24ff 

  0x000077163cbe5e88: ;   {runtime_call counter_overflow Runtime1 stub}
  0x000077163cbe5e88: ffff ffe8 

  0x000077163cbe5e8c: ; ImmutableOopMap {rdi=Oop [224]=Oop [232]=Oop [240]=Oop [256]=Oop [280]=Oop [312]=Oop [344]=Oop [360]=Oop [368]=Oop [424]=Oop [432]=Oop [440]=Oop }
                      ;*synchronization entry
                      ; - org.apache.xpath.XPathContext::getDTM@-1 (line 171)
                      ; - org.apache.xalan.templates.ElemApplyTemplates::transformSelectedNodes@361 (line 287)
  0x000077163cbe5e8c: f022 1307 | e9a3 6dff 

  0x000077163cbe5e94: ;   {runtime_call throw_null_pointer_exception Runtime1 stub}
  0x000077163cbe5e94: ffe8 e6bb 

  0x000077163cbe5e98: ; ImmutableOopMap {rdi=Oop rsi=Oop [224]=Oop [232]=Oop [240]=Oop [256]=Oop [280]=Oop [312]=Oop [344]=Oop [360]=Oop [368]=Oop [424]=Oop [432]=Oop [440]=Oop }
                      ;*invokevirtual getDTM {reexecute=0 rethrow=0 return_oop=0}
                      ; - org.apache.xpath.XPathContext::getDTM@5 (line 171)
                      ; - org.apache.xalan.templates.ElemApplyTemplates::transformSelectedNodes@361 (line 287)
                      ;   {runtime_call throw_incompatible_class_change_error Runtime1 stub}
  0x000077163cbe5e98: 1207 e8e1 

  0x000077163cbe5e9c: ; ImmutableOopMap {rcx=Oop [224]=Oop [232]=Oop [240]=Oop [256]=Oop [280]=Oop [312]=Oop [344]=Oop [360]=Oop [368]=Oop [424]=Oop [432]=Oop }
                      ;*invokeinterface getExpandedTypeID {reexecute=0 rethrow=0 return_oop=0}
                      ; - org.apache.xalan.templates.ElemApplyTemplates::transformSelectedNodes@370 (line 290)
                      ;   {runtime_call throw_null_pointer_exception Runtime1 stub}
  0x000077163cbe5e9c: eb12 07e8 

  0x000077163cbe5ea0: ; ImmutableOopMap {rcx=Oop [224]=Oop [232]=Oop [240]=Oop [256]=Oop [280]=Oop [312]=Oop [344]=Oop [360]=Oop [368]=Oop [424]=Oop [432]=Oop }
                      ;*invokeinterface getExpandedTypeID {reexecute=0 rethrow=0 return_oop=0}
                      ; - org.apache.xalan.templates.ElemApplyTemplates::transformSelectedNodes@370 (line 290)
  0x000077163cbe5ea0: dcbb 1207 

  0x000077163cbe5ea4: ;   {metadata({method} {0x00006a691478a088} 'getExpandedTypeID' '(I)I' in 'org/apache/xml/dtm/ref/DTMDefaultBase')}
  0x000077163cbe5ea4: 49ba 88a0 | 7814 696a | 0000 4c89 | 5424 0848 | c704 24ff 

  0x000077163cbe5eb8: ;   {runtime_call counter_overflow Runtime1 stub}
  0x000077163cbe5eb8: ffff ffe8 

  0x000077163cbe5ebc: ; ImmutableOopMap {rcx=Oop [224]=Oop [232]=Oop [240]=Oop [256]=Oop [280]=Oop [312]=Oop [344]=Oop [360]=Oop [368]=Oop [424]=Oop [432]=Oop }
                      ;*synchronization entry
                      ; - org.apache.xml.dtm.ref.DTMDefaultBase::getExpandedTypeID@-1 (line 1682)
                      ; - org.apache.xalan.templates.ElemApplyTemplates::transformSelectedNodes@370 (line 290)
  0x000077163cbe5ebc: c022 1307 | e924 6fff 

  0x000077163cbe5ec4: ;   {runtime_call throw_incompatible_class_change_error Runtime1 stub}
  0x000077163cbe5ec4: ffe8 b6eb 

  0x000077163cbe5ec8: ; ImmutableOopMap {rcx=Oop [224]=Oop [232]=Oop [240]=Oop [256]=Oop [280]=Oop [312]=Oop [344]=Oop [360]=Oop [368]=Oop [424]=Oop [432]=Oop }
                      ;*invokeinterface getNodeType {reexecute=0 rethrow=0 return_oop=0}
                      ; - org.apache.xalan.templates.ElemApplyTemplates::transformSelectedNodes@381 (line 292)
                      ;   {metadata({method} {0x00006a691478a820} 'getNodeType' '(I)S' in 'org/apache/xml/dtm/ref/DTMDefaultBase')}
  0x000077163cbe5ec8: 1207 49ba | 20a8 7814 | 696a 0000 | 4c89 5424 | 0848 c704 | 24ff ffff 

  0x000077163cbe5ee0: ;   {runtime_call counter_overflow Runtime1 stub}
  0x000077163cbe5ee0: ffe8 9a22 

  0x000077163cbe5ee4: ; ImmutableOopMap {rcx=Oop [224]=Oop [232]=Oop [240]=Oop [256]=Oop [280]=Oop [312]=Oop [344]=Oop [360]=Oop [368]=Oop [424]=Oop [432]=Oop }
                      ;*synchronization entry
                      ; - org.apache.xml.dtm.ref.DTMDefaultBase::getNodeType@-1 (line 1836)
                      ; - org.apache.xalan.templates.ElemApplyTemplates::transformSelectedNodes@381 (line 292)
  0x000077163cbe5ee4: 1307 e92a 

  0x000077163cbe5ee8: ;   {runtime_call throw_null_pointer_exception Runtime1 stub}
  0x000077163cbe5ee8: 71ff ffe8 

  0x000077163cbe5eec: ; ImmutableOopMap {rbx=Oop [224]=Oop [232]=Oop [240]=Oop [256]=Oop [280]=Oop [312]=Oop [344]=Oop [360]=Oop [368]=Oop [424]=Oop [432]=Oop [448]=Oop }
                      ;*invokevirtual getType {reexecute=0 rethrow=0 return_oop=0}
                      ; - org.apache.xml.dtm.ref.DTMDefaultBase::getNodeType@20 (line 1838)
                      ; - org.apache.xalan.templates.ElemApplyTemplates::transformSelectedNodes@381 (line 292)
  0x000077163cbe5eec: 90bb 1207 

  0x000077163cbe5ef0: ;   {metadata({method} {0x00006a6914738668} 'getType' '(I)S' in 'org/apache/xml/dtm/ref/ExpandedNameTable')}
  0x000077163cbe5ef0: 49ba 6886 | 7314 696a | 0000 4c89 | 5424 0848 | c704 24ff 

  0x000077163cbe5f04: ;   {runtime_call counter_overflow Runtime1 stub}
  0x000077163cbe5f04: ffff ffe8 

  0x000077163cbe5f08: ; ImmutableOopMap {rbx=Oop [224]=Oop [232]=Oop [240]=Oop [256]=Oop [280]=Oop [312]=Oop [344]=Oop [360]=Oop [368]=Oop [424]=Oop [432]=Oop [448]=Oop }
                      ;*synchronization entry
                      ; - org.apache.xml.dtm.ref.ExpandedNameTable::getType@-1 (line 347)
                      ; - org.apache.xml.dtm.ref.DTMDefaultBase::getNodeType@20 (line 1838)
                      ; - org.apache.xalan.templates.ElemApplyTemplates::transformSelectedNodes@381 (line 292)
  0x000077163cbe5f08: 7422 1307 | e98a 72ff 

  0x000077163cbe5f10: ;   {runtime_call throw_null_pointer_exception Runtime1 stub}
  0x000077163cbe5f10: ffe8 6abb 

  0x000077163cbe5f14: ; ImmutableOopMap {rdx=Oop [224]=Oop [232]=Oop [240]=Oop [256]=Oop [280]=Oop [312]=Oop [344]=Oop [360]=Oop [368]=Oop [424]=Oop [432]=Oop [448]=Oop }
                      ;*aaload {reexecute=0 rethrow=0 return_oop=0}
                      ; - org.apache.xml.dtm.ref.ExpandedNameTable::getType@5 (line 347)
                      ; - org.apache.xml.dtm.ref.DTMDefaultBase::getNodeType@20 (line 1838)
                      ; - org.apache.xalan.templates.ElemApplyTemplates::transformSelectedNodes@381 (line 292)
                      ;   {runtime_call throw_null_pointer_exception Runtime1 stub}
  0x000077163cbe5f14: 1207 e865 

  0x000077163cbe5f18: ; ImmutableOopMap {rdx=Oop [224]=Oop [232]=Oop [240]=Oop [256]=Oop [280]=Oop [312]=Oop [344]=Oop [360]=Oop [368]=Oop [424]=Oop [432]=Oop [448]=Oop }
                      ;*aaload {reexecute=0 rethrow=0 return_oop=0}
                      ; - org.apache.xml.dtm.ref.ExpandedNameTable::getType@5 (line 347)
                      ; - org.apache.xml.dtm.ref.DTMDefaultBase::getNodeType@20 (line 1838)
                      ; - org.apache.xalan.templates.ElemApplyTemplates::transformSelectedNodes@381 (line 292)
  0x000077163cbe5f18: bb12 0748 | 8904 2448 | 8954 2408 

  0x000077163cbe5f24: ;   {runtime_call throw_range_check_failed Runtime1 stub}
  0x000077163cbe5f24: e857 b212 

  0x000077163cbe5f28: ; ImmutableOopMap {rdx=Oop [224]=Oop [232]=Oop [240]=Oop [256]=Oop [280]=Oop [312]=Oop [344]=Oop [360]=Oop [368]=Oop [424]=Oop [432]=Oop [448]=Oop }
                      ;*aaload {reexecute=0 rethrow=0 return_oop=0}
                      ; - org.apache.xml.dtm.ref.ExpandedNameTable::getType@5 (line 347)
                      ; - org.apache.xml.dtm.ref.DTMDefaultBase::getNodeType@20 (line 1838)
                      ; - org.apache.xalan.templates.ElemApplyTemplates::transformSelectedNodes@381 (line 292)
                      ;   {runtime_call throw_null_pointer_exception Runtime1 stub}
  0x000077163cbe5f28: 07e8 52bb 

  0x000077163cbe5f2c: ; ImmutableOopMap {rax=Oop [224]=Oop [232]=Oop [240]=Oop [256]=Oop [280]=Oop [312]=Oop [344]=Oop [360]=Oop [368]=Oop [424]=Oop [432]=Oop [448]=Oop }
                      ;*invokevirtual getNodeType {reexecute=0 rethrow=0 return_oop=0}
                      ; - org.apache.xml.dtm.ref.ExpandedNameTable::getType@6 (line 347)
                      ; - org.apache.xml.dtm.ref.DTMDefaultBase::getNodeType@20 (line 1838)
                      ; - org.apache.xalan.templates.ElemApplyTemplates::transformSelectedNodes@381 (line 292)
                      ;   {metadata({method} {0x00006a6914657968} 'getMode' '()Lorg/apache/xml/utils/QName;' in 'org/apache/xalan/transformer/TransformerImpl')}
  0x000077163cbe5f2c: 1207 49ba | 6879 6514 | 696a 0000 | 4c89 5424 | 0848 c704 | 24ff ffff 

  0x000077163cbe5f44: ;   {runtime_call counter_overflow Runtime1 stub}
  0x000077163cbe5f44: ffe8 3622 

  0x000077163cbe5f48: ; ImmutableOopMap {rdx=Oop [224]=Oop [232]=Oop [240]=Oop [256]=Oop [280]=Oop [312]=Oop [344]=Oop [360]=Oop [368]=Oop [424]=Oop [432]=Oop [448]=Oop }
                      ;*synchronization entry
                      ; - org.apache.xalan.transformer.TransformerImpl::getMode@-1 (line 3195)
                      ; - org.apache.xalan.templates.ElemApplyTemplates::transformSelectedNodes@389 (line 294)
  0x000077163cbe5f48: 1307 e9d0 

  0x000077163cbe5f4c: ;   {runtime_call throw_null_pointer_exception Runtime1 stub}
  0x000077163cbe5f4c: 72ff ffe8 

  0x000077163cbe5f50: ; ImmutableOopMap {rdx=Oop rsi=Oop [224]=Oop [232]=Oop [240]=Oop [256]=Oop [280]=Oop [312]=Oop [344]=Oop [360]=Oop [368]=Oop [424]=Oop [432]=Oop [448]=Oop }
                      ;*invokevirtual isEmpty {reexecute=0 rethrow=0 return_oop=0}
                      ; - org.apache.xalan.transformer.TransformerImpl::getMode@4 (line 3195)
                      ; - org.apache.xalan.templates.ElemApplyTemplates::transformSelectedNodes@389 (line 294)
  0x000077163cbe5f50: 2cbb 1207 | 4889 7424 | 0848 893c 

  0x000077163cbe5f5c: ;   {runtime_call monitorenter_nofpu Runtime1 stub}
  0x000077163cbe5f5c: 24e8 1ef7 

  0x000077163cbe5f60: ; ImmutableOopMap {rdx=Oop rsi=Oop [224]=Oop [232]=Oop [240]=Oop [256]=Oop [280]=Oop [312]=Oop [344]=Oop [360]=Oop [368]=Oop [424]=Oop [432]=Oop [448]=Oop [992]=Oop }
                      ;*synchronization entry
                      ; - java.util.Vector::isEmpty@-1 (line 316)
                      ; - org.apache.xalan.transformer.TransformerImpl::getMode@4 (line 3195)
                      ; - org.apache.xalan.templates.ElemApplyTemplates::transformSelectedNodes@389 (line 294)
  0x000077163cbe5f60: 1207 e98e 

  0x000077163cbe5f64: ;   {metadata({method} {0x00006a69140fff10} 'isEmpty' '()Z' in 'java/util/Vector')}
  0x000077163cbe5f64: 73ff ff49 | ba10 ff0f | 1469 6a00 | 004c 8954 | 2408 48c7 | 0424 ffff 

  0x000077163cbe5f7c: ;   {runtime_call counter_overflow Runtime1 stub}
  0x000077163cbe5f7c: ffff e8fd 

  0x000077163cbe5f80: ; ImmutableOopMap {rdx=Oop rsi=Oop [224]=Oop [232]=Oop [240]=Oop [256]=Oop [280]=Oop [312]=Oop [344]=Oop [360]=Oop [368]=Oop [424]=Oop [432]=Oop [448]=Oop [992]=Oop }
                      ;*synchronization entry
                      ; - java.util.Vector::isEmpty@-1 (line 316)
                      ; - org.apache.xalan.transformer.TransformerImpl::getMode@4 (line 3195)
                      ; - org.apache.xalan.templates.ElemApplyTemplates::transformSelectedNodes@389 (line 294)
  0x000077163cbe5f80: 2113 07e9 | 9473 ffff | 488d 8424 | d803 0000 | 4889 0424 

  0x000077163cbe5f94: ;   {runtime_call monitorexit_nofpu Runtime1 stub}
  0x000077163cbe5f94: e8e7 fc12 | 07e9 fe73 

  0x000077163cbe5f9c: ;   {runtime_call throw_null_pointer_exception Runtime1 stub}
  0x000077163cbe5f9c: ffff e8dd 

  0x000077163cbe5fa0: ; ImmutableOopMap {rdx=Oop rsi=Oop [224]=Oop [232]=Oop [240]=Oop [256]=Oop [280]=Oop [312]=Oop [344]=Oop [360]=Oop [368]=Oop [424]=Oop [432]=Oop [448]=Oop }
                      ;*invokevirtual peek {reexecute=0 rethrow=0 return_oop=0}
                      ; - org.apache.xalan.transformer.TransformerImpl::getMode@18 (line 3195)
                      ; - org.apache.xalan.templates.ElemApplyTemplates::transformSelectedNodes@389 (line 294)
  0x000077163cbe5fa0: ba12 0748 | 8974 2408 | 4889 3c24 

  0x000077163cbe5fac: ;   {runtime_call monitorenter_nofpu Runtime1 stub}
  0x000077163cbe5fac: e8cf f612 

  0x000077163cbe5fb0: ; ImmutableOopMap {rdx=Oop rsi=Oop [224]=Oop [232]=Oop [240]=Oop [256]=Oop [280]=Oop [312]=Oop [344]=Oop [360]=Oop [368]=Oop [424]=Oop [432]=Oop [448]=Oop [992]=Oop }
                      ;*synchronization entry
                      ; - java.util.Stack::peek@-1 (line 100)
                      ; - org.apache.xalan.transformer.TransformerImpl::getMode@18 (line 3195)
                      ; - org.apache.xalan.templates.ElemApplyTemplates::transformSelectedNodes@389 (line 294)
  0x000077163cbe5fb0: 07e9 9274 

  0x000077163cbe5fb4: ;   {metadata({method} {0x00006a69141ac310} 'peek' '()Ljava/lang/Object;' in 'java/util/Stack')}
  0x000077163cbe5fb4: ffff 49ba | 10c3 1a14 | 696a 0000 | 4c89 5424 | 0848 c704 | 24ff ffff 

  0x000077163cbe5fcc: ;   {runtime_call counter_overflow Runtime1 stub}
  0x000077163cbe5fcc: ffe8 ae21 

  0x000077163cbe5fd0: ; ImmutableOopMap {rdx=Oop rsi=Oop [224]=Oop [232]=Oop [240]=Oop [256]=Oop [280]=Oop [312]=Oop [344]=Oop [360]=Oop [368]=Oop [424]=Oop [432]=Oop [448]=Oop [992]=Oop }
                      ;*synchronization entry
                      ; - java.util.Stack::peek@-1 (line 100)
                      ; - org.apache.xalan.transformer.TransformerImpl::getMode@18 (line 3195)
                      ; - org.apache.xalan.templates.ElemApplyTemplates::transformSelectedNodes@389 (line 294)
  0x000077163cbe5fd0: 1307 e998 | 74ff ff48 | 8974 2408 | 4889 3c24 

  0x000077163cbe5fe0: ;   {runtime_call monitorenter_nofpu Runtime1 stub}
  0x000077163cbe5fe0: e89b f612 

  0x000077163cbe5fe4: ; ImmutableOopMap {rdx=Oop rsi=Oop [224]=Oop [232]=Oop [240]=Oop [256]=Oop [280]=Oop [312]=Oop [344]=Oop [360]=Oop [368]=Oop [424]=Oop [432]=Oop [448]=Oop [992]=Oop [1008]=Oop }
                      ;*synchronization entry
                      ; - java.util.Vector::size@-1 (line 305)
                      ; - java.util.Stack::peek@1 (line 100)
                      ; - org.apache.xalan.transformer.TransformerImpl::getMode@18 (line 3195)
                      ; - org.apache.xalan.templates.ElemApplyTemplates::transformSelectedNodes@389 (line 294)
  0x000077163cbe5fe4: 07e9 5275 | ffff 488d | 8424 e803 | 0000 4889 

  0x000077163cbe5ff4: ;   {runtime_call monitorexit_nofpu Runtime1 stub}
  0x000077163cbe5ff4: 0424 e885 | fc12 07e9 | 6975 ffff | 488d 8424 | d803 0000 | 4889 0424 

  0x000077163cbe600c: ;   {runtime_call monitorexit_nofpu Runtime1 stub}
  0x000077163cbe600c: e86f fc12 | 07e9 5b76 | ffff 4889 

  0x000077163cbe6018: ;   {runtime_call throw_class_cast_exception Runtime1 stub}
  0x000077163cbe6018: 1424 e861 

  0x000077163cbe601c: ; ImmutableOopMap {[224]=Oop [232]=Oop [240]=Oop [256]=Oop [280]=Oop [312]=Oop [344]=Oop [360]=Oop [368]=Oop [424]=Oop [432]=Oop [448]=Oop }
                      ;*checkcast {reexecute=0 rethrow=0 return_oop=0}
                      ; - org.apache.xalan.transformer.TransformerImpl::getMode@21 (line 3195)
                      ; - org.apache.xalan.templates.ElemApplyTemplates::transformSelectedNodes@389 (line 294)
                      ;   {runtime_call throw_null_pointer_exception Runtime1 stub}
  0x000077163cbe601c: e712 07e8 

  0x000077163cbe6020: ; ImmutableOopMap {rsi=Oop rcx=Oop r8=Oop [224]=Oop [232]=Oop [240]=Oop [256]=Oop [280]=Oop [312]=Oop [344]=Oop [360]=Oop [368]=Oop [424]=Oop [432]=Oop }
                      ;*invokevirtual getTemplateFast {reexecute=0 rethrow=0 return_oop=0}
                      ; - org.apache.xalan.templates.ElemApplyTemplates::transformSelectedNodes@408 (line 296)
  0x000077163cbe6020: 5cba 1207 

  0x000077163cbe6024: ;   {metadata({method} {0x00006a6914656158} 'pushPairCurrentMatched' '(Lorg/apache/xalan/templates/ElemTemplateElement;I)V' in 'org/apache/xalan/transformer/TransformerImpl')}
  0x000077163cbe6024: 49ba 5861 | 6514 696a | 0000 4c89 | 5424 0848 | c704 24ff 

  0x000077163cbe6038: ;   {runtime_call counter_overflow Runtime1 stub}
  0x000077163cbe6038: ffff ffe8 

  0x000077163cbe603c: ; ImmutableOopMap {rdx=Oop rax=Oop rbx=Oop [224]=Oop [232]=Oop [240]=Oop [256]=Oop [280]=Oop [312]=Oop [344]=Oop [360]=Oop [368]=Oop [424]=Oop [432]=Oop [448]=Oop [496]=Oop }
                      ;*synchronization entry
                      ; - org.apache.xalan.transformer.TransformerImpl::pushPairCurrentMatched@-1 (line 2729)
                      ; - org.apache.xalan.templates.ElemApplyTemplates::transformSelectedNodes@498 (line 315)
  0x000077163cbe603c: 4021 1307 | e954 79ff 

  0x000077163cbe6044: ;   {runtime_call throw_null_pointer_exception Runtime1 stub}
  0x000077163cbe6044: ffe8 36ba 

  0x000077163cbe6048: ; ImmutableOopMap {rdx=Oop rax=Oop rbx=Oop rcx=Oop [224]=Oop [232]=Oop [240]=Oop [256]=Oop [280]=Oop [312]=Oop [344]=Oop [360]=Oop [368]=Oop [424]=Oop [432]=Oop [448]=Oop [496]=Oop }
                      ;*invokevirtual push {reexecute=0 rethrow=0 return_oop=0}
                      ; - org.apache.xalan.transformer.TransformerImpl::pushPairCurrentMatched@5 (line 2729)
                      ; - org.apache.xalan.templates.ElemApplyTemplates::transformSelectedNodes@498 (line 315)
                      ;   {metadata({method} {0x00006a69141ac168} 'push' '(Ljava/lang/Object;)Ljava/lang/Object;' in 'java/util/Stack')}
  0x000077163cbe6048: 1207 49ba | 68c1 1a14 | 696a 0000 | 4c89 5424 | 0848 c704 | 24ff ffff 

  0x000077163cbe6060: ;   {runtime_call counter_overflow Runtime1 stub}
  0x000077163cbe6060: ffe8 1a21 

  0x000077163cbe6064: ; ImmutableOopMap {rdx=Oop rax=Oop rbx=Oop rcx=Oop [224]=Oop [232]=Oop [240]=Oop [256]=Oop [280]=Oop [312]=Oop [344]=Oop [360]=Oop [368]=Oop [424]=Oop [432]=Oop [448]=Oop [496]=Oop }
                      ;*synchronization entry
                      ; - java.util.Stack::push@-1 (line 68)
                      ; - org.apache.xalan.transformer.TransformerImpl::pushPairCurrentMatched@5 (line 2729)
                      ; - org.apache.xalan.templates.ElemApplyTemplates::transformSelectedNodes@498 (line 315)
  0x000077163cbe6064: 1307 e975 | 79ff ff48 | 894c 2408 | 4889 3424 

  0x000077163cbe6074: ;   {runtime_call monitorenter_nofpu Runtime1 stub}
  0x000077163cbe6074: e807 f612 

  0x000077163cbe6078: ; ImmutableOopMap {rdx=Oop rbx=Oop rcx=Oop [224]=Oop [232]=Oop [240]=Oop [256]=Oop [280]=Oop [312]=Oop [344]=Oop [360]=Oop [368]=Oop [424]=Oop [432]=Oop [448]=Oop [496]=Oop [992]=Oop }
                      ;*synchronization entry
                      ; - java.util.Vector::addElement@-1 (line 616)
                      ; - java.util.Stack::push@2 (line 68)
                      ; - org.apache.xalan.transformer.TransformerImpl::pushPairCurrentMatched@5 (line 2729)
                      ; - org.apache.xalan.templates.ElemApplyTemplates::transformSelectedNodes@498 (line 315)
  0x000077163cbe6078: 07e9 2f7a 

  0x000077163cbe607c: ;   {metadata({method} {0x00006a6914100bf8} 'addElement' '(Ljava/lang/Object;)V' in 'java/util/Vector')}
  0x000077163cbe607c: ffff 49ba | f80b 1014 | 696a 0000 | 4c89 5424 | 0848 c704 | 24ff ffff 

  0x000077163cbe6094: ;   {runtime_call counter_overflow Runtime1 stub}
  0x000077163cbe6094: ffe8 e620 

  0x000077163cbe6098: ; ImmutableOopMap {rdx=Oop rbx=Oop rcx=Oop [224]=Oop [232]=Oop [240]=Oop [256]=Oop [280]=Oop [312]=Oop [344]=Oop [360]=Oop [368]=Oop [424]=Oop [432]=Oop [448]=Oop [496]=Oop [992]=Oop }
                      ;*synchronization entry
                      ; - java.util.Vector::addElement@-1 (line 616)
                      ; - java.util.Stack::push@2 (line 68)
                      ; - org.apache.xalan.transformer.TransformerImpl::pushPairCurrentMatched@5 (line 2729)
                      ; - org.apache.xalan.templates.ElemApplyTemplates::transformSelectedNodes@498 (line 315)
  0x000077163cbe6098: 1307 e934 

  0x000077163cbe609c: ;   {metadata({method} {0x00006a69141014f0} 'add' '(Ljava/lang/Object;[Ljava/lang/Object;I)V' in 'java/util/Vector')}
  0x000077163cbe609c: 7aff ff49 | baf0 1410 | 1469 6a00 | 004c 8954 | 2408 48c7 | 0424 ffff 

  0x000077163cbe60b4: ;   {runtime_call counter_overflow Runtime1 stub}
  0x000077163cbe60b4: ffff e8c5 

  0x000077163cbe60b8: ; ImmutableOopMap {rdx=Oop rbx=Oop rcx=Oop rsi=Oop [224]=Oop [232]=Oop [240]=Oop [256]=Oop [280]=Oop [312]=Oop [344]=Oop [360]=Oop [368]=Oop [424]=Oop [432]=Oop [448]=Oop [496]=Oop [992]=Oop }
                      ;*synchronization entry
                      ; - java.util.Vector::add@-1 (line 781)
                      ; - java.util.Vector::addElement@20 (line 617)
                      ; - java.util.Stack::push@2 (line 68)
                      ; - org.apache.xalan.transformer.TransformerImpl::pushPairCurrentMatched@5 (line 2729)
                      ; - org.apache.xalan.templates.ElemApplyTemplates::transformSelectedNodes@498 (line 315)
  0x000077163cbe60b8: 2013 07e9 | 627a ffff 

  0x000077163cbe60c0: ;   {runtime_call throw_null_pointer_exception Runtime1 stub}
  0x000077163cbe60c0: e8bb b912 

  0x000077163cbe60c4: ; ImmutableOopMap {rdx=Oop rbx=Oop rcx=Oop rsi=Oop [224]=Oop [232]=Oop [240]=Oop [256]=Oop [280]=Oop [312]=Oop [344]=Oop [360]=Oop [368]=Oop [424]=Oop [432]=Oop [448]=Oop [496]=Oop [992]=Oop }
                      ;*arraylength {reexecute=0 rethrow=0 return_oop=0}
                      ; - java.util.Vector::add@2 (line 781)
                      ; - java.util.Vector::addElement@20 (line 617)
                      ; - java.util.Stack::push@2 (line 68)
                      ; - org.apache.xalan.transformer.TransformerImpl::pushPairCurrentMatched@5 (line 2729)
                      ; - org.apache.xalan.templates.ElemApplyTemplates::transformSelectedNodes@498 (line 315)
                      ;   {metadata({method} {0x00006a69140ffbd0} 'grow' '()[Ljava/lang/Object;' in 'java/util/Vector')}
  0x000077163cbe60c4: 0749 bad0 | fb0f 1469 | 6a00 004c | 8954 2408 | 48c7 0424 | ffff ffff 

  0x000077163cbe60dc: ;   {runtime_call counter_overflow Runtime1 stub}
  0x000077163cbe60dc: e89f 2013 

  0x000077163cbe60e0: ; ImmutableOopMap {rcx=Oop [224]=Oop [232]=Oop [240]=Oop [256]=Oop [280]=Oop [312]=Oop [344]=Oop [360]=Oop [368]=Oop [424]=Oop [432]=Oop [448]=Oop [480]=Oop [496]=Oop [992]=Oop }
                      ;*synchronization entry
                      ; - java.util.Vector::grow@-1 (line 266)
                      ; - java.util.Vector::add@7 (line 782)
                      ; - java.util.Vector::addElement@20 (line 617)
                      ; - java.util.Stack::push@2 (line 68)
                      ; - org.apache.xalan.transformer.TransformerImpl::pushPairCurrentMatched@5 (line 2729)
                      ; - org.apache.xalan.templates.ElemApplyTemplates::transformSelectedNodes@498 (line 315)
  0x000077163cbe60e0: 07e9 b87a 

  0x000077163cbe60e4: ;   {runtime_call throw_null_pointer_exception Runtime1 stub}
  0x000077163cbe60e4: ffff e895 

  0x000077163cbe60e8: ; ImmutableOopMap {rsi=Oop rcx=Oop rbx=Oop [224]=Oop [232]=Oop [240]=Oop [256]=Oop [280]=Oop [312]=Oop [344]=Oop [360]=Oop [368]=Oop [424]=Oop [432]=Oop [448]=Oop [496]=Oop [992]=Oop }
                      ;*aastore {reexecute=1 rethrow=0 return_oop=0}
                      ; - (reexecute) java.util.Vector::add@14 (line 783)
                      ; - java.util.Vector::addElement@20 (line 617)
                      ; - java.util.Stack::push@2 (line 68)
                      ; - org.apache.xalan.transformer.TransformerImpl::pushPairCurrentMatched@5 (line 2729)
                      ; - org.apache.xalan.templates.ElemApplyTemplates::transformSelectedNodes@498 (line 315)
                      ;   {runtime_call throw_null_pointer_exception Runtime1 stub}
  0x000077163cbe60e8: b912 07e8 

  0x000077163cbe60ec: ; ImmutableOopMap {rsi=Oop rcx=Oop rbx=Oop [224]=Oop [232]=Oop [240]=Oop [256]=Oop [280]=Oop [312]=Oop [344]=Oop [360]=Oop [368]=Oop [424]=Oop [432]=Oop [448]=Oop [496]=Oop [992]=Oop }
                      ;*aastore {reexecute=1 rethrow=0 return_oop=0}
                      ; - (reexecute) java.util.Vector::add@14 (line 783)
                      ; - java.util.Vector::addElement@20 (line 617)
                      ; - java.util.Stack::push@2 (line 68)
                      ; - org.apache.xalan.transformer.TransformerImpl::pushPairCurrentMatched@5 (line 2729)
                      ; - org.apache.xalan.templates.ElemApplyTemplates::transformSelectedNodes@498 (line 315)
  0x000077163cbe60ec: 90b9 1207 | 4889 0424 | 4889 7424 

  0x000077163cbe60f8: ;   {runtime_call throw_range_check_failed Runtime1 stub}
  0x000077163cbe60f8: 08e8 82b0 

  0x000077163cbe60fc: ; ImmutableOopMap {rsi=Oop rcx=Oop rbx=Oop [224]=Oop [232]=Oop [240]=Oop [256]=Oop [280]=Oop [312]=Oop [344]=Oop [360]=Oop [368]=Oop [424]=Oop [432]=Oop [448]=Oop [496]=Oop [992]=Oop }
                      ;*aastore {reexecute=1 rethrow=0 return_oop=0}
                      ; - (reexecute) java.util.Vector::add@14 (line 783)
                      ; - java.util.Vector::addElement@20 (line 617)
                      ; - java.util.Stack::push@2 (line 68)
                      ; - org.apache.xalan.transformer.TransformerImpl::pushPairCurrentMatched@5 (line 2729)
                      ; - org.apache.xalan.templates.ElemApplyTemplates::transformSelectedNodes@498 (line 315)
                      ;   {runtime_call throw_null_pointer_exception Runtime1 stub}
  0x000077163cbe60fc: 1207 e87d 

  0x000077163cbe6100: ; ImmutableOopMap {rsi=Oop rcx=Oop rbx=Oop [224]=Oop [232]=Oop [240]=Oop [256]=Oop [280]=Oop [312]=Oop [344]=Oop [360]=Oop [368]=Oop [424]=Oop [432]=Oop [448]=Oop [496]=Oop [992]=Oop }
                      ;*aastore {reexecute=1 rethrow=0 return_oop=0}
                      ; - (reexecute) java.util.Vector::add@14 (line 783)
                      ; - java.util.Vector::addElement@20 (line 617)
                      ; - java.util.Stack::push@2 (line 68)
                      ; - org.apache.xalan.transformer.TransformerImpl::pushPairCurrentMatched@5 (line 2729)
                      ; - org.apache.xalan.templates.ElemApplyTemplates::transformSelectedNodes@498 (line 315)
  0x000077163cbe6100: b912 0748 

  0x000077163cbe6104: ;   {runtime_call throw_array_store_exception Runtime1 stub}
  0x000077163cbe6104: 891c 24e8 

  0x000077163cbe6108: ; ImmutableOopMap {rsi=Oop rcx=Oop rbx=Oop [224]=Oop [232]=Oop [240]=Oop [256]=Oop [280]=Oop [312]=Oop [344]=Oop [360]=Oop [368]=Oop [424]=Oop [432]=Oop [448]=Oop [496]=Oop [992]=Oop }
                      ;*aastore {reexecute=1 rethrow=0 return_oop=0}
                      ; - (reexecute) java.util.Vector::add@14 (line 783)
                      ; - java.util.Vector::addElement@20 (line 617)
                      ; - java.util.Stack::push@2 (line 68)
                      ; - org.apache.xalan.transformer.TransformerImpl::pushPairCurrentMatched@5 (line 2729)
                      ; - org.apache.xalan.templates.ElemApplyTemplates::transformSelectedNodes@498 (line 315)
  0x000077163cbe6108: 74e3 1207 | 488d 8424 | d803 0000 | 4889 0424 

  0x000077163cbe6118: ;   {runtime_call monitorexit_nofpu Runtime1 stub}
  0x000077163cbe6118: e863 fb12 | 07e9 2c7c 

  0x000077163cbe6120: ;   {runtime_call throw_null_pointer_exception Runtime1 stub}
  0x000077163cbe6120: ffff e859 

  0x000077163cbe6124: ; ImmutableOopMap {rdx=Oop rsi=Oop [224]=Oop [232]=Oop [240]=Oop [256]=Oop [280]=Oop [312]=Oop [344]=Oop [360]=Oop [368]=Oop [424]=Oop [432]=Oop [448]=Oop [496]=Oop }
                      ;*invokevirtual push {reexecute=0 rethrow=0 return_oop=0}
                      ; - org.apache.xalan.transformer.TransformerImpl::pushPairCurrentMatched@14 (line 2730)
                      ; - org.apache.xalan.templates.ElemApplyTemplates::transformSelectedNodes@498 (line 315)
                      ;   {metadata({method} {0x00006a6914655d20} 'setCurrentElement' '(Lorg/apache/xalan/templates/ElemTemplateElement;)V' in 'org/apache/xalan/transformer/TransformerImpl')}
  0x000077163cbe6124: b912 0749 | ba20 5d65 | 1469 6a00 | 004c 8954 | 2408 48c7 | 0424 ffff 

  0x000077163cbe613c: ;   {runtime_call counter_overflow Runtime1 stub}
  0x000077163cbe613c: ffff e83d 

  0x000077163cbe6140: ; ImmutableOopMap {rdx=Oop rax=Oop rsi=Oop [224]=Oop [232]=Oop [240]=Oop [256]=Oop [280]=Oop [312]=Oop [344]=Oop [360]=Oop [368]=Oop [424]=Oop [432]=Oop [448]=Oop [496]=Oop }
                      ;*synchronization entry
                      ; - org.apache.xalan.transformer.TransformerImpl::setCurrentElement@-1 (line 2644)
                      ; - org.apache.xalan.templates.ElemApplyTemplates::transformSelectedNodes@507 (line 316)
  0x000077163cbe6140: 2013 07e9 | ab7c ffff 

  0x000077163cbe6148: ;   {runtime_call throw_null_pointer_exception Runtime1 stub}
  0x000077163cbe6148: e833 b912 

  0x000077163cbe614c: ; ImmutableOopMap {rdx=Oop rax=Oop rsi=Oop rdi=Oop [224]=Oop [232]=Oop [240]=Oop [256]=Oop [280]=Oop [312]=Oop [344]=Oop [360]=Oop [368]=Oop [424]=Oop [432]=Oop [448]=Oop [496]=Oop }
                      ;*invokevirtual setTop {reexecute=0 rethrow=0 return_oop=0}
                      ; - org.apache.xalan.transformer.TransformerImpl::setCurrentElement@5 (line 2644)
                      ; - org.apache.xalan.templates.ElemApplyTemplates::transformSelectedNodes@507 (line 316)
                      ;   {metadata({method} {0x00006a691476b150} 'setTop' '(Ljava/lang/Object;)V' in 'org/apache/xml/utils/ObjectStack')}
  0x000077163cbe614c: 0749 ba50 | b176 1469 | 6a00 004c | 8954 2408 | 48c7 0424 | ffff ffff 

  0x000077163cbe6164: ;   {runtime_call counter_overflow Runtime1 stub}
  0x000077163cbe6164: e817 2013 

  0x000077163cbe6168: ; ImmutableOopMap {rdx=Oop rax=Oop rsi=Oop rdi=Oop [224]=Oop [232]=Oop [240]=Oop [256]=Oop [280]=Oop [312]=Oop [344]=Oop [360]=Oop [368]=Oop [424]=Oop [432]=Oop [448]=Oop [496]=Oop }
                      ;*synchronization entry
                      ; - org.apache.xml.utils.ObjectStack::setTop@-1 (line 162)
                      ; - org.apache.xalan.transformer.TransformerImpl::setCurrentElement@5 (line 2644)
                      ; - org.apache.xalan.templates.ElemApplyTemplates::transformSelectedNodes@507 (line 316)
  0x000077163cbe6168: 07e9 c77c 

  0x000077163cbe616c: ;   {runtime_call throw_null_pointer_exception Runtime1 stub}
  0x000077163cbe616c: ffff e80d 

  0x000077163cbe6170: ; ImmutableOopMap {rdx=Oop rax=Oop rsi=Oop rbx=Oop [224]=Oop [232]=Oop [240]=Oop [256]=Oop [280]=Oop [312]=Oop [344]=Oop [360]=Oop [368]=Oop [424]=Oop [432]=Oop [448]=Oop [496]=Oop }
                      ;*aastore {reexecute=1 rethrow=0 return_oop=0}
                      ; - (reexecute) org.apache.xml.utils.ObjectStack::setTop@11 (line 162)
                      ; - org.apache.xalan.transformer.TransformerImpl::setCurrentElement@5 (line 2644)
                      ; - org.apache.xalan.templates.ElemApplyTemplates::transformSelectedNodes@507 (line 316)
                      ;   {runtime_call throw_null_pointer_exception Runtime1 stub}
  0x000077163cbe6170: b912 07e8 

  0x000077163cbe6174: ; ImmutableOopMap {rdx=Oop rax=Oop rsi=Oop rbx=Oop [224]=Oop [232]=Oop [240]=Oop [256]=Oop [280]=Oop [312]=Oop [344]=Oop [360]=Oop [368]=Oop [424]=Oop [432]=Oop [448]=Oop [496]=Oop }
                      ;*aastore {reexecute=1 rethrow=0 return_oop=0}
                      ; - (reexecute) org.apache.xml.utils.ObjectStack::setTop@11 (line 162)
                      ; - org.apache.xalan.transformer.TransformerImpl::setCurrentElement@5 (line 2644)
                      ; - org.apache.xalan.templates.ElemApplyTemplates::transformSelectedNodes@507 (line 316)
  0x000077163cbe6174: 08b9 1207 | 4889 3c24 | 4889 5c24 

  0x000077163cbe6180: ;   {runtime_call throw_range_check_failed Runtime1 stub}
  0x000077163cbe6180: 08e8 faaf 

  0x000077163cbe6184: ; ImmutableOopMap {rdx=Oop rax=Oop rsi=Oop rbx=Oop [224]=Oop [232]=Oop [240]=Oop [256]=Oop [280]=Oop [312]=Oop [344]=Oop [360]=Oop [368]=Oop [424]=Oop [432]=Oop [448]=Oop [496]=Oop }
                      ;*aastore {reexecute=1 rethrow=0 return_oop=0}
                      ; - (reexecute) org.apache.xml.utils.ObjectStack::setTop@11 (line 162)
                      ; - org.apache.xalan.transformer.TransformerImpl::setCurrentElement@5 (line 2644)
                      ; - org.apache.xalan.templates.ElemApplyTemplates::transformSelectedNodes@507 (line 316)
                      ;   {runtime_call throw_null_pointer_exception Runtime1 stub}
  0x000077163cbe6184: 1207 e8f5 

  0x000077163cbe6188: ; ImmutableOopMap {rdx=Oop rax=Oop rsi=Oop rbx=Oop [224]=Oop [232]=Oop [240]=Oop [256]=Oop [280]=Oop [312]=Oop [344]=Oop [360]=Oop [368]=Oop [424]=Oop [432]=Oop [448]=Oop [496]=Oop }
                      ;*aastore {reexecute=1 rethrow=0 return_oop=0}
                      ; - (reexecute) org.apache.xml.utils.ObjectStack::setTop@11 (line 162)
                      ; - org.apache.xalan.transformer.TransformerImpl::setCurrentElement@5 (line 2644)
                      ; - org.apache.xalan.templates.ElemApplyTemplates::transformSelectedNodes@507 (line 316)
  0x000077163cbe6188: b812 0748 

  0x000077163cbe618c: ;   {runtime_call throw_array_store_exception Runtime1 stub}
  0x000077163cbe618c: 8934 24e8 

  0x000077163cbe6190: ; ImmutableOopMap {rdx=Oop rax=Oop rsi=Oop rbx=Oop [224]=Oop [232]=Oop [240]=Oop [256]=Oop [280]=Oop [312]=Oop [344]=Oop [360]=Oop [368]=Oop [424]=Oop [432]=Oop [448]=Oop [496]=Oop }
                      ;*aastore {reexecute=1 rethrow=0 return_oop=0}
                      ; - (reexecute) org.apache.xml.utils.ObjectStack::setTop@11 (line 162)
                      ; - org.apache.xalan.transformer.TransformerImpl::setCurrentElement@5 (line 2644)
                      ; - org.apache.xalan.templates.ElemApplyTemplates::transformSelectedNodes@507 (line 316)
  0x000077163cbe6190: ece2 1207 

  0x000077163cbe6194: ;   {metadata({method} {0x00006a6914655d20} 'setCurrentElement' '(Lorg/apache/xalan/templates/ElemTemplateElement;)V' in 'org/apache/xalan/transformer/TransformerImpl')}
  0x000077163cbe6194: 49ba 205d | 6514 696a | 0000 4c89 | 5424 0848 | c704 24ff 

  0x000077163cbe61a8: ;   {runtime_call counter_overflow Runtime1 stub}
  0x000077163cbe61a8: ffff ffe8 

  0x000077163cbe61ac: ; ImmutableOopMap {rdx=Oop rax=Oop rdi=Oop [224]=Oop [232]=Oop [240]=Oop [256]=Oop [280]=Oop [312]=Oop [344]=Oop [360]=Oop [368]=Oop [424]=Oop [432]=Oop [448]=Oop [496]=Oop }
                      ;*synchronization entry
                      ; - org.apache.xalan.transformer.TransformerImpl::setCurrentElement@-1 (line 2644)
                      ; - org.apache.xalan.templates.ElemApplyTemplates::transformSelectedNodes@545 (line 332)
  0x000077163cbe61ac: d01f 1307 | e991 7eff 

  0x000077163cbe61b4: ;   {runtime_call throw_null_pointer_exception Runtime1 stub}
  0x000077163cbe61b4: ffe8 c6b8 

  0x000077163cbe61b8: ; ImmutableOopMap {rdx=Oop rax=Oop rdi=Oop rsi=Oop [224]=Oop [232]=Oop [240]=Oop [256]=Oop [280]=Oop [312]=Oop [344]=Oop [360]=Oop [368]=Oop [424]=Oop [432]=Oop [448]=Oop [496]=Oop }
                      ;*invokevirtual setTop {reexecute=0 rethrow=0 return_oop=0}
                      ; - org.apache.xalan.transformer.TransformerImpl::setCurrentElement@5 (line 2644)
                      ; - org.apache.xalan.templates.ElemApplyTemplates::transformSelectedNodes@545 (line 332)
                      ;   {metadata({method} {0x00006a691476b150} 'setTop' '(Ljava/lang/Object;)V' in 'org/apache/xml/utils/ObjectStack')}
  0x000077163cbe61b8: 1207 49ba | 50b1 7614 | 696a 0000 | 4c89 5424 | 0848 c704 | 24ff ffff 

  0x000077163cbe61d0: ;   {runtime_call counter_overflow Runtime1 stub}
  0x000077163cbe61d0: ffe8 aa1f 

  0x000077163cbe61d4: ; ImmutableOopMap {rdx=Oop rax=Oop rdi=Oop rsi=Oop [224]=Oop [232]=Oop [240]=Oop [256]=Oop [280]=Oop [312]=Oop [344]=Oop [360]=Oop [368]=Oop [424]=Oop [432]=Oop [448]=Oop [496]=Oop }
                      ;*synchronization entry
                      ; - org.apache.xml.utils.ObjectStack::setTop@-1 (line 162)
                      ; - org.apache.xalan.transformer.TransformerImpl::setCurrentElement@5 (line 2644)
                      ; - org.apache.xalan.templates.ElemApplyTemplates::transformSelectedNodes@545 (line 332)
  0x000077163cbe61d4: 1307 e9ad 

  0x000077163cbe61d8: ;   {runtime_call throw_null_pointer_exception Runtime1 stub}
  0x000077163cbe61d8: 7eff ffe8 

  0x000077163cbe61dc: ; ImmutableOopMap {rdx=Oop rax=Oop rdi=Oop rbx=Oop [224]=Oop [232]=Oop [240]=Oop [256]=Oop [280]=Oop [312]=Oop [344]=Oop [360]=Oop [368]=Oop [424]=Oop [432]=Oop [448]=Oop [496]=Oop }
                      ;*aastore {reexecute=1 rethrow=0 return_oop=0}
                      ; - (reexecute) org.apache.xml.utils.ObjectStack::setTop@11 (line 162)
                      ; - org.apache.xalan.transformer.TransformerImpl::setCurrentElement@5 (line 2644)
                      ; - org.apache.xalan.templates.ElemApplyTemplates::transformSelectedNodes@545 (line 332)
  0x000077163cbe61dc: a0b8 1207 

  0x000077163cbe61e0: ;   {runtime_call throw_null_pointer_exception Runtime1 stub}
  0x000077163cbe61e0: e89b b812 

  0x000077163cbe61e4: ; ImmutableOopMap {rdx=Oop rax=Oop rdi=Oop rbx=Oop [224]=Oop [232]=Oop [240]=Oop [256]=Oop [280]=Oop [312]=Oop [344]=Oop [360]=Oop [368]=Oop [424]=Oop [432]=Oop [448]=Oop [496]=Oop }
                      ;*aastore {reexecute=1 rethrow=0 return_oop=0}
                      ; - (reexecute) org.apache.xml.utils.ObjectStack::setTop@11 (line 162)
                      ; - org.apache.xalan.transformer.TransformerImpl::setCurrentElement@5 (line 2644)
                      ; - org.apache.xalan.templates.ElemApplyTemplates::transformSelectedNodes@545 (line 332)
  0x000077163cbe61e4: 0748 8934 | 2448 895c 

  0x000077163cbe61ec: ;   {runtime_call throw_range_check_failed Runtime1 stub}
  0x000077163cbe61ec: 2408 e88d 

  0x000077163cbe61f0: ; ImmutableOopMap {rdx=Oop rax=Oop rdi=Oop rbx=Oop [224]=Oop [232]=Oop [240]=Oop [256]=Oop [280]=Oop [312]=Oop [344]=Oop [360]=Oop [368]=Oop [424]=Oop [432]=Oop [448]=Oop [496]=Oop }
                      ;*aastore {reexecute=1 rethrow=0 return_oop=0}
                      ; - (reexecute) org.apache.xml.utils.ObjectStack::setTop@11 (line 162)
                      ; - org.apache.xalan.transformer.TransformerImpl::setCurrentElement@5 (line 2644)
                      ; - org.apache.xalan.templates.ElemApplyTemplates::transformSelectedNodes@545 (line 332)
                      ;   {runtime_call throw_null_pointer_exception Runtime1 stub}
  0x000077163cbe61f0: af12 07e8 

  0x000077163cbe61f4: ; ImmutableOopMap {rdx=Oop rax=Oop rdi=Oop rbx=Oop [224]=Oop [232]=Oop [240]=Oop [256]=Oop [280]=Oop [312]=Oop [344]=Oop [360]=Oop [368]=Oop [424]=Oop [432]=Oop [448]=Oop [496]=Oop }
                      ;*aastore {reexecute=1 rethrow=0 return_oop=0}
                      ; - (reexecute) org.apache.xml.utils.ObjectStack::setTop@11 (line 162)
                      ; - org.apache.xalan.transformer.TransformerImpl::setCurrentElement@5 (line 2644)
                      ; - org.apache.xalan.templates.ElemApplyTemplates::transformSelectedNodes@545 (line 332)
  0x000077163cbe61f4: 88b8 1207 | 4889 3c24 

  0x000077163cbe61fc: ;   {runtime_call throw_array_store_exception Runtime1 stub}
  0x000077163cbe61fc: e87f e212 

  0x000077163cbe6200: ; ImmutableOopMap {rdx=Oop rax=Oop rdi=Oop rbx=Oop [224]=Oop [232]=Oop [240]=Oop [256]=Oop [280]=Oop [312]=Oop [344]=Oop [360]=Oop [368]=Oop [424]=Oop [432]=Oop [448]=Oop [496]=Oop }
                      ;*aastore {reexecute=1 rethrow=0 return_oop=0}
                      ; - (reexecute) org.apache.xml.utils.ObjectStack::setTop@11 (line 162)
                      ; - org.apache.xalan.transformer.TransformerImpl::setCurrentElement@5 (line 2644)
                      ; - org.apache.xalan.templates.ElemApplyTemplates::transformSelectedNodes@545 (line 332)
                      ;   {metadata({method} {0x00006a6914656158} 'pushPairCurrentMatched' '(Lorg/apache/xalan/templates/ElemTemplateElement;I)V' in 'org/apache/xalan/transformer/TransformerImpl')}
  0x000077163cbe6200: 0749 ba58 | 6165 1469 | 6a00 004c | 8954 2408 | 48c7 0424 | ffff ffff 

  0x000077163cbe6218: ;   {runtime_call counter_overflow Runtime1 stub}
  0x000077163cbe6218: e863 1f13 

  0x000077163cbe621c: ; ImmutableOopMap {rdx=Oop rsi=Oop [224]=Oop [232]=Oop [240]=Oop [256]=Oop [280]=Oop [312]=Oop [344]=Oop [360]=Oop [368]=Oop [424]=Oop [432]=Oop [448]=Oop }
                      ;*synchronization entry
                      ; - org.apache.xalan.transformer.TransformerImpl::pushPairCurrentMatched@-1 (line 2729)
                      ; - org.apache.xalan.templates.ElemApplyTemplates::transformSelectedNodes@553 (line 335)
  0x000077163cbe621c: 07e9 ea7f 

  0x000077163cbe6220: ;   {runtime_call throw_null_pointer_exception Runtime1 stub}
  0x000077163cbe6220: ffff e859 

  0x000077163cbe6224: ; ImmutableOopMap {rdx=Oop rsi=Oop rdi=Oop [224]=Oop [232]=Oop [240]=Oop [256]=Oop [280]=Oop [312]=Oop [344]=Oop [360]=Oop [368]=Oop [424]=Oop [432]=Oop [448]=Oop }
                      ;*invokevirtual push {reexecute=0 rethrow=0 return_oop=0}
                      ; - org.apache.xalan.transformer.TransformerImpl::pushPairCurrentMatched@5 (line 2729)
                      ; - org.apache.xalan.templates.ElemApplyTemplates::transformSelectedNodes@553 (line 335)
                      ;   {metadata({method} {0x00006a69141ac168} 'push' '(Ljava/lang/Object;)Ljava/lang/Object;' in 'java/util/Stack')}
  0x000077163cbe6224: b812 0749 | ba68 c11a | 1469 6a00 | 004c 8954 | 2408 48c7 | 0424 ffff 

  0x000077163cbe623c: ;   {runtime_call counter_overflow Runtime1 stub}
  0x000077163cbe623c: ffff e83d 

  0x000077163cbe6240: ; ImmutableOopMap {rdx=Oop rsi=Oop rdi=Oop [224]=Oop [232]=Oop [240]=Oop [256]=Oop [280]=Oop [312]=Oop [344]=Oop [360]=Oop [368]=Oop [424]=Oop [432]=Oop [448]=Oop }
                      ;*synchronization entry
                      ; - java.util.Stack::push@-1 (line 68)
                      ; - org.apache.xalan.transformer.TransformerImpl::pushPairCurrentMatched@5 (line 2729)
                      ; - org.apache.xalan.templates.ElemApplyTemplates::transformSelectedNodes@553 (line 335)
  0x000077163cbe6240: 1f13 07e9 | 0680 ffff | 4889 7c24 | 0848 891c 

  0x000077163cbe6250: ;   {runtime_call monitorenter_nofpu Runtime1 stub}
  0x000077163cbe6250: 24e8 2af4 

  0x000077163cbe6254: ; ImmutableOopMap {rdx=Oop rsi=Oop rdi=Oop [224]=Oop [232]=Oop [240]=Oop [256]=Oop [280]=Oop [312]=Oop [344]=Oop [360]=Oop [368]=Oop [424]=Oop [432]=Oop [448]=Oop [992]=Oop }
                      ;*synchronization entry
                      ; - java.util.Vector::addElement@-1 (line 616)
                      ; - java.util.Stack::push@2 (line 68)
                      ; - org.apache.xalan.transformer.TransformerImpl::pushPairCurrentMatched@5 (line 2729)
                      ; - org.apache.xalan.templates.ElemApplyTemplates::transformSelectedNodes@553 (line 335)
  0x000077163cbe6254: 1207 e9c0 

  0x000077163cbe6258: ;   {metadata({method} {0x00006a6914100bf8} 'addElement' '(Ljava/lang/Object;)V' in 'java/util/Vector')}
  0x000077163cbe6258: 80ff ff49 | baf8 0b10 | 1469 6a00 | 004c 8954 | 2408 48c7 | 0424 ffff 

  0x000077163cbe6270: ;   {runtime_call counter_overflow Runtime1 stub}
  0x000077163cbe6270: ffff e809 

  0x000077163cbe6274: ; ImmutableOopMap {rdx=Oop rsi=Oop rdi=Oop [224]=Oop [232]=Oop [240]=Oop [256]=Oop [280]=Oop [312]=Oop [344]=Oop [360]=Oop [368]=Oop [424]=Oop [432]=Oop [448]=Oop [992]=Oop }
                      ;*synchronization entry
                      ; - java.util.Vector::addElement@-1 (line 616)
                      ; - java.util.Stack::push@2 (line 68)
                      ; - org.apache.xalan.transformer.TransformerImpl::pushPairCurrentMatched@5 (line 2729)
                      ; - org.apache.xalan.templates.ElemApplyTemplates::transformSelectedNodes@553 (line 335)
  0x000077163cbe6274: 1f13 07e9 | c580 ffff 

  0x000077163cbe627c: ;   {metadata({method} {0x00006a69141014f0} 'add' '(Ljava/lang/Object;[Ljava/lang/Object;I)V' in 'java/util/Vector')}
  0x000077163cbe627c: 49ba f014 | 1014 696a | 0000 4c89 | 5424 0848 | c704 24ff 

  0x000077163cbe6290: ;   {runtime_call counter_overflow Runtime1 stub}
  0x000077163cbe6290: ffff ffe8 

  0x000077163cbe6294: ; ImmutableOopMap {rdx=Oop rsi=Oop rdi=Oop rbx=Oop [224]=Oop [232]=Oop [240]=Oop [256]=Oop [280]=Oop [312]=Oop [344]=Oop [360]=Oop [368]=Oop [424]=Oop [432]=Oop [448]=Oop [992]=Oop }
                      ;*synchronization entry
                      ; - java.util.Vector::add@-1 (line 781)
                      ; - java.util.Vector::addElement@20 (line 617)
                      ; - java.util.Stack::push@2 (line 68)
                      ; - org.apache.xalan.transformer.TransformerImpl::pushPairCurrentMatched@5 (line 2729)
                      ; - org.apache.xalan.templates.ElemApplyTemplates::transformSelectedNodes@553 (line 335)
  0x000077163cbe6294: e81e 1307 | e9f3 80ff 

  0x000077163cbe629c: ;   {runtime_call throw_null_pointer_exception Runtime1 stub}
  0x000077163cbe629c: ffe8 deb7 

  0x000077163cbe62a0: ; ImmutableOopMap {rdx=Oop rsi=Oop rdi=Oop rbx=Oop [224]=Oop [232]=Oop [240]=Oop [256]=Oop [280]=Oop [312]=Oop [344]=Oop [360]=Oop [368]=Oop [424]=Oop [432]=Oop [448]=Oop [992]=Oop }
                      ;*arraylength {reexecute=0 rethrow=0 return_oop=0}
                      ; - java.util.Vector::add@2 (line 781)
                      ; - java.util.Vector::addElement@20 (line 617)
                      ; - java.util.Stack::push@2 (line 68)
                      ; - org.apache.xalan.transformer.TransformerImpl::pushPairCurrentMatched@5 (line 2729)
                      ; - org.apache.xalan.templates.ElemApplyTemplates::transformSelectedNodes@553 (line 335)
                      ;   {metadata({method} {0x00006a69140ffbd0} 'grow' '()[Ljava/lang/Object;' in 'java/util/Vector')}
  0x000077163cbe62a0: 1207 49ba | d0fb 0f14 | 696a 0000 | 4c89 5424 | 0848 c704 | 24ff ffff 

  0x000077163cbe62b8: ;   {runtime_call counter_overflow Runtime1 stub}
  0x000077163cbe62b8: ffe8 c21e 

  0x000077163cbe62bc: ; ImmutableOopMap {rdi=Oop [224]=Oop [232]=Oop [240]=Oop [256]=Oop [280]=Oop [312]=Oop [344]=Oop [360]=Oop [368]=Oop [424]=Oop [432]=Oop [448]=Oop [504]=Oop [992]=Oop }
                      ;*synchronization entry
                      ; - java.util.Vector::grow@-1 (line 266)
                      ; - java.util.Vector::add@7 (line 782)
                      ; - java.util.Vector::addElement@20 (line 617)
                      ; - java.util.Stack::push@2 (line 68)
                      ; - org.apache.xalan.transformer.TransformerImpl::pushPairCurrentMatched@5 (line 2729)
                      ; - org.apache.xalan.templates.ElemApplyTemplates::transformSelectedNodes@553 (line 335)
  0x000077163cbe62bc: 1307 e949 

  0x000077163cbe62c0: ;   {runtime_call throw_null_pointer_exception Runtime1 stub}
  0x000077163cbe62c0: 81ff ffe8 

  0x000077163cbe62c4: ; ImmutableOopMap {rbx=Oop rdi=Oop rsi=Oop [224]=Oop [232]=Oop [240]=Oop [256]=Oop [280]=Oop [312]=Oop [344]=Oop [360]=Oop [368]=Oop [424]=Oop [432]=Oop [448]=Oop [992]=Oop }
                      ;*aastore {reexecute=1 rethrow=0 return_oop=0}
                      ; - (reexecute) java.util.Vector::add@14 (line 783)
                      ; - java.util.Vector::addElement@20 (line 617)
                      ; - java.util.Stack::push@2 (line 68)
                      ; - org.apache.xalan.transformer.TransformerImpl::pushPairCurrentMatched@5 (line 2729)
                      ; - org.apache.xalan.templates.ElemApplyTemplates::transformSelectedNodes@553 (line 335)
  0x000077163cbe62c4: b8b7 1207 

  0x000077163cbe62c8: ;   {runtime_call throw_null_pointer_exception Runtime1 stub}
  0x000077163cbe62c8: e8b3 b712 

  0x000077163cbe62cc: ; ImmutableOopMap {rbx=Oop rdi=Oop rsi=Oop [224]=Oop [232]=Oop [240]=Oop [256]=Oop [280]=Oop [312]=Oop [344]=Oop [360]=Oop [368]=Oop [424]=Oop [432]=Oop [448]=Oop [992]=Oop }
                      ;*aastore {reexecute=1 rethrow=0 return_oop=0}
                      ; - (reexecute) java.util.Vector::add@14 (line 783)
                      ; - java.util.Vector::addElement@20 (line 617)
                      ; - java.util.Stack::push@2 (line 68)
                      ; - org.apache.xalan.transformer.TransformerImpl::pushPairCurrentMatched@5 (line 2729)
                      ; - org.apache.xalan.templates.ElemApplyTemplates::transformSelectedNodes@553 (line 335)
  0x000077163cbe62cc: 0748 8904 | 2448 895c 

  0x000077163cbe62d4: ;   {runtime_call throw_range_check_failed Runtime1 stub}
  0x000077163cbe62d4: 2408 e8a5 

  0x000077163cbe62d8: ; ImmutableOopMap {rbx=Oop rdi=Oop rsi=Oop [224]=Oop [232]=Oop [240]=Oop [256]=Oop [280]=Oop [312]=Oop [344]=Oop [360]=Oop [368]=Oop [424]=Oop [432]=Oop [448]=Oop [992]=Oop }
                      ;*aastore {reexecute=1 rethrow=0 return_oop=0}
                      ; - (reexecute) java.util.Vector::add@14 (line 783)
                      ; - java.util.Vector::addElement@20 (line 617)
                      ; - java.util.Stack::push@2 (line 68)
                      ; - org.apache.xalan.transformer.TransformerImpl::pushPairCurrentMatched@5 (line 2729)
                      ; - org.apache.xalan.templates.ElemApplyTemplates::transformSelectedNodes@553 (line 335)
                      ;   {runtime_call throw_null_pointer_exception Runtime1 stub}
  0x000077163cbe62d8: ae12 07e8 

  0x000077163cbe62dc: ; ImmutableOopMap {rbx=Oop rdi=Oop rsi=Oop [224]=Oop [232]=Oop [240]=Oop [256]=Oop [280]=Oop [312]=Oop [344]=Oop [360]=Oop [368]=Oop [424]=Oop [432]=Oop [448]=Oop [992]=Oop }
                      ;*aastore {reexecute=1 rethrow=0 return_oop=0}
                      ; - (reexecute) java.util.Vector::add@14 (line 783)
                      ; - java.util.Vector::addElement@20 (line 617)
                      ; - java.util.Stack::push@2 (line 68)
                      ; - org.apache.xalan.transformer.TransformerImpl::pushPairCurrentMatched@5 (line 2729)
                      ; - org.apache.xalan.templates.ElemApplyTemplates::transformSelectedNodes@553 (line 335)
  0x000077163cbe62dc: a0b7 1207 | 4889 3424 

  0x000077163cbe62e4: ;   {runtime_call throw_array_store_exception Runtime1 stub}
  0x000077163cbe62e4: e897 e112 

  0x000077163cbe62e8: ; ImmutableOopMap {rbx=Oop rdi=Oop rsi=Oop [224]=Oop [232]=Oop [240]=Oop [256]=Oop [280]=Oop [312]=Oop [344]=Oop [360]=Oop [368]=Oop [424]=Oop [432]=Oop [448]=Oop [992]=Oop }
                      ;*aastore {reexecute=1 rethrow=0 return_oop=0}
                      ; - (reexecute) java.util.Vector::add@14 (line 783)
                      ; - java.util.Vector::addElement@20 (line 617)
                      ; - java.util.Stack::push@2 (line 68)
                      ; - org.apache.xalan.transformer.TransformerImpl::pushPairCurrentMatched@5 (line 2729)
                      ; - org.apache.xalan.templates.ElemApplyTemplates::transformSelectedNodes@553 (line 335)
  0x000077163cbe62e8: 0748 8d84 | 24d8 0300 | 0048 8904 

  0x000077163cbe62f4: ;   {runtime_call monitorexit_nofpu Runtime1 stub}
  0x000077163cbe62f4: 24e8 86f9 | 1207 e9bf 

  0x000077163cbe62fc: ;   {runtime_call throw_null_pointer_exception Runtime1 stub}
  0x000077163cbe62fc: 82ff ffe8 

  0x000077163cbe6300: ; ImmutableOopMap {rdx=Oop rdi=Oop [224]=Oop [232]=Oop [240]=Oop [256]=Oop [280]=Oop [312]=Oop [344]=Oop [360]=Oop [368]=Oop [424]=Oop [432]=Oop [448]=Oop [504]=Oop }
                      ;*invokevirtual push {reexecute=0 rethrow=0 return_oop=0}
                      ; - org.apache.xalan.transformer.TransformerImpl::pushPairCurrentMatched@14 (line 2730)
                      ; - org.apache.xalan.templates.ElemApplyTemplates::transformSelectedNodes@553 (line 335)
  0x000077163cbe6300: 7cb7 1207 

  0x000077163cbe6304: ;   {runtime_call throw_null_pointer_exception Runtime1 stub}
  0x000077163cbe6304: e877 b712 

  0x000077163cbe6308: ; ImmutableOopMap {rsi=Oop [224]=Oop [232]=Oop [240]=Oop [256]=Oop [280]=Oop [312]=Oop [344]=Oop [360]=Oop [368]=Oop [424]=Oop [432]=Oop [448]=Oop }
                      ;*getfield m_frameSize {reexecute=1 rethrow=0 return_oop=0}
                      ; - (reexecute) org.apache.xalan.templates.ElemApplyTemplates::transformSelectedNodes@568 (line 340)
                      ;   {metadata({method} {0x00006a69146a9dd0} 'pushRTFContext' '()V' in 'org/apache/xpath/XPathContext')}
  0x000077163cbe6308: 0749 bad0 | 9d6a 1469 | 6a00 004c | 8954 2408 | 48c7 0424 | ffff ffff 

  0x000077163cbe6320: ;   {runtime_call counter_overflow Runtime1 stub}
  0x000077163cbe6320: e85b 1e13 

  0x000077163cbe6324: ; ImmutableOopMap {rdi=Oop [224]=Oop [232]=Oop [240]=Oop [256]=Oop [280]=Oop [312]=Oop [344]=Oop [360]=Oop [368]=Oop [424]=Oop [432]=Oop [448]=Oop [504]=Oop }
                      ;*synchronization entry
                      ; - org.apache.xpath.XPathContext::pushRTFContext@-1 (line 1273)
                      ; - org.apache.xalan.templates.ElemApplyTemplates::transformSelectedNodes@575 (line 342)
  0x000077163cbe6324: 07e9 0884 

  0x000077163cbe6328: ;   {runtime_call throw_null_pointer_exception Runtime1 stub}
  0x000077163cbe6328: ffff e851 

  0x000077163cbe632c: ; ImmutableOopMap {rdi=Oop rbx=Oop [224]=Oop [232]=Oop [240]=Oop [256]=Oop [280]=Oop [312]=Oop [344]=Oop [360]=Oop [368]=Oop [424]=Oop [432]=Oop [448]=Oop [504]=Oop }
                      ;*invokevirtual push {reexecute=0 rethrow=0 return_oop=0}
                      ; - org.apache.xpath.XPathContext::pushRTFContext@8 (line 1273)
                      ; - org.apache.xalan.templates.ElemApplyTemplates::transformSelectedNodes@575 (line 342)
  0x000077163cbe632c: b712 0748 

  0x000077163cbe6330: ;   {runtime_call throw_class_cast_exception Runtime1 stub}
  0x000077163cbe6330: 8904 24e8 

  0x000077163cbe6334: ; ImmutableOopMap {[224]=Oop [232]=Oop [240]=Oop [256]=Oop [280]=Oop [312]=Oop [344]=Oop [360]=Oop [368]=Oop [424]=Oop [432]=Oop [448]=Oop [504]=Oop }
                      ;*checkcast {reexecute=0 rethrow=0 return_oop=0}
                      ; - org.apache.xpath.XPathContext::pushRTFContext@24 (line 1275)
                      ; - org.apache.xalan.templates.ElemApplyTemplates::transformSelectedNodes@575 (line 342)
  0x000077163cbe6334: 48e4 1207 

  0x000077163cbe6338: ;   {runtime_call throw_null_pointer_exception Runtime1 stub}
  0x000077163cbe6338: e843 b712 

  0x000077163cbe633c: ; ImmutableOopMap {rsi=Oop [224]=Oop [232]=Oop [240]=Oop [256]=Oop [280]=Oop [312]=Oop [344]=Oop [360]=Oop [368]=Oop [424]=Oop [432]=Oop [448]=Oop [504]=Oop }
                      ;*invokevirtual pushRewindMark {reexecute=0 rethrow=0 return_oop=0}
                      ; - org.apache.xpath.XPathContext::pushRTFContext@30 (line 1275)
                      ; - org.apache.xalan.templates.ElemApplyTemplates::transformSelectedNodes@575 (line 342)
                      ;   {runtime_call throw_null_pointer_exception Runtime1 stub}
  0x000077163cbe633c: 07e8 3eb7 

  0x000077163cbe6340: ; ImmutableOopMap {rdi=Oop [224]=Oop [232]=Oop [240]=Oop [256]=Oop [280]=Oop [312]=Oop [344]=Oop [360]=Oop [368]=Oop [424]=Oop [432]=Oop [448]=Oop [504]=Oop }
                      ;*invokevirtual getXSLToken {reexecute=0 rethrow=0 return_oop=0}
                      ; - org.apache.xalan.templates.ElemApplyTemplates::transformSelectedNodes@624 (line 353)
  0x000077163cbe6340: 1207 4889 

  0x000077163cbe6344: ;   {runtime_call throw_class_cast_exception Runtime1 stub}
  0x000077163cbe6344: 3c24 e835 

  0x000077163cbe6348: ; ImmutableOopMap {rdi=Oop [224]=Oop [232]=Oop [240]=Oop [256]=Oop [280]=Oop [312]=Oop [344]=Oop [360]=Oop [368]=Oop [424]=Oop [432]=Oop [448]=Oop [504]=Oop }
                      ;*checkcast {reexecute=0 rethrow=0 return_oop=0}
                      ; - org.apache.xalan.templates.ElemApplyTemplates::transformSelectedNodes@632 (line 355)
                      ;   {runtime_call throw_null_pointer_exception Runtime1 stub}
  0x000077163cbe6348: e412 07e8 

  0x000077163cbe634c: ; ImmutableOopMap {rdi=Oop rdx=Oop rbx=Oop rax=Oop [224]=Oop [232]=Oop [240]=Oop [256]=Oop [280]=Oop [312]=Oop [344]=Oop [360]=Oop [368]=Oop [424]=Oop [432]=Oop [448]=Oop [504]=Oop }
                      ;*aaload {reexecute=0 rethrow=0 return_oop=0}
                      ; - org.apache.xalan.templates.ElemApplyTemplates::transformSelectedNodes@653 (line 360)
  0x000077163cbe634c: 30b7 1207 

  0x000077163cbe6350: ;   {runtime_call throw_null_pointer_exception Runtime1 stub}
  0x000077163cbe6350: e82b b712 

  0x000077163cbe6354: ; ImmutableOopMap {rdi=Oop rdx=Oop rbx=Oop rax=Oop [224]=Oop [232]=Oop [240]=Oop [256]=Oop [280]=Oop [312]=Oop [344]=Oop [360]=Oop [368]=Oop [424]=Oop [432]=Oop [448]=Oop [504]=Oop }
                      ;*aaload {reexecute=0 rethrow=0 return_oop=0}
                      ; - org.apache.xalan.templates.ElemApplyTemplates::transformSelectedNodes@653 (line 360)
  0x000077163cbe6354: 0748 8934 | 2448 8944 

  0x000077163cbe635c: ;   {runtime_call throw_range_check_failed Runtime1 stub}
  0x000077163cbe635c: 2408 e81d 

  0x000077163cbe6360: ; ImmutableOopMap {rdi=Oop rdx=Oop rbx=Oop rax=Oop [224]=Oop [232]=Oop [240]=Oop [256]=Oop [280]=Oop [312]=Oop [344]=Oop [360]=Oop [368]=Oop [424]=Oop [432]=Oop [448]=Oop [504]=Oop }
                      ;*aaload {reexecute=0 rethrow=0 return_oop=0}
                      ; - org.apache.xalan.templates.ElemApplyTemplates::transformSelectedNodes@653 (line 360)
                      ;   {runtime_call throw_null_pointer_exception Runtime1 stub}
  0x000077163cbe6360: ae12 07e8 

  0x000077163cbe6364: ; ImmutableOopMap {rdi=Oop rdx=Oop rbx=Oop [224]=Oop [232]=Oop [240]=Oop [256]=Oop [280]=Oop [312]=Oop [344]=Oop [360]=Oop [368]=Oop [424]=Oop [432]=Oop [448]=Oop [504]=Oop }
                      ;*getfield m_qnameID {reexecute=1 rethrow=0 return_oop=0}
                      ; - (reexecute) org.apache.xalan.templates.ElemApplyTemplates::transformSelectedNodes@658 (line 361)
  0x000077163cbe6364: 18b7 1207 

  0x000077163cbe6368: ;   {runtime_call throw_null_pointer_exception Runtime1 stub}
  0x000077163cbe6368: e813 b712 

  0x000077163cbe636c: ; ImmutableOopMap {rdi=Oop rdx=Oop rbx=Oop [224]=Oop [232]=Oop [240]=Oop [256]=Oop [280]=Oop [312]=Oop [344]=Oop [360]=Oop [368]=Oop [424]=Oop [432]=Oop [448]=Oop [504]=Oop }
                      ;*getfield m_qnameID {reexecute=1 rethrow=0 return_oop=0}
                      ; - (reexecute) org.apache.xalan.templates.ElemApplyTemplates::transformSelectedNodes@663 (line 361)
                      ;   {metadata({method} {0x00006a691455b320} 'transformSelectedNodes' '(Lorg/apache/xalan/transformer/TransformerImpl;)V' in 'org/apache/xalan/templates/ElemApplyTemplates')}
  0x000077163cbe636c: 0749 ba20 | b355 1469 | 6a00 004c | 8954 2408 | 48c7 0424 | b702 0000 

  0x000077163cbe6384: ;   {runtime_call counter_overflow Runtime1 stub}
  0x000077163cbe6384: e8f7 1d13 

  0x000077163cbe6388: ; ImmutableOopMap {rdi=Oop rdx=Oop rbx=Oop [224]=Oop [232]=Oop [240]=Oop [256]=Oop [280]=Oop [312]=Oop [344]=Oop [360]=Oop [368]=Oop [424]=Oop [432]=Oop [448]=Oop [504]=Oop }
                      ;*goto {reexecute=1 rethrow=0 return_oop=0}
                      ; - (reexecute) org.apache.xalan.templates.ElemApplyTemplates::transformSelectedNodes@695 (line 358)
  0x000077163cbe6388: 07e9 1a8a 

  0x000077163cbe638c: ;   {metadata({method} {0x00006a6914791e80} 'getLocalVariable' '(II)Lorg/apache/xpath/objects/XObject;' in 'org/apache/xpath/VariableStack')}
  0x000077163cbe638c: ffff 49ba | 801e 7914 | 696a 0000 | 4c89 5424 | 0848 c704 | 24ff ffff 

  0x000077163cbe63a4: ;   {runtime_call counter_overflow Runtime1 stub}
  0x000077163cbe63a4: ffe8 d61d 

  0x000077163cbe63a8: ; ImmutableOopMap {rdi=Oop rbx=Oop rax=Oop [224]=Oop [232]=Oop [240]=Oop [256]=Oop [280]=Oop [312]=Oop [344]=Oop [360]=Oop [368]=Oop [424]=Oop [432]=Oop [448]=Oop [504]=Oop }
                      ;*synchronization entry
                      ; - org.apache.xpath.VariableStack::getLocalVariable@-1 (line 340)
                      ; - org.apache.xalan.templates.ElemApplyTemplates::transformSelectedNodes@675 (line 363)
  0x000077163cbe63a8: 1307 e9a8 

  0x000077163cbe63ac: ;   {runtime_call throw_null_pointer_exception Runtime1 stub}
  0x000077163cbe63ac: 8aff ffe8 

  0x000077163cbe63b0: ; ImmutableOopMap {rdi=Oop rbx=Oop rax=Oop rdx=Oop [224]=Oop [232]=Oop [240]=Oop [256]=Oop [280]=Oop [312]=Oop [344]=Oop [360]=Oop [368]=Oop [424]=Oop [432]=Oop [448]=Oop [504]=Oop }
                      ;*aaload {reexecute=0 rethrow=0 return_oop=0}
                      ; - org.apache.xpath.VariableStack::getLocalVariable@9 (line 342)
                      ; - org.apache.xalan.templates.ElemApplyTemplates::transformSelectedNodes@675 (line 363)
  0x000077163cbe63b0: ccb6 1207 

  0x000077163cbe63b4: ;   {runtime_call throw_null_pointer_exception Runtime1 stub}
  0x000077163cbe63b4: e8c7 b612 

  0x000077163cbe63b8: ; ImmutableOopMap {rdi=Oop rbx=Oop rax=Oop rdx=Oop [224]=Oop [232]=Oop [240]=Oop [256]=Oop [280]=Oop [312]=Oop [344]=Oop [360]=Oop [368]=Oop [424]=Oop [432]=Oop [448]=Oop [504]=Oop }
                      ;*aaload {reexecute=0 rethrow=0 return_oop=0}
                      ; - org.apache.xpath.VariableStack::getLocalVariable@9 (line 342)
                      ; - org.apache.xalan.templates.ElemApplyTemplates::transformSelectedNodes@675 (line 363)
  0x000077163cbe63b8: 0748 890c | 2448 8954 

  0x000077163cbe63c0: ;   {runtime_call throw_range_check_failed Runtime1 stub}
  0x000077163cbe63c0: 2408 e8b9 

  0x000077163cbe63c4: ; ImmutableOopMap {rdi=Oop rbx=Oop rax=Oop rdx=Oop [224]=Oop [232]=Oop [240]=Oop [256]=Oop [280]=Oop [312]=Oop [344]=Oop [360]=Oop [368]=Oop [424]=Oop [432]=Oop [448]=Oop [504]=Oop }
                      ;*aaload {reexecute=0 rethrow=0 return_oop=0}
                      ; - org.apache.xpath.VariableStack::getLocalVariable@9 (line 342)
                      ; - org.apache.xalan.templates.ElemApplyTemplates::transformSelectedNodes@675 (line 363)
                      ;   {metadata({method} {0x00006a6914791bb8} 'setLocalVariable' '(ILorg/apache/xpath/objects/XObject;)V' in 'org/apache/xpath/VariableStack')}
  0x000077163cbe63c4: ad12 0749 | bab8 1b79 | 1469 6a00 | 004c 8954 | 2408 48c7 | 0424 ffff 

  0x000077163cbe63dc: ;   {runtime_call counter_overflow Runtime1 stub}
  0x000077163cbe63dc: ffff e89d 

  0x000077163cbe63e0: ; ImmutableOopMap {rdi=Oop rbx=Oop rax=Oop rdx=Oop rcx=Oop [224]=Oop [232]=Oop [240]=Oop [256]=Oop [280]=Oop [312]=Oop [344]=Oop [360]=Oop [368]=Oop [424]=Oop [432]=Oop [448]=Oop [504]=Oop }
                      ;*synchronization entry
                      ; - org.apache.xpath.VariableStack::setLocalVariable@-1 (line 272)
                      ; - org.apache.xalan.templates.ElemApplyTemplates::transformSelectedNodes@686 (line 364)
  0x000077163cbe63e0: 1d13 07e9 | de8a ffff | 4c89 0424 | 4889 5424 

  0x000077163cbe63f0: ;   {runtime_call throw_range_check_failed Runtime1 stub}
  0x000077163cbe63f0: 08e8 8aad 

  0x000077163cbe63f4: ; ImmutableOopMap {rdi=Oop rbx=Oop rax=Oop rdx=Oop rcx=Oop [224]=Oop [232]=Oop [240]=Oop [256]=Oop [280]=Oop [312]=Oop [344]=Oop [360]=Oop [368]=Oop [424]=Oop [432]=Oop [448]=Oop [504]=Oop }
                      ;*aastore {reexecute=1 rethrow=0 return_oop=0}
                      ; - (reexecute) org.apache.xpath.VariableStack::setLocalVariable@11 (line 272)
                      ; - org.apache.xalan.templates.ElemApplyTemplates::transformSelectedNodes@686 (line 364)
                      ;   {runtime_call throw_null_pointer_exception Runtime1 stub}
  0x000077163cbe63f4: 1207 e885 

  0x000077163cbe63f8: ; ImmutableOopMap {rdi=Oop rbx=Oop rax=Oop rdx=Oop rcx=Oop [224]=Oop [232]=Oop [240]=Oop [256]=Oop [280]=Oop [312]=Oop [344]=Oop [360]=Oop [368]=Oop [424]=Oop [432]=Oop [448]=Oop [504]=Oop }
                      ;*aastore {reexecute=1 rethrow=0 return_oop=0}
                      ; - (reexecute) org.apache.xpath.VariableStack::setLocalVariable@11 (line 272)
                      ; - org.apache.xalan.templates.ElemApplyTemplates::transformSelectedNodes@686 (line 364)
  0x000077163cbe63f8: b612 0748 

  0x000077163cbe63fc: ;   {runtime_call throw_array_store_exception Runtime1 stub}
  0x000077163cbe63fc: 890c 24e8 

  0x000077163cbe6400: ; ImmutableOopMap {rdi=Oop rbx=Oop rax=Oop rdx=Oop rcx=Oop [224]=Oop [232]=Oop [240]=Oop [256]=Oop [280]=Oop [312]=Oop [344]=Oop [360]=Oop [368]=Oop [424]=Oop [432]=Oop [448]=Oop [504]=Oop }
                      ;*aastore {reexecute=1 rethrow=0 return_oop=0}
                      ; - (reexecute) org.apache.xpath.VariableStack::setLocalVariable@11 (line 272)
                      ; - org.apache.xalan.templates.ElemApplyTemplates::transformSelectedNodes@686 (line 364)
  0x000077163cbe6400: 7ce0 1207 

  0x000077163cbe6404: ;   {metadata({method} {0x00006a6914791bb8} 'setLocalVariable' '(ILorg/apache/xpath/objects/XObject;)V' in 'org/apache/xpath/VariableStack')}
  0x000077163cbe6404: 49ba b81b | 7914 696a | 0000 4c89 | 5424 0848 | c704 24ff 

  0x000077163cbe6418: ;   {runtime_call counter_overflow Runtime1 stub}
  0x000077163cbe6418: ffff ffe8 

  0x000077163cbe641c: ; ImmutableOopMap {rdi=Oop rbx=Oop rax=Oop [224]=Oop [232]=Oop [240]=Oop [256]=Oop [280]=Oop [312]=Oop [344]=Oop [360]=Oop [368]=Oop [424]=Oop [432]=Oop [448]=Oop [504]=Oop }
                      ;*synchronization entry
                      ; - org.apache.xpath.VariableStack::setLocalVariable@-1 (line 272)
                      ; - org.apache.xalan.templates.ElemApplyTemplates::transformSelectedNodes@710 (line 369)
  0x000077163cbe641c: 601d 1307 | e970 8cff 

  0x000077163cbe6424: ;   {runtime_call throw_null_pointer_exception Runtime1 stub}
  0x000077163cbe6424: ffe8 56b6 

  0x000077163cbe6428: ; ImmutableOopMap {rdi=Oop rbx=Oop rax=Oop rdx=Oop rcx=Oop [224]=Oop [232]=Oop [240]=Oop [256]=Oop [280]=Oop [312]=Oop [344]=Oop [360]=Oop [368]=Oop [424]=Oop [432]=Oop [448]=Oop [504]=Oop }
                      ;*aastore {reexecute=1 rethrow=0 return_oop=0}
                      ; - (reexecute) org.apache.xpath.VariableStack::setLocalVariable@11 (line 272)
                      ; - org.apache.xalan.templates.ElemApplyTemplates::transformSelectedNodes@710 (line 369)
                      ;   {runtime_call throw_null_pointer_exception Runtime1 stub}
  0x000077163cbe6428: 1207 e851 

  0x000077163cbe642c: ; ImmutableOopMap {rdi=Oop rbx=Oop rax=Oop rdx=Oop rcx=Oop [224]=Oop [232]=Oop [240]=Oop [256]=Oop [280]=Oop [312]=Oop [344]=Oop [360]=Oop [368]=Oop [424]=Oop [432]=Oop [448]=Oop [504]=Oop }
                      ;*aastore {reexecute=1 rethrow=0 return_oop=0}
                      ; - (reexecute) org.apache.xpath.VariableStack::setLocalVariable@11 (line 272)
                      ; - org.apache.xalan.templates.ElemApplyTemplates::transformSelectedNodes@710 (line 369)
  0x000077163cbe642c: b612 0748 | 8934 2448 | 8954 2408 

  0x000077163cbe6438: ;   {runtime_call throw_range_check_failed Runtime1 stub}
  0x000077163cbe6438: e843 ad12 

  0x000077163cbe643c: ; ImmutableOopMap {rdi=Oop rbx=Oop rax=Oop rdx=Oop rcx=Oop [224]=Oop [232]=Oop [240]=Oop [256]=Oop [280]=Oop [312]=Oop [344]=Oop [360]=Oop [368]=Oop [424]=Oop [432]=Oop [448]=Oop [504]=Oop }
                      ;*aastore {reexecute=1 rethrow=0 return_oop=0}
                      ; - (reexecute) org.apache.xpath.VariableStack::setLocalVariable@11 (line 272)
                      ; - org.apache.xalan.templates.ElemApplyTemplates::transformSelectedNodes@710 (line 369)
                      ;   {runtime_call throw_null_pointer_exception Runtime1 stub}
  0x000077163cbe643c: 07e8 3eb6 

  0x000077163cbe6440: ; ImmutableOopMap {rdi=Oop rbx=Oop rax=Oop rdx=Oop rcx=Oop [224]=Oop [232]=Oop [240]=Oop [256]=Oop [280]=Oop [312]=Oop [344]=Oop [360]=Oop [368]=Oop [424]=Oop [432]=Oop [448]=Oop [504]=Oop }
                      ;*aastore {reexecute=1 rethrow=0 return_oop=0}
                      ; - (reexecute) org.apache.xpath.VariableStack::setLocalVariable@11 (line 272)
                      ; - org.apache.xalan.templates.ElemApplyTemplates::transformSelectedNodes@710 (line 369)
  0x000077163cbe6440: 1207 4889 

  0x000077163cbe6444: ;   {runtime_call throw_array_store_exception Runtime1 stub}
  0x000077163cbe6444: 0c24 e835 

  0x000077163cbe6448: ; ImmutableOopMap {rdi=Oop rbx=Oop rax=Oop rdx=Oop rcx=Oop [224]=Oop [232]=Oop [240]=Oop [256]=Oop [280]=Oop [312]=Oop [344]=Oop [360]=Oop [368]=Oop [424]=Oop [432]=Oop [448]=Oop [504]=Oop }
                      ;*aastore {reexecute=1 rethrow=0 return_oop=0}
                      ; - (reexecute) org.apache.xpath.VariableStack::setLocalVariable@11 (line 272)
                      ; - org.apache.xalan.templates.ElemApplyTemplates::transformSelectedNodes@710 (line 369)
                      ;   {metadata({method} {0x00006a691455b320} 'transformSelectedNodes' '(Lorg/apache/xalan/transformer/TransformerImpl;)V' in 'org/apache/xalan/templates/ElemApplyTemplates')}
  0x000077163cbe6448: e012 0749 | ba20 b355 | 1469 6a00 | 004c 8954 | 2408 48c7 | 0424 d302 

  0x000077163cbe6460: ;   {runtime_call counter_overflow Runtime1 stub}
  0x000077163cbe6460: 0000 e819 

  0x000077163cbe6464: ; ImmutableOopMap {rbx=Oop rax=Oop rsi=Oop [224]=Oop [232]=Oop [240]=Oop [256]=Oop [280]=Oop [312]=Oop [344]=Oop [360]=Oop [368]=Oop [424]=Oop [432]=Oop [448]=Oop [504]=Oop }
                      ;*goto {reexecute=1 rethrow=0 return_oop=0}
                      ; - (reexecute) org.apache.xalan.templates.ElemApplyTemplates::transformSelectedNodes@723 (line 351)
  0x000077163cbe6464: 1d13 07e9 | 388e ffff 

  0x000077163cbe646c: ;   {runtime_call throw_null_pointer_exception Runtime1 stub}
  0x000077163cbe646c: e80f b612 

  0x000077163cbe6470: ; ImmutableOopMap {rdx=Oop rax=Oop [224]=Oop [232]=Oop [240]=Oop [256]=Oop [280]=Oop [312]=Oop [344]=Oop [360]=Oop [368]=Oop [424]=Oop [432]=Oop [448]=Oop [504]=Oop }
                      ;*invokevirtual fireTraceEvent {reexecute=0 rethrow=0 return_oop=0}
                      ; - org.apache.xalan.templates.ElemApplyTemplates::transformSelectedNodes@745 (line 383)
                      ;   {metadata({method} {0x00006a69146a7070} 'setSAXLocator' '(Ljavax/xml/transform/SourceLocator;)V' in 'org/apache/xpath/XPathContext')}
  0x000077163cbe6470: 0749 ba70 | 706a 1469 | 6a00 004c | 8954 2408 | 48c7 0424 | ffff ffff 

  0x000077163cbe6488: ;   {runtime_call counter_overflow Runtime1 stub}
  0x000077163cbe6488: e8f3 1c13 

  0x000077163cbe648c: ; ImmutableOopMap {rdx=Oop rbx=Oop rdi=Oop [224]=Oop [232]=Oop [240]=Oop [256]=Oop [280]=Oop [312]=Oop [344]=Oop [360]=Oop [368]=Oop [424]=Oop [432]=Oop [448]=Oop [504]=Oop }
                      ;*synchronization entry
                      ; - org.apache.xpath.XPathContext::setSAXLocator@-1 (line 405)
                      ; - org.apache.xalan.templates.ElemApplyTemplates::transformSelectedNodes@763 (line 391)
  0x000077163cbe648c: 07e9 d98f 

  0x000077163cbe6490: ;   {runtime_call throw_null_pointer_exception Runtime1 stub}
  0x000077163cbe6490: ffff e8e9 

  0x000077163cbe6494: ; ImmutableOopMap {rdx=Oop rbx=Oop rdi=Oop rax=Oop [224]=Oop [232]=Oop [240]=Oop [256]=Oop [280]=Oop [312]=Oop [344]=Oop [360]=Oop [368]=Oop [424]=Oop [432]=Oop [448]=Oop [504]=Oop }
                      ;*invokevirtual setTop {reexecute=0 rethrow=0 return_oop=0}
                      ; - org.apache.xpath.XPathContext::setSAXLocator@5 (line 405)
                      ; - org.apache.xalan.templates.ElemApplyTemplates::transformSelectedNodes@763 (line 391)
                      ;   {metadata({method} {0x00006a691476b150} 'setTop' '(Ljava/lang/Object;)V' in 'org/apache/xml/utils/ObjectStack')}
  0x000077163cbe6494: b512 0749 | ba50 b176 | 1469 6a00 | 004c 8954 | 2408 48c7 | 0424 ffff 

  0x000077163cbe64ac: ;   {runtime_call counter_overflow Runtime1 stub}
  0x000077163cbe64ac: ffff e8cd 

  0x000077163cbe64b0: ; ImmutableOopMap {rdx=Oop rbx=Oop rdi=Oop rax=Oop [224]=Oop [232]=Oop [240]=Oop [256]=Oop [280]=Oop [312]=Oop [344]=Oop [360]=Oop [368]=Oop [424]=Oop [432]=Oop [448]=Oop [504]=Oop }
                      ;*synchronization entry
                      ; - org.apache.xml.utils.ObjectStack::setTop@-1 (line 162)
                      ; - org.apache.xpath.XPathContext::setSAXLocator@5 (line 405)
                      ; - org.apache.xalan.templates.ElemApplyTemplates::transformSelectedNodes@763 (line 391)
  0x000077163cbe64b0: 1c13 07e9 | fa8f ffff 

  0x000077163cbe64b8: ;   {runtime_call throw_null_pointer_exception Runtime1 stub}
  0x000077163cbe64b8: e8c3 b512 

  0x000077163cbe64bc: ; ImmutableOopMap {rdx=Oop rbx=Oop rdi=Oop rcx=Oop [224]=Oop [232]=Oop [240]=Oop [256]=Oop [280]=Oop [312]=Oop [344]=Oop [360]=Oop [368]=Oop [424]=Oop [432]=Oop [448]=Oop [504]=Oop }
                      ;*aastore {reexecute=1 rethrow=0 return_oop=0}
                      ; - (reexecute) org.apache.xml.utils.ObjectStack::setTop@11 (line 162)
                      ; - org.apache.xpath.XPathContext::setSAXLocator@5 (line 405)
                      ; - org.apache.xalan.templates.ElemApplyTemplates::transformSelectedNodes@763 (line 391)
                      ;   {runtime_call throw_null_pointer_exception Runtime1 stub}
  0x000077163cbe64bc: 07e8 beb5 

  0x000077163cbe64c0: ; ImmutableOopMap {rdx=Oop rbx=Oop rdi=Oop rcx=Oop [224]=Oop [232]=Oop [240]=Oop [256]=Oop [280]=Oop [312]=Oop [344]=Oop [360]=Oop [368]=Oop [424]=Oop [432]=Oop [448]=Oop [504]=Oop }
                      ;*aastore {reexecute=1 rethrow=0 return_oop=0}
                      ; - (reexecute) org.apache.xml.utils.ObjectStack::setTop@11 (line 162)
                      ; - org.apache.xpath.XPathContext::setSAXLocator@5 (line 405)
                      ; - org.apache.xalan.templates.ElemApplyTemplates::transformSelectedNodes@763 (line 391)
  0x000077163cbe64c0: 1207 4889 | 0424 4889 

  0x000077163cbe64c8: ;   {runtime_call throw_range_check_failed Runtime1 stub}
  0x000077163cbe64c8: 4c24 08e8 

  0x000077163cbe64cc: ; ImmutableOopMap {rdx=Oop rbx=Oop rdi=Oop rcx=Oop [224]=Oop [232]=Oop [240]=Oop [256]=Oop [280]=Oop [312]=Oop [344]=Oop [360]=Oop [368]=Oop [424]=Oop [432]=Oop [448]=Oop [504]=Oop }
                      ;*aastore {reexecute=1 rethrow=0 return_oop=0}
                      ; - (reexecute) org.apache.xml.utils.ObjectStack::setTop@11 (line 162)
                      ; - org.apache.xpath.XPathContext::setSAXLocator@5 (line 405)
                      ; - org.apache.xalan.templates.ElemApplyTemplates::transformSelectedNodes@763 (line 391)
  0x000077163cbe64cc: b0ac 1207 

  0x000077163cbe64d0: ;   {runtime_call throw_null_pointer_exception Runtime1 stub}
  0x000077163cbe64d0: e8ab b512 

  0x000077163cbe64d4: ; ImmutableOopMap {rdx=Oop rbx=Oop rdi=Oop rcx=Oop [224]=Oop [232]=Oop [240]=Oop [256]=Oop [280]=Oop [312]=Oop [344]=Oop [360]=Oop [368]=Oop [424]=Oop [432]=Oop [448]=Oop [504]=Oop }
                      ;*aastore {reexecute=1 rethrow=0 return_oop=0}
                      ; - (reexecute) org.apache.xml.utils.ObjectStack::setTop@11 (line 162)
                      ; - org.apache.xpath.XPathContext::setSAXLocator@5 (line 405)
                      ; - org.apache.xalan.templates.ElemApplyTemplates::transformSelectedNodes@763 (line 391)
  0x000077163cbe64d4: 0748 8914 

  0x000077163cbe64d8: ;   {runtime_call throw_array_store_exception Runtime1 stub}
  0x000077163cbe64d8: 24e8 a2df 

  0x000077163cbe64dc: ; ImmutableOopMap {rdx=Oop rbx=Oop rdi=Oop rcx=Oop [224]=Oop [232]=Oop [240]=Oop [256]=Oop [280]=Oop [312]=Oop [344]=Oop [360]=Oop [368]=Oop [424]=Oop [432]=Oop [448]=Oop [504]=Oop }
                      ;*aastore {reexecute=1 rethrow=0 return_oop=0}
                      ; - (reexecute) org.apache.xml.utils.ObjectStack::setTop@11 (line 162)
                      ; - org.apache.xpath.XPathContext::setSAXLocator@5 (line 405)
                      ; - org.apache.xalan.templates.ElemApplyTemplates::transformSelectedNodes@763 (line 391)
                      ;   {metadata({method} {0x00006a6914655bb0} 'pushElemTemplateElement' '(Lorg/apache/xalan/templates/ElemTemplateElement;)V' in 'org/apache/xalan/transformer/TransformerImpl')}
  0x000077163cbe64dc: 1207 49ba | b05b 6514 | 696a 0000 | 4c89 5424 | 0848 c704 | 24ff ffff 

  0x000077163cbe64f4: ;   {runtime_call counter_overflow Runtime1 stub}
  0x000077163cbe64f4: ffe8 861c 

  0x000077163cbe64f8: ; ImmutableOopMap {rdx=Oop rbx=Oop [224]=Oop [232]=Oop [240]=Oop [256]=Oop [280]=Oop [312]=Oop [344]=Oop [360]=Oop [368]=Oop [424]=Oop [432]=Oop [448]=Oop [504]=Oop }
                      ;*synchronization entry
                      ; - org.apache.xalan.transformer.TransformerImpl::pushElemTemplateElement@-1 (line 2624)
                      ; - org.apache.xalan.templates.ElemApplyTemplates::transformSelectedNodes@769 (line 394)
  0x000077163cbe64f8: 1307 e939 

  0x000077163cbe64fc: ;   {runtime_call throw_null_pointer_exception Runtime1 stub}
  0x000077163cbe64fc: 91ff ffe8 

  0x000077163cbe6500: ; ImmutableOopMap {rdx=Oop rbx=Oop rax=Oop [224]=Oop [232]=Oop [240]=Oop [256]=Oop [280]=Oop [312]=Oop [344]=Oop [360]=Oop [368]=Oop [424]=Oop [432]=Oop [448]=Oop [504]=Oop }
                      ;*invokevirtual push {reexecute=0 rethrow=0 return_oop=0}
                      ; - org.apache.xalan.transformer.TransformerImpl::pushElemTemplateElement@5 (line 2624)
                      ; - org.apache.xalan.templates.ElemApplyTemplates::transformSelectedNodes@769 (line 394)
  0x000077163cbe6500: 7cb5 1207 

  0x000077163cbe6504: ;   {runtime_call throw_null_pointer_exception Runtime1 stub}
  0x000077163cbe6504: e877 b512 

  0x000077163cbe6508: ; ImmutableOopMap {rdx=Oop [224]=Oop [232]=Oop [240]=Oop [256]=Oop [280]=Oop [312]=Oop [344]=Oop [360]=Oop [368]=Oop [424]=Oop [432]=Oop [448]=Oop [504]=Oop }
                      ;*invokevirtual execute {reexecute=0 rethrow=0 return_oop=0}
                      ; - org.apache.xalan.templates.ElemApplyTemplates::transformSelectedNodes@775 (line 395)
                      ;   {metadata({method} {0x00006a6914655c60} 'popElemTemplateElement' '()V' in 'org/apache/xalan/transformer/TransformerImpl')}
  0x000077163cbe6508: 0749 ba60 | 5c65 1469 | 6a00 004c | 8954 2408 | 48c7 0424 | ffff ffff 

  0x000077163cbe6520: ;   {runtime_call counter_overflow Runtime1 stub}
  0x000077163cbe6520: e85b 1c13 

  0x000077163cbe6524: ; ImmutableOopMap {rdx=Oop [224]=Oop [232]=Oop [240]=Oop [256]=Oop [280]=Oop [312]=Oop [344]=Oop [360]=Oop [368]=Oop [424]=Oop [432]=Oop [448]=Oop [504]=Oop [544]=Oop }
                      ;*synchronization entry
                      ; - org.apache.xalan.transformer.TransformerImpl::popElemTemplateElement@-1 (line 2632)
                      ; - org.apache.xalan.templates.ElemApplyTemplates::transformSelectedNodes@795 (line 399)
  0x000077163cbe6524: 07e9 5e92 

  0x000077163cbe6528: ;   {runtime_call throw_null_pointer_exception Runtime1 stub}
  0x000077163cbe6528: ffff e851 

  0x000077163cbe652c: ; ImmutableOopMap {rdx=Oop rsi=Oop [224]=Oop [232]=Oop [240]=Oop [256]=Oop [280]=Oop [312]=Oop [344]=Oop [360]=Oop [368]=Oop [424]=Oop [432]=Oop [448]=Oop [504]=Oop [544]=Oop }
                      ;*invokevirtual pop {reexecute=0 rethrow=0 return_oop=0}
                      ; - org.apache.xalan.transformer.TransformerImpl::popElemTemplateElement@4 (line 2632)
                      ; - org.apache.xalan.templates.ElemApplyTemplates::transformSelectedNodes@795 (line 399)
                      ;   {metadata({method} {0x00006a691455b320} 'transformSelectedNodes' '(Lorg/apache/xalan/transformer/TransformerImpl;)V' in 'org/apache/xalan/templates/ElemApplyTemplates')}
  0x000077163cbe652c: b512 0749 | ba20 b355 | 1469 6a00 | 004c 8954 | 2408 48c7 | 0424 2703 

  0x000077163cbe6544: ;   {runtime_call counter_overflow Runtime1 stub}
  0x000077163cbe6544: 0000 e835 

  0x000077163cbe6548: ; ImmutableOopMap {rdx=Oop [224]=Oop [232]=Oop [240]=Oop [256]=Oop [280]=Oop [312]=Oop [344]=Oop [360]=Oop [368]=Oop [424]=Oop [432]=Oop [448]=Oop [504]=Oop }
                      ;*goto {reexecute=1 rethrow=0 return_oop=0}
                      ; - (reexecute) org.apache.xalan.templates.ElemApplyTemplates::transformSelectedNodes@807 (line 389)
  0x000077163cbe6548: 1c13 07e9 | a692 ffff 

  0x000077163cbe6550: ;   {runtime_call throw_null_pointer_exception Runtime1 stub}
  0x000077163cbe6550: e82b b512 

  0x000077163cbe6554: ; ImmutableOopMap {rdi=Oop rsi=Oop [224]=Oop [232]=Oop [240]=Oop [256]=Oop [280]=Oop [312]=Oop [344]=Oop [360]=Oop [368]=Oop [424]=Oop [432]=Oop [448]=Oop [504]=Oop [544]=Oop }
                      ;*invokevirtual fireTraceEndEvent {reexecute=0 rethrow=0 return_oop=0}
                      ; - org.apache.xalan.templates.ElemApplyTemplates::transformSelectedNodes@823 (line 404)
                      ;   {metadata({method} {0x00006a6914656210} 'popCurrentMatched' '()V' in 'org/apache/xalan/transformer/TransformerImpl')}
  0x000077163cbe6554: 0749 ba10 | 6265 1469 | 6a00 004c | 8954 2408 | 48c7 0424 | ffff ffff 

  0x000077163cbe656c: ;   {runtime_call counter_overflow Runtime1 stub}
  0x000077163cbe656c: e80f 1c13 

  0x000077163cbe6570: ; ImmutableOopMap {rdx=Oop [224]=Oop [232]=Oop [240]=Oop [256]=Oop [280]=Oop [312]=Oop [344]=Oop [360]=Oop [368]=Oop [424]=Oop [432]=Oop [448]=Oop [504]=Oop [544]=Oop }
                      ;*synchronization entry
                      ; - org.apache.xalan.transformer.TransformerImpl::popCurrentMatched@-1 (line 2738)
                      ; - org.apache.xalan.templates.ElemApplyTemplates::transformSelectedNodes@846 (line 427)
  0x000077163cbe6570: 07e9 6a94 

  0x000077163cbe6574: ;   {runtime_call throw_null_pointer_exception Runtime1 stub}
  0x000077163cbe6574: ffff e805 

  0x000077163cbe6578: ; ImmutableOopMap {rdx=Oop rsi=Oop [224]=Oop [232]=Oop [240]=Oop [256]=Oop [280]=Oop [312]=Oop [344]=Oop [360]=Oop [368]=Oop [424]=Oop [432]=Oop [448]=Oop [504]=Oop [544]=Oop }
                      ;*invokevirtual pop {reexecute=0 rethrow=0 return_oop=0}
                      ; - org.apache.xalan.transformer.TransformerImpl::popCurrentMatched@4 (line 2738)
                      ; - org.apache.xalan.templates.ElemApplyTemplates::transformSelectedNodes@846 (line 427)
                      ;   {runtime_call throw_null_pointer_exception Runtime1 stub}
  0x000077163cbe6578: b512 07e8 

  0x000077163cbe657c: ; ImmutableOopMap {rdx=Oop rsi=Oop [224]=Oop [232]=Oop [240]=Oop [256]=Oop [280]=Oop [312]=Oop [344]=Oop [360]=Oop [368]=Oop [424]=Oop [432]=Oop [448]=Oop [504]=Oop [544]=Oop }
                      ;*invokevirtual pop {reexecute=0 rethrow=0 return_oop=0}
                      ; - org.apache.xalan.transformer.TransformerImpl::popCurrentMatched@12 (line 2739)
                      ; - org.apache.xalan.templates.ElemApplyTemplates::transformSelectedNodes@846 (line 427)
  0x000077163cbe657c: 00b5 1207 

  0x000077163cbe6580: ;   {metadata({method} {0x00006a691455b320} 'transformSelectedNodes' '(Lorg/apache/xalan/transformer/TransformerImpl;)V' in 'org/apache/xalan/templates/ElemApplyTemplates')}
  0x000077163cbe6580: 49ba 20b3 | 5514 696a | 0000 4c89 | 5424 0848 | c704 2451 

  0x000077163cbe6594: ;   {runtime_call counter_overflow Runtime1 stub}
  0x000077163cbe6594: 0300 00e8 

  0x000077163cbe6598: ; ImmutableOopMap {[224]=Oop [232]=Oop [240]=Oop [256]=Oop [280]=Oop [312]=Oop [344]=Oop [360]=Oop [368]=Oop [424]=Oop [432]=Oop [448]=Oop [504]=Oop [544]=Oop }
                      ;*goto {reexecute=1 rethrow=0 return_oop=0}
                      ; - (reexecute) org.apache.xalan.templates.ElemApplyTemplates::transformSelectedNodes@849 (line 429)
  0x000077163cbe6598: e41b 1307 | e9c2 94ff 

  0x000077163cbe65a0: ;   {runtime_call throw_incompatible_class_change_error Runtime1 stub}
  0x000077163cbe65a0: ffe8 dae4 

  0x000077163cbe65a4: ; ImmutableOopMap {rcx=Oop [224]=Oop [232]=Oop [240]=Oop [256]=Oop [280]=Oop [312]=Oop [344]=Oop [360]=Oop [368]=Oop [424]=Oop [432]=Oop [496]=Oop }
                      ;*invokeinterface dispatchCharactersEvents {reexecute=0 rethrow=0 return_oop=0}
                      ; - org.apache.xalan.templates.ElemApplyTemplates::transformSelectedNodes@517 (line 318)
                      ;   {metadata({method} {0x00006a6914656210} 'popCurrentMatched' '()V' in 'org/apache/xalan/transformer/TransformerImpl')}
  0x000077163cbe65a4: 1207 49ba | 1062 6514 | 696a 0000 | 4c89 5424 | 0848 c704 | 24ff ffff 

  0x000077163cbe65bc: ;   {runtime_call counter_overflow Runtime1 stub}
  0x000077163cbe65bc: ffe8 be1b 

  0x000077163cbe65c0: ; ImmutableOopMap {[224]=Oop [232]=Oop [240]=Oop [256]=Oop [280]=Oop [312]=Oop [344]=Oop [360]=Oop [368]=Oop [424]=Oop [432]=Oop [448]=Oop [496]=Oop }
                      ;*synchronization entry
                      ; - org.apache.xalan.transformer.TransformerImpl::popCurrentMatched@-1 (line 2738)
                      ; - org.apache.xalan.templates.ElemApplyTemplates::transformSelectedNodes@523 (line 319)
  0x000077163cbe65c0: 1307 e90e 

  0x000077163cbe65c4: ;   {runtime_call throw_null_pointer_exception Runtime1 stub}
  0x000077163cbe65c4: 96ff ffe8 

  0x000077163cbe65c8: ; ImmutableOopMap {rdx=Oop rsi=Oop [224]=Oop [232]=Oop [240]=Oop [256]=Oop [280]=Oop [312]=Oop [344]=Oop [360]=Oop [368]=Oop [424]=Oop [432]=Oop [448]=Oop [496]=Oop }
                      ;*invokevirtual pop {reexecute=0 rethrow=0 return_oop=0}
                      ; - org.apache.xalan.transformer.TransformerImpl::popCurrentMatched@4 (line 2738)
                      ; - org.apache.xalan.templates.ElemApplyTemplates::transformSelectedNodes@523 (line 319)
  0x000077163cbe65c8: b4b4 1207 

  0x000077163cbe65cc: ;   {runtime_call throw_null_pointer_exception Runtime1 stub}
  0x000077163cbe65cc: e8af b412 

  0x000077163cbe65d0: ; ImmutableOopMap {rdx=Oop rsi=Oop [224]=Oop [232]=Oop [240]=Oop [256]=Oop [280]=Oop [312]=Oop [344]=Oop [360]=Oop [368]=Oop [424]=Oop [432]=Oop [448]=Oop [496]=Oop }
                      ;*invokevirtual pop {reexecute=0 rethrow=0 return_oop=0}
                      ; - org.apache.xalan.transformer.TransformerImpl::popCurrentMatched@12 (line 2739)
                      ; - org.apache.xalan.templates.ElemApplyTemplates::transformSelectedNodes@523 (line 319)
                      ;   {metadata({method} {0x00006a691455b320} 'transformSelectedNodes' '(Lorg/apache/xalan/transformer/TransformerImpl;)V' in 'org/apache/xalan/templates/ElemApplyTemplates')}
  0x000077163cbe65d0: 0749 ba20 | b355 1469 | 6a00 004c | 8954 2408 | 48c7 0424 | 0e02 0000 

  0x000077163cbe65e8: ;   {runtime_call counter_overflow Runtime1 stub}
  0x000077163cbe65e8: e893 1b13 

  0x000077163cbe65ec: ; ImmutableOopMap {[224]=Oop [232]=Oop [240]=Oop [256]=Oop [280]=Oop [312]=Oop [344]=Oop [360]=Oop [368]=Oop [424]=Oop [432]=Oop [448]=Oop [496]=Oop }
                      ;*goto {reexecute=1 rethrow=0 return_oop=0}
                      ; - (reexecute) org.apache.xalan.templates.ElemApplyTemplates::transformSelectedNodes@526 (line 320)
  0x000077163cbe65ec: 07e9 7196 

  0x000077163cbe65f0: ;   {metadata({method} {0x00006a691455b320} 'transformSelectedNodes' '(Lorg/apache/xalan/transformer/TransformerImpl;)V' in 'org/apache/xalan/templates/ElemApplyTemplates')}
  0x000077163cbe65f0: ffff 49ba | 20b3 5514 | 696a 0000 | 4c89 5424 | 0848 c704 | 241b 0200 

  0x000077163cbe6608: ;   {runtime_call counter_overflow Runtime1 stub}
  0x000077163cbe6608: 00e8 721b 

  0x000077163cbe660c: ; ImmutableOopMap {[224]=Oop [232]=Oop [240]=Oop [256]=Oop [280]=Oop [312]=Oop [344]=Oop [360]=Oop [368]=Oop [424]=Oop [432]=Oop [448]=Oop [496]=Oop }
                      ;*goto {reexecute=1 rethrow=0 return_oop=0}
                      ; - (reexecute) org.apache.xalan.templates.ElemApplyTemplates::transformSelectedNodes@539 (line 327)
  0x000077163cbe660c: 1307 e9ae 

  0x000077163cbe6610: ;   {metadata(nullptr)}
  0x000077163cbe6610: 96ff ff48 | ba00 0000 | 0000 0000 | 00b8 000f 

  0x000077163cbe6620: ;   {runtime_call load_klass_patching Runtime1 stub}
  0x000077163cbe6620: 050a e859 

  0x000077163cbe6624: ; ImmutableOopMap {rsi=Oop rbx=Oop [224]=Oop [232]=Oop [240]=Oop [256]=Oop [280]=Oop [312]=Oop [344]=Oop [360]=Oop [368]=Oop [424]=Oop [432]=Oop [440]=Oop [576]=Oop }
                      ;*new {reexecute=1 rethrow=0 return_oop=0}
                      ; - (reexecute) org.apache.xalan.templates.ElemApplyTemplates::transformSelectedNodes@909 (line 438)
  0x000077163cbe6624: 0c13 07e9 | 6c97 ffff 

  0x000077163cbe662c: ;   {runtime_call fast_new_instance Runtime1 stub}
  0x000077163cbe662c: 488b d2e8 

  0x000077163cbe6630: ; ImmutableOopMap {rbx=Oop r9=Oop [224]=Oop [232]=Oop [240]=Oop [256]=Oop [280]=Oop [312]=Oop [344]=Oop [360]=Oop [368]=Oop [424]=Oop [432]=Oop [440]=Oop [576]=Oop }
                      ;*new {reexecute=0 rethrow=0 return_oop=0}
                      ; - org.apache.xalan.templates.ElemApplyTemplates::transformSelectedNodes@909 (line 438)
  0x000077163cbe6630: 4cbd 1207 | e90d 98ff 

  0x000077163cbe6638: ;   {metadata({method} {0x00006a691465bd20} '<init>' '(Lorg/apache/xpath/Expression;)V' in 'org/apache/xpath/XPath')}
  0x000077163cbe6638: ff49 ba20 | bd65 1469 | 6a00 004c | 8954 2408 | 48c7 0424 | ffff ffff 

  0x000077163cbe6650: ;   {runtime_call counter_overflow Runtime1 stub}
  0x000077163cbe6650: e82b 1b13 

  0x000077163cbe6654: ; ImmutableOopMap {rbx=Oop r9=Oop rax=Oop rdi=Oop [224]=Oop [232]=Oop [240]=Oop [256]=Oop [280]=Oop [312]=Oop [344]=Oop [360]=Oop [368]=Oop [424]=Oop [432]=Oop [440]=Oop [568]=Oop [576]=Oop }
                      ;*synchronization entry
                      ; - org.apache.xpath.XPath::<init>@-1 (line 277)
                      ; - org.apache.xalan.templates.ElemApplyTemplates::transformSelectedNodes@917 (line 438)
  0x000077163cbe6654: 07e9 3498 

  0x000077163cbe6658: ;   {metadata({method} {0x00006a691f4791f0} '<init>' '()V' in 'java/lang/Object')}
  0x000077163cbe6658: ffff 49ba | f091 471f | 696a 0000 | 4c89 5424 | 0848 c704 | 24ff ffff 

  0x000077163cbe6670: ;   {runtime_call counter_overflow Runtime1 stub}
  0x000077163cbe6670: ffe8 0a1b 

  0x000077163cbe6674: ; ImmutableOopMap {rbx=Oop r9=Oop rax=Oop rdi=Oop [224]=Oop [232]=Oop [240]=Oop [256]=Oop [280]=Oop [312]=Oop [344]=Oop [360]=Oop [368]=Oop [424]=Oop [432]=Oop [440]=Oop [568]=Oop [576]=Oop }
                      ;*synchronization entry
                      ; - java.lang.Object::<init>@-1 (line 45)
                      ; - org.apache.xpath.XPath::<init>@1 (line 277)
                      ; - org.apache.xalan.templates.ElemApplyTemplates::transformSelectedNodes@917 (line 438)
  0x000077163cbe6674: 1307 e94f 

  0x000077163cbe6678: ;   {metadata({method} {0x00006a691465b688} 'setExpression' '(Lorg/apache/xpath/Expression;)V' in 'org/apache/xpath/XPath')}
  0x000077163cbe6678: 98ff ff49 | ba88 b665 | 1469 6a00 | 004c 8954 | 2408 48c7 | 0424 ffff 

  0x000077163cbe6690: ;   {runtime_call counter_overflow Runtime1 stub}
  0x000077163cbe6690: ffff e8e9 

  0x000077163cbe6694: ; ImmutableOopMap {rbx=Oop r9=Oop rax=Oop rdi=Oop [224]=Oop [232]=Oop [240]=Oop [256]=Oop [280]=Oop [312]=Oop [344]=Oop [360]=Oop [368]=Oop [424]=Oop [432]=Oop [440]=Oop [568]=Oop [576]=Oop }
                      ;*synchronization entry
                      ; - org.apache.xpath.XPath::setExpression@-1 (line 99)
                      ; - org.apache.xpath.XPath::<init>@11 (line 278)
                      ; - org.apache.xalan.templates.ElemApplyTemplates::transformSelectedNodes@917 (line 438)
  0x000077163cbe6694: 1a13 07e9 | 7b98 ffff 

  0x000077163cbe669c: ;   {runtime_call throw_null_pointer_exception Runtime1 stub}
  0x000077163cbe669c: e8df b312 

  0x000077163cbe66a0: ; ImmutableOopMap {rbx=Oop r9=Oop rax=Oop rdi=Oop rdx=Oop [224]=Oop [232]=Oop [240]=Oop [256]=Oop [280]=Oop [312]=Oop [344]=Oop [360]=Oop [368]=Oop [424]=Oop [432]=Oop [440]=Oop [568]=Oop [576]=Oop }
                      ;*invokevirtual exprGetParent {reexecute=0 rethrow=0 return_oop=0}
                      ; - org.apache.xpath.XPath::setExpression@13 (line 100)
                      ; - org.apache.xpath.XPath::<init>@11 (line 278)
                      ; - org.apache.xalan.templates.ElemApplyTemplates::transformSelectedNodes@917 (line 438)
                      ;   {runtime_call throw_null_pointer_exception Runtime1 stub}
  0x000077163cbe66a0: 07e8 dab3 

  0x000077163cbe66a4: ; ImmutableOopMap {rbx=Oop r9=Oop rax=Oop rdi=Oop r13=Oop [224]=Oop [232]=Oop [240]=Oop [256]=Oop [280]=Oop [312]=Oop [344]=Oop [360]=Oop [368]=Oop [424]=Oop [432]=Oop [440]=Oop [568]=Oop [576]=Oop }
                      ;*invokevirtual exprSetParent {reexecute=0 rethrow=0 return_oop=0}
                      ; - org.apache.xpath.XPath::setExpression@16 (line 100)
                      ; - org.apache.xpath.XPath::<init>@11 (line 278)
                      ; - org.apache.xalan.templates.ElemApplyTemplates::transformSelectedNodes@917 (line 438)
                      ;   {metadata({method} {0x00006a69144cf1c8} 'exprSetParent' '(Lorg/apache/xpath/ExpressionNode;)V' in 'org/apache/xpath/Expression')}
  0x000077163cbe66a4: 1207 49ba | c8f1 4c14 | 696a 0000 | 4c89 5424 | 0848 c704 | 24ff ffff 

  0x000077163cbe66bc: ;   {runtime_call counter_overflow Runtime1 stub}
  0x000077163cbe66bc: ffe8 be1a 

  0x000077163cbe66c0: ; ImmutableOopMap {rbx=Oop r9=Oop rax=Oop rdi=Oop r13=Oop [224]=Oop [232]=Oop [240]=Oop [256]=Oop [280]=Oop [312]=Oop [344]=Oop [360]=Oop [368]=Oop [424]=Oop [432]=Oop [440]=Oop [568]=Oop [576]=Oop }
                      ;*synchronization entry
                      ; - org.apache.xpath.Expression::exprSetParent@-1 (line 476)
                      ; - org.apache.xpath.XPath::setExpression@16 (line 100)
                      ; - org.apache.xpath.XPath::<init>@11 (line 278)
                      ; - org.apache.xalan.templates.ElemApplyTemplates::transformSelectedNodes@917 (line 438)
  0x000077163cbe66c0: 1307 e9d9 

  0x000077163cbe66c4: ;   {metadata({method} {0x00006a691465b448} 'initFunctionTable' '()V' in 'org/apache/xpath/XPath')}
  0x000077163cbe66c4: 99ff ff49 | ba48 b465 | 1469 6a00 | 004c 8954 | 2408 48c7 | 0424 ffff 

  0x000077163cbe66dc: ;   {runtime_call counter_overflow Runtime1 stub}
  0x000077163cbe66dc: ffff e89d 

  0x000077163cbe66e0: ; ImmutableOopMap {rax=Oop [224]=Oop [232]=Oop [240]=Oop [256]=Oop [280]=Oop [312]=Oop [344]=Oop [360]=Oop [368]=Oop [424]=Oop [432]=Oop [440]=Oop [568]=Oop [576]=Oop }
                      ;*synchronization entry
                      ; - org.apache.xpath.XPath::initFunctionTable@-1 (line 62)
                      ; - org.apache.xpath.XPath::<init>@15 (line 279)
                      ; - org.apache.xalan.templates.ElemApplyTemplates::transformSelectedNodes@917 (line 438)
  0x000077163cbe66e0: 1a13 07e9 | 269b ffff 

  0x000077163cbe66e8: ;   {runtime_call fast_new_instance Runtime1 stub}
  0x000077163cbe66e8: 488b d2e8 

  0x000077163cbe66ec: ; ImmutableOopMap {[224]=Oop [232]=Oop [240]=Oop [256]=Oop [280]=Oop [312]=Oop [344]=Oop [360]=Oop [368]=Oop [424]=Oop [432]=Oop [440]=Oop [568]=Oop [576]=Oop }
                      ;*new {reexecute=0 rethrow=0 return_oop=0}
                      ; - org.apache.xpath.XPath::initFunctionTable@1 (line 62)
                      ; - org.apache.xpath.XPath::<init>@15 (line 279)
                      ; - org.apache.xalan.templates.ElemApplyTemplates::transformSelectedNodes@917 (line 438)
  0x000077163cbe66ec: 90bc 1207 | e9c4 9bff 

  0x000077163cbe66f4: ;   {metadata(nullptr)}
  0x000077163cbe66f4: ff48 ba00 | 0000 0000 | 0000 00b8 | 000f 050a 

  0x000077163cbe6704: ;   {runtime_call load_klass_patching Runtime1 stub}
  0x000077163cbe6704: e877 0b13 

  0x000077163cbe6708: ; ImmutableOopMap {[224]=Oop [232]=Oop [240]=Oop [256]=Oop [280]=Oop [312]=Oop [344]=Oop [360]=Oop [368]=Oop [424]=Oop [432]=Oop [440]=Oop [568]=Oop [576]=Oop }
                      ;*new {reexecute=1 rethrow=0 return_oop=0}
                      ; - (reexecute) org.apache.xalan.templates.ElemApplyTemplates::transformSelectedNodes@920 (line 438)
  0x000077163cbe6708: 07e9 fa9b | ffff 488b 

  0x000077163cbe6710: ;   {runtime_call fast_new_instance Runtime1 stub}
  0x000077163cbe6710: d2e8 6abc 

  0x000077163cbe6714: ; ImmutableOopMap {[224]=Oop [232]=Oop [240]=Oop [256]=Oop [280]=Oop [312]=Oop [344]=Oop [360]=Oop [368]=Oop [424]=Oop [432]=Oop [440]=Oop [568]=Oop [576]=Oop }
                      ;*new {reexecute=0 rethrow=0 return_oop=0}
                      ; - org.apache.xalan.templates.ElemApplyTemplates::transformSelectedNodes@920 (line 438)
  0x000077163cbe6714: 1207 e9a0 

  0x000077163cbe6718: ;   {runtime_call throw_null_pointer_exception Runtime1 stub}
  0x000077163cbe6718: 9cff ffe8 

  0x000077163cbe671c: ; ImmutableOopMap {rbx=Oop [224]=Oop [232]=Oop [240]=Oop [256]=Oop [280]=Oop [312]=Oop [344]=Oop [360]=Oop [368]=Oop [424]=Oop [432]=Oop [440]=Oop [568]=Oop [576]=Oop [592]=Oop }
                      ;*invokevirtual fireSelectedEndEvent {reexecute=0 rethrow=0 return_oop=0}
                      ; - org.apache.xalan.templates.ElemApplyTemplates::transformSelectedNodes@929 (line 438)
  0x000077163cbe671c: 60b3 1207 

  0x000077163cbe6720: ;   {metadata({method} {0x00006a69146a7290} 'popSAXLocator' '()V' in 'org/apache/xpath/XPathContext')}
  0x000077163cbe6720: 49ba 9072 | 6a14 696a | 0000 4c89 | 5424 0848 | c704 24ff 

  0x000077163cbe6734: ;   {runtime_call counter_overflow Runtime1 stub}
  0x000077163cbe6734: ffff ffe8 

  0x000077163cbe6738: ; ImmutableOopMap {rdi=Oop [224]=Oop [232]=Oop [240]=Oop [256]=Oop [280]=Oop [312]=Oop [344]=Oop [360]=Oop [368]=Oop [424]=Oop [432]=Oop [440]=Oop }
                      ;*synchronization entry
                      ; - org.apache.xpath.XPathContext::popSAXLocator@-1 (line 434)
                      ; - org.apache.xalan.templates.ElemApplyTemplates::transformSelectedNodes@945 (line 445)
  0x000077163cbe6738: 441a 1307 | e9ef 9dff 

  0x000077163cbe6740: ;   {runtime_call throw_null_pointer_exception Runtime1 stub}
  0x000077163cbe6740: ffe8 3ab3 

  0x000077163cbe6744: ; ImmutableOopMap {rdi=Oop rsi=Oop [224]=Oop [232]=Oop [240]=Oop [256]=Oop [280]=Oop [312]=Oop [344]=Oop [360]=Oop [368]=Oop [424]=Oop [432]=Oop [440]=Oop }
                      ;*invokevirtual pop {reexecute=0 rethrow=0 return_oop=0}
                      ; - org.apache.xpath.XPathContext::popSAXLocator@4 (line 434)
                      ; - org.apache.xalan.templates.ElemApplyTemplates::transformSelectedNodes@945 (line 445)
                      ;   {metadata({method} {0x00006a69146a8000} 'popContextNodeList' '()V' in 'org/apache/xpath/XPathContext')}
  0x000077163cbe6744: 1207 49ba | 0080 6a14 | 696a 0000 | 4c89 5424 | 0848 c704 | 24ff ffff 

  0x000077163cbe675c: ;   {runtime_call counter_overflow Runtime1 stub}
  0x000077163cbe675c: ffe8 1e1a 

  0x000077163cbe6760: ; ImmutableOopMap {rdi=Oop [224]=Oop [232]=Oop [240]=Oop [256]=Oop [280]=Oop [312]=Oop [344]=Oop [360]=Oop [368]=Oop [424]=Oop [432]=Oop [440]=Oop }
                      ;*synchronization entry
                      ; - org.apache.xpath.XPathContext::popContextNodeList@-1 (line 706)
                      ; - org.apache.xalan.templates.ElemApplyTemplates::transformSelectedNodes@954 (line 446)
  0x000077163cbe6760: 1307 e949 

  0x000077163cbe6764: ;   {runtime_call throw_null_pointer_exception Runtime1 stub}
  0x000077163cbe6764: 9eff ffe8 

  0x000077163cbe6768: ; ImmutableOopMap {rdi=Oop rdx=Oop [224]=Oop [232]=Oop [240]=Oop [256]=Oop [280]=Oop [312]=Oop [344]=Oop [360]=Oop [368]=Oop [424]=Oop [432]=Oop [440]=Oop }
                      ;*invokevirtual isEmpty {reexecute=0 rethrow=0 return_oop=0}
                      ; - org.apache.xpath.XPathContext::popContextNodeList@4 (line 706)
                      ; - org.apache.xalan.templates.ElemApplyTemplates::transformSelectedNodes@954 (line 446)
  0x000077163cbe6768: 14b3 1207 | 4889 5424 | 0848 8934 

  0x000077163cbe6774: ;   {runtime_call monitorenter_nofpu Runtime1 stub}
  0x000077163cbe6774: 24e8 06ef 

  0x000077163cbe6778: ; ImmutableOopMap {rdi=Oop rdx=Oop [224]=Oop [232]=Oop [240]=Oop [256]=Oop [280]=Oop [312]=Oop [344]=Oop [360]=Oop [368]=Oop [424]=Oop [432]=Oop [440]=Oop [992]=Oop }
                      ;*synchronization entry
                      ; - java.util.Vector::isEmpty@-1 (line 316)
                      ; - org.apache.xpath.XPathContext::popContextNodeList@4 (line 706)
                      ; - org.apache.xalan.templates.ElemApplyTemplates::transformSelectedNodes@954 (line 446)
  0x000077163cbe6778: 1207 e904 

  0x000077163cbe677c: ;   {metadata({method} {0x00006a69140fff10} 'isEmpty' '()Z' in 'java/util/Vector')}
  0x000077163cbe677c: 9fff ff49 | ba10 ff0f | 1469 6a00 | 004c 8954 | 2408 48c7 | 0424 ffff 

  0x000077163cbe6794: ;   {runtime_call counter_overflow Runtime1 stub}
  0x000077163cbe6794: ffff e8e5 

  0x000077163cbe6798: ; ImmutableOopMap {rdi=Oop rdx=Oop [224]=Oop [232]=Oop [240]=Oop [256]=Oop [280]=Oop [312]=Oop [344]=Oop [360]=Oop [368]=Oop [424]=Oop [432]=Oop [440]=Oop [992]=Oop }
                      ;*synchronization entry
                      ; - java.util.Vector::isEmpty@-1 (line 316)
                      ; - org.apache.xpath.XPathContext::popContextNodeList@4 (line 706)
                      ; - org.apache.xalan.templates.ElemApplyTemplates::transformSelectedNodes@954 (line 446)
  0x000077163cbe6798: 1913 07e9 | 0a9f ffff | 488d 8424 | d803 0000 | 4889 0424 

  0x000077163cbe67ac: ;   {runtime_call monitorexit_nofpu Runtime1 stub}
  0x000077163cbe67ac: e8cf f412 | 07e9 749f 

  0x000077163cbe67b4: ;   {runtime_call throw_null_pointer_exception Runtime1 stub}
  0x000077163cbe67b4: ffff e8c5 

  0x000077163cbe67b8: ; ImmutableOopMap {rsi=Oop [224]=Oop [232]=Oop [240]=Oop [256]=Oop [280]=Oop [312]=Oop [344]=Oop [360]=Oop [368]=Oop [424]=Oop [432]=Oop [440]=Oop }
                      ;*invokevirtual println {reexecute=0 rethrow=0 return_oop=0}
                      ; - org.apache.xpath.XPathContext::popContextNodeList@15 (line 707)
                      ; - org.apache.xalan.templates.ElemApplyTemplates::transformSelectedNodes@954 (line 446)
                      ;   {runtime_call throw_null_pointer_exception Runtime1 stub}
  0x000077163cbe67b8: b212 07e8 

  0x000077163cbe67bc: ; ImmutableOopMap {rdi=Oop rsi=Oop [224]=Oop [232]=Oop [240]=Oop [256]=Oop [280]=Oop [312]=Oop [344]=Oop [360]=Oop [368]=Oop [424]=Oop [432]=Oop [440]=Oop }
                      ;*invokevirtual pop {reexecute=0 rethrow=0 return_oop=0}
                      ; - org.apache.xpath.XPathContext::popContextNodeList@25 (line 709)
                      ; - org.apache.xalan.templates.ElemApplyTemplates::transformSelectedNodes@954 (line 446)
  0x000077163cbe67bc: c0b2 1207 

  0x000077163cbe67c0: ;   {metadata({method} {0x00006a6914655c60} 'popElemTemplateElement' '()V' in 'org/apache/xalan/transformer/TransformerImpl')}
  0x000077163cbe67c0: 49ba 605c | 6514 696a | 0000 4c89 | 5424 0848 | c704 24ff 

  0x000077163cbe67d4: ;   {runtime_call counter_overflow Runtime1 stub}
  0x000077163cbe67d4: ffff ffe8 

  0x000077163cbe67d8: ; ImmutableOopMap {rdx=Oop [224]=Oop [232]=Oop [240]=Oop [256]=Oop [280]=Oop [312]=Oop [344]=Oop [360]=Oop [368]=Oop [424]=Oop [432]=Oop [440]=Oop }
                      ;*synchronization entry
                      ; - org.apache.xalan.transformer.TransformerImpl::popElemTemplateElement@-1 (line 2632)
                      ; - org.apache.xalan.templates.ElemApplyTemplates::transformSelectedNodes@958 (line 447)
  0x000077163cbe67d8: a419 1307 | e9b7 a0ff 

  0x000077163cbe67e0: ;   {runtime_call throw_null_pointer_exception Runtime1 stub}
  0x000077163cbe67e0: ffe8 9ab2 

  0x000077163cbe67e4: ; ImmutableOopMap {rdx=Oop rsi=Oop [224]=Oop [232]=Oop [240]=Oop [256]=Oop [280]=Oop [312]=Oop [344]=Oop [360]=Oop [368]=Oop [424]=Oop [432]=Oop [440]=Oop }
                      ;*invokevirtual pop {reexecute=0 rethrow=0 return_oop=0}
                      ; - org.apache.xalan.transformer.TransformerImpl::popElemTemplateElement@4 (line 2632)
                      ; - org.apache.xalan.templates.ElemApplyTemplates::transformSelectedNodes@958 (line 447)
                      ;   {metadata({method} {0x00006a69146a9090} 'popCurrentExpressionNode' '()V' in 'org/apache/xpath/XPathContext')}
  0x000077163cbe67e4: 1207 49ba | 9090 6a14 | 696a 0000 | 4c89 5424 | 0848 c704 | 24ff ffff 

  0x000077163cbe67fc: ;   {runtime_call counter_overflow Runtime1 stub}
  0x000077163cbe67fc: ffe8 7e19 

  0x000077163cbe6800: ; ImmutableOopMap {[224]=Oop [232]=Oop [240]=Oop [256]=Oop [280]=Oop [312]=Oop [344]=Oop [360]=Oop [368]=Oop [424]=Oop [432]=Oop [440]=Oop }
                      ;*synchronization entry
                      ; - org.apache.xpath.XPathContext::popCurrentExpressionNode@-1 (line 908)
                      ; - org.apache.xalan.templates.ElemApplyTemplates::transformSelectedNodes@962 (line 448)
  0x000077163cbe6800: 1307 e9fe 

  0x000077163cbe6804: ;   {runtime_call throw_null_pointer_exception Runtime1 stub}
  0x000077163cbe6804: a0ff ffe8 

  0x000077163cbe6808: ; ImmutableOopMap {rdi=Oop rsi=Oop [224]=Oop [232]=Oop [240]=Oop [256]=Oop [280]=Oop [312]=Oop [344]=Oop [360]=Oop [368]=Oop [424]=Oop [432]=Oop [440]=Oop }
                      ;*invokevirtual quickPop {reexecute=0 rethrow=0 return_oop=0}
                      ; - org.apache.xpath.XPathContext::popCurrentExpressionNode@5 (line 908)
                      ; - org.apache.xalan.templates.ElemApplyTemplates::transformSelectedNodes@962 (line 448)
  0x000077163cbe6808: 74b2 1207 

  0x000077163cbe680c: ;   {metadata({method} {0x00006a69146486c0} 'quickPop' '(I)V' in 'org/apache/xml/utils/IntStack')}
  0x000077163cbe680c: 49ba c086 | 6414 696a | 0000 4c89 | 5424 0848 | c704 24ff 

  0x000077163cbe6820: ;   {runtime_call counter_overflow Runtime1 stub}
  0x000077163cbe6820: ffff ffe8 

  0x000077163cbe6824: ; ImmutableOopMap {rdi=Oop rsi=Oop [224]=Oop [232]=Oop [240]=Oop [256]=Oop [280]=Oop [312]=Oop [344]=Oop [360]=Oop [368]=Oop [424]=Oop [432]=Oop [440]=Oop }
                      ;*synchronization entry
                      ; - org.apache.xml.utils.IntStack::quickPop@-1 (line 110)
                      ; - org.apache.xpath.XPathContext::popCurrentExpressionNode@5 (line 908)
                      ; - org.apache.xalan.templates.ElemApplyTemplates::transformSelectedNodes@962 (line 448)
  0x000077163cbe6824: 5819 1307 | e921 a1ff 

  0x000077163cbe682c: ;   {metadata({method} {0x00006a69146a86b0} 'popCurrentNode' '()V' in 'org/apache/xpath/XPathContext')}
  0x000077163cbe682c: ff49 bab0 | 866a 1469 | 6a00 004c | 8954 2408 | 48c7 0424 | ffff ffff 

  0x000077163cbe6844: ;   {runtime_call counter_overflow Runtime1 stub}
  0x000077163cbe6844: e837 1913 

  0x000077163cbe6848: ; ImmutableOopMap {rdi=Oop [224]=Oop [232]=Oop [240]=Oop [256]=Oop [280]=Oop [312]=Oop [344]=Oop [360]=Oop [368]=Oop [424]=Oop [432]=Oop [440]=Oop }
                      ;*synchronization entry
                      ; - org.apache.xpath.XPathContext::popCurrentNode@-1 (line 801)
                      ; - org.apache.xalan.templates.ElemApplyTemplates::transformSelectedNodes@966 (line 449)
  0x000077163cbe6848: 07e9 44a1 

  0x000077163cbe684c: ;   {runtime_call throw_null_pointer_exception Runtime1 stub}
  0x000077163cbe684c: ffff e82d 

  0x000077163cbe6850: ; ImmutableOopMap {rdi=Oop rsi=Oop [224]=Oop [232]=Oop [240]=Oop [256]=Oop [280]=Oop [312]=Oop [344]=Oop [360]=Oop [368]=Oop [424]=Oop [432]=Oop [440]=Oop }
                      ;*invokevirtual quickPop {reexecute=0 rethrow=0 return_oop=0}
                      ; - org.apache.xpath.XPathContext::popCurrentNode@5 (line 801)
                      ; - org.apache.xalan.templates.ElemApplyTemplates::transformSelectedNodes@966 (line 449)
                      ;   {metadata({method} {0x00006a69146486c0} 'quickPop' '(I)V' in 'org/apache/xml/utils/IntStack')}
  0x000077163cbe6850: b212 0749 | bac0 8664 | 1469 6a00 | 004c 8954 | 2408 48c7 | 0424 ffff 

  0x000077163cbe6868: ;   {runtime_call counter_overflow Runtime1 stub}
  0x000077163cbe6868: ffff e811 

  0x000077163cbe686c: ; ImmutableOopMap {rdi=Oop rsi=Oop [224]=Oop [232]=Oop [240]=Oop [256]=Oop [280]=Oop [312]=Oop [344]=Oop [360]=Oop [368]=Oop [424]=Oop [432]=Oop [440]=Oop }
                      ;*synchronization entry
                      ; - org.apache.xml.utils.IntStack::quickPop@-1 (line 110)
                      ; - org.apache.xpath.XPathContext::popCurrentNode@5 (line 801)
                      ; - org.apache.xalan.templates.ElemApplyTemplates::transformSelectedNodes@966 (line 449)
  0x000077163cbe686c: 1913 07e9 | 5fa1 ffff 

  0x000077163cbe6874: ;   {runtime_call fast_new_instance Runtime1 stub}
  0x000077163cbe6874: 488b d2e8 

  0x000077163cbe6878: ; ImmutableOopMap {rbx=Oop r8=Oop [224]=Oop [232]=Oop [240]=Oop [256]=Oop [280]=Oop [312]=Oop [344]=Oop [360]=Oop [368]=Oop [424]=Oop [432]=Oop [448]=Oop [504]=Oop [544]=Oop }
                      ;*new {reexecute=0 rethrow=0 return_oop=0}
                      ; - org.apache.xalan.templates.ElemApplyTemplates::transformSelectedNodes@864 (line 433)
  0x000077163cbe6878: 04bb 1207 | e922 a3ff 

  0x000077163cbe6880: ;   {runtime_call throw_null_pointer_exception Runtime1 stub}
  0x000077163cbe6880: ffe8 fab1 

  0x000077163cbe6884: ; ImmutableOopMap {r8=Oop [224]=Oop [232]=Oop [240]=Oop [256]=Oop [280]=Oop [312]=Oop [344]=Oop [360]=Oop [368]=Oop [424]=Oop [432]=Oop [448]=Oop [504]=Oop [544]=Oop [608]=Oop }
                      ;*invokeinterface fatalError {reexecute=0 rethrow=0 return_oop=0}
                      ; - org.apache.xalan.templates.ElemApplyTemplates::transformSelectedNodes@873 (line 433)
                      ;   {metadata(nullptr)}
  0x000077163cbe6884: 1207 48ba | 0000 0000 | 0000 0000 | b800 0f05 

  0x000077163cbe6894: ;   {runtime_call load_klass_patching Runtime1 stub}
  0x000077163cbe6894: 0ae8 e609 

  0x000077163cbe6898: ; ImmutableOopMap {rsi=Oop rbx=Oop [224]=Oop [232]=Oop [240]=Oop [256]=Oop [280]=Oop [312]=Oop [344]=Oop [360]=Oop [368]=Oop [424]=Oop [432]=Oop [448]=Oop [504]=Oop [544]=Oop }
                      ;*new {reexecute=1 rethrow=0 return_oop=0}
                      ; - (reexecute) org.apache.xalan.templates.ElemApplyTemplates::transformSelectedNodes@909 (line 438)
  0x000077163cbe6898: 1307 e989 | a4ff ff48 

  0x000077163cbe68a0: ;   {runtime_call fast_new_instance Runtime1 stub}
  0x000077163cbe68a0: 8bd2 e8d9 

  0x000077163cbe68a4: ; ImmutableOopMap {rbx=Oop r9=Oop [224]=Oop [232]=Oop [240]=Oop [256]=Oop [280]=Oop [312]=Oop [344]=Oop [360]=Oop [368]=Oop [424]=Oop [432]=Oop [448]=Oop [504]=Oop [544]=Oop }
                      ;*new {reexecute=0 rethrow=0 return_oop=0}
                      ; - org.apache.xalan.templates.ElemApplyTemplates::transformSelectedNodes@909 (line 438)
  0x000077163cbe68a4: ba12 07e9 | 2aa5 ffff 

  0x000077163cbe68ac: ;   {metadata({method} {0x00006a691465bd20} '<init>' '(Lorg/apache/xpath/Expression;)V' in 'org/apache/xpath/XPath')}
  0x000077163cbe68ac: 49ba 20bd | 6514 696a | 0000 4c89 | 5424 0848 | c704 24ff 

  0x000077163cbe68c0: ;   {runtime_call counter_overflow Runtime1 stub}
  0x000077163cbe68c0: ffff ffe8 

  0x000077163cbe68c4: ; ImmutableOopMap {rbx=Oop r9=Oop rax=Oop rdx=Oop [224]=Oop [232]=Oop [240]=Oop [256]=Oop [280]=Oop [312]=Oop [344]=Oop [360]=Oop [368]=Oop [424]=Oop [432]=Oop [448]=Oop [504]=Oop [544]=Oop [616]=Oop }
                      ;*synchronization entry
                      ; - org.apache.xpath.XPath::<init>@-1 (line 277)
                      ; - org.apache.xalan.templates.ElemApplyTemplates::transformSelectedNodes@917 (line 438)
  0x000077163cbe68c4: b818 1307 | e951 a5ff 

  0x000077163cbe68cc: ;   {metadata({method} {0x00006a691f4791f0} '<init>' '()V' in 'java/lang/Object')}
  0x000077163cbe68cc: ff49 baf0 | 9147 1f69 | 6a00 004c | 8954 2408 | 48c7 0424 | ffff ffff 

  0x000077163cbe68e4: ;   {runtime_call counter_overflow Runtime1 stub}
  0x000077163cbe68e4: e897 1813 

  0x000077163cbe68e8: ; ImmutableOopMap {rbx=Oop r9=Oop rax=Oop rdx=Oop [224]=Oop [232]=Oop [240]=Oop [256]=Oop [280]=Oop [312]=Oop [344]=Oop [360]=Oop [368]=Oop [424]=Oop [432]=Oop [448]=Oop [504]=Oop [544]=Oop [616]=Oop }
                      ;*synchronization entry
                      ; - java.lang.Object::<init>@-1 (line 45)
                      ; - org.apache.xpath.XPath::<init>@1 (line 277)
                      ; - org.apache.xalan.templates.ElemApplyTemplates::transformSelectedNodes@917 (line 438)
  0x000077163cbe68e8: 07e9 6ca5 

  0x000077163cbe68ec: ;   {metadata({method} {0x00006a691465b448} 'initFunctionTable' '()V' in 'org/apache/xpath/XPath')}
  0x000077163cbe68ec: ffff 49ba | 48b4 6514 | 696a 0000 | 4c89 5424 | 0848 c704 | 24ff ffff 

  0x000077163cbe6904: ;   {runtime_call counter_overflow Runtime1 stub}
  0x000077163cbe6904: ffe8 7618 

  0x000077163cbe6908: ; ImmutableOopMap {[224]=Oop [232]=Oop [240]=Oop [256]=Oop [280]=Oop [312]=Oop [344]=Oop [360]=Oop [368]=Oop [424]=Oop [432]=Oop [448]=Oop [504]=Oop [544]=Oop [616]=Oop [624]=Oop }
                      ;*synchronization entry
                      ; - org.apache.xpath.XPath::initFunctionTable@-1 (line 62)
                      ; - org.apache.xpath.XPath::<init>@15 (line 279)
                      ; - org.apache.xalan.templates.ElemApplyTemplates::transformSelectedNodes@917 (line 438)
  0x000077163cbe6908: 1307 e9ce | a5ff ff48 

  0x000077163cbe6910: ;   {runtime_call fast_new_instance Runtime1 stub}
  0x000077163cbe6910: 8bd2 e869 

  0x000077163cbe6914: ; ImmutableOopMap {[224]=Oop [232]=Oop [240]=Oop [256]=Oop [280]=Oop [312]=Oop [344]=Oop [360]=Oop [368]=Oop [424]=Oop [432]=Oop [448]=Oop [504]=Oop [544]=Oop [616]=Oop [624]=Oop }
                      ;*new {reexecute=0 rethrow=0 return_oop=0}
                      ; - org.apache.xpath.XPath::initFunctionTable@1 (line 62)
                      ; - org.apache.xpath.XPath::<init>@15 (line 279)
                      ; - org.apache.xalan.templates.ElemApplyTemplates::transformSelectedNodes@917 (line 438)
  0x000077163cbe6914: ba12 07e9 | 6ca6 ffff 

  0x000077163cbe691c: ;   {metadata(nullptr)}
  0x000077163cbe691c: 48ba 0000 | 0000 0000 | 0000 b800 

  0x000077163cbe6928: ;   {runtime_call load_klass_patching Runtime1 stub}
  0x000077163cbe6928: 0f05 0ae8 

  0x000077163cbe692c: ; ImmutableOopMap {rbx=Oop [224]=Oop [232]=Oop [240]=Oop [256]=Oop [280]=Oop [312]=Oop [344]=Oop [360]=Oop [368]=Oop [424]=Oop [432]=Oop [448]=Oop [504]=Oop [544]=Oop [616]=Oop [624]=Oop }
                      ;*new {reexecute=1 rethrow=0 return_oop=0}
                      ; - (reexecute) org.apache.xalan.templates.ElemApplyTemplates::transformSelectedNodes@920 (line 438)
  0x000077163cbe692c: 5009 1307 | e9a3 a6ff | ff48 8bd2 

  0x000077163cbe6938: ;   {runtime_call fast_new_instance Runtime1 stub}
  0x000077163cbe6938: e843 ba12 

  0x000077163cbe693c: ; ImmutableOopMap {rbx=Oop [224]=Oop [232]=Oop [240]=Oop [256]=Oop [280]=Oop [312]=Oop [344]=Oop [360]=Oop [368]=Oop [424]=Oop [432]=Oop [448]=Oop [504]=Oop [544]=Oop [616]=Oop [624]=Oop }
                      ;*new {reexecute=0 rethrow=0 return_oop=0}
                      ; - org.apache.xalan.templates.ElemApplyTemplates::transformSelectedNodes@920 (line 438)
  0x000077163cbe693c: 07e9 49a7 

  0x000077163cbe6940: ;   {runtime_call throw_null_pointer_exception Runtime1 stub}
  0x000077163cbe6940: ffff e839 

  0x000077163cbe6944: ; ImmutableOopMap {rbx=Oop [224]=Oop [232]=Oop [240]=Oop [256]=Oop [280]=Oop [312]=Oop [344]=Oop [360]=Oop [368]=Oop [424]=Oop [432]=Oop [448]=Oop [504]=Oop [544]=Oop [616]=Oop [640]=Oop }
                      ;*invokevirtual fireSelectedEndEvent {reexecute=0 rethrow=0 return_oop=0}
                      ; - org.apache.xalan.templates.ElemApplyTemplates::transformSelectedNodes@929 (line 438)
                      ;   {metadata({method} {0x00006a69146a7290} 'popSAXLocator' '()V' in 'org/apache/xpath/XPathContext')}
  0x000077163cbe6944: b112 0749 | ba90 726a | 1469 6a00 | 004c 8954 | 2408 48c7 | 0424 ffff 

  0x000077163cbe695c: ;   {runtime_call counter_overflow Runtime1 stub}
  0x000077163cbe695c: ffff e81d 

  0x000077163cbe6960: ; ImmutableOopMap {rdi=Oop [224]=Oop [232]=Oop [240]=Oop [256]=Oop [280]=Oop [312]=Oop [344]=Oop [360]=Oop [368]=Oop [424]=Oop [432]=Oop [448]=Oop [504]=Oop [544]=Oop }
                      ;*synchronization entry
                      ; - org.apache.xpath.XPathContext::popSAXLocator@-1 (line 434)
                      ; - org.apache.xalan.templates.ElemApplyTemplates::transformSelectedNodes@945 (line 445)
  0x000077163cbe6960: 1813 07e9 | 98a8 ffff 

  0x000077163cbe6968: ;   {runtime_call throw_null_pointer_exception Runtime1 stub}
  0x000077163cbe6968: e813 b112 

  0x000077163cbe696c: ; ImmutableOopMap {rdi=Oop rsi=Oop [224]=Oop [232]=Oop [240]=Oop [256]=Oop [280]=Oop [312]=Oop [344]=Oop [360]=Oop [368]=Oop [424]=Oop [432]=Oop [448]=Oop [504]=Oop [544]=Oop }
                      ;*invokevirtual pop {reexecute=0 rethrow=0 return_oop=0}
                      ; - org.apache.xpath.XPathContext::popSAXLocator@4 (line 434)
                      ; - org.apache.xalan.templates.ElemApplyTemplates::transformSelectedNodes@945 (line 445)
                      ;   {metadata({method} {0x00006a6914655c60} 'popElemTemplateElement' '()V' in 'org/apache/xalan/transformer/TransformerImpl')}
  0x000077163cbe696c: 0749 ba60 | 5c65 1469 | 6a00 004c | 8954 2408 | 48c7 0424 | ffff ffff 

  0x000077163cbe6984: ;   {runtime_call counter_overflow Runtime1 stub}
  0x000077163cbe6984: e8f7 1713 

  0x000077163cbe6988: ; ImmutableOopMap {rdx=Oop [224]=Oop [232]=Oop [240]=Oop [256]=Oop [280]=Oop [312]=Oop [344]=Oop [360]=Oop [368]=Oop [424]=Oop [432]=Oop [448]=Oop [504]=Oop [544]=Oop }
                      ;*synchronization entry
                      ; - org.apache.xalan.transformer.TransformerImpl::popElemTemplateElement@-1 (line 2632)
                      ; - org.apache.xalan.templates.ElemApplyTemplates::transformSelectedNodes@958 (line 447)
  0x000077163cbe6988: 07e9 22a9 

  0x000077163cbe698c: ;   {runtime_call throw_null_pointer_exception Runtime1 stub}
  0x000077163cbe698c: ffff e8ed 

  0x000077163cbe6990: ; ImmutableOopMap {rdx=Oop rsi=Oop [224]=Oop [232]=Oop [240]=Oop [256]=Oop [280]=Oop [312]=Oop [344]=Oop [360]=Oop [368]=Oop [424]=Oop [432]=Oop [448]=Oop [504]=Oop [544]=Oop }
                      ;*invokevirtual pop {reexecute=0 rethrow=0 return_oop=0}
                      ; - org.apache.xalan.transformer.TransformerImpl::popElemTemplateElement@4 (line 2632)
                      ; - org.apache.xalan.templates.ElemApplyTemplates::transformSelectedNodes@958 (line 447)
                      ;   {metadata({method} {0x00006a69146a9090} 'popCurrentExpressionNode' '()V' in 'org/apache/xpath/XPathContext')}
  0x000077163cbe6990: b012 0749 | ba90 906a | 1469 6a00 | 004c 8954 | 2408 48c7 | 0424 ffff 

  0x000077163cbe69a8: ;   {runtime_call counter_overflow Runtime1 stub}
  0x000077163cbe69a8: ffff e8d1 

  0x000077163cbe69ac: ; ImmutableOopMap {[224]=Oop [232]=Oop [240]=Oop [256]=Oop [280]=Oop [312]=Oop [344]=Oop [360]=Oop [368]=Oop [424]=Oop [432]=Oop [448]=Oop [504]=Oop [544]=Oop }
                      ;*synchronization entry
                      ; - org.apache.xpath.XPathContext::popCurrentExpressionNode@-1 (line 908)
                      ; - org.apache.xalan.templates.ElemApplyTemplates::transformSelectedNodes@962 (line 448)
  0x000077163cbe69ac: 1713 07e9 | 69a9 ffff 

  0x000077163cbe69b4: ;   {runtime_call throw_null_pointer_exception Runtime1 stub}
  0x000077163cbe69b4: e8c7 b012 

  0x000077163cbe69b8: ; ImmutableOopMap {rdi=Oop rsi=Oop [224]=Oop [232]=Oop [240]=Oop [256]=Oop [280]=Oop [312]=Oop [344]=Oop [360]=Oop [368]=Oop [424]=Oop [432]=Oop [448]=Oop [504]=Oop [544]=Oop }
                      ;*invokevirtual quickPop {reexecute=0 rethrow=0 return_oop=0}
                      ; - org.apache.xpath.XPathContext::popCurrentExpressionNode@5 (line 908)
                      ; - org.apache.xalan.templates.ElemApplyTemplates::transformSelectedNodes@962 (line 448)
                      ;   {metadata({method} {0x00006a69146486c0} 'quickPop' '(I)V' in 'org/apache/xml/utils/IntStack')}
  0x000077163cbe69b8: 0749 bac0 | 8664 1469 | 6a00 004c | 8954 2408 | 48c7 0424 | ffff ffff 

  0x000077163cbe69d0: ;   {runtime_call counter_overflow Runtime1 stub}
  0x000077163cbe69d0: e8ab 1713 

  0x000077163cbe69d4: ; ImmutableOopMap {rdi=Oop rsi=Oop [224]=Oop [232]=Oop [240]=Oop [256]=Oop [280]=Oop [312]=Oop [344]=Oop [360]=Oop [368]=Oop [424]=Oop [432]=Oop [448]=Oop [504]=Oop [544]=Oop }
                      ;*synchronization entry
                      ; - org.apache.xml.utils.IntStack::quickPop@-1 (line 110)
                      ; - org.apache.xpath.XPathContext::popCurrentExpressionNode@5 (line 908)
                      ; - org.apache.xalan.templates.ElemApplyTemplates::transformSelectedNodes@962 (line 448)
  0x000077163cbe69d4: 07e9 8ca9 

  0x000077163cbe69d8: ;   {metadata({method} {0x00006a69146a86b0} 'popCurrentNode' '()V' in 'org/apache/xpath/XPathContext')}
  0x000077163cbe69d8: ffff 49ba | b086 6a14 | 696a 0000 | 4c89 5424 | 0848 c704 | 24ff ffff 

  0x000077163cbe69f0: ;   {runtime_call counter_overflow Runtime1 stub}
  0x000077163cbe69f0: ffe8 8a17 

  0x000077163cbe69f4: ; ImmutableOopMap {rdi=Oop [224]=Oop [232]=Oop [240]=Oop [256]=Oop [280]=Oop [312]=Oop [344]=Oop [360]=Oop [368]=Oop [424]=Oop [432]=Oop [448]=Oop [504]=Oop [544]=Oop }
                      ;*synchronization entry
                      ; - org.apache.xpath.XPathContext::popCurrentNode@-1 (line 801)
                      ; - org.apache.xalan.templates.ElemApplyTemplates::transformSelectedNodes@966 (line 449)
  0x000077163cbe69f4: 1307 e9af 

  0x000077163cbe69f8: ;   {runtime_call throw_null_pointer_exception Runtime1 stub}
  0x000077163cbe69f8: a9ff ffe8 

  0x000077163cbe69fc: ; ImmutableOopMap {rdi=Oop rsi=Oop [224]=Oop [232]=Oop [240]=Oop [256]=Oop [280]=Oop [312]=Oop [344]=Oop [360]=Oop [368]=Oop [424]=Oop [432]=Oop [448]=Oop [504]=Oop [544]=Oop }
                      ;*invokevirtual quickPop {reexecute=0 rethrow=0 return_oop=0}
                      ; - org.apache.xpath.XPathContext::popCurrentNode@5 (line 801)
                      ; - org.apache.xalan.templates.ElemApplyTemplates::transformSelectedNodes@966 (line 449)
  0x000077163cbe69fc: 80b0 1207 

  0x000077163cbe6a00: ;   {metadata({method} {0x00006a69146486c0} 'quickPop' '(I)V' in 'org/apache/xml/utils/IntStack')}
  0x000077163cbe6a00: 49ba c086 | 6414 696a | 0000 4c89 | 5424 0848 | c704 24ff 

  0x000077163cbe6a14: ;   {runtime_call counter_overflow Runtime1 stub}
  0x000077163cbe6a14: ffff ffe8 

  0x000077163cbe6a18: ; ImmutableOopMap {rdi=Oop rsi=Oop [224]=Oop [232]=Oop [240]=Oop [256]=Oop [280]=Oop [312]=Oop [344]=Oop [360]=Oop [368]=Oop [424]=Oop [432]=Oop [448]=Oop [504]=Oop [544]=Oop }
                      ;*synchronization entry
                      ; - org.apache.xml.utils.IntStack::quickPop@-1 (line 110)
                      ; - org.apache.xpath.XPathContext::popCurrentNode@5 (line 801)
                      ; - org.apache.xalan.templates.ElemApplyTemplates::transformSelectedNodes@966 (line 449)
  0x000077163cbe6a18: 6417 1307 | e9ca a9ff 

  0x000077163cbe6a20: ;   {metadata(nullptr)}
  0x000077163cbe6a20: ff48 ba00 | 0000 0000 | 0000 00b8 | 000f 050a 

  0x000077163cbe6a30: ;   {runtime_call load_klass_patching Runtime1 stub}
  0x000077163cbe6a30: e84b 0813 

  0x000077163cbe6a34: ; ImmutableOopMap {rsi=Oop rbx=Oop [224]=Oop [232]=Oop [240]=Oop [256]=Oop [280]=Oop [312]=Oop [344]=Oop [360]=Oop [368]=Oop [424]=Oop [432]=Oop [448]=Oop [504]=Oop [544]=Oop [664]=Oop }
                      ;*new {reexecute=1 rethrow=0 return_oop=0}
                      ; - (reexecute) org.apache.xalan.templates.ElemApplyTemplates::transformSelectedNodes@909 (line 438)
  0x000077163cbe6a34: 07e9 26ab | ffff 488b 

  0x000077163cbe6a3c: ;   {runtime_call fast_new_instance Runtime1 stub}
  0x000077163cbe6a3c: d2e8 3eb9 

  0x000077163cbe6a40: ; ImmutableOopMap {rbx=Oop r9=Oop [224]=Oop [232]=Oop [240]=Oop [256]=Oop [280]=Oop [312]=Oop [344]=Oop [360]=Oop [368]=Oop [424]=Oop [432]=Oop [448]=Oop [504]=Oop [544]=Oop [664]=Oop }
                      ;*new {reexecute=0 rethrow=0 return_oop=0}
                      ; - org.apache.xalan.templates.ElemApplyTemplates::transformSelectedNodes@909 (line 438)
  0x000077163cbe6a40: 1207 e9c7 

  0x000077163cbe6a44: ;   {metadata({method} {0x00006a691465bd20} '<init>' '(Lorg/apache/xpath/Expression;)V' in 'org/apache/xpath/XPath')}
  0x000077163cbe6a44: abff ff49 | ba20 bd65 | 1469 6a00 | 004c 8954 | 2408 48c7 | 0424 ffff 

  0x000077163cbe6a5c: ;   {runtime_call counter_overflow Runtime1 stub}
  0x000077163cbe6a5c: ffff e81d 

  0x000077163cbe6a60: ; ImmutableOopMap {rbx=Oop r9=Oop rax=Oop rdx=Oop [224]=Oop [232]=Oop [240]=Oop [256]=Oop [280]=Oop [312]=Oop [344]=Oop [360]=Oop [368]=Oop [424]=Oop [432]=Oop [448]=Oop [504]=Oop [544]=Oop [648]=Oop [664]=Oop }
                      ;*synchronization entry
                      ; - org.apache.xpath.XPath::<init>@-1 (line 277)
                      ; - org.apache.xalan.templates.ElemApplyTemplates::transformSelectedNodes@917 (line 438)
  0x000077163cbe6a60: 1713 07e9 | eeab ffff 

  0x000077163cbe6a68: ;   {metadata({method} {0x00006a691f4791f0} '<init>' '()V' in 'java/lang/Object')}
  0x000077163cbe6a68: 49ba f091 | 471f 696a | 0000 4c89 | 5424 0848 | c704 24ff 

  0x000077163cbe6a7c: ;   {runtime_call counter_overflow Runtime1 stub}
  0x000077163cbe6a7c: ffff ffe8 

  0x000077163cbe6a80: ; ImmutableOopMap {rbx=Oop r9=Oop rax=Oop rdx=Oop [224]=Oop [232]=Oop [240]=Oop [256]=Oop [280]=Oop [312]=Oop [344]=Oop [360]=Oop [368]=Oop [424]=Oop [432]=Oop [448]=Oop [504]=Oop [544]=Oop [648]=Oop [664]=Oop }
                      ;*synchronization entry
                      ; - java.lang.Object::<init>@-1 (line 45)
                      ; - org.apache.xpath.XPath::<init>@1 (line 277)
                      ; - org.apache.xalan.templates.ElemApplyTemplates::transformSelectedNodes@917 (line 438)
  0x000077163cbe6a80: fc16 1307 | e909 acff 

  0x000077163cbe6a88: ;   {metadata({method} {0x00006a691465b448} 'initFunctionTable' '()V' in 'org/apache/xpath/XPath')}
  0x000077163cbe6a88: ff49 ba48 | b465 1469 | 6a00 004c | 8954 2408 | 48c7 0424 | ffff ffff 

  0x000077163cbe6aa0: ;   {runtime_call counter_overflow Runtime1 stub}
  0x000077163cbe6aa0: e8db 1613 

  0x000077163cbe6aa4: ; ImmutableOopMap {[224]=Oop [232]=Oop [240]=Oop [256]=Oop [280]=Oop [312]=Oop [344]=Oop [360]=Oop [368]=Oop [424]=Oop [432]=Oop [448]=Oop [504]=Oop [544]=Oop [648]=Oop [656]=Oop [664]=Oop }
                      ;*synchronization entry
                      ; - org.apache.xpath.XPath::initFunctionTable@-1 (line 62)
                      ; - org.apache.xpath.XPath::<init>@15 (line 279)
                      ; - org.apache.xalan.templates.ElemApplyTemplates::transformSelectedNodes@917 (line 438)
  0x000077163cbe6aa4: 07e9 6bac | ffff 488b 

  0x000077163cbe6aac: ;   {runtime_call fast_new_instance Runtime1 stub}
  0x000077163cbe6aac: d2e8 ceb8 

  0x000077163cbe6ab0: ; ImmutableOopMap {[224]=Oop [232]=Oop [240]=Oop [256]=Oop [280]=Oop [312]=Oop [344]=Oop [360]=Oop [368]=Oop [424]=Oop [432]=Oop [448]=Oop [504]=Oop [544]=Oop [648]=Oop [656]=Oop [664]=Oop }
                      ;*new {reexecute=0 rethrow=0 return_oop=0}
                      ; - org.apache.xpath.XPath::initFunctionTable@1 (line 62)
                      ; - org.apache.xpath.XPath::<init>@15 (line 279)
                      ; - org.apache.xalan.templates.ElemApplyTemplates::transformSelectedNodes@917 (line 438)
  0x000077163cbe6ab0: 1207 e909 

  0x000077163cbe6ab4: ;   {metadata(nullptr)}
  0x000077163cbe6ab4: adff ff48 | ba00 0000 | 0000 0000 | 00b8 000f 

  0x000077163cbe6ac4: ;   {runtime_call load_klass_patching Runtime1 stub}
  0x000077163cbe6ac4: 050a e8b5 

  0x000077163cbe6ac8: ; ImmutableOopMap {rbx=Oop [224]=Oop [232]=Oop [240]=Oop [256]=Oop [280]=Oop [312]=Oop [344]=Oop [360]=Oop [368]=Oop [424]=Oop [432]=Oop [448]=Oop [504]=Oop [544]=Oop [648]=Oop [656]=Oop [664]=Oop }
                      ;*new {reexecute=1 rethrow=0 return_oop=0}
                      ; - (reexecute) org.apache.xalan.templates.ElemApplyTemplates::transformSelectedNodes@920 (line 438)
  0x000077163cbe6ac8: 0713 07e9 | 40ad ffff 

  0x000077163cbe6ad0: ;   {runtime_call fast_new_instance Runtime1 stub}
  0x000077163cbe6ad0: 488b d2e8 

  0x000077163cbe6ad4: ; ImmutableOopMap {rbx=Oop [224]=Oop [232]=Oop [240]=Oop [256]=Oop [280]=Oop [312]=Oop [344]=Oop [360]=Oop [368]=Oop [424]=Oop [432]=Oop [448]=Oop [504]=Oop [544]=Oop [648]=Oop [656]=Oop [664]=Oop }
                      ;*new {reexecute=0 rethrow=0 return_oop=0}
                      ; - org.apache.xalan.templates.ElemApplyTemplates::transformSelectedNodes@920 (line 438)
  0x000077163cbe6ad4: a8b8 1207 | e9e6 adff 

  0x000077163cbe6adc: ;   {runtime_call throw_null_pointer_exception Runtime1 stub}
  0x000077163cbe6adc: ffe8 9eaf 

  0x000077163cbe6ae0: ; ImmutableOopMap {rbx=Oop [224]=Oop [232]=Oop [240]=Oop [256]=Oop [280]=Oop [312]=Oop [344]=Oop [360]=Oop [368]=Oop [424]=Oop [432]=Oop [448]=Oop [504]=Oop [544]=Oop [648]=Oop [664]=Oop [680]=Oop }
                      ;*invokevirtual fireSelectedEndEvent {reexecute=0 rethrow=0 return_oop=0}
                      ; - org.apache.xalan.templates.ElemApplyTemplates::transformSelectedNodes@929 (line 438)
                      ;   {metadata({method} {0x00006a69146a7290} 'popSAXLocator' '()V' in 'org/apache/xpath/XPathContext')}
  0x000077163cbe6ae0: 1207 49ba | 9072 6a14 | 696a 0000 | 4c89 5424 | 0848 c704 | 24ff ffff 

  0x000077163cbe6af8: ;   {runtime_call counter_overflow Runtime1 stub}
  0x000077163cbe6af8: ffe8 8216 

  0x000077163cbe6afc: ; ImmutableOopMap {rdi=Oop [224]=Oop [232]=Oop [240]=Oop [256]=Oop [280]=Oop [312]=Oop [344]=Oop [360]=Oop [368]=Oop [424]=Oop [432]=Oop [448]=Oop [504]=Oop [544]=Oop [664]=Oop }
                      ;*synchronization entry
                      ; - org.apache.xpath.XPathContext::popSAXLocator@-1 (line 434)
                      ; - org.apache.xalan.templates.ElemApplyTemplates::transformSelectedNodes@945 (line 445)
  0x000077163cbe6afc: 1307 e935 

  0x000077163cbe6b00: ;   {runtime_call throw_null_pointer_exception Runtime1 stub}
  0x000077163cbe6b00: afff ffe8 

  0x000077163cbe6b04: ; ImmutableOopMap {rdi=Oop rsi=Oop [224]=Oop [232]=Oop [240]=Oop [256]=Oop [280]=Oop [312]=Oop [344]=Oop [360]=Oop [368]=Oop [424]=Oop [432]=Oop [448]=Oop [504]=Oop [544]=Oop [664]=Oop }
                      ;*invokevirtual pop {reexecute=0 rethrow=0 return_oop=0}
                      ; - org.apache.xpath.XPathContext::popSAXLocator@4 (line 434)
                      ; - org.apache.xalan.templates.ElemApplyTemplates::transformSelectedNodes@945 (line 445)
  0x000077163cbe6b04: 78af 1207 

  0x000077163cbe6b08: ;   {internal_word}
  0x000077163cbe6b08: 49ba f91a | be3c 1677 | 0000 4d89 | 9780 0700 

  0x000077163cbe6b18: ;   {runtime_call SafepointBlob}
  0x000077163cbe6b18: 00e9 e248 

  0x000077163cbe6b1c: ;   {internal_word}
  0x000077163cbe6b1c: 0807 49ba | 1f1b be3c | 1677 0000 | 4d89 9780 

  0x000077163cbe6b2c: ;   {runtime_call SafepointBlob}
  0x000077163cbe6b2c: 0700 00e9 | cc48 0807 

  0x000077163cbe6b34: ;   {metadata({method} {0x00006a6914655c60} 'popElemTemplateElement' '()V' in 'org/apache/xalan/transformer/TransformerImpl')}
  0x000077163cbe6b34: 49ba 605c | 6514 696a | 0000 4c89 | 5424 0848 | c704 24ff 

  0x000077163cbe6b48: ;   {runtime_call counter_overflow Runtime1 stub}
  0x000077163cbe6b48: ffff ffe8 

  0x000077163cbe6b4c: ; ImmutableOopMap {rdx=Oop [224]=Oop [232]=Oop [240]=Oop [256]=Oop [280]=Oop [312]=Oop [344]=Oop [360]=Oop [368]=Oop [424]=Oop [432]=Oop [448]=Oop [504]=Oop [544]=Oop [688]=Oop }
                      ;*synchronization entry
                      ; - org.apache.xalan.transformer.TransformerImpl::popElemTemplateElement@-1 (line 2632)
                      ; - org.apache.xalan.templates.ElemApplyTemplates::transformSelectedNodes@795 (line 399)
  0x000077163cbe6b4c: 3016 1307 | e914 b0ff 

  0x000077163cbe6b54: ;   {runtime_call throw_null_pointer_exception Runtime1 stub}
  0x000077163cbe6b54: ffe8 26af 

  0x000077163cbe6b58: ; ImmutableOopMap {rdx=Oop rsi=Oop [224]=Oop [232]=Oop [240]=Oop [256]=Oop [280]=Oop [312]=Oop [344]=Oop [360]=Oop [368]=Oop [424]=Oop [432]=Oop [448]=Oop [504]=Oop [544]=Oop [688]=Oop }
                      ;*invokevirtual pop {reexecute=0 rethrow=0 return_oop=0}
                      ; - org.apache.xalan.transformer.TransformerImpl::popElemTemplateElement@4 (line 2632)
                      ; - org.apache.xalan.templates.ElemApplyTemplates::transformSelectedNodes@795 (line 399)
  0x000077163cbe6b58: 1207 488b 

  0x000077163cbe6b5c: ;   {runtime_call fast_new_instance Runtime1 stub}
  0x000077163cbe6b5c: d2e8 1eb8 

  0x000077163cbe6b60: ; ImmutableOopMap {rbx=Oop r8=Oop [224]=Oop [232]=Oop [240]=Oop [256]=Oop [280]=Oop [312]=Oop [344]=Oop [360]=Oop [368]=Oop [424]=Oop [432]=Oop [448]=Oop [504]=Oop [544]=Oop [688]=Oop }
                      ;*new {reexecute=0 rethrow=0 return_oop=0}
                      ; - org.apache.xalan.templates.ElemApplyTemplates::transformSelectedNodes@864 (line 433)
  0x000077163cbe6b60: 1207 e944 

  0x000077163cbe6b64: ;   {runtime_call throw_null_pointer_exception Runtime1 stub}
  0x000077163cbe6b64: b1ff ffe8 

  0x000077163cbe6b68: ; ImmutableOopMap {r8=Oop [224]=Oop [232]=Oop [240]=Oop [256]=Oop [280]=Oop [312]=Oop [344]=Oop [360]=Oop [368]=Oop [424]=Oop [432]=Oop [448]=Oop [504]=Oop [544]=Oop [688]=Oop [704]=Oop }
                      ;*invokeinterface fatalError {reexecute=0 rethrow=0 return_oop=0}
                      ; - org.apache.xalan.templates.ElemApplyTemplates::transformSelectedNodes@873 (line 433)
  0x000077163cbe6b68: 14af 1207 

  0x000077163cbe6b6c: ;   {metadata(nullptr)}
  0x000077163cbe6b6c: 48ba 0000 | 0000 0000 | 0000 b800 

  0x000077163cbe6b78: ;   {runtime_call load_klass_patching Runtime1 stub}
  0x000077163cbe6b78: 0f05 0ae8 

  0x000077163cbe6b7c: ; ImmutableOopMap {rsi=Oop rbx=Oop [224]=Oop [232]=Oop [240]=Oop [256]=Oop [280]=Oop [312]=Oop [344]=Oop [360]=Oop [368]=Oop [424]=Oop [432]=Oop [448]=Oop [504]=Oop [544]=Oop [688]=Oop }
                      ;*new {reexecute=1 rethrow=0 return_oop=0}
                      ; - (reexecute) org.apache.xalan.templates.ElemApplyTemplates::transformSelectedNodes@909 (line 438)
  0x000077163cbe6b7c: 0007 1307 | e9ab b2ff | ff48 8bd2 

  0x000077163cbe6b88: ;   {runtime_call fast_new_instance Runtime1 stub}
  0x000077163cbe6b88: e8f3 b712 

  0x000077163cbe6b8c: ; ImmutableOopMap {rbx=Oop r9=Oop [224]=Oop [232]=Oop [240]=Oop [256]=Oop [280]=Oop [312]=Oop [344]=Oop [360]=Oop [368]=Oop [424]=Oop [432]=Oop [448]=Oop [504]=Oop [544]=Oop [688]=Oop }
                      ;*new {reexecute=0 rethrow=0 return_oop=0}
                      ; - org.apache.xalan.templates.ElemApplyTemplates::transformSelectedNodes@909 (line 438)
  0x000077163cbe6b8c: 07e9 4cb3 

  0x000077163cbe6b90: ;   {metadata({method} {0x00006a691465bd20} '<init>' '(Lorg/apache/xpath/Expression;)V' in 'org/apache/xpath/XPath')}
  0x000077163cbe6b90: ffff 49ba | 20bd 6514 | 696a 0000 | 4c89 5424 | 0848 c704 | 24ff ffff 

  0x000077163cbe6ba8: ;   {runtime_call counter_overflow Runtime1 stub}
  0x000077163cbe6ba8: ffe8 d215 

  0x000077163cbe6bac: ; ImmutableOopMap {rbx=Oop r9=Oop rax=Oop rdx=Oop [224]=Oop [232]=Oop [240]=Oop [256]=Oop [280]=Oop [312]=Oop [344]=Oop [360]=Oop [368]=Oop [424]=Oop [432]=Oop [448]=Oop [504]=Oop [544]=Oop [688]=Oop [712]=Oop }
                      ;*synchronization entry
                      ; - org.apache.xpath.XPath::<init>@-1 (line 277)
                      ; - org.apache.xalan.templates.ElemApplyTemplates::transformSelectedNodes@917 (line 438)
  0x000077163cbe6bac: 1307 e973 

  0x000077163cbe6bb0: ;   {metadata({method} {0x00006a691f4791f0} '<init>' '()V' in 'java/lang/Object')}
  0x000077163cbe6bb0: b3ff ff49 | baf0 9147 | 1f69 6a00 | 004c 8954 | 2408 48c7 | 0424 ffff 

  0x000077163cbe6bc8: ;   {runtime_call counter_overflow Runtime1 stub}
  0x000077163cbe6bc8: ffff e8b1 

  0x000077163cbe6bcc: ; ImmutableOopMap {rbx=Oop r9=Oop rax=Oop rdx=Oop [224]=Oop [232]=Oop [240]=Oop [256]=Oop [280]=Oop [312]=Oop [344]=Oop [360]=Oop [368]=Oop [424]=Oop [432]=Oop [448]=Oop [504]=Oop [544]=Oop [688]=Oop [712]=Oop }
                      ;*synchronization entry
                      ; - java.lang.Object::<init>@-1 (line 45)
                      ; - org.apache.xpath.XPath::<init>@1 (line 277)
                      ; - org.apache.xalan.templates.ElemApplyTemplates::transformSelectedNodes@917 (line 438)
  0x000077163cbe6bcc: 1513 07e9 | 8eb3 ffff 

  0x000077163cbe6bd4: ;   {metadata({method} {0x00006a691465b448} 'initFunctionTable' '()V' in 'org/apache/xpath/XPath')}
  0x000077163cbe6bd4: 49ba 48b4 | 6514 696a | 0000 4c89 | 5424 0848 | c704 24ff 

  0x000077163cbe6be8: ;   {runtime_call counter_overflow Runtime1 stub}
  0x000077163cbe6be8: ffff ffe8 

  0x000077163cbe6bec: ; ImmutableOopMap {[224]=Oop [232]=Oop [240]=Oop [256]=Oop [280]=Oop [312]=Oop [344]=Oop [360]=Oop [368]=Oop [424]=Oop [432]=Oop [448]=Oop [504]=Oop [544]=Oop [688]=Oop [712]=Oop [720]=Oop }
                      ;*synchronization entry
                      ; - org.apache.xpath.XPath::initFunctionTable@-1 (line 62)
                      ; - org.apache.xpath.XPath::<init>@15 (line 279)
                      ; - org.apache.xalan.templates.ElemApplyTemplates::transformSelectedNodes@917 (line 438)
  0x000077163cbe6bec: 9015 1307 | e9f0 b3ff | ff48 8bd2 

  0x000077163cbe6bf8: ;   {runtime_call fast_new_instance Runtime1 stub}
  0x000077163cbe6bf8: e883 b712 

  0x000077163cbe6bfc: ; ImmutableOopMap {[224]=Oop [232]=Oop [240]=Oop [256]=Oop [280]=Oop [312]=Oop [344]=Oop [360]=Oop [368]=Oop [424]=Oop [432]=Oop [448]=Oop [504]=Oop [544]=Oop [688]=Oop [712]=Oop [720]=Oop }
                      ;*new {reexecute=0 rethrow=0 return_oop=0}
                      ; - org.apache.xpath.XPath::initFunctionTable@1 (line 62)
                      ; - org.apache.xpath.XPath::<init>@15 (line 279)
                      ; - org.apache.xalan.templates.ElemApplyTemplates::transformSelectedNodes@917 (line 438)
  0x000077163cbe6bfc: 07e9 8eb4 

  0x000077163cbe6c00: ;   {metadata(nullptr)}
  0x000077163cbe6c00: ffff 48ba | 0000 0000 | 0000 0000 | b800 0f05 

  0x000077163cbe6c10: ;   {runtime_call load_klass_patching Runtime1 stub}
  0x000077163cbe6c10: 0ae8 6a06 

  0x000077163cbe6c14: ; ImmutableOopMap {rbx=Oop [224]=Oop [232]=Oop [240]=Oop [256]=Oop [280]=Oop [312]=Oop [344]=Oop [360]=Oop [368]=Oop [424]=Oop [432]=Oop [448]=Oop [504]=Oop [544]=Oop [688]=Oop [712]=Oop [720]=Oop }
                      ;*new {reexecute=1 rethrow=0 return_oop=0}
                      ; - (reexecute) org.apache.xalan.templates.ElemApplyTemplates::transformSelectedNodes@920 (line 438)
  0x000077163cbe6c14: 1307 e9c5 | b4ff ff48 

  0x000077163cbe6c1c: ;   {runtime_call fast_new_instance Runtime1 stub}
  0x000077163cbe6c1c: 8bd2 e85d 

  0x000077163cbe6c20: ; ImmutableOopMap {rbx=Oop [224]=Oop [232]=Oop [240]=Oop [256]=Oop [280]=Oop [312]=Oop [344]=Oop [360]=Oop [368]=Oop [424]=Oop [432]=Oop [448]=Oop [504]=Oop [544]=Oop [688]=Oop [712]=Oop [720]=Oop }
                      ;*new {reexecute=0 rethrow=0 return_oop=0}
                      ; - org.apache.xalan.templates.ElemApplyTemplates::transformSelectedNodes@920 (line 438)
  0x000077163cbe6c20: b712 07e9 | 6bb5 ffff 

  0x000077163cbe6c28: ;   {runtime_call throw_null_pointer_exception Runtime1 stub}
  0x000077163cbe6c28: e853 ae12 

  0x000077163cbe6c2c: ; ImmutableOopMap {rbx=Oop [224]=Oop [232]=Oop [240]=Oop [256]=Oop [280]=Oop [312]=Oop [344]=Oop [360]=Oop [368]=Oop [424]=Oop [432]=Oop [448]=Oop [504]=Oop [544]=Oop [688]=Oop [712]=Oop [736]=Oop }
                      ;*invokevirtual fireSelectedEndEvent {reexecute=0 rethrow=0 return_oop=0}
                      ; - org.apache.xalan.templates.ElemApplyTemplates::transformSelectedNodes@929 (line 438)
                      ;   {metadata({method} {0x00006a69146a7290} 'popSAXLocator' '()V' in 'org/apache/xpath/XPathContext')}
  0x000077163cbe6c2c: 0749 ba90 | 726a 1469 | 6a00 004c | 8954 2408 | 48c7 0424 | ffff ffff 

  0x000077163cbe6c44: ;   {runtime_call counter_overflow Runtime1 stub}
  0x000077163cbe6c44: e837 1513 

  0x000077163cbe6c48: ; ImmutableOopMap {rdi=Oop [224]=Oop [232]=Oop [240]=Oop [256]=Oop [280]=Oop [312]=Oop [344]=Oop [360]=Oop [368]=Oop [424]=Oop [432]=Oop [448]=Oop [504]=Oop [544]=Oop [688]=Oop }
                      ;*synchronization entry
                      ; - org.apache.xpath.XPathContext::popSAXLocator@-1 (line 434)
                      ; - org.apache.xalan.templates.ElemApplyTemplates::transformSelectedNodes@945 (line 445)
  0x000077163cbe6c48: 07e9 bab6 

  0x000077163cbe6c4c: ;   {runtime_call throw_null_pointer_exception Runtime1 stub}
  0x000077163cbe6c4c: ffff e82d 

  0x000077163cbe6c50: ; ImmutableOopMap {rdi=Oop rsi=Oop [224]=Oop [232]=Oop [240]=Oop [256]=Oop [280]=Oop [312]=Oop [344]=Oop [360]=Oop [368]=Oop [424]=Oop [432]=Oop [448]=Oop [504]=Oop [544]=Oop [688]=Oop }
                      ;*invokevirtual pop {reexecute=0 rethrow=0 return_oop=0}
                      ; - org.apache.xpath.XPathContext::popSAXLocator@4 (line 434)
                      ; - org.apache.xalan.templates.ElemApplyTemplates::transformSelectedNodes@945 (line 445)
                      ;   {metadata({method} {0x00006a6914655c60} 'popElemTemplateElement' '()V' in 'org/apache/xalan/transformer/TransformerImpl')}
  0x000077163cbe6c50: ae12 0749 | ba60 5c65 | 1469 6a00 | 004c 8954 | 2408 48c7 | 0424 ffff 

  0x000077163cbe6c68: ;   {runtime_call counter_overflow Runtime1 stub}
  0x000077163cbe6c68: ffff e811 

  0x000077163cbe6c6c: ; ImmutableOopMap {rdx=Oop [224]=Oop [232]=Oop [240]=Oop [256]=Oop [280]=Oop [312]=Oop [344]=Oop [360]=Oop [368]=Oop [424]=Oop [432]=Oop [448]=Oop [504]=Oop [544]=Oop [688]=Oop }
                      ;*synchronization entry
                      ; - org.apache.xalan.transformer.TransformerImpl::popElemTemplateElement@-1 (line 2632)
                      ; - org.apache.xalan.templates.ElemApplyTemplates::transformSelectedNodes@958 (line 447)
  0x000077163cbe6c6c: 1513 07e9 | 44b7 ffff 

  0x000077163cbe6c74: ;   {runtime_call throw_null_pointer_exception Runtime1 stub}
  0x000077163cbe6c74: e807 ae12 

  0x000077163cbe6c78: ; ImmutableOopMap {rdx=Oop rsi=Oop [224]=Oop [232]=Oop [240]=Oop [256]=Oop [280]=Oop [312]=Oop [344]=Oop [360]=Oop [368]=Oop [424]=Oop [432]=Oop [448]=Oop [504]=Oop [544]=Oop [688]=Oop }
                      ;*invokevirtual pop {reexecute=0 rethrow=0 return_oop=0}
                      ; - org.apache.xalan.transformer.TransformerImpl::popElemTemplateElement@4 (line 2632)
                      ; - org.apache.xalan.templates.ElemApplyTemplates::transformSelectedNodes@958 (line 447)
                      ;   {metadata({method} {0x00006a69146a9090} 'popCurrentExpressionNode' '()V' in 'org/apache/xpath/XPathContext')}
  0x000077163cbe6c78: 0749 ba90 | 906a 1469 | 6a00 004c | 8954 2408 | 48c7 0424 | ffff ffff 

  0x000077163cbe6c90: ;   {runtime_call counter_overflow Runtime1 stub}
  0x000077163cbe6c90: e8eb 1413 

  0x000077163cbe6c94: ; ImmutableOopMap {[224]=Oop [232]=Oop [240]=Oop [256]=Oop [280]=Oop [312]=Oop [344]=Oop [360]=Oop [368]=Oop [424]=Oop [432]=Oop [448]=Oop [504]=Oop [544]=Oop [688]=Oop }
                      ;*synchronization entry
                      ; - org.apache.xpath.XPathContext::popCurrentExpressionNode@-1 (line 908)
                      ; - org.apache.xalan.templates.ElemApplyTemplates::transformSelectedNodes@962 (line 448)
  0x000077163cbe6c94: 07e9 8bb7 

  0x000077163cbe6c98: ;   {runtime_call throw_null_pointer_exception Runtime1 stub}
  0x000077163cbe6c98: ffff e8e1 

  0x000077163cbe6c9c: ; ImmutableOopMap {rdi=Oop rsi=Oop [224]=Oop [232]=Oop [240]=Oop [256]=Oop [280]=Oop [312]=Oop [344]=Oop [360]=Oop [368]=Oop [424]=Oop [432]=Oop [448]=Oop [504]=Oop [544]=Oop [688]=Oop }
                      ;*invokevirtual quickPop {reexecute=0 rethrow=0 return_oop=0}
                      ; - org.apache.xpath.XPathContext::popCurrentExpressionNode@5 (line 908)
                      ; - org.apache.xalan.templates.ElemApplyTemplates::transformSelectedNodes@962 (line 448)
                      ;   {metadata({method} {0x00006a69146486c0} 'quickPop' '(I)V' in 'org/apache/xml/utils/IntStack')}
  0x000077163cbe6c9c: ad12 0749 | bac0 8664 | 1469 6a00 | 004c 8954 | 2408 48c7 | 0424 ffff 

  0x000077163cbe6cb4: ;   {runtime_call counter_overflow Runtime1 stub}
  0x000077163cbe6cb4: ffff e8c5 

  0x000077163cbe6cb8: ; ImmutableOopMap {rdi=Oop rsi=Oop [224]=Oop [232]=Oop [240]=Oop [256]=Oop [280]=Oop [312]=Oop [344]=Oop [360]=Oop [368]=Oop [424]=Oop [432]=Oop [448]=Oop [504]=Oop [544]=Oop [688]=Oop }
                      ;*synchronization entry
                      ; - org.apache.xml.utils.IntStack::quickPop@-1 (line 110)
                      ; - org.apache.xpath.XPathContext::popCurrentExpressionNode@5 (line 908)
                      ; - org.apache.xalan.templates.ElemApplyTemplates::transformSelectedNodes@962 (line 448)
  0x000077163cbe6cb8: 1413 07e9 | aeb7 ffff 

  0x000077163cbe6cc0: ;   {metadata({method} {0x00006a69146a86b0} 'popCurrentNode' '()V' in 'org/apache/xpath/XPathContext')}
  0x000077163cbe6cc0: 49ba b086 | 6a14 696a | 0000 4c89 | 5424 0848 | c704 24ff 

  0x000077163cbe6cd4: ;   {runtime_call counter_overflow Runtime1 stub}
  0x000077163cbe6cd4: ffff ffe8 

  0x000077163cbe6cd8: ; ImmutableOopMap {rdi=Oop [224]=Oop [232]=Oop [240]=Oop [256]=Oop [280]=Oop [312]=Oop [344]=Oop [360]=Oop [368]=Oop [424]=Oop [432]=Oop [448]=Oop [504]=Oop [544]=Oop [688]=Oop }
                      ;*synchronization entry
                      ; - org.apache.xpath.XPathContext::popCurrentNode@-1 (line 801)
                      ; - org.apache.xalan.templates.ElemApplyTemplates::transformSelectedNodes@966 (line 449)
  0x000077163cbe6cd8: a414 1307 | e9d1 b7ff 

  0x000077163cbe6ce0: ;   {runtime_call throw_null_pointer_exception Runtime1 stub}
  0x000077163cbe6ce0: ffe8 9aad 

  0x000077163cbe6ce4: ; ImmutableOopMap {rdi=Oop rsi=Oop [224]=Oop [232]=Oop [240]=Oop [256]=Oop [280]=Oop [312]=Oop [344]=Oop [360]=Oop [368]=Oop [424]=Oop [432]=Oop [448]=Oop [504]=Oop [544]=Oop [688]=Oop }
                      ;*invokevirtual quickPop {reexecute=0 rethrow=0 return_oop=0}
                      ; - org.apache.xpath.XPathContext::popCurrentNode@5 (line 801)
                      ; - org.apache.xalan.templates.ElemApplyTemplates::transformSelectedNodes@966 (line 449)
                      ;   {metadata({method} {0x00006a69146486c0} 'quickPop' '(I)V' in 'org/apache/xml/utils/IntStack')}
  0x000077163cbe6ce4: 1207 49ba | c086 6414 | 696a 0000 | 4c89 5424 | 0848 c704 | 24ff ffff 

  0x000077163cbe6cfc: ;   {runtime_call counter_overflow Runtime1 stub}
  0x000077163cbe6cfc: ffe8 7e14 

  0x000077163cbe6d00: ; ImmutableOopMap {rdi=Oop rsi=Oop [224]=Oop [232]=Oop [240]=Oop [256]=Oop [280]=Oop [312]=Oop [344]=Oop [360]=Oop [368]=Oop [424]=Oop [432]=Oop [448]=Oop [504]=Oop [544]=Oop [688]=Oop }
                      ;*synchronization entry
                      ; - org.apache.xml.utils.IntStack::quickPop@-1 (line 110)
                      ; - org.apache.xpath.XPathContext::popCurrentNode@5 (line 801)
                      ; - org.apache.xalan.templates.ElemApplyTemplates::transformSelectedNodes@966 (line 449)
  0x000077163cbe6d00: 1307 e9ec 

  0x000077163cbe6d04: ;   {metadata(nullptr)}
  0x000077163cbe6d04: b7ff ff48 | ba00 0000 | 0000 0000 | 00b8 000f 

  0x000077163cbe6d14: ;   {runtime_call load_klass_patching Runtime1 stub}
  0x000077163cbe6d14: 050a e865 

  0x000077163cbe6d18: ; ImmutableOopMap {rsi=Oop rbx=Oop [224]=Oop [232]=Oop [240]=Oop [256]=Oop [280]=Oop [312]=Oop [344]=Oop [360]=Oop [368]=Oop [424]=Oop [432]=Oop [448]=Oop [504]=Oop [544]=Oop [688]=Oop [760]=Oop }
                      ;*new {reexecute=1 rethrow=0 return_oop=0}
                      ; - (reexecute) org.apache.xalan.templates.ElemApplyTemplates::transformSelectedNodes@909 (line 438)
  0x000077163cbe6d18: 0513 07e9 | 48b9 ffff 

  0x000077163cbe6d20: ;   {runtime_call fast_new_instance Runtime1 stub}
  0x000077163cbe6d20: 488b d2e8 

  0x000077163cbe6d24: ; ImmutableOopMap {rbx=Oop r9=Oop [224]=Oop [232]=Oop [240]=Oop [256]=Oop [280]=Oop [312]=Oop [344]=Oop [360]=Oop [368]=Oop [424]=Oop [432]=Oop [448]=Oop [504]=Oop [544]=Oop [688]=Oop [760]=Oop }
                      ;*new {reexecute=0 rethrow=0 return_oop=0}
                      ; - org.apache.xalan.templates.ElemApplyTemplates::transformSelectedNodes@909 (line 438)
  0x000077163cbe6d24: 58b6 1207 | e9e9 b9ff 

  0x000077163cbe6d2c: ;   {metadata({method} {0x00006a691465bd20} '<init>' '(Lorg/apache/xpath/Expression;)V' in 'org/apache/xpath/XPath')}
  0x000077163cbe6d2c: ff49 ba20 | bd65 1469 | 6a00 004c | 8954 2408 | 48c7 0424 | ffff ffff 

  0x000077163cbe6d44: ;   {runtime_call counter_overflow Runtime1 stub}
  0x000077163cbe6d44: e837 1413 

  0x000077163cbe6d48: ; ImmutableOopMap {rbx=Oop r9=Oop rax=Oop rdx=Oop [224]=Oop [232]=Oop [240]=Oop [256]=Oop [280]=Oop [312]=Oop [344]=Oop [360]=Oop [368]=Oop [424]=Oop [432]=Oop [448]=Oop [504]=Oop [544]=Oop [688]=Oop [744]=Oop [760]=Oop }
                      ;*synchronization entry
                      ; - org.apache.xpath.XPath::<init>@-1 (line 277)
                      ; - org.apache.xalan.templates.ElemApplyTemplates::transformSelectedNodes@917 (line 438)
  0x000077163cbe6d48: 07e9 10ba 

  0x000077163cbe6d4c: ;   {metadata({method} {0x00006a691f4791f0} '<init>' '()V' in 'java/lang/Object')}
  0x000077163cbe6d4c: ffff 49ba | f091 471f | 696a 0000 | 4c89 5424 | 0848 c704 | 24ff ffff 

  0x000077163cbe6d64: ;   {runtime_call counter_overflow Runtime1 stub}
  0x000077163cbe6d64: ffe8 1614 

  0x000077163cbe6d68: ; ImmutableOopMap {rbx=Oop r9=Oop rax=Oop rdx=Oop [224]=Oop [232]=Oop [240]=Oop [256]=Oop [280]=Oop [312]=Oop [344]=Oop [360]=Oop [368]=Oop [424]=Oop [432]=Oop [448]=Oop [504]=Oop [544]=Oop [688]=Oop [744]=Oop [760]=Oop }
                      ;*synchronization entry
                      ; - java.lang.Object::<init>@-1 (line 45)
                      ; - org.apache.xpath.XPath::<init>@1 (line 277)
                      ; - org.apache.xalan.templates.ElemApplyTemplates::transformSelectedNodes@917 (line 438)
  0x000077163cbe6d68: 1307 e92b 

  0x000077163cbe6d6c: ;   {metadata({method} {0x00006a691465b448} 'initFunctionTable' '()V' in 'org/apache/xpath/XPath')}
  0x000077163cbe6d6c: baff ff49 | ba48 b465 | 1469 6a00 | 004c 8954 | 2408 48c7 | 0424 ffff 

  0x000077163cbe6d84: ;   {runtime_call counter_overflow Runtime1 stub}
  0x000077163cbe6d84: ffff e8f5 

  0x000077163cbe6d88: ; ImmutableOopMap {[224]=Oop [232]=Oop [240]=Oop [256]=Oop [280]=Oop [312]=Oop [344]=Oop [360]=Oop [368]=Oop [424]=Oop [432]=Oop [448]=Oop [504]=Oop [544]=Oop [688]=Oop [744]=Oop [752]=Oop [760]=Oop }
                      ;*synchronization entry
                      ; - org.apache.xpath.XPath::initFunctionTable@-1 (line 62)
                      ; - org.apache.xpath.XPath::<init>@15 (line 279)
                      ; - org.apache.xalan.templates.ElemApplyTemplates::transformSelectedNodes@917 (line 438)
  0x000077163cbe6d88: 1313 07e9 | 8dba ffff 

  0x000077163cbe6d90: ;   {runtime_call fast_new_instance Runtime1 stub}
  0x000077163cbe6d90: 488b d2e8 

  0x000077163cbe6d94: ; ImmutableOopMap {[224]=Oop [232]=Oop [240]=Oop [256]=Oop [280]=Oop [312]=Oop [344]=Oop [360]=Oop [368]=Oop [424]=Oop [432]=Oop [448]=Oop [504]=Oop [544]=Oop [688]=Oop [744]=Oop [752]=Oop [760]=Oop }
                      ;*new {reexecute=0 rethrow=0 return_oop=0}
                      ; - org.apache.xpath.XPath::initFunctionTable@1 (line 62)
                      ; - org.apache.xpath.XPath::<init>@15 (line 279)
                      ; - org.apache.xalan.templates.ElemApplyTemplates::transformSelectedNodes@917 (line 438)
  0x000077163cbe6d94: e8b5 1207 | e92b bbff 

  0x000077163cbe6d9c: ;   {metadata(nullptr)}
  0x000077163cbe6d9c: ff48 ba00 | 0000 0000 | 0000 00b8 | 000f 050a 

  0x000077163cbe6dac: ;   {runtime_call load_klass_patching Runtime1 stub}
  0x000077163cbe6dac: e8cf 0413 

  0x000077163cbe6db0: ; ImmutableOopMap {rbx=Oop [224]=Oop [232]=Oop [240]=Oop [256]=Oop [280]=Oop [312]=Oop [344]=Oop [360]=Oop [368]=Oop [424]=Oop [432]=Oop [448]=Oop [504]=Oop [544]=Oop [688]=Oop [744]=Oop [752]=Oop [760]=Oop }
                      ;*new {reexecute=1 rethrow=0 return_oop=0}
                      ; - (reexecute) org.apache.xalan.templates.ElemApplyTemplates::transformSelectedNodes@920 (line 438)
  0x000077163cbe6db0: 07e9 62bb | ffff 488b 

  0x000077163cbe6db8: ;   {runtime_call fast_new_instance Runtime1 stub}
  0x000077163cbe6db8: d2e8 c2b5 

  0x000077163cbe6dbc: ; ImmutableOopMap {rbx=Oop [224]=Oop [232]=Oop [240]=Oop [256]=Oop [280]=Oop [312]=Oop [344]=Oop [360]=Oop [368]=Oop [424]=Oop [432]=Oop [448]=Oop [504]=Oop [544]=Oop [688]=Oop [744]=Oop [752]=Oop [760]=Oop }
                      ;*new {reexecute=0 rethrow=0 return_oop=0}
                      ; - org.apache.xalan.templates.ElemApplyTemplates::transformSelectedNodes@920 (line 438)
  0x000077163cbe6dbc: 1207 e908 

  0x000077163cbe6dc0: ;   {runtime_call throw_null_pointer_exception Runtime1 stub}
  0x000077163cbe6dc0: bcff ffe8 

  0x000077163cbe6dc4: ; ImmutableOopMap {rbx=Oop [224]=Oop [232]=Oop [240]=Oop [256]=Oop [280]=Oop [312]=Oop [344]=Oop [360]=Oop [368]=Oop [424]=Oop [432]=Oop [448]=Oop [504]=Oop [544]=Oop [688]=Oop [744]=Oop [760]=Oop [776]=Oop }
                      ;*invokevirtual fireSelectedEndEvent {reexecute=0 rethrow=0 return_oop=0}
                      ; - org.apache.xalan.templates.ElemApplyTemplates::transformSelectedNodes@929 (line 438)
  0x000077163cbe6dc4: b8ac 1207 

  0x000077163cbe6dc8: ;   {metadata({method} {0x00006a69146a7290} 'popSAXLocator' '()V' in 'org/apache/xpath/XPathContext')}
  0x000077163cbe6dc8: 49ba 9072 | 6a14 696a | 0000 4c89 | 5424 0848 | c704 24ff 

  0x000077163cbe6ddc: ;   {runtime_call counter_overflow Runtime1 stub}
  0x000077163cbe6ddc: ffff ffe8 

  0x000077163cbe6de0: ; ImmutableOopMap {rdi=Oop [224]=Oop [232]=Oop [240]=Oop [256]=Oop [280]=Oop [312]=Oop [344]=Oop [360]=Oop [368]=Oop [424]=Oop [432]=Oop [448]=Oop [504]=Oop [544]=Oop [688]=Oop [760]=Oop }
                      ;*synchronization entry
                      ; - org.apache.xpath.XPathContext::popSAXLocator@-1 (line 434)
                      ; - org.apache.xalan.templates.ElemApplyTemplates::transformSelectedNodes@945 (line 445)
  0x000077163cbe6de0: 9c13 1307 | e957 bdff 

  0x000077163cbe6de8: ;   {runtime_call throw_null_pointer_exception Runtime1 stub}
  0x000077163cbe6de8: ffe8 92ac 

  0x000077163cbe6dec: ; ImmutableOopMap {rdi=Oop rsi=Oop [224]=Oop [232]=Oop [240]=Oop [256]=Oop [280]=Oop [312]=Oop [344]=Oop [360]=Oop [368]=Oop [424]=Oop [432]=Oop [448]=Oop [504]=Oop [544]=Oop [688]=Oop [760]=Oop }
                      ;*invokevirtual pop {reexecute=0 rethrow=0 return_oop=0}
                      ; - org.apache.xpath.XPathContext::popSAXLocator@4 (line 434)
                      ; - org.apache.xalan.templates.ElemApplyTemplates::transformSelectedNodes@945 (line 445)
                      ;   {internal_word}
  0x000077163cbe6dec: 1207 49ba | d12b be3c | 1677 0000 | 4d89 9780 

  0x000077163cbe6dfc: ;   {runtime_call SafepointBlob}
  0x000077163cbe6dfc: 0700 00e9 | fc45 0807 

  0x000077163cbe6e04: ;   {metadata({method} {0x00006a6914655c60} 'popElemTemplateElement' '()V' in 'org/apache/xalan/transformer/TransformerImpl')}
  0x000077163cbe6e04: 49ba 605c | 6514 696a | 0000 4c89 | 5424 0848 | c704 24ff 

  0x000077163cbe6e18: ;   {runtime_call counter_overflow Runtime1 stub}
  0x000077163cbe6e18: ffff ffe8 

  0x000077163cbe6e1c: ; ImmutableOopMap {rdx=Oop [224]=Oop [232]=Oop [240]=Oop [256]=Oop [280]=Oop [312]=Oop [344]=Oop [360]=Oop [368]=Oop [424]=Oop [432]=Oop [448]=Oop [504]=Oop [544]=Oop [688]=Oop [760]=Oop }
                      ;*synchronization entry
                      ; - org.apache.xalan.transformer.TransformerImpl::popElemTemplateElement@-1 (line 2632)
                      ; - org.apache.xalan.templates.ElemApplyTemplates::transformSelectedNodes@958 (line 447)
  0x000077163cbe6e1c: 6013 1307 | e9f6 bdff 

  0x000077163cbe6e24: ;   {runtime_call throw_null_pointer_exception Runtime1 stub}
  0x000077163cbe6e24: ffe8 56ac 

  0x000077163cbe6e28: ; ImmutableOopMap {rdx=Oop rsi=Oop [224]=Oop [232]=Oop [240]=Oop [256]=Oop [280]=Oop [312]=Oop [344]=Oop [360]=Oop [368]=Oop [424]=Oop [432]=Oop [448]=Oop [504]=Oop [544]=Oop [688]=Oop [760]=Oop }
                      ;*invokevirtual pop {reexecute=0 rethrow=0 return_oop=0}
                      ; - org.apache.xalan.transformer.TransformerImpl::popElemTemplateElement@4 (line 2632)
                      ; - org.apache.xalan.templates.ElemApplyTemplates::transformSelectedNodes@958 (line 447)
                      ;   {metadata({method} {0x00006a69146a9090} 'popCurrentExpressionNode' '()V' in 'org/apache/xpath/XPathContext')}
  0x000077163cbe6e28: 1207 49ba | 9090 6a14 | 696a 0000 | 4c89 5424 | 0848 c704 | 24ff ffff 

  0x000077163cbe6e40: ;   {runtime_call counter_overflow Runtime1 stub}
  0x000077163cbe6e40: ffe8 3a13 

  0x000077163cbe6e44: ; ImmutableOopMap {[224]=Oop [232]=Oop [240]=Oop [256]=Oop [280]=Oop [312]=Oop [344]=Oop [360]=Oop [368]=Oop [424]=Oop [432]=Oop [448]=Oop [504]=Oop [544]=Oop [688]=Oop [760]=Oop }
                      ;*synchronization entry
                      ; - org.apache.xpath.XPathContext::popCurrentExpressionNode@-1 (line 908)
                      ; - org.apache.xalan.templates.ElemApplyTemplates::transformSelectedNodes@962 (line 448)
  0x000077163cbe6e44: 1307 e93a 

  0x000077163cbe6e48: ;   {runtime_call throw_null_pointer_exception Runtime1 stub}
  0x000077163cbe6e48: beff ffe8 

  0x000077163cbe6e4c: ; ImmutableOopMap {rdi=Oop rsi=Oop [224]=Oop [232]=Oop [240]=Oop [256]=Oop [280]=Oop [312]=Oop [344]=Oop [360]=Oop [368]=Oop [424]=Oop [432]=Oop [448]=Oop [504]=Oop [544]=Oop [688]=Oop [760]=Oop }
                      ;*invokevirtual quickPop {reexecute=0 rethrow=0 return_oop=0}
                      ; - org.apache.xpath.XPathContext::popCurrentExpressionNode@5 (line 908)
                      ; - org.apache.xalan.templates.ElemApplyTemplates::transformSelectedNodes@962 (line 448)
  0x000077163cbe6e4c: 30ac 1207 

  0x000077163cbe6e50: ;   {metadata({method} {0x00006a69146486c0} 'quickPop' '(I)V' in 'org/apache/xml/utils/IntStack')}
  0x000077163cbe6e50: 49ba c086 | 6414 696a | 0000 4c89 | 5424 0848 | c704 24ff 

  0x000077163cbe6e64: ;   {runtime_call counter_overflow Runtime1 stub}
  0x000077163cbe6e64: ffff ffe8 

  0x000077163cbe6e68: ; ImmutableOopMap {rdi=Oop rsi=Oop [224]=Oop [232]=Oop [240]=Oop [256]=Oop [280]=Oop [312]=Oop [344]=Oop [360]=Oop [368]=Oop [424]=Oop [432]=Oop [448]=Oop [504]=Oop [544]=Oop [688]=Oop [760]=Oop }
                      ;*synchronization entry
                      ; - org.apache.xml.utils.IntStack::quickPop@-1 (line 110)
                      ; - org.apache.xpath.XPathContext::popCurrentExpressionNode@5 (line 908)
                      ; - org.apache.xalan.templates.ElemApplyTemplates::transformSelectedNodes@962 (line 448)
  0x000077163cbe6e68: 1413 1307 | e95d beff 

  0x000077163cbe6e70: ;   {metadata({method} {0x00006a69146a86b0} 'popCurrentNode' '()V' in 'org/apache/xpath/XPathContext')}
  0x000077163cbe6e70: ff49 bab0 | 866a 1469 | 6a00 004c | 8954 2408 | 48c7 0424 | ffff ffff 

  0x000077163cbe6e88: ;   {runtime_call counter_overflow Runtime1 stub}
  0x000077163cbe6e88: e8f3 1213 

  0x000077163cbe6e8c: ; ImmutableOopMap {rdi=Oop [224]=Oop [232]=Oop [240]=Oop [256]=Oop [280]=Oop [312]=Oop [344]=Oop [360]=Oop [368]=Oop [424]=Oop [432]=Oop [448]=Oop [504]=Oop [544]=Oop [688]=Oop [760]=Oop }
                      ;*synchronization entry
                      ; - org.apache.xpath.XPathContext::popCurrentNode@-1 (line 801)
                      ; - org.apache.xalan.templates.ElemApplyTemplates::transformSelectedNodes@966 (line 449)
  0x000077163cbe6e8c: 07e9 80be 

  0x000077163cbe6e90: ;   {runtime_call throw_null_pointer_exception Runtime1 stub}
  0x000077163cbe6e90: ffff e8e9 

  0x000077163cbe6e94: ; ImmutableOopMap {rdi=Oop rsi=Oop [224]=Oop [232]=Oop [240]=Oop [256]=Oop [280]=Oop [312]=Oop [344]=Oop [360]=Oop [368]=Oop [424]=Oop [432]=Oop [448]=Oop [504]=Oop [544]=Oop [688]=Oop [760]=Oop }
                      ;*invokevirtual quickPop {reexecute=0 rethrow=0 return_oop=0}
                      ; - org.apache.xpath.XPathContext::popCurrentNode@5 (line 801)
                      ; - org.apache.xalan.templates.ElemApplyTemplates::transformSelectedNodes@966 (line 449)
                      ;   {metadata({method} {0x00006a69146486c0} 'quickPop' '(I)V' in 'org/apache/xml/utils/IntStack')}
  0x000077163cbe6e94: ab12 0749 | bac0 8664 | 1469 6a00 | 004c 8954 | 2408 48c7 | 0424 ffff 

  0x000077163cbe6eac: ;   {runtime_call counter_overflow Runtime1 stub}
  0x000077163cbe6eac: ffff e8cd 

  0x000077163cbe6eb0: ; ImmutableOopMap {rdi=Oop rsi=Oop [224]=Oop [232]=Oop [240]=Oop [256]=Oop [280]=Oop [312]=Oop [344]=Oop [360]=Oop [368]=Oop [424]=Oop [432]=Oop [448]=Oop [504]=Oop [544]=Oop [688]=Oop [760]=Oop }
                      ;*synchronization entry
                      ; - org.apache.xml.utils.IntStack::quickPop@-1 (line 110)
                      ; - org.apache.xpath.XPathContext::popCurrentNode@5 (line 801)
                      ; - org.apache.xalan.templates.ElemApplyTemplates::transformSelectedNodes@966 (line 449)
  0x000077163cbe6eb0: 1213 07e9 | 9bbe ffff 

  0x000077163cbe6eb8: ;   {metadata({method} {0x00006a6914655c60} 'popElemTemplateElement' '()V' in 'org/apache/xalan/transformer/TransformerImpl')}
  0x000077163cbe6eb8: 49ba 605c | 6514 696a | 0000 4c89 | 5424 0848 | c704 24ff 

  0x000077163cbe6ecc: ;   {runtime_call counter_overflow Runtime1 stub}
  0x000077163cbe6ecc: ffff ffe8 

  0x000077163cbe6ed0: ; ImmutableOopMap {rdx=Oop [224]=Oop [232]=Oop [240]=Oop [256]=Oop [280]=Oop [312]=Oop [344]=Oop [360]=Oop [368]=Oop [424]=Oop [432]=Oop [448]=Oop [504]=Oop [544]=Oop [664]=Oop }
                      ;*synchronization entry
                      ; - org.apache.xalan.transformer.TransformerImpl::popElemTemplateElement@-1 (line 2632)
                      ; - org.apache.xalan.templates.ElemApplyTemplates::transformSelectedNodes@958 (line 447)
  0x000077163cbe6ed0: ac12 1307 | e997 bfff 

  0x000077163cbe6ed8: ;   {runtime_call throw_null_pointer_exception Runtime1 stub}
  0x000077163cbe6ed8: ffe8 a2ab 

  0x000077163cbe6edc: ; ImmutableOopMap {rdx=Oop rsi=Oop [224]=Oop [232]=Oop [240]=Oop [256]=Oop [280]=Oop [312]=Oop [344]=Oop [360]=Oop [368]=Oop [424]=Oop [432]=Oop [448]=Oop [504]=Oop [544]=Oop [664]=Oop }
                      ;*invokevirtual pop {reexecute=0 rethrow=0 return_oop=0}
                      ; - org.apache.xalan.transformer.TransformerImpl::popElemTemplateElement@4 (line 2632)
                      ; - org.apache.xalan.templates.ElemApplyTemplates::transformSelectedNodes@958 (line 447)
                      ;   {metadata({method} {0x00006a69146a9090} 'popCurrentExpressionNode' '()V' in 'org/apache/xpath/XPathContext')}
  0x000077163cbe6edc: 1207 49ba | 9090 6a14 | 696a 0000 | 4c89 5424 | 0848 c704 | 24ff ffff 

  0x000077163cbe6ef4: ;   {runtime_call counter_overflow Runtime1 stub}
  0x000077163cbe6ef4: ffe8 8612 

  0x000077163cbe6ef8: ; ImmutableOopMap {[224]=Oop [232]=Oop [240]=Oop [256]=Oop [280]=Oop [312]=Oop [344]=Oop [360]=Oop [368]=Oop [424]=Oop [432]=Oop [448]=Oop [504]=Oop [544]=Oop [664]=Oop }
                      ;*synchronization entry
                      ; - org.apache.xpath.XPathContext::popCurrentExpressionNode@-1 (line 908)
                      ; - org.apache.xalan.templates.ElemApplyTemplates::transformSelectedNodes@962 (line 448)
  0x000077163cbe6ef8: 1307 e9de 

  0x000077163cbe6efc: ;   {runtime_call throw_null_pointer_exception Runtime1 stub}
  0x000077163cbe6efc: bfff ffe8 

  0x000077163cbe6f00: ; ImmutableOopMap {rdi=Oop rsi=Oop [224]=Oop [232]=Oop [240]=Oop [256]=Oop [280]=Oop [312]=Oop [344]=Oop [360]=Oop [368]=Oop [424]=Oop [432]=Oop [448]=Oop [504]=Oop [544]=Oop [664]=Oop }
                      ;*invokevirtual quickPop {reexecute=0 rethrow=0 return_oop=0}
                      ; - org.apache.xpath.XPathContext::popCurrentExpressionNode@5 (line 908)
                      ; - org.apache.xalan.templates.ElemApplyTemplates::transformSelectedNodes@962 (line 448)
  0x000077163cbe6f00: 7cab 1207 

  0x000077163cbe6f04: ;   {metadata({method} {0x00006a69146486c0} 'quickPop' '(I)V' in 'org/apache/xml/utils/IntStack')}
  0x000077163cbe6f04: 49ba c086 | 6414 696a | 0000 4c89 | 5424 0848 | c704 24ff 

  0x000077163cbe6f18: ;   {runtime_call counter_overflow Runtime1 stub}
  0x000077163cbe6f18: ffff ffe8 

  0x000077163cbe6f1c: ; ImmutableOopMap {rdi=Oop rsi=Oop [224]=Oop [232]=Oop [240]=Oop [256]=Oop [280]=Oop [312]=Oop [344]=Oop [360]=Oop [368]=Oop [424]=Oop [432]=Oop [448]=Oop [504]=Oop [544]=Oop [664]=Oop }
                      ;*synchronization entry
                      ; - org.apache.xml.utils.IntStack::quickPop@-1 (line 110)
                      ; - org.apache.xpath.XPathContext::popCurrentExpressionNode@5 (line 908)
                      ; - org.apache.xalan.templates.ElemApplyTemplates::transformSelectedNodes@962 (line 448)
  0x000077163cbe6f1c: 6012 1307 | e901 c0ff 

  0x000077163cbe6f24: ;   {metadata({method} {0x00006a69146a86b0} 'popCurrentNode' '()V' in 'org/apache/xpath/XPathContext')}
  0x000077163cbe6f24: ff49 bab0 | 866a 1469 | 6a00 004c | 8954 2408 | 48c7 0424 | ffff ffff 

  0x000077163cbe6f3c: ;   {runtime_call counter_overflow Runtime1 stub}
  0x000077163cbe6f3c: e83f 1213 

  0x000077163cbe6f40: ; ImmutableOopMap {rdi=Oop [224]=Oop [232]=Oop [240]=Oop [256]=Oop [280]=Oop [312]=Oop [344]=Oop [360]=Oop [368]=Oop [424]=Oop [432]=Oop [448]=Oop [504]=Oop [544]=Oop [664]=Oop }
                      ;*synchronization entry
                      ; - org.apache.xpath.XPathContext::popCurrentNode@-1 (line 801)
                      ; - org.apache.xalan.templates.ElemApplyTemplates::transformSelectedNodes@966 (line 449)
  0x000077163cbe6f40: 07e9 24c0 

  0x000077163cbe6f44: ;   {runtime_call throw_null_pointer_exception Runtime1 stub}
  0x000077163cbe6f44: ffff e835 

  0x000077163cbe6f48: ; ImmutableOopMap {rdi=Oop rsi=Oop [224]=Oop [232]=Oop [240]=Oop [256]=Oop [280]=Oop [312]=Oop [344]=Oop [360]=Oop [368]=Oop [424]=Oop [432]=Oop [448]=Oop [504]=Oop [544]=Oop [664]=Oop }
                      ;*invokevirtual quickPop {reexecute=0 rethrow=0 return_oop=0}
                      ; - org.apache.xpath.XPathContext::popCurrentNode@5 (line 801)
                      ; - org.apache.xalan.templates.ElemApplyTemplates::transformSelectedNodes@966 (line 449)
                      ;   {metadata({method} {0x00006a69146486c0} 'quickPop' '(I)V' in 'org/apache/xml/utils/IntStack')}
  0x000077163cbe6f48: ab12 0749 | bac0 8664 | 1469 6a00 | 004c 8954 | 2408 48c7 | 0424 ffff 

  0x000077163cbe6f60: ;   {runtime_call counter_overflow Runtime1 stub}
  0x000077163cbe6f60: ffff e819 

  0x000077163cbe6f64: ; ImmutableOopMap {rdi=Oop rsi=Oop [224]=Oop [232]=Oop [240]=Oop [256]=Oop [280]=Oop [312]=Oop [344]=Oop [360]=Oop [368]=Oop [424]=Oop [432]=Oop [448]=Oop [504]=Oop [544]=Oop [664]=Oop }
                      ;*synchronization entry
                      ; - org.apache.xml.utils.IntStack::quickPop@-1 (line 110)
                      ; - org.apache.xpath.XPathContext::popCurrentNode@5 (line 801)
                      ; - org.apache.xalan.templates.ElemApplyTemplates::transformSelectedNodes@966 (line 449)
  0x000077163cbe6f64: 1213 07e9 | 3fc0 ffff 

  0x000077163cbe6f6c: ;   {metadata(nullptr)}
  0x000077163cbe6f6c: 48ba 0000 | 0000 0000 | 0000 b800 

  0x000077163cbe6f78: ;   {runtime_call load_klass_patching Runtime1 stub}
  0x000077163cbe6f78: 0f05 0ae8 

  0x000077163cbe6f7c: ; ImmutableOopMap {[224]=Oop [232]=Oop [240]=Oop [256]=Oop [280]=Oop [312]=Oop [344]=Oop [360]=Oop [368]=Oop [424]=Oop [432]=Oop [448]=Oop [992]=Oop }
                      ;*new {reexecute=1 rethrow=0 return_oop=0}
                      ; - (reexecute) java.util.Stack::peek@9 (line 103)
                      ; - org.apache.xalan.transformer.TransformerImpl::getMode@18 (line 3195)
                      ; - org.apache.xalan.templates.ElemApplyTemplates::transformSelectedNodes@389 (line 294)
  0x000077163cbe6f7c: 0003 1307 | e9fb c0ff 

  0x000077163cbe6f84: ;   {runtime_call throw_null_pointer_exception Runtime1 stub}
  0x000077163cbe6f84: ffe8 f6aa 

  0x000077163cbe6f88: ; ImmutableOopMap {[224]=Oop [232]=Oop [240]=Oop [256]=Oop [280]=Oop [312]=Oop [344]=Oop [360]=Oop [368]=Oop [424]=Oop [432]=Oop [448]=Oop [992]=Oop }
                      ;*new {reexecute=0 rethrow=0 return_oop=0}
                      ; - java.util.Stack::peek@9 (line 103)
                      ; - org.apache.xalan.transformer.TransformerImpl::getMode@18 (line 3195)
                      ; - org.apache.xalan.templates.ElemApplyTemplates::transformSelectedNodes@389 (line 294)
  0x000077163cbe6f88: 1207 488b 

  0x000077163cbe6f8c: ;   {runtime_call fast_new_instance_init_check Runtime1 stub}
  0x000077163cbe6f8c: d2e8 eeb6 

  0x000077163cbe6f90: ; ImmutableOopMap {[224]=Oop [232]=Oop [240]=Oop [256]=Oop [280]=Oop [312]=Oop [344]=Oop [360]=Oop [368]=Oop [424]=Oop [432]=Oop [448]=Oop [992]=Oop }
                      ;*new {reexecute=0 rethrow=0 return_oop=0}
                      ; - java.util.Stack::peek@9 (line 103)
                      ; - org.apache.xalan.transformer.TransformerImpl::getMode@18 (line 3195)
                      ; - org.apache.xalan.templates.ElemApplyTemplates::transformSelectedNodes@389 (line 294)
  0x000077163cbe6f90: 1207 e9a9 | c1ff ff48 | 8d84 24d8 | 0300 0048 

  0x000077163cbe6fa0: ;   {runtime_call monitorexit_nofpu Runtime1 stub}
  0x000077163cbe6fa0: 8904 24e8 | d8ec 1207 | e927 c2ff 

  0x000077163cbe6fac: ;   {metadata(nullptr)}
  0x000077163cbe6fac: ff48 ba00 | 0000 0000 | 0000 00b8 | 000f 050a 

  0x000077163cbe6fbc: ;   {runtime_call load_klass_patching Runtime1 stub}
  0x000077163cbe6fbc: e8bf 0213 

  0x000077163cbe6fc0: ; ImmutableOopMap {[224]=Oop [232]=Oop [240]=Oop [256]=Oop [280]=Oop [312]=Oop [344]=Oop [360]=Oop [368]=Oop [424]=Oop [432]=Oop [448]=Oop [504]=Oop [544]=Oop }
                      ;*new {reexecute=1 rethrow=0 return_oop=0}
                      ; - (reexecute) org.apache.xml.utils.ObjectStack::setTop@16 (line 166)
                      ; - org.apache.xpath.XPathContext::setSAXLocator@5 (line 405)
                      ; - org.apache.xalan.templates.ElemApplyTemplates::transformSelectedNodes@763 (line 391)
  0x000077163cbe6fc0: 07e9 32c2 

  0x000077163cbe6fc4: ;   {runtime_call throw_null_pointer_exception Runtime1 stub}
  0x000077163cbe6fc4: ffff e8b5 

  0x000077163cbe6fc8: ; ImmutableOopMap {[224]=Oop [232]=Oop [240]=Oop [256]=Oop [280]=Oop [312]=Oop [344]=Oop [360]=Oop [368]=Oop [424]=Oop [432]=Oop [448]=Oop [504]=Oop [544]=Oop }
                      ;*new {reexecute=0 rethrow=0 return_oop=0}
                      ; - org.apache.xml.utils.ObjectStack::setTop@16 (line 166)
                      ; - org.apache.xpath.XPathContext::setSAXLocator@5 (line 405)
                      ; - org.apache.xalan.templates.ElemApplyTemplates::transformSelectedNodes@763 (line 391)
  0x000077163cbe6fc8: aa12 0748 

  0x000077163cbe6fcc: ;   {runtime_call fast_new_instance_init_check Runtime1 stub}
  0x000077163cbe6fcc: 8bd2 e8ad 

  0x000077163cbe6fd0: ; ImmutableOopMap {[224]=Oop [232]=Oop [240]=Oop [256]=Oop [280]=Oop [312]=Oop [344]=Oop [360]=Oop [368]=Oop [424]=Oop [432]=Oop [448]=Oop [504]=Oop [544]=Oop }
                      ;*new {reexecute=0 rethrow=0 return_oop=0}
                      ; - org.apache.xml.utils.ObjectStack::setTop@16 (line 166)
                      ; - org.apache.xpath.XPathContext::setSAXLocator@5 (line 405)
                      ; - org.apache.xalan.templates.ElemApplyTemplates::transformSelectedNodes@763 (line 391)
  0x000077163cbe6fd0: b612 07e9 | e0c2 ffff | 488d 8424 | d803 0000 | 4889 0424 

  0x000077163cbe6fe4: ;   {runtime_call monitorexit_nofpu Runtime1 stub}
  0x000077163cbe6fe4: e897 ec12 | 07e9 5ec3 

  0x000077163cbe6fec: ;   {metadata(nullptr)}
  0x000077163cbe6fec: ffff 48ba | 0000 0000 | 0000 0000 | b800 0f05 

  0x000077163cbe6ffc: ;   {runtime_call load_klass_patching Runtime1 stub}
  0x000077163cbe6ffc: 0ae8 7e02 

  0x000077163cbe7000: ; ImmutableOopMap {[224]=Oop [232]=Oop [240]=Oop [256]=Oop [280]=Oop [312]=Oop [344]=Oop [360]=Oop [368]=Oop [424]=Oop [432]=Oop [448]=Oop [496]=Oop }
                      ;*new {reexecute=1 rethrow=0 return_oop=0}
                      ; - (reexecute) org.apache.xml.utils.ObjectStack::setTop@16 (line 166)
                      ; - org.apache.xalan.transformer.TransformerImpl::setCurrentElement@5 (line 2644)
                      ; - org.apache.xalan.templates.ElemApplyTemplates::transformSelectedNodes@545 (line 332)
  0x000077163cbe7000: 1307 e979 

  0x000077163cbe7004: ;   {runtime_call throw_null_pointer_exception Runtime1 stub}
  0x000077163cbe7004: c3ff ffe8 

  0x000077163cbe7008: ; ImmutableOopMap {[224]=Oop [232]=Oop [240]=Oop [256]=Oop [280]=Oop [312]=Oop [344]=Oop [360]=Oop [368]=Oop [424]=Oop [432]=Oop [448]=Oop [496]=Oop }
                      ;*new {reexecute=0 rethrow=0 return_oop=0}
                      ; - org.apache.xml.utils.ObjectStack::setTop@16 (line 166)
                      ; - org.apache.xalan.transformer.TransformerImpl::setCurrentElement@5 (line 2644)
                      ; - org.apache.xalan.templates.ElemApplyTemplates::transformSelectedNodes@545 (line 332)
  0x000077163cbe7008: 74aa 1207 

  0x000077163cbe700c: ;   {runtime_call fast_new_instance_init_check Runtime1 stub}
  0x000077163cbe700c: 488b d2e8 

  0x000077163cbe7010: ; ImmutableOopMap {[224]=Oop [232]=Oop [240]=Oop [256]=Oop [280]=Oop [312]=Oop [344]=Oop [360]=Oop [368]=Oop [424]=Oop [432]=Oop [448]=Oop [496]=Oop }
                      ;*new {reexecute=0 rethrow=0 return_oop=0}
                      ; - org.apache.xml.utils.ObjectStack::setTop@16 (line 166)
                      ; - org.apache.xalan.transformer.TransformerImpl::setCurrentElement@5 (line 2644)
                      ; - org.apache.xalan.templates.ElemApplyTemplates::transformSelectedNodes@545 (line 332)
  0x000077163cbe7010: 6cb6 1207 | e927 c4ff 

  0x000077163cbe7018: ;   {metadata(nullptr)}
  0x000077163cbe7018: ff48 ba00 | 0000 0000 | 0000 00b8 | 000f 050a 

  0x000077163cbe7028: ;   {runtime_call load_klass_patching Runtime1 stub}
  0x000077163cbe7028: e853 0213 

  0x000077163cbe702c: ; ImmutableOopMap {[224]=Oop [232]=Oop [240]=Oop [256]=Oop [280]=Oop [312]=Oop [344]=Oop [360]=Oop [368]=Oop [424]=Oop [432]=Oop [448]=Oop [496]=Oop }
                      ;*new {reexecute=1 rethrow=0 return_oop=0}
                      ; - (reexecute) org.apache.xml.utils.ObjectStack::setTop@16 (line 166)
                      ; - org.apache.xalan.transformer.TransformerImpl::setCurrentElement@5 (line 2644)
                      ; - org.apache.xalan.templates.ElemApplyTemplates::transformSelectedNodes@507 (line 316)
  0x000077163cbe702c: 07e9 76c4 

  0x000077163cbe7030: ;   {runtime_call throw_null_pointer_exception Runtime1 stub}
  0x000077163cbe7030: ffff e849 

  0x000077163cbe7034: ; ImmutableOopMap {[224]=Oop [232]=Oop [240]=Oop [256]=Oop [280]=Oop [312]=Oop [344]=Oop [360]=Oop [368]=Oop [424]=Oop [432]=Oop [448]=Oop [496]=Oop }
                      ;*new {reexecute=0 rethrow=0 return_oop=0}
                      ; - org.apache.xml.utils.ObjectStack::setTop@16 (line 166)
                      ; - org.apache.xalan.transformer.TransformerImpl::setCurrentElement@5 (line 2644)
                      ; - org.apache.xalan.templates.ElemApplyTemplates::transformSelectedNodes@507 (line 316)
  0x000077163cbe7034: aa12 0748 

  0x000077163cbe7038: ;   {runtime_call fast_new_instance_init_check Runtime1 stub}
  0x000077163cbe7038: 8bd2 e841 

  0x000077163cbe703c: ; ImmutableOopMap {[224]=Oop [232]=Oop [240]=Oop [256]=Oop [280]=Oop [312]=Oop [344]=Oop [360]=Oop [368]=Oop [424]=Oop [432]=Oop [448]=Oop [496]=Oop }
                      ;*new {reexecute=0 rethrow=0 return_oop=0}
                      ; - org.apache.xml.utils.ObjectStack::setTop@16 (line 166)
                      ; - org.apache.xalan.transformer.TransformerImpl::setCurrentElement@5 (line 2644)
                      ; - org.apache.xalan.templates.ElemApplyTemplates::transformSelectedNodes@507 (line 316)
  0x000077163cbe703c: b612 07e9 | 24c5 ffff | 488d 8424 | d803 0000 | 4889 0424 

  0x000077163cbe7050: ;   {runtime_call monitorexit_nofpu Runtime1 stub}
  0x000077163cbe7050: e82b ec12 | 07e9 aac5 | ffff 488d | 8424 e803 | 0000 4889 

  0x000077163cbe7064: ;   {runtime_call monitorexit_nofpu Runtime1 stub}
  0x000077163cbe7064: 0424 e815 | ec12 07e9 | efc5 ffff | 488d 8424 | d803 0000 | 4889 0424 

  0x000077163cbe707c: ;   {runtime_call monitorexit_nofpu Runtime1 stub}
  0x000077163cbe707c: e8ff eb12 | 07e9 34c6 | ffff 488d | 8424 d803 | 0000 4889 

  0x000077163cbe7090: ;   {runtime_call monitorexit_nofpu Runtime1 stub}
  0x000077163cbe7090: 0424 e8e9 | eb12 07e9 | 79c6 ffff 

  0x000077163cbe709c: ;   {metadata(nullptr)}
  0x000077163cbe709c: 48ba 0000 | 0000 0000 | 0000 b800 

  0x000077163cbe70a8: ;   {runtime_call load_klass_patching Runtime1 stub}
  0x000077163cbe70a8: 0f05 0ae8 

  0x000077163cbe70ac: ; ImmutableOopMap {[224]=Oop [232]=Oop [240]=Oop [256]=Oop [280]=Oop [312]=Oop [344]=Oop [360]=Oop [368]=Oop [424]=Oop [432]=Oop [440]=Oop }
                      ;*new {reexecute=1 rethrow=0 return_oop=0}
                      ; - (reexecute) org.apache.xml.utils.IntStack::setTop@16 (line 163)
                      ; - org.apache.xalan.templates.ElemApplyTemplates::transformSelectedNodes@344 (line 283)
  0x000077163cbe70ac: d001 1307 | e993 c6ff 

  0x000077163cbe70b4: ;   {runtime_call throw_null_pointer_exception Runtime1 stub}
  0x000077163cbe70b4: ffe8 c6a9 

  0x000077163cbe70b8: ; ImmutableOopMap {[224]=Oop [232]=Oop [240]=Oop [256]=Oop [280]=Oop [312]=Oop [344]=Oop [360]=Oop [368]=Oop [424]=Oop [432]=Oop [440]=Oop }
                      ;*new {reexecute=0 rethrow=0 return_oop=0}
                      ; - org.apache.xml.utils.IntStack::setTop@16 (line 163)
                      ; - org.apache.xalan.templates.ElemApplyTemplates::transformSelectedNodes@344 (line 283)
  0x000077163cbe70b8: 1207 488b 

  0x000077163cbe70bc: ;   {runtime_call fast_new_instance_init_check Runtime1 stub}
  0x000077163cbe70bc: d2e8 beb5 

  0x000077163cbe70c0: ; ImmutableOopMap {[224]=Oop [232]=Oop [240]=Oop [256]=Oop [280]=Oop [312]=Oop [344]=Oop [360]=Oop [368]=Oop [424]=Oop [432]=Oop [440]=Oop }
                      ;*new {reexecute=0 rethrow=0 return_oop=0}
                      ; - org.apache.xml.utils.IntStack::setTop@16 (line 163)
                      ; - org.apache.xalan.templates.ElemApplyTemplates::transformSelectedNodes@344 (line 283)
  0x000077163cbe70c0: 1207 e941 

  0x000077163cbe70c4: ;   {metadata(nullptr)}
  0x000077163cbe70c4: c7ff ff48 | ba00 0000 | 0000 0000 | 00b8 000f 

  0x000077163cbe70d4: ;   {runtime_call load_klass_patching Runtime1 stub}
  0x000077163cbe70d4: 050a e8a5 

  0x000077163cbe70d8: ; ImmutableOopMap {[224]=Oop [232]=Oop [240]=Oop [256]=Oop [280]=Oop [312]=Oop [344]=Oop [360]=Oop [368]=Oop [424]=Oop [432]=Oop [440]=Oop }
                      ;*new {reexecute=1 rethrow=0 return_oop=0}
                      ; - (reexecute) org.apache.xml.utils.IntStack::setTop@16 (line 163)
                      ; - org.apache.xalan.templates.ElemApplyTemplates::transformSelectedNodes@337 (line 282)
  0x000077163cbe70d8: 0113 07e9 | 90c7 ffff 

  0x000077163cbe70e0: ;   {runtime_call throw_null_pointer_exception Runtime1 stub}
  0x000077163cbe70e0: e89b a912 

  0x000077163cbe70e4: ; ImmutableOopMap {[224]=Oop [232]=Oop [240]=Oop [256]=Oop [280]=Oop [312]=Oop [344]=Oop [360]=Oop [368]=Oop [424]=Oop [432]=Oop [440]=Oop }
                      ;*new {reexecute=0 rethrow=0 return_oop=0}
                      ; - org.apache.xml.utils.IntStack::setTop@16 (line 163)
                      ; - org.apache.xalan.templates.ElemApplyTemplates::transformSelectedNodes@337 (line 282)
  0x000077163cbe70e4: 0748 8bd2 

  0x000077163cbe70e8: ;   {runtime_call fast_new_instance_init_check Runtime1 stub}
  0x000077163cbe70e8: e893 b512 

  0x000077163cbe70ec: ; ImmutableOopMap {[224]=Oop [232]=Oop [240]=Oop [256]=Oop [280]=Oop [312]=Oop [344]=Oop [360]=Oop [368]=Oop [424]=Oop [432]=Oop [440]=Oop }
                      ;*new {reexecute=0 rethrow=0 return_oop=0}
                      ; - org.apache.xml.utils.IntStack::setTop@16 (line 163)
                      ; - org.apache.xalan.templates.ElemApplyTemplates::transformSelectedNodes@337 (line 282)
  0x000077163cbe70ec: 07e9 3ec8 | ffff 488d | 8424 d803 | 0000 4889 

  0x000077163cbe70fc: ;   {runtime_call monitorexit_nofpu Runtime1 stub}
  0x000077163cbe70fc: 0424 e87d | eb12 07e9 | dbc8 ffff 

  0x000077163cbe7108: ;   {runtime_call fast_new_instance Runtime1 stub}
  0x000077163cbe7108: 488b d2e8 

  0x000077163cbe710c: ; ImmutableOopMap {r9=Oop r11=Oop [224]=Oop [232]=Oop [240]=Oop [256]=Oop [280]=Oop [848]=Oop }
                      ;*new {reexecute=0 rethrow=0 return_oop=0}
                      ; - org.apache.xalan.templates.ElemApplyTemplates::transformSelectedNodes@864 (line 433)
  0x000077163cbe710c: 70b2 1207 | e9eb c9ff 

  0x000077163cbe7114: ;   {runtime_call throw_null_pointer_exception Runtime1 stub}
  0x000077163cbe7114: ffe8 66a9 

  0x000077163cbe7118: ; ImmutableOopMap {r11=Oop [224]=Oop [232]=Oop [240]=Oop [256]=Oop [280]=Oop [840]=Oop [848]=Oop }
                      ;*invokeinterface fatalError {reexecute=0 rethrow=0 return_oop=0}
                      ; - org.apache.xalan.templates.ElemApplyTemplates::transformSelectedNodes@873 (line 433)
                      ;   {metadata(nullptr)}
  0x000077163cbe7118: 1207 48ba | 0000 0000 | 0000 0000 | b800 0f05 

  0x000077163cbe7128: ;   {runtime_call load_klass_patching Runtime1 stub}
  0x000077163cbe7128: 0ae8 5201 

  0x000077163cbe712c: ; ImmutableOopMap {rsi=Oop rbx=Oop [224]=Oop [232]=Oop [240]=Oop [256]=Oop [280]=Oop [848]=Oop [880]=Oop }
                      ;*new {reexecute=1 rethrow=0 return_oop=0}
                      ; - (reexecute) org.apache.xalan.templates.ElemApplyTemplates::transformSelectedNodes@909 (line 438)
  0x000077163cbe712c: 1307 e95d | cbff ff48 

  0x000077163cbe7134: ;   {runtime_call fast_new_instance Runtime1 stub}
  0x000077163cbe7134: 8bd2 e845 

  0x000077163cbe7138: ; ImmutableOopMap {rbx=Oop r9=Oop [224]=Oop [232]=Oop [240]=Oop [256]=Oop [280]=Oop [848]=Oop [880]=Oop }
                      ;*new {reexecute=0 rethrow=0 return_oop=0}
                      ; - org.apache.xalan.templates.ElemApplyTemplates::transformSelectedNodes@909 (line 438)
  0x000077163cbe7138: b212 07e9 | fecb ffff 

  0x000077163cbe7140: ;   {metadata({method} {0x00006a691465bd20} '<init>' '(Lorg/apache/xpath/Expression;)V' in 'org/apache/xpath/XPath')}
  0x000077163cbe7140: 49ba 20bd | 6514 696a | 0000 4c89 | 5424 0848 | c704 24ff 

  0x000077163cbe7154: ;   {runtime_call counter_overflow Runtime1 stub}
  0x000077163cbe7154: ffff ffe8 

  0x000077163cbe7158: ; ImmutableOopMap {rbx=Oop r9=Oop rax=Oop rdi=Oop [224]=Oop [232]=Oop [240]=Oop [256]=Oop [280]=Oop [848]=Oop [872]=Oop [880]=Oop }
                      ;*synchronization entry
                      ; - org.apache.xpath.XPath::<init>@-1 (line 277)
                      ; - org.apache.xalan.templates.ElemApplyTemplates::transformSelectedNodes@917 (line 438)
  0x000077163cbe7158: 2410 1307 | e925 ccff 

  0x000077163cbe7160: ;   {metadata({method} {0x00006a691f4791f0} '<init>' '()V' in 'java/lang/Object')}
  0x000077163cbe7160: ff49 baf0 | 9147 1f69 | 6a00 004c | 8954 2408 | 48c7 0424 | ffff ffff 

  0x000077163cbe7178: ;   {runtime_call counter_overflow Runtime1 stub}
  0x000077163cbe7178: e803 1013 

  0x000077163cbe717c: ; ImmutableOopMap {rbx=Oop r9=Oop rax=Oop rdi=Oop [224]=Oop [232]=Oop [240]=Oop [256]=Oop [280]=Oop [848]=Oop [872]=Oop [880]=Oop }
                      ;*synchronization entry
                      ; - java.lang.Object::<init>@-1 (line 45)
                      ; - org.apache.xpath.XPath::<init>@1 (line 277)
                      ; - org.apache.xalan.templates.ElemApplyTemplates::transformSelectedNodes@917 (line 438)
  0x000077163cbe717c: 07e9 40cc 

  0x000077163cbe7180: ;   {metadata({method} {0x00006a691465b688} 'setExpression' '(Lorg/apache/xpath/Expression;)V' in 'org/apache/xpath/XPath')}
  0x000077163cbe7180: ffff 49ba | 88b6 6514 | 696a 0000 | 4c89 5424 | 0848 c704 | 24ff ffff 

  0x000077163cbe7198: ;   {runtime_call counter_overflow Runtime1 stub}
  0x000077163cbe7198: ffe8 e20f 

  0x000077163cbe719c: ; ImmutableOopMap {rbx=Oop r9=Oop rax=Oop rdi=Oop [224]=Oop [232]=Oop [240]=Oop [256]=Oop [280]=Oop [848]=Oop [872]=Oop [880]=Oop }
                      ;*synchronization entry
                      ; - org.apache.xpath.XPath::setExpression@-1 (line 99)
                      ; - org.apache.xpath.XPath::<init>@11 (line 278)
                      ; - org.apache.xalan.templates.ElemApplyTemplates::transformSelectedNodes@917 (line 438)
  0x000077163cbe719c: 1307 e96c 

  0x000077163cbe71a0: ;   {runtime_call throw_null_pointer_exception Runtime1 stub}
  0x000077163cbe71a0: ccff ffe8 

  0x000077163cbe71a4: ; ImmutableOopMap {rbx=Oop r9=Oop rax=Oop rdi=Oop rdx=Oop [224]=Oop [232]=Oop [240]=Oop [256]=Oop [280]=Oop [848]=Oop [872]=Oop [880]=Oop }
                      ;*invokevirtual exprGetParent {reexecute=0 rethrow=0 return_oop=0}
                      ; - org.apache.xpath.XPath::setExpression@13 (line 100)
                      ; - org.apache.xpath.XPath::<init>@11 (line 278)
                      ; - org.apache.xalan.templates.ElemApplyTemplates::transformSelectedNodes@917 (line 438)
  0x000077163cbe71a4: d8a8 1207 

  0x000077163cbe71a8: ;   {runtime_call throw_null_pointer_exception Runtime1 stub}
  0x000077163cbe71a8: e8d3 a812 

  0x000077163cbe71ac: ; ImmutableOopMap {rbx=Oop r9=Oop rax=Oop rdi=Oop r11=Oop [224]=Oop [232]=Oop [240]=Oop [256]=Oop [280]=Oop [848]=Oop [872]=Oop [880]=Oop }
                      ;*invokevirtual exprSetParent {reexecute=0 rethrow=0 return_oop=0}
                      ; - org.apache.xpath.XPath::setExpression@16 (line 100)
                      ; - org.apache.xpath.XPath::<init>@11 (line 278)
                      ; - org.apache.xalan.templates.ElemApplyTemplates::transformSelectedNodes@917 (line 438)
                      ;   {metadata({method} {0x00006a69144cf1c8} 'exprSetParent' '(Lorg/apache/xpath/ExpressionNode;)V' in 'org/apache/xpath/Expression')}
  0x000077163cbe71ac: 0749 bac8 | f14c 1469 | 6a00 004c | 8954 2408 | 48c7 0424 | ffff ffff 

  0x000077163cbe71c4: ;   {runtime_call counter_overflow Runtime1 stub}
  0x000077163cbe71c4: e8b7 0f13 

  0x000077163cbe71c8: ; ImmutableOopMap {rbx=Oop r9=Oop rax=Oop rdi=Oop r11=Oop [224]=Oop [232]=Oop [240]=Oop [256]=Oop [280]=Oop [848]=Oop [872]=Oop [880]=Oop }
                      ;*synchronization entry
                      ; - org.apache.xpath.Expression::exprSetParent@-1 (line 476)
                      ; - org.apache.xpath.XPath::setExpression@16 (line 100)
                      ; - org.apache.xpath.XPath::<init>@11 (line 278)
                      ; - org.apache.xalan.templates.ElemApplyTemplates::transformSelectedNodes@917 (line 438)
  0x000077163cbe71c8: 07e9 cacd 

  0x000077163cbe71cc: ;   {metadata({method} {0x00006a691465b448} 'initFunctionTable' '()V' in 'org/apache/xpath/XPath')}
  0x000077163cbe71cc: ffff 49ba | 48b4 6514 | 696a 0000 | 4c89 5424 | 0848 c704 | 24ff ffff 

  0x000077163cbe71e4: ;   {runtime_call counter_overflow Runtime1 stub}
  0x000077163cbe71e4: ffe8 960f 

  0x000077163cbe71e8: ; ImmutableOopMap {rax=Oop [224]=Oop [232]=Oop [240]=Oop [256]=Oop [280]=Oop [848]=Oop [872]=Oop [880]=Oop }
                      ;*synchronization entry
                      ; - org.apache.xpath.XPath::initFunctionTable@-1 (line 62)
                      ; - org.apache.xpath.XPath::<init>@15 (line 279)
                      ; - org.apache.xalan.templates.ElemApplyTemplates::transformSelectedNodes@917 (line 438)
  0x000077163cbe71e8: 1307 e917 | cfff ff48 

  0x000077163cbe71f0: ;   {runtime_call fast_new_instance Runtime1 stub}
  0x000077163cbe71f0: 8bd2 e889 

  0x000077163cbe71f4: ; ImmutableOopMap {[224]=Oop [232]=Oop [240]=Oop [256]=Oop [280]=Oop [848]=Oop [872]=Oop [880]=Oop }
                      ;*new {reexecute=0 rethrow=0 return_oop=0}
                      ; - org.apache.xpath.XPath::initFunctionTable@1 (line 62)
                      ; - org.apache.xpath.XPath::<init>@15 (line 279)
                      ; - org.apache.xalan.templates.ElemApplyTemplates::transformSelectedNodes@917 (line 438)
  0x000077163cbe71f4: b112 07e9 | b5cf ffff 

  0x000077163cbe71fc: ;   {metadata(nullptr)}
  0x000077163cbe71fc: 48ba 0000 | 0000 0000 | 0000 b800 

  0x000077163cbe7208: ;   {runtime_call load_klass_patching Runtime1 stub}
  0x000077163cbe7208: 0f05 0ae8 

  0x000077163cbe720c: ; ImmutableOopMap {[224]=Oop [232]=Oop [240]=Oop [256]=Oop [280]=Oop [848]=Oop [872]=Oop [880]=Oop }
                      ;*new {reexecute=1 rethrow=0 return_oop=0}
                      ; - (reexecute) org.apache.xalan.templates.ElemApplyTemplates::transformSelectedNodes@920 (line 438)
  0x000077163cbe720c: 7000 1307 | e9eb cfff | ff48 8bd2 

  0x000077163cbe7218: ;   {runtime_call fast_new_instance Runtime1 stub}
  0x000077163cbe7218: e863 b112 

  0x000077163cbe721c: ; ImmutableOopMap {[224]=Oop [232]=Oop [240]=Oop [256]=Oop [280]=Oop [848]=Oop [872]=Oop [880]=Oop }
                      ;*new {reexecute=0 rethrow=0 return_oop=0}
                      ; - org.apache.xalan.templates.ElemApplyTemplates::transformSelectedNodes@920 (line 438)
  0x000077163cbe721c: 07e9 91d0 

  0x000077163cbe7220: ;   {runtime_call throw_null_pointer_exception Runtime1 stub}
  0x000077163cbe7220: ffff e859 

  0x000077163cbe7224: ; ImmutableOopMap {rbx=Oop [224]=Oop [232]=Oop [240]=Oop [256]=Oop [280]=Oop [848]=Oop [872]=Oop [880]=Oop [896]=Oop }
                      ;*invokevirtual fireSelectedEndEvent {reexecute=0 rethrow=0 return_oop=0}
                      ; - org.apache.xalan.templates.ElemApplyTemplates::transformSelectedNodes@929 (line 438)
                      ;   {metadata({method} {0x00006a69146a7290} 'popSAXLocator' '()V' in 'org/apache/xpath/XPathContext')}
  0x000077163cbe7224: a812 0749 | ba90 726a | 1469 6a00 | 004c 8954 | 2408 48c7 | 0424 ffff 

  0x000077163cbe723c: ;   {runtime_call counter_overflow Runtime1 stub}
  0x000077163cbe723c: ffff e83d 

  0x000077163cbe7240: ; ImmutableOopMap {rdi=Oop [224]=Oop [232]=Oop [240]=Oop [256]=Oop [280]=Oop [848]=Oop }
                      ;*synchronization entry
                      ; - org.apache.xpath.XPathContext::popSAXLocator@-1 (line 434)
                      ; - org.apache.xalan.templates.ElemApplyTemplates::transformSelectedNodes@945 (line 445)
  0x000077163cbe7240: 0f13 07e9 | dfd1 ffff 

  0x000077163cbe7248: ;   {runtime_call throw_null_pointer_exception Runtime1 stub}
  0x000077163cbe7248: e833 a812 

  0x000077163cbe724c: ; ImmutableOopMap {rdi=Oop rsi=Oop [224]=Oop [232]=Oop [240]=Oop [256]=Oop [280]=Oop [848]=Oop }
                      ;*invokevirtual pop {reexecute=0 rethrow=0 return_oop=0}
                      ; - org.apache.xpath.XPathContext::popSAXLocator@4 (line 434)
                      ; - org.apache.xalan.templates.ElemApplyTemplates::transformSelectedNodes@945 (line 445)
                      ;   {metadata({method} {0x00006a69146a8000} 'popContextNodeList' '()V' in 'org/apache/xpath/XPathContext')}
  0x000077163cbe724c: 0749 ba00 | 806a 1469 | 6a00 004c | 8954 2408 | 48c7 0424 | ffff ffff 

  0x000077163cbe7264: ;   {runtime_call counter_overflow Runtime1 stub}
  0x000077163cbe7264: e817 0f13 

  0x000077163cbe7268: ; ImmutableOopMap {rbx=Oop [224]=Oop [232]=Oop [240]=Oop [256]=Oop [280]=Oop [848]=Oop }
                      ;*synchronization entry
                      ; - org.apache.xpath.XPathContext::popContextNodeList@-1 (line 706)
                      ; - org.apache.xalan.templates.ElemApplyTemplates::transformSelectedNodes@954 (line 446)
  0x000077163cbe7268: 07e9 6bd2 

  0x000077163cbe726c: ;   {runtime_call throw_null_pointer_exception Runtime1 stub}
  0x000077163cbe726c: ffff e80d 

  0x000077163cbe7270: ; ImmutableOopMap {rbx=Oop rdx=Oop [224]=Oop [232]=Oop [240]=Oop [256]=Oop [280]=Oop [848]=Oop }
                      ;*invokevirtual isEmpty {reexecute=0 rethrow=0 return_oop=0}
                      ; - org.apache.xpath.XPathContext::popContextNodeList@4 (line 706)
                      ; - org.apache.xalan.templates.ElemApplyTemplates::transformSelectedNodes@954 (line 446)
  0x000077163cbe7270: a812 0748 | 8954 2408 | 4889 3424 

  0x000077163cbe727c: ;   {runtime_call monitorenter_nofpu Runtime1 stub}
  0x000077163cbe727c: e8ff e312 

  0x000077163cbe7280: ; ImmutableOopMap {rbx=Oop rdx=Oop [224]=Oop [232]=Oop [240]=Oop [256]=Oop [280]=Oop [848]=Oop [992]=Oop }
                      ;*synchronization entry
                      ; - java.util.Vector::isEmpty@-1 (line 316)
                      ; - org.apache.xpath.XPathContext::popContextNodeList@4 (line 706)
                      ; - org.apache.xalan.templates.ElemApplyTemplates::transformSelectedNodes@954 (line 446)
  0x000077163cbe7280: 07e9 26d3 

  0x000077163cbe7284: ;   {metadata({method} {0x00006a69140fff10} 'isEmpty' '()Z' in 'java/util/Vector')}
  0x000077163cbe7284: ffff 49ba | 10ff 0f14 | 696a 0000 | 4c89 5424 | 0848 c704 | 24ff ffff 

  0x000077163cbe729c: ;   {runtime_call counter_overflow Runtime1 stub}
  0x000077163cbe729c: ffe8 de0e 

  0x000077163cbe72a0: ; ImmutableOopMap {rbx=Oop rdx=Oop [224]=Oop [232]=Oop [240]=Oop [256]=Oop [280]=Oop [848]=Oop [992]=Oop }
                      ;*synchronization entry
                      ; - java.util.Vector::isEmpty@-1 (line 316)
                      ; - org.apache.xpath.XPathContext::popContextNodeList@4 (line 706)
                      ; - org.apache.xalan.templates.ElemApplyTemplates::transformSelectedNodes@954 (line 446)
  0x000077163cbe72a0: 1307 e92c | d3ff ff48 | 8d84 24d8 | 0300 0048 

  0x000077163cbe72b0: ;   {runtime_call monitorexit_nofpu Runtime1 stub}
  0x000077163cbe72b0: 8904 24e8 | c8e9 1207 | e996 d3ff 

  0x000077163cbe72bc: ;   {runtime_call throw_null_pointer_exception Runtime1 stub}
  0x000077163cbe72bc: ffe8 bea7 

  0x000077163cbe72c0: ; ImmutableOopMap {rsi=Oop [224]=Oop [232]=Oop [240]=Oop [256]=Oop [280]=Oop [848]=Oop }
                      ;*invokevirtual println {reexecute=0 rethrow=0 return_oop=0}
                      ; - org.apache.xpath.XPathContext::popContextNodeList@15 (line 707)
                      ; - org.apache.xalan.templates.ElemApplyTemplates::transformSelectedNodes@954 (line 446)
                      ;   {runtime_call throw_null_pointer_exception Runtime1 stub}
  0x000077163cbe72c0: 1207 e8b9 

  0x000077163cbe72c4: ; ImmutableOopMap {rdi=Oop rsi=Oop [224]=Oop [232]=Oop [240]=Oop [256]=Oop [280]=Oop [848]=Oop }
                      ;*invokevirtual pop {reexecute=0 rethrow=0 return_oop=0}
                      ; - org.apache.xpath.XPathContext::popContextNodeList@25 (line 709)
                      ; - org.apache.xalan.templates.ElemApplyTemplates::transformSelectedNodes@954 (line 446)
                      ;   {metadata({method} {0x00006a6914655c60} 'popElemTemplateElement' '()V' in 'org/apache/xalan/transformer/TransformerImpl')}
  0x000077163cbe72c4: a712 0749 | ba60 5c65 | 1469 6a00 | 004c 8954 | 2408 48c7 | 0424 ffff 

  0x000077163cbe72dc: ;   {runtime_call counter_overflow Runtime1 stub}
  0x000077163cbe72dc: ffff e89d 

  0x000077163cbe72e0: ; ImmutableOopMap {rdx=Oop [224]=Oop [232]=Oop [240]=Oop [256]=Oop [280]=Oop [848]=Oop }
                      ;*synchronization entry
                      ; - org.apache.xalan.transformer.TransformerImpl::popElemTemplateElement@-1 (line 2632)
                      ; - org.apache.xalan.templates.ElemApplyTemplates::transformSelectedNodes@958 (line 447)
  0x000077163cbe72e0: 0e13 07e9 | e0d4 ffff 

  0x000077163cbe72e8: ;   {runtime_call throw_null_pointer_exception Runtime1 stub}
  0x000077163cbe72e8: e893 a712 

  0x000077163cbe72ec: ; ImmutableOopMap {rdx=Oop rsi=Oop [224]=Oop [232]=Oop [240]=Oop [256]=Oop [280]=Oop [848]=Oop }
                      ;*invokevirtual pop {reexecute=0 rethrow=0 return_oop=0}
                      ; - org.apache.xalan.transformer.TransformerImpl::popElemTemplateElement@4 (line 2632)
                      ; - org.apache.xalan.templates.ElemApplyTemplates::transformSelectedNodes@958 (line 447)
                      ;   {metadata({method} {0x00006a69146a9090} 'popCurrentExpressionNode' '()V' in 'org/apache/xpath/XPathContext')}
  0x000077163cbe72ec: 0749 ba90 | 906a 1469 | 6a00 004c | 8954 2408 | 48c7 0424 | ffff ffff 

  0x000077163cbe7304: ;   {runtime_call counter_overflow Runtime1 stub}
  0x000077163cbe7304: e877 0e13 

  0x000077163cbe7308: ; ImmutableOopMap {[224]=Oop [232]=Oop [240]=Oop [256]=Oop [280]=Oop [848]=Oop }
                      ;*synchronization entry
                      ; - org.apache.xpath.XPathContext::popCurrentExpressionNode@-1 (line 908)
                      ; - org.apache.xalan.templates.ElemApplyTemplates::transformSelectedNodes@962 (line 448)
  0x000077163cbe7308: 07e9 27d5 

  0x000077163cbe730c: ;   {runtime_call throw_null_pointer_exception Runtime1 stub}
  0x000077163cbe730c: ffff e86d 

  0x000077163cbe7310: ; ImmutableOopMap {rdi=Oop rsi=Oop [224]=Oop [232]=Oop [240]=Oop [256]=Oop [280]=Oop [848]=Oop }
                      ;*invokevirtual quickPop {reexecute=0 rethrow=0 return_oop=0}
                      ; - org.apache.xpath.XPathContext::popCurrentExpressionNode@5 (line 908)
                      ; - org.apache.xalan.templates.ElemApplyTemplates::transformSelectedNodes@962 (line 448)
                      ;   {metadata({method} {0x00006a69146486c0} 'quickPop' '(I)V' in 'org/apache/xml/utils/IntStack')}
  0x000077163cbe7310: a712 0749 | bac0 8664 | 1469 6a00 | 004c 8954 | 2408 48c7 | 0424 ffff 

  0x000077163cbe7328: ;   {runtime_call counter_overflow Runtime1 stub}
  0x000077163cbe7328: ffff e851 

  0x000077163cbe732c: ; ImmutableOopMap {rdi=Oop rsi=Oop [224]=Oop [232]=Oop [240]=Oop [256]=Oop [280]=Oop [848]=Oop }
                      ;*synchronization entry
                      ; - org.apache.xml.utils.IntStack::quickPop@-1 (line 110)
                      ; - org.apache.xpath.XPathContext::popCurrentExpressionNode@5 (line 908)
                      ; - org.apache.xalan.templates.ElemApplyTemplates::transformSelectedNodes@962 (line 448)
  0x000077163cbe732c: 0e13 07e9 | 4ad5 ffff 

  0x000077163cbe7334: ;   {metadata({method} {0x00006a69146a86b0} 'popCurrentNode' '()V' in 'org/apache/xpath/XPathContext')}
  0x000077163cbe7334: 49ba b086 | 6a14 696a | 0000 4c89 | 5424 0848 | c704 24ff 

  0x000077163cbe7348: ;   {runtime_call counter_overflow Runtime1 stub}
  0x000077163cbe7348: ffff ffe8 

  0x000077163cbe734c: ; ImmutableOopMap {rdi=Oop [224]=Oop [232]=Oop [240]=Oop [256]=Oop [280]=Oop [848]=Oop }
                      ;*synchronization entry
                      ; - org.apache.xpath.XPathContext::popCurrentNode@-1 (line 801)
                      ; - org.apache.xalan.templates.ElemApplyTemplates::transformSelectedNodes@966 (line 449)
  0x000077163cbe734c: 300e 1307 | e96d d5ff 

  0x000077163cbe7354: ;   {runtime_call throw_null_pointer_exception Runtime1 stub}
  0x000077163cbe7354: ffe8 26a7 

  0x000077163cbe7358: ; ImmutableOopMap {rdi=Oop rsi=Oop [224]=Oop [232]=Oop [240]=Oop [256]=Oop [280]=Oop [848]=Oop }
                      ;*invokevirtual quickPop {reexecute=0 rethrow=0 return_oop=0}
                      ; - org.apache.xpath.XPathContext::popCurrentNode@5 (line 801)
                      ; - org.apache.xalan.templates.ElemApplyTemplates::transformSelectedNodes@966 (line 449)
                      ;   {metadata({method} {0x00006a69146486c0} 'quickPop' '(I)V' in 'org/apache/xml/utils/IntStack')}
  0x000077163cbe7358: 1207 49ba | c086 6414 | 696a 0000 | 4c89 5424 | 0848 c704 | 24ff ffff 

  0x000077163cbe7370: ;   {runtime_call counter_overflow Runtime1 stub}
  0x000077163cbe7370: ffe8 0a0e 

  0x000077163cbe7374: ; ImmutableOopMap {rdi=Oop rsi=Oop [224]=Oop [232]=Oop [240]=Oop [256]=Oop [280]=Oop [848]=Oop }
                      ;*synchronization entry
                      ; - org.apache.xml.utils.IntStack::quickPop@-1 (line 110)
                      ; - org.apache.xpath.XPathContext::popCurrentNode@5 (line 801)
                      ; - org.apache.xalan.templates.ElemApplyTemplates::transformSelectedNodes@966 (line 449)
  0x000077163cbe7374: 1307 e988 

  0x000077163cbe7378: ;   {runtime_call throw_null_pointer_exception Runtime1 stub}
  0x000077163cbe7378: d5ff ffe8 

  0x000077163cbe737c: ; ImmutableOopMap {rdi=Oop rbx=Oop [224]=Oop [232]=Oop [240]=Oop [256]=Oop [280]=Oop }
                      ;*invokeinterface detach {reexecute=0 rethrow=0 return_oop=0}
                      ; - org.apache.xalan.templates.ElemApplyTemplates::transformSelectedNodes@971 (line 450)
  0x000077163cbe737c: 00a7 1207 

  0x000077163cbe7380: ;   {metadata(nullptr)}
  0x000077163cbe7380: 48ba 0000 | 0000 0000 | 0000 b800 

  0x000077163cbe738c: ;   {runtime_call load_klass_patching Runtime1 stub}
  0x000077163cbe738c: 0f05 0ae8 

  0x000077163cbe7390: ; ImmutableOopMap {rsi=Oop r9=Oop [224]=Oop [232]=Oop [240]=Oop [256]=Oop [280]=Oop [904]=Oop [936]=Oop [952]=Oop }
                      ;*new {reexecute=1 rethrow=0 return_oop=0}
                      ; - (reexecute) org.apache.xalan.templates.ElemApplyTemplates::transformSelectedNodes@909 (line 438)
  0x000077163cbe7390: ecfe 1207 | e9ef d6ff | ff48 8bd2 

  0x000077163cbe739c: ;   {runtime_call fast_new_instance Runtime1 stub}
  0x000077163cbe739c: e8df af12 

  0x000077163cbe73a0: ; ImmutableOopMap {r9=Oop r13=Oop [224]=Oop [232]=Oop [240]=Oop [256]=Oop [280]=Oop [904]=Oop [936]=Oop [952]=Oop }
                      ;*new {reexecute=0 rethrow=0 return_oop=0}
                      ; - org.apache.xalan.templates.ElemApplyTemplates::transformSelectedNodes@909 (line 438)
  0x000077163cbe73a0: 07e9 90d7 

  0x000077163cbe73a4: ;   {metadata({method} {0x00006a691465bd20} '<init>' '(Lorg/apache/xpath/Expression;)V' in 'org/apache/xpath/XPath')}
  0x000077163cbe73a4: ffff 49ba | 20bd 6514 | 696a 0000 | 4c89 5424 | 0848 c704 | 24ff ffff 

  0x000077163cbe73bc: ;   {runtime_call counter_overflow Runtime1 stub}
  0x000077163cbe73bc: ffe8 be0d 

  0x000077163cbe73c0: ; ImmutableOopMap {r9=Oop r13=Oop rax=Oop rdi=Oop [224]=Oop [232]=Oop [240]=Oop [256]=Oop [280]=Oop [904]=Oop [920]=Oop [936]=Oop [952]=Oop }
                      ;*synchronization entry
                      ; - org.apache.xpath.XPath::<init>@-1 (line 277)
                      ; - org.apache.xalan.templates.ElemApplyTemplates::transformSelectedNodes@917 (line 438)
  0x000077163cbe73c0: 1307 e9b7 

  0x000077163cbe73c4: ;   {metadata({method} {0x00006a691f4791f0} '<init>' '()V' in 'java/lang/Object')}
  0x000077163cbe73c4: d7ff ff49 | baf0 9147 | 1f69 6a00 | 004c 8954 | 2408 48c7 | 0424 ffff 

  0x000077163cbe73dc: ;   {runtime_call counter_overflow Runtime1 stub}
  0x000077163cbe73dc: ffff e89d 

  0x000077163cbe73e0: ; ImmutableOopMap {r9=Oop r13=Oop rax=Oop rdi=Oop [224]=Oop [232]=Oop [240]=Oop [256]=Oop [280]=Oop [904]=Oop [920]=Oop [936]=Oop [952]=Oop }
                      ;*synchronization entry
                      ; - java.lang.Object::<init>@-1 (line 45)
                      ; - org.apache.xpath.XPath::<init>@1 (line 277)
                      ; - org.apache.xalan.templates.ElemApplyTemplates::transformSelectedNodes@917 (line 438)
  0x000077163cbe73e0: 0d13 07e9 | d2d7 ffff 

  0x000077163cbe73e8: ;   {metadata({method} {0x00006a691465b688} 'setExpression' '(Lorg/apache/xpath/Expression;)V' in 'org/apache/xpath/XPath')}
  0x000077163cbe73e8: 49ba 88b6 | 6514 696a | 0000 4c89 | 5424 0848 | c704 24ff 

  0x000077163cbe73fc: ;   {runtime_call counter_overflow Runtime1 stub}
  0x000077163cbe73fc: ffff ffe8 

  0x000077163cbe7400: ; ImmutableOopMap {r9=Oop r13=Oop rax=Oop rdi=Oop [224]=Oop [232]=Oop [240]=Oop [256]=Oop [280]=Oop [904]=Oop [920]=Oop [936]=Oop [952]=Oop }
                      ;*synchronization entry
                      ; - org.apache.xpath.XPath::setExpression@-1 (line 99)
                      ; - org.apache.xpath.XPath::<init>@11 (line 278)
                      ; - org.apache.xalan.templates.ElemApplyTemplates::transformSelectedNodes@917 (line 438)
  0x000077163cbe7400: 7c0d 1307 | e9fe d7ff 

  0x000077163cbe7408: ;   {runtime_call throw_null_pointer_exception Runtime1 stub}
  0x000077163cbe7408: ffe8 72a6 

  0x000077163cbe740c: ; ImmutableOopMap {r9=Oop r13=Oop rax=Oop rdi=Oop rdx=Oop [224]=Oop [232]=Oop [240]=Oop [256]=Oop [280]=Oop [904]=Oop [920]=Oop [936]=Oop [952]=Oop }
                      ;*invokevirtual exprGetParent {reexecute=0 rethrow=0 return_oop=0}
                      ; - org.apache.xpath.XPath::setExpression@13 (line 100)
                      ; - org.apache.xpath.XPath::<init>@11 (line 278)
                      ; - org.apache.xalan.templates.ElemApplyTemplates::transformSelectedNodes@917 (line 438)
                      ;   {runtime_call throw_null_pointer_exception Runtime1 stub}
  0x000077163cbe740c: 1207 e86d 

  0x000077163cbe7410: ; ImmutableOopMap {r9=Oop r13=Oop rax=Oop rdi=Oop rbx=Oop [224]=Oop [232]=Oop [240]=Oop [256]=Oop [280]=Oop [904]=Oop [912]=Oop [920]=Oop [936]=Oop [952]=Oop }
                      ;*invokevirtual exprSetParent {reexecute=0 rethrow=0 return_oop=0}
                      ; - org.apache.xpath.XPath::setExpression@16 (line 100)
                      ; - org.apache.xpath.XPath::<init>@11 (line 278)
                      ; - org.apache.xalan.templates.ElemApplyTemplates::transformSelectedNodes@917 (line 438)
                      ;   {metadata({method} {0x00006a69144cf1c8} 'exprSetParent' '(Lorg/apache/xpath/ExpressionNode;)V' in 'org/apache/xpath/Expression')}
  0x000077163cbe7410: a612 0749 | bac8 f14c | 1469 6a00 | 004c 8954 | 2408 48c7 | 0424 ffff 

  0x000077163cbe7428: ;   {runtime_call counter_overflow Runtime1 stub}
  0x000077163cbe7428: ffff e851 

  0x000077163cbe742c: ; ImmutableOopMap {r9=Oop r13=Oop rax=Oop rdi=Oop rbx=Oop [224]=Oop [232]=Oop [240]=Oop [256]=Oop [280]=Oop [904]=Oop [912]=Oop [920]=Oop [936]=Oop [952]=Oop }
                      ;*synchronization entry
                      ; - org.apache.xpath.Expression::exprSetParent@-1 (line 476)
                      ; - org.apache.xpath.XPath::setExpression@16 (line 100)
                      ; - org.apache.xpath.XPath::<init>@11 (line 278)
                      ; - org.apache.xalan.templates.ElemApplyTemplates::transformSelectedNodes@917 (line 438)
  0x000077163cbe742c: 0d13 07e9 | 63d9 ffff 

  0x000077163cbe7434: ;   {metadata({method} {0x00006a691465b448} 'initFunctionTable' '()V' in 'org/apache/xpath/XPath')}
  0x000077163cbe7434: 49ba 48b4 | 6514 696a | 0000 4c89 | 5424 0848 | c704 24ff 

  0x000077163cbe7448: ;   {runtime_call counter_overflow Runtime1 stub}
  0x000077163cbe7448: ffff ffe8 

  0x000077163cbe744c: ; ImmutableOopMap {rax=Oop [224]=Oop [232]=Oop [240]=Oop [256]=Oop [280]=Oop [904]=Oop [920]=Oop [936]=Oop [952]=Oop }
                      ;*synchronization entry
                      ; - org.apache.xpath.XPath::initFunctionTable@-1 (line 62)
                      ; - org.apache.xpath.XPath::<init>@15 (line 279)
                      ; - org.apache.xalan.templates.ElemApplyTemplates::transformSelectedNodes@917 (line 438)
  0x000077163cbe744c: 300d 1307 | e9a9 daff | ff48 8bd2 

  0x000077163cbe7458: ;   {runtime_call fast_new_instance Runtime1 stub}
  0x000077163cbe7458: e823 af12 

  0x000077163cbe745c: ; ImmutableOopMap {[224]=Oop [232]=Oop [240]=Oop [256]=Oop [280]=Oop [904]=Oop [920]=Oop [936]=Oop [952]=Oop }
                      ;*new {reexecute=0 rethrow=0 return_oop=0}
                      ; - org.apache.xpath.XPath::initFunctionTable@1 (line 62)
                      ; - org.apache.xpath.XPath::<init>@15 (line 279)
                      ; - org.apache.xalan.templates.ElemApplyTemplates::transformSelectedNodes@917 (line 438)
  0x000077163cbe745c: 07e9 47db 

  0x000077163cbe7460: ;   {metadata(nullptr)}
  0x000077163cbe7460: ffff 48ba | 0000 0000 | 0000 0000 | b800 0f05 

  0x000077163cbe7470: ;   {runtime_call load_klass_patching Runtime1 stub}
  0x000077163cbe7470: 0ae8 0afe 

  0x000077163cbe7474: ; ImmutableOopMap {[224]=Oop [232]=Oop [240]=Oop [256]=Oop [280]=Oop [904]=Oop [920]=Oop [936]=Oop [952]=Oop }
                      ;*new {reexecute=1 rethrow=0 return_oop=0}
                      ; - (reexecute) org.apache.xalan.templates.ElemApplyTemplates::transformSelectedNodes@920 (line 438)
  0x000077163cbe7474: 1207 e97d | dbff ff48 

  0x000077163cbe747c: ;   {runtime_call fast_new_instance Runtime1 stub}
  0x000077163cbe747c: 8bd2 e8fd 

  0x000077163cbe7480: ; ImmutableOopMap {[224]=Oop [232]=Oop [240]=Oop [256]=Oop [280]=Oop [904]=Oop [920]=Oop [936]=Oop [952]=Oop }
                      ;*new {reexecute=0 rethrow=0 return_oop=0}
                      ; - org.apache.xalan.templates.ElemApplyTemplates::transformSelectedNodes@920 (line 438)
  0x000077163cbe7480: ae12 07e9 | 23dc ffff 

  0x000077163cbe7488: ;   {runtime_call throw_null_pointer_exception Runtime1 stub}
  0x000077163cbe7488: e8f3 a512 

  0x000077163cbe748c: ; ImmutableOopMap {rsi=Oop [224]=Oop [232]=Oop [240]=Oop [256]=Oop [280]=Oop [904]=Oop [920]=Oop [936]=Oop [952]=Oop [968]=Oop }
                      ;*invokevirtual fireSelectedEndEvent {reexecute=0 rethrow=0 return_oop=0}
                      ; - org.apache.xalan.templates.ElemApplyTemplates::transformSelectedNodes@929 (line 438)
                      ;   {metadata({method} {0x00006a69146a7290} 'popSAXLocator' '()V' in 'org/apache/xpath/XPathContext')}
  0x000077163cbe748c: 0749 ba90 | 726a 1469 | 6a00 004c | 8954 2408 | 48c7 0424 | ffff ffff 

  0x000077163cbe74a4: ;   {runtime_call counter_overflow Runtime1 stub}
  0x000077163cbe74a4: e8d7 0c13 

  0x000077163cbe74a8: ; ImmutableOopMap {rdi=Oop [224]=Oop [232]=Oop [240]=Oop [256]=Oop [280]=Oop [904]=Oop [952]=Oop }
                      ;*synchronization entry
                      ; - org.apache.xpath.XPathContext::popSAXLocator@-1 (line 434)
                      ; - org.apache.xalan.templates.ElemApplyTemplates::transformSelectedNodes@945 (line 445)
  0x000077163cbe74a8: 07e9 69dd 

  0x000077163cbe74ac: ;   {runtime_call throw_null_pointer_exception Runtime1 stub}
  0x000077163cbe74ac: ffff e8cd 

  0x000077163cbe74b0: ; ImmutableOopMap {rdi=Oop rsi=Oop [224]=Oop [232]=Oop [240]=Oop [256]=Oop [280]=Oop [904]=Oop [952]=Oop }
                      ;*invokevirtual pop {reexecute=0 rethrow=0 return_oop=0}
                      ; - org.apache.xpath.XPathContext::popSAXLocator@4 (line 434)
                      ; - org.apache.xalan.templates.ElemApplyTemplates::transformSelectedNodes@945 (line 445)
                      ;   {metadata({method} {0x00006a69146a8000} 'popContextNodeList' '()V' in 'org/apache/xpath/XPathContext')}
  0x000077163cbe74b0: a512 0749 | ba00 806a | 1469 6a00 | 004c 8954 | 2408 48c7 | 0424 ffff 

  0x000077163cbe74c8: ;   {runtime_call counter_overflow Runtime1 stub}
  0x000077163cbe74c8: ffff e8b1 

  0x000077163cbe74cc: ; ImmutableOopMap {rbx=Oop [224]=Oop [232]=Oop [240]=Oop [256]=Oop [280]=Oop [904]=Oop [952]=Oop }
                      ;*synchronization entry
                      ; - org.apache.xpath.XPathContext::popContextNodeList@-1 (line 706)
                      ; - org.apache.xalan.templates.ElemApplyTemplates::transformSelectedNodes@954 (line 446)
  0x000077163cbe74cc: 0c13 07e9 | f5dd ffff 

  0x000077163cbe74d4: ;   {runtime_call throw_null_pointer_exception Runtime1 stub}
  0x000077163cbe74d4: e8a7 a512 

  0x000077163cbe74d8: ; ImmutableOopMap {rbx=Oop rdx=Oop [224]=Oop [232]=Oop [240]=Oop [256]=Oop [280]=Oop [904]=Oop [952]=Oop }
                      ;*invokevirtual isEmpty {reexecute=0 rethrow=0 return_oop=0}
                      ; - org.apache.xpath.XPathContext::popContextNodeList@4 (line 706)
                      ; - org.apache.xalan.templates.ElemApplyTemplates::transformSelectedNodes@954 (line 446)
  0x000077163cbe74d8: 0748 8954 | 2408 4889 

  0x000077163cbe74e0: ;   {runtime_call monitorenter_nofpu Runtime1 stub}
  0x000077163cbe74e0: 3424 e899 

  0x000077163cbe74e4: ; ImmutableOopMap {rbx=Oop rdx=Oop [224]=Oop [232]=Oop [240]=Oop [256]=Oop [280]=Oop [904]=Oop [952]=Oop [992]=Oop }
                      ;*synchronization entry
                      ; - java.util.Vector::isEmpty@-1 (line 316)
                      ; - org.apache.xpath.XPathContext::popContextNodeList@4 (line 706)
                      ; - org.apache.xalan.templates.ElemApplyTemplates::transformSelectedNodes@954 (line 446)
  0x000077163cbe74e4: e112 07e9 | b0de ffff 

  0x000077163cbe74ec: ;   {metadata({method} {0x00006a69140fff10} 'isEmpty' '()Z' in 'java/util/Vector')}
  0x000077163cbe74ec: 49ba 10ff | 0f14 696a | 0000 4c89 | 5424 0848 | c704 24ff 

  0x000077163cbe7500: ;   {runtime_call counter_overflow Runtime1 stub}
  0x000077163cbe7500: ffff ffe8 

  0x000077163cbe7504: ; ImmutableOopMap {rbx=Oop rdx=Oop [224]=Oop [232]=Oop [240]=Oop [256]=Oop [280]=Oop [904]=Oop [952]=Oop [992]=Oop }
                      ;*synchronization entry
                      ; - java.util.Vector::isEmpty@-1 (line 316)
                      ; - org.apache.xpath.XPathContext::popContextNodeList@4 (line 706)
                      ; - org.apache.xalan.templates.ElemApplyTemplates::transformSelectedNodes@954 (line 446)
  0x000077163cbe7504: 780c 1307 | e9b6 deff | ff48 8d84 | 24d8 0300 | 0048 8904 

  0x000077163cbe7518: ;   {runtime_call monitorexit_nofpu Runtime1 stub}
  0x000077163cbe7518: 24e8 62e7 | 1207 e920 

  0x000077163cbe7520: ;   {runtime_call throw_null_pointer_exception Runtime1 stub}
  0x000077163cbe7520: dfff ffe8 

  0x000077163cbe7524: ; ImmutableOopMap {rsi=Oop [224]=Oop [232]=Oop [240]=Oop [256]=Oop [280]=Oop [904]=Oop [952]=Oop }
                      ;*invokevirtual println {reexecute=0 rethrow=0 return_oop=0}
                      ; - org.apache.xpath.XPathContext::popContextNodeList@15 (line 707)
                      ; - org.apache.xalan.templates.ElemApplyTemplates::transformSelectedNodes@954 (line 446)
  0x000077163cbe7524: 58a5 1207 

  0x000077163cbe7528: ;   {runtime_call throw_null_pointer_exception Runtime1 stub}
  0x000077163cbe7528: e853 a512 

  0x000077163cbe752c: ; ImmutableOopMap {rdi=Oop rsi=Oop [224]=Oop [232]=Oop [240]=Oop [256]=Oop [280]=Oop [904]=Oop [952]=Oop }
                      ;*invokevirtual pop {reexecute=0 rethrow=0 return_oop=0}
                      ; - org.apache.xpath.XPathContext::popContextNodeList@25 (line 709)
                      ; - org.apache.xalan.templates.ElemApplyTemplates::transformSelectedNodes@954 (line 446)
                      ;   {internal_word}
  0x000077163cbe752c: 0749 ba91 | 55be 3c16 | 7700 004d | 8997 8007 

  0x000077163cbe753c: ;   {runtime_call SafepointBlob}
  0x000077163cbe753c: 0000 e9bd 

  0x000077163cbe7540: ;   {metadata({method} {0x00006a6914655c60} 'popElemTemplateElement' '()V' in 'org/apache/xalan/transformer/TransformerImpl')}
  0x000077163cbe7540: 3e08 0749 | ba60 5c65 | 1469 6a00 | 004c 8954 | 2408 48c7 | 0424 ffff 

  0x000077163cbe7558: ;   {runtime_call counter_overflow Runtime1 stub}
  0x000077163cbe7558: ffff e821 

  0x000077163cbe755c: ; ImmutableOopMap {rdx=Oop [224]=Oop [232]=Oop [240]=Oop [256]=Oop [280]=Oop [904]=Oop [952]=Oop }
                      ;*synchronization entry
                      ; - org.apache.xalan.transformer.TransformerImpl::popElemTemplateElement@-1 (line 2632)
                      ; - org.apache.xalan.templates.ElemApplyTemplates::transformSelectedNodes@958 (line 447)
  0x000077163cbe755c: 0c13 07e9 | 7fe0 ffff 

  0x000077163cbe7564: ;   {runtime_call throw_null_pointer_exception Runtime1 stub}
  0x000077163cbe7564: e817 a512 

  0x000077163cbe7568: ; ImmutableOopMap {rdx=Oop rsi=Oop [224]=Oop [232]=Oop [240]=Oop [256]=Oop [280]=Oop [904]=Oop [952]=Oop }
                      ;*invokevirtual pop {reexecute=0 rethrow=0 return_oop=0}
                      ; - org.apache.xalan.transformer.TransformerImpl::popElemTemplateElement@4 (line 2632)
                      ; - org.apache.xalan.templates.ElemApplyTemplates::transformSelectedNodes@958 (line 447)
                      ;   {metadata({method} {0x00006a69146a9090} 'popCurrentExpressionNode' '()V' in 'org/apache/xpath/XPathContext')}
  0x000077163cbe7568: 0749 ba90 | 906a 1469 | 6a00 004c | 8954 2408 | 48c7 0424 | ffff ffff 

  0x000077163cbe7580: ;   {runtime_call counter_overflow Runtime1 stub}
  0x000077163cbe7580: e8fb 0b13 

  0x000077163cbe7584: ; ImmutableOopMap {[224]=Oop [232]=Oop [240]=Oop [256]=Oop [280]=Oop [904]=Oop [952]=Oop }
                      ;*synchronization entry
                      ; - org.apache.xpath.XPathContext::popCurrentExpressionNode@-1 (line 908)
                      ; - org.apache.xalan.templates.ElemApplyTemplates::transformSelectedNodes@962 (line 448)
  0x000077163cbe7584: 07e9 c3e0 

  0x000077163cbe7588: ;   {runtime_call throw_null_pointer_exception Runtime1 stub}
  0x000077163cbe7588: ffff e8f1 

  0x000077163cbe758c: ; ImmutableOopMap {rdi=Oop rsi=Oop [224]=Oop [232]=Oop [240]=Oop [256]=Oop [280]=Oop [904]=Oop [952]=Oop }
                      ;*invokevirtual quickPop {reexecute=0 rethrow=0 return_oop=0}
                      ; - org.apache.xpath.XPathContext::popCurrentExpressionNode@5 (line 908)
                      ; - org.apache.xalan.templates.ElemApplyTemplates::transformSelectedNodes@962 (line 448)
                      ;   {metadata({method} {0x00006a69146486c0} 'quickPop' '(I)V' in 'org/apache/xml/utils/IntStack')}
  0x000077163cbe758c: a412 0749 | bac0 8664 | 1469 6a00 | 004c 8954 | 2408 48c7 | 0424 ffff 

  0x000077163cbe75a4: ;   {runtime_call counter_overflow Runtime1 stub}
  0x000077163cbe75a4: ffff e8d5 

  0x000077163cbe75a8: ; ImmutableOopMap {rdi=Oop rsi=Oop [224]=Oop [232]=Oop [240]=Oop [256]=Oop [280]=Oop [904]=Oop [952]=Oop }
                      ;*synchronization entry
                      ; - org.apache.xml.utils.IntStack::quickPop@-1 (line 110)
                      ; - org.apache.xpath.XPathContext::popCurrentExpressionNode@5 (line 908)
                      ; - org.apache.xalan.templates.ElemApplyTemplates::transformSelectedNodes@962 (line 448)
  0x000077163cbe75a8: 0b13 07e9 | e6e0 ffff 

  0x000077163cbe75b0: ;   {metadata({method} {0x00006a69146a86b0} 'popCurrentNode' '()V' in 'org/apache/xpath/XPathContext')}
  0x000077163cbe75b0: 49ba b086 | 6a14 696a | 0000 4c89 | 5424 0848 | c704 24ff 

  0x000077163cbe75c4: ;   {runtime_call counter_overflow Runtime1 stub}
  0x000077163cbe75c4: ffff ffe8 

  0x000077163cbe75c8: ; ImmutableOopMap {rdi=Oop [224]=Oop [232]=Oop [240]=Oop [256]=Oop [280]=Oop [904]=Oop [952]=Oop }
                      ;*synchronization entry
                      ; - org.apache.xpath.XPathContext::popCurrentNode@-1 (line 801)
                      ; - org.apache.xalan.templates.ElemApplyTemplates::transformSelectedNodes@966 (line 449)
  0x000077163cbe75c8: b40b 1307 | e909 e1ff 

  0x000077163cbe75d0: ;   {runtime_call throw_null_pointer_exception Runtime1 stub}
  0x000077163cbe75d0: ffe8 aaa4 

  0x000077163cbe75d4: ; ImmutableOopMap {rdi=Oop rsi=Oop [224]=Oop [232]=Oop [240]=Oop [256]=Oop [280]=Oop [904]=Oop [952]=Oop }
                      ;*invokevirtual quickPop {reexecute=0 rethrow=0 return_oop=0}
                      ; - org.apache.xpath.XPathContext::popCurrentNode@5 (line 801)
                      ; - org.apache.xalan.templates.ElemApplyTemplates::transformSelectedNodes@966 (line 449)
                      ;   {metadata({method} {0x00006a69146486c0} 'quickPop' '(I)V' in 'org/apache/xml/utils/IntStack')}
  0x000077163cbe75d4: 1207 49ba | c086 6414 | 696a 0000 | 4c89 5424 | 0848 c704 | 24ff ffff 

  0x000077163cbe75ec: ;   {runtime_call counter_overflow Runtime1 stub}
  0x000077163cbe75ec: ffe8 8e0b 

  0x000077163cbe75f0: ; ImmutableOopMap {rdi=Oop rsi=Oop [224]=Oop [232]=Oop [240]=Oop [256]=Oop [280]=Oop [904]=Oop [952]=Oop }
                      ;*synchronization entry
                      ; - org.apache.xml.utils.IntStack::quickPop@-1 (line 110)
                      ; - org.apache.xpath.XPathContext::popCurrentNode@5 (line 801)
                      ; - org.apache.xalan.templates.ElemApplyTemplates::transformSelectedNodes@966 (line 449)
  0x000077163cbe75f0: 1307 e924 

  0x000077163cbe75f4: ;   {runtime_call throw_null_pointer_exception Runtime1 stub}
  0x000077163cbe75f4: e1ff ffe8 

  0x000077163cbe75f8: ; ImmutableOopMap {rdi=Oop rbx=Oop [224]=Oop [232]=Oop [240]=Oop [256]=Oop [280]=Oop [952]=Oop }
                      ;*invokeinterface detach {reexecute=0 rethrow=0 return_oop=0}
                      ; - org.apache.xalan.templates.ElemApplyTemplates::transformSelectedNodes@971 (line 450)
  0x000077163cbe75f8: 84a4 1207 | 488d 8424 | d803 0000 | 4889 0424 

  0x000077163cbe7608: ;   {runtime_call monitorexit_nofpu Runtime1 stub}
  0x000077163cbe7608: e873 e612 | 07e9 27e2 | ffff 488d | 8424 d803 | 0000 4889 

  0x000077163cbe761c: ;   {runtime_call monitorexit_nofpu Runtime1 stub}
  0x000077163cbe761c: 0424 e85d | e612 07e9 | 61e2 ffff 

  0x000077163cbe7628: ;   {metadata(nullptr)}
  0x000077163cbe7628: 48ba 0000 | 0000 0000 | 0000 b800 

  0x000077163cbe7634: ;   {runtime_call load_klass_patching Runtime1 stub}
  0x000077163cbe7634: 0f05 0ae8 

  0x000077163cbe7638: ; ImmutableOopMap {[224]=Oop [232]=Oop [240]=Oop }
                      ;*new {reexecute=1 rethrow=0 return_oop=0}
                      ; - (reexecute) org.apache.xml.utils.IntStack::peek@13 (line 127)
                      ; - org.apache.xpath.XPathContext::getCurrentNode@4 (line 736)
                      ; - org.apache.xalan.templates.ElemApplyTemplates::transformSelectedNodes@6 (line 206)
  0x000077163cbe7638: 44fc 1207 | e96f e2ff 

  0x000077163cbe7640: ;   {runtime_call throw_null_pointer_exception Runtime1 stub}
  0x000077163cbe7640: ffe8 3aa4 

  0x000077163cbe7644: ; ImmutableOopMap {[224]=Oop [232]=Oop [240]=Oop }
                      ;*new {reexecute=0 rethrow=0 return_oop=0}
                      ; - org.apache.xml.utils.IntStack::peek@13 (line 127)
                      ; - org.apache.xpath.XPathContext::getCurrentNode@4 (line 736)
                      ; - org.apache.xalan.templates.ElemApplyTemplates::transformSelectedNodes@6 (line 206)
  0x000077163cbe7644: 1207 488b 

  0x000077163cbe7648: ;   {runtime_call fast_new_instance_init_check Runtime1 stub}
  0x000077163cbe7648: d2e8 32b0 

  0x000077163cbe764c: ; ImmutableOopMap {[224]=Oop [232]=Oop [240]=Oop }
                      ;*new {reexecute=0 rethrow=0 return_oop=0}
                      ; - org.apache.xml.utils.IntStack::peek@13 (line 127)
                      ; - org.apache.xpath.XPathContext::getCurrentNode@4 (line 736)
                      ; - org.apache.xalan.templates.ElemApplyTemplates::transformSelectedNodes@6 (line 206)
  0x000077163cbe764c: 1207 e91d | e3ff ffc7 | 8424 1c02 | 0000 0000 | 0000 48ff | b424 0801 | 0000 488f | 8424 5003 
  0x000077163cbe766c: 0000 e983 | c3ff ffc7 | 8424 b003 | 0000 0000 | 0000 48ff | b424 0801 | 0000 488f | 8424 8803 
  0x000077163cbe768c: 0000 e93e | d3ff ffc7 | 8424 1c02 | 0000 0000 | 0000 48ff | b424 0801 | 0000 488f | 8424 5003 
  0x000077163cbe76ac: 0000 e943 | c3ff ffc7 | 8424 b003 | 0000 0000 | 0000 48ff | b424 0801 | 0000 488f | 8424 8803 
  0x000077163cbe76cc: 0000 e9fe | d2ff ffc7 | 8424 1c02 | 0000 0000 | 0000 48ff | b424 0801 | 0000 488f | 8424 5003 
  0x000077163cbe76ec: 0000 e903 | c3ff ffc7 | 8424 b003 | 0000 0000 | 0000 48ff | b424 0801 | 0000 488f | 8424 8803 
  0x000077163cbe770c: 0000 e9be | d2ff ffc7 | 8424 1c02 | 0000 0000 | 0000 48ff | b424 0801 | 0000 488f | 8424 5003 
  0x000077163cbe772c: 0000 e9c3 | c2ff ffc7 | 8424 b003 | 0000 0000 | 0000 48ff | b424 0801 | 0000 488f 

  0x000077163cbe7748: ;   {no_reloc}
  0x000077163cbe7748: 8424 8803 | 0000 e97e | d2ff ffc7 | 8424 1c02 | 0000 0000 | 0000 48ff | b424 0801 | 0000 488f 
  0x000077163cbe7768: 8424 5003 | 0000 e983 | c2ff ffc7 | 8424 b003 | 0000 0000 | 0000 48ff | b424 0801 | 0000 488f 
  0x000077163cbe7788: 8424 8803 | 0000 e93e | d2ff ffc7 | 8424 1c02 | 0000 0000 | 0000 48ff | b424 0801 | 0000 488f 
  0x000077163cbe77a8: 8424 5003 | 0000 e943 | c2ff ffc7 | 8424 b003 | 0000 0000 | 0000 48ff | b424 0801 | 0000 488f 
  0x000077163cbe77c8: 8424 8803 | 0000 e9fe | d1ff ffc7 | 8424 1c02 | 0000 0000 | 0000 48ff | b424 3801 | 0000 488f 
  0x000077163cbe77e8: 8424 5003 | 0000 e903 | c2ff ffc7 | 8424 b003 | 0000 0000 | 0000 48ff | b424 3801 | 0000 488f 
  0x000077163cbe7808: 8424 8803 | 0000 e9be | d1ff ffc7 | 8424 1c02 | 0000 0000 | 0000 48ff | b424 3801 | 0000 488f 
  0x000077163cbe7828: 8424 5003 | 0000 e9c3 | c1ff ffc7 | 8424 b003 | 0000 0000 | 0000 48ff | b424 3801 

  0x000077163cbe7844: ;   {no_reloc}
  0x000077163cbe7844: 0000 488f | 8424 8803 | 0000 e97e | d1ff ffc7 | 8424 1c02 | 0000 0000 | 0000 48ff | b424 3801 
  0x000077163cbe7864: 0000 488f | 8424 5003 | 0000 e983 | c1ff ffc7 | 8424 b003 | 0000 0000 | 0000 48ff | b424 3801 
  0x000077163cbe7884: 0000 488f | 8424 8803 | 0000 e93e | d1ff ffc7 | 8424 1c02 | 0000 0000 | 0000 48ff | b424 3801 
  0x000077163cbe78a4: 0000 488f | 8424 5003 | 0000 e943 | c1ff ffc7 | 8424 b003 | 0000 0000 | 0000 48ff | b424 3801 
  0x000077163cbe78c4: 0000 488f | 8424 8803 | 0000 e9fe | d0ff ffc7 | 8424 1c02 | 0000 0000 | 0000 48ff | b424 3801 
  0x000077163cbe78e4: 0000 488f | 8424 5003 | 0000 e903 | c1ff ffc7 | 8424 b003 | 0000 0000 | 0000 48ff | b424 3801 
  0x000077163cbe7904: 0000 488f | 8424 8803 | 0000 e9be | d0ff ffc7 | 8424 1c02 | 0000 0000 | 0000 48ff | b424 3801 
  0x000077163cbe7924: 0000 488f | 8424 5003 | 0000 e9c3 | c0ff ffc7 | 8424 b003 | 0000 0000 | 0000 48ff | b424 3801 
  0x000077163cbe7944: ;   {no_reloc}
  0x000077163cbe7944: 0000 488f | 8424 8803 | 0000 e97e | d0ff ffc7 | 8424 1c02 | 0000 0000 | 0000 48ff | b424 3801 
  0x000077163cbe7964: 0000 488f | 8424 5003 | 0000 e983 | c0ff ffc7 | 8424 b003 | 0000 0000 | 0000 48ff | b424 3801 
  0x000077163cbe7984: 0000 488f | 8424 8803 | 0000 e93e | d0ff ffc7 | 8424 1c02 | 0000 0000 | 0000 48ff | b424 3801 
  0x000077163cbe79a4: 0000 488f | 8424 5003 | 0000 e943 | c0ff ffc7 | 8424 b003 | 0000 0000 | 0000 48ff | b424 3801 
  0x000077163cbe79c4: 0000 488f | 8424 8803 | 0000 e9fe | cfff ffc7 | 8424 1c02 | 0000 0000 | 0000 48ff | b424 3801 
  0x000077163cbe79e4: 0000 488f | 8424 5003 | 0000 e903 | c0ff ffc7 | 8424 b003 | 0000 0000 | 0000 48ff | b424 3801 
  0x000077163cbe7a04: 0000 488f | 8424 8803 | 0000 e9be | cfff ff8b | bc24 a001 | 0000 4c8b | 9c24 7801 | 0000 488b 
  0x000077163cbe7a24: 9c24 3801 | 0000 e94d | bfff ffc7 | 8424 1c02 | 0000 0100 | 0000 48ff | b424 3801 | 0000 488f 
  0x000077163cbe7a44: ;   {no_reloc}
  0x000077163cbe7a44: 8424 5003 | 0000 e9a7 | bfff ffc7 | 8424 b003 | 0000 0100 | 0000 48ff | b424 3801 | 0000 488f 
  0x000077163cbe7a64: 8424 8803 | 0000 e962 | cfff ffc7 | 8424 1c02 | 0000 0100 | 0000 48ff | b424 3801 | 0000 488f 
  0x000077163cbe7a84: 8424 5003 | 0000 e967 | bfff ffc7 | 8424 b003 | 0000 0100 | 0000 48ff | b424 3801 | 0000 488f 
  0x000077163cbe7aa4: 8424 8803 | 0000 e922 | cfff ffc7 | 8424 1c02 | 0000 0100 | 0000 48ff | b424 3801 | 0000 488f 
  0x000077163cbe7ac4: 8424 5003 | 0000 e927 | bfff ffc7 | 8424 b003 | 0000 0100 | 0000 48ff | b424 3801 | 0000 488f 
  0x000077163cbe7ae4: 8424 8803 | 0000 e9e2 | ceff ffc7 | 8424 1c02 | 0000 0100 | 0000 48ff | b424 3801 | 0000 488f 
  0x000077163cbe7b04: 8424 5003 | 0000 e9e7 | beff ffc7 | 8424 b003 | 0000 0100 | 0000 48ff | b424 3801 | 0000 488f 
  0x000077163cbe7b24: 8424 8803 | 0000 e9a2 | ceff ffc7 | 8424 1c02 | 0000 0100 | 0000 48ff | b424 3801 | 0000 488f 
  0x000077163cbe7b44: ;   {no_reloc}
  0x000077163cbe7b44: 8424 5003 | 0000 e9a7 | beff ffc7 | 8424 b003 | 0000 0100 | 0000 48ff | b424 3801 | 0000 488f 
  0x000077163cbe7b64: 8424 8803 | 0000 e962 | ceff ffc7 | 8424 1c02 | 0000 0100 | 0000 48ff | b424 3801 | 0000 488f 
  0x000077163cbe7b84: 8424 5003 | 0000 e967 | beff ffc7 | 8424 b003 | 0000 0100 | 0000 48ff | b424 3801 | 0000 488f 
  0x000077163cbe7ba4: 8424 8803 | 0000 e922 | ceff ffc7 | 8424 1c02 | 0000 0100 | 0000 48ff | b424 3801 | 0000 488f 
  0x000077163cbe7bc4: 8424 5003 | 0000 e927 | beff ffc7 | 8424 b003 | 0000 0100 | 0000 48ff | b424 3801 | 0000 488f 
  0x000077163cbe7be4: 8424 8803 | 0000 e9e2 | cdff ffc7 | 8424 1c02 | 0000 0100 | 0000 48ff | b424 3801 | 0000 488f 
  0x000077163cbe7c04: 8424 5003 | 0000 e9e7 | bdff ffc7 | 8424 b003 | 0000 0100 | 0000 48ff | b424 3801 | 0000 488f 
  0x000077163cbe7c24: 8424 8803 | 0000 e9a2 | cdff ff48 | 8b9c 24e0 | 0100 00e9 | 78b9 ffff | c784 241c 

  0x000077163cbe7c40: ;   {no_reloc}
  0x000077163cbe7c40: 0200 0001 | 0000 0048 | ffb4 2438 | 0100 0048 | 8f84 2450 | 0300 00e9 | 9abd ffff | c784 24b0 
  0x000077163cbe7c60: 0300 0001 | 0000 0048 | ffb4 2438 | 0100 0048 | 8f84 2488 | 0300 00e9 | 55cd ffff | 488b b424 
  0x000077163cbe7c80: f801 0000 | e97b b6ff | ffc7 8424 | 1c02 0000 | 0100 0000 | 48ff b424 | 3801 0000 | 488f 8424 
  0x000077163cbe7ca0: 5003 0000 | e94d bdff | ffc7 8424 | b003 0000 | 0100 0000 | 48ff b424 | 3801 0000 | 488f 8424 
  0x000077163cbe7cc0: 8803 0000 | e908 cdff | ffc7 8424 | 1c02 0000 | 0100 0000 | 48ff b424 | 3801 0000 | 488f 8424 
  0x000077163cbe7ce0: 5003 0000 | e90d bdff | ffc7 8424 | b003 0000 | 0100 0000 | 48ff b424 | 3801 0000 | 488f 8424 
  0x000077163cbe7d00: 8803 0000 | e9c8 ccff | ffc7 8424 | 1c02 0000 | 0100 0000 | 48ff b424 | 3801 0000 | 488f 8424 
  0x000077163cbe7d20: 5003 0000 | e9cd bcff | ffc7 8424 | b003 0000 | 0100 0000 | 48ff b424 | 3801 0000 | 488f 8424 
  0x000077163cbe7d40: ;   {no_reloc}
  0x000077163cbe7d40: 8803 0000 | e988 ccff | ffc7 8424 | 1c02 0000 | 0100 0000 | 48ff b424 | 3801 0000 | 488f 8424 
  0x000077163cbe7d60: 5003 0000 | e98d bcff | ffc7 8424 | b003 0000 | 0100 0000 | 48ff b424 | 3801 0000 | 488f 8424 
  0x000077163cbe7d80: 8803 0000 | e948 ccff | ffc7 8424 | 1c02 0000 | 0100 0000 | 48ff b424 | 3801 0000 | 488f 8424 
  0x000077163cbe7da0: 5003 0000 | e94d bcff | ffc7 8424 | b003 0000 | 0100 0000 | 48ff b424 | 3801 0000 | 488f 8424 
  0x000077163cbe7dc0: 8803 0000 | e908 ccff | ffc7 8424 | 1c02 0000 | 0100 0000 | 48ff b424 | 3801 0000 | 488f 8424 
  0x000077163cbe7de0: 5003 0000 | e90d bcff | ffc7 8424 | b003 0000 | 0100 0000 | 48ff b424 | 3801 0000 | 488f 8424 
  0x000077163cbe7e00: 8803 0000 | e9c8 cbff | ffc7 8424 | 1c02 0000 | 0100 0000 | 48ff b424 | 3801 0000 | 488f 8424 
  0x000077163cbe7e20: 5003 0000 | e9cd bbff | ffc7 8424 | b003 0000 | 0100 0000 | 48ff b424 | 3801 0000 | 488f 8424 
  0x000077163cbe7e40: ;   {no_reloc}
  0x000077163cbe7e40: 8803 0000 | e988 cbff | ffc7 8424 | 1c02 0000 | 0100 0000 | 48ff b424 | 3801 0000 | 488f 8424 
  0x000077163cbe7e60: 5003 0000 | e98d bbff | ffc7 8424 | b003 0000 | 0100 0000 | 48ff b424 | 3801 0000 | 488f 8424 
  0x000077163cbe7e80: 8803 0000 | e948 cbff | ffc7 8424 | 1c02 0000 | 0100 0000 | 48ff b424 | 3801 0000 | 488f 8424 
  0x000077163cbe7ea0: 5003 0000 | e94d bbff | ffc7 8424 | b003 0000 | 0100 0000 | 48ff b424 | 3801 0000 | 488f 8424 
  0x000077163cbe7ec0: 8803 0000 | e908 cbff | ffc7 8424 | 1c02 0000 | 0100 0000 | 48ff b424 | 3801 0000 | 488f 8424 
  0x000077163cbe7ee0: 5003 0000 | e90d bbff | ffc7 8424 | b003 0000 | 0100 0000 | 48ff b424 | 3801 0000 | 488f 8424 
  0x000077163cbe7f00: 8803 0000 | e9c8 caff | ffc7 8424 | 1c02 0000 | 0100 0000 | 48ff b424 | 3801 0000 | 488f 8424 
  0x000077163cbe7f20: 5003 0000 | e9cd baff | ffc7 8424 | b003 0000 | 0100 0000 | 48ff b424 | 3801 0000 | 488f 8424 
  0x000077163cbe7f40: ;   {no_reloc}
  0x000077163cbe7f40: 8803 0000 | e988 caff | ffc7 8424 | 1c02 0000 | 0100 0000 | 48ff b424 | 3801 0000 | 488f 8424 
  0x000077163cbe7f60: 5003 0000 | e98d baff | ffc7 8424 | b003 0000 | 0100 0000 | 48ff b424 | 3801 0000 | 488f 8424 
  0x000077163cbe7f80: 8803 0000 | e948 caff | ffc7 8424 | 1c02 0000 | 0100 0000 | 48ff b424 | 3801 0000 | 488f 8424 
  0x000077163cbe7fa0: 5003 0000 | e94d baff | ffc7 8424 | b003 0000 | 0100 0000 | 48ff b424 | 3801 0000 | 488f 8424 
  0x000077163cbe7fc0: 8803 0000 | e908 caff | ffc7 8424 | 1c02 0000 | 0100 0000 | 48ff b424 | 3801 0000 | 488f 8424 
  0x000077163cbe7fe0: 5003 0000 | e90d baff | ffc7 8424 | b003 0000 | 0100 0000 | 48ff b424 | 3801 0000 | 488f 8424 
  0x000077163cbe8000: 8803 0000 | e9c8 c9ff | ffc7 8424 | 1c02 0000 | 0100 0000 | 48ff b424 | 3801 0000 | 488f 8424 
  0x000077163cbe8020: 5003 0000 | e9cd b9ff | ffc7 8424 | b003 0000 | 0100 0000 | 48ff b424 | 3801 0000 

  0x000077163cbe803c: ;   {no_reloc}
  0x000077163cbe803c: 488f 8424 | 8803 0000 | e988 c9ff | ffc7 8424 | 1c02 0000 | 0100 0000 | 48ff b424 | 3801 0000 
  0x000077163cbe805c: 488f 8424 | 5003 0000 | e98d b9ff | ffc7 8424 | b003 0000 | 0100 0000 | 48ff b424 | 3801 0000 
  0x000077163cbe807c: 488f 8424 | 8803 0000 | e948 c9ff | ffc7 8424 | 1c02 0000 | 0100 0000 | 48ff b424 | 3801 0000 
  0x000077163cbe809c: 488f 8424 | 5003 0000 | e94d b9ff | ffc7 8424 | b003 0000 | 0100 0000 | 48ff b424 | 3801 0000 
  0x000077163cbe80bc: 488f 8424 | 8803 0000 | e908 c9ff | ffc7 8424 | 1c02 0000 | 0100 0000 | 48ff b424 | 3801 0000 
  0x000077163cbe80dc: 488f 8424 | 5003 0000 | e90d b9ff | ffc7 8424 | b003 0000 | 0100 0000 | 48ff b424 | 3801 0000 
  0x000077163cbe80fc: 488f 8424 | 8803 0000 | e9c8 c8ff | ffc7 8424 | 1c02 0000 | 0100 0000 | 48ff b424 | 3801 0000 
  0x000077163cbe811c: 488f 8424 | 5003 0000 | e9cd b8ff | ffc7 8424 | b003 0000 | 0100 0000 | 48ff b424 | 3801 0000 
  0x000077163cbe813c: ;   {no_reloc}
  0x000077163cbe813c: 488f 8424 | 8803 0000 | e988 c8ff | ffc7 8424 | 1c02 0000 | 0100 0000 | 48ff b424 | 3801 0000 
  0x000077163cbe815c: 488f 8424 | 5003 0000 | e98d b8ff | ffc7 8424 | b003 0000 | 0100 0000 | 48ff b424 | 3801 0000 
  0x000077163cbe817c: 488f 8424 | 8803 0000 | e948 c8ff | ffc7 8424 | 1c02 0000 | 0100 0000 | 48ff b424 | 3801 0000 
  0x000077163cbe819c: 488f 8424 | 5003 0000 | e94d b8ff | ffc7 8424 | b003 0000 | 0100 0000 | 48ff b424 | 3801 0000 
  0x000077163cbe81bc: 488f 8424 | 8803 0000 | e908 c8ff | ffc7 8424 | 1c02 0000 | 0100 0000 | 48ff b424 | 3801 0000 
  0x000077163cbe81dc: 488f 8424 | 5003 0000 | e90d b8ff | ffc7 8424 | b003 0000 | 0100 0000 | 48ff b424 | 3801 0000 
  0x000077163cbe81fc: 488f 8424 | 8803 0000 | e9c8 c7ff | ffc7 8424 | 1c02 0000 | 0100 0000 | 48ff b424 | 3801 0000 
  0x000077163cbe821c: 488f 8424 | 5003 0000 | e9cd b7ff | ffc7 8424 | b003 0000 | 0100 0000 | 48ff b424 | 3801 0000 
  0x000077163cbe823c: ;   {no_reloc}
  0x000077163cbe823c: 488f 8424 | 8803 0000 | e988 c7ff | ffc7 8424 | 1c02 0000 | 0100 0000 | 48ff b424 | 3801 0000 
  0x000077163cbe825c: 488f 8424 | 5003 0000 | e98d b7ff | ffc7 8424 | b003 0000 | 0100 0000 | 48ff b424 | 3801 0000 
  0x000077163cbe827c: 488f 8424 | 8803 0000 | e948 c7ff | ffc7 8424 | 1c02 0000 | 0100 0000 | 48ff b424 | 3801 0000 
  0x000077163cbe829c: 488f 8424 | 5003 0000 | e94d b7ff | ffc7 8424 | b003 0000 | 0100 0000 | 48ff b424 | 3801 0000 
  0x000077163cbe82bc: 488f 8424 | 8803 0000 | e908 c7ff | ffc7 8424 | 1c02 0000 | 0100 0000 | 48ff b424 | 3801 0000 
  0x000077163cbe82dc: 488f 8424 | 5003 0000 | e90d b7ff | ffc7 8424 | b003 0000 | 0100 0000 | 48ff b424 | 3801 0000 
  0x000077163cbe82fc: 488f 8424 | 8803 0000 | e9c8 c6ff | ffc7 8424 | 1c02 0000 | 0100 0000 | 48ff b424 | 3801 0000 
  0x000077163cbe831c: 488f 8424 | 5003 0000 | e9cd b6ff | ffc7 8424 | b003 0000 | 0100 0000 | 48ff b424 | 3801 0000 
  0x000077163cbe833c: ;   {no_reloc}
  0x000077163cbe833c: 488f 8424 | 8803 0000 | e988 c6ff | ffc7 8424 | 1c02 0000 | 0100 0000 | 48ff b424 | 3801 0000 
  0x000077163cbe835c: 488f 8424 | 5003 0000 | e98d b6ff | ffc7 8424 | b003 0000 | 0100 0000 | 48ff b424 | 3801 0000 
  0x000077163cbe837c: 488f 8424 | 8803 0000 | e948 c6ff | ffc7 8424 | 1c02 0000 | 0100 0000 | 48ff b424 | 3801 0000 
  0x000077163cbe839c: 488f 8424 | 5003 0000 | e94d b6ff | ffc7 8424 | b003 0000 | 0100 0000 | 48ff b424 | 3801 0000 
  0x000077163cbe83bc: 488f 8424 | 8803 0000 | e908 c6ff | ffc7 8424 | 1c02 0000 | 0100 0000 | 48ff b424 | 3801 0000 
  0x000077163cbe83dc: 488f 8424 | 5003 0000 | e90d b6ff | ffc7 8424 | b003 0000 | 0100 0000 | 48ff b424 | 3801 0000 
  0x000077163cbe83fc: 488f 8424 | 8803 0000 | e9c8 c5ff | ffc7 8424 | 1c02 0000 | 0100 0000 | 48ff b424 | 3801 0000 
  0x000077163cbe841c: 488f 8424 | 5003 0000 | e9cd b5ff | ffc7 8424 | b003 0000 | 0100 0000 | 48ff b424 

  0x000077163cbe8438: ;   {no_reloc}
  0x000077163cbe8438: 3801 0000 | 488f 8424 | 8803 0000 | e988 c5ff | ffc7 8424 | 1c02 0000 | 0000 0000 | 4889 9c24 
  0x000077163cbe8458: 5003 0000 | e995 b5ff | ffc7 8424 | b003 0000 | 0000 0000 | 4889 9c24 | 8803 0000 | e958 c5ff 
  0x000077163cbe8478: ff44 8b94 | 241c 0200 | 0044 8994 | 24b0 0300 | 0048 ffb4 | 2450 0300 | 0048 8f84 | 2488 0300 
  0x000077163cbe8498: 00e9 33c5 | ffff 448b | 9424 1c02 | 0000 4489 | 9424 b003 | 0000 48ff | b424 5003 | 0000 488f 
  0x000077163cbe84b8: 8424 8803 | 0000 e90e | c5ff ffc7 | 8424 1c02 | 0000 0000 | 0000 48ff | b424 0801 | 0000 488f 
  0x000077163cbe84d8: 8424 5003 | 0000 e913 | b5ff ffc7 | 8424 b003 | 0000 0000 | 0000 48ff | b424 0801 | 0000 488f 
  0x000077163cbe84f8: 8424 8803 | 0000 e9ce | c4ff ffc7 | 8424 1c02 | 0000 0000 | 0000 48ff | b424 0801 | 0000 488f 
  0x000077163cbe8518: 8424 5003 | 0000 e9d3 | b4ff ffc7 | 8424 b003 | 0000 0000 | 0000 48ff | b424 0801 | 0000 488f 
  0x000077163cbe8538: ;   {no_reloc}
  0x000077163cbe8538: 8424 8803 | 0000 e98e | c4ff ffc7 | 8424 1c02 | 0000 0000 | 0000 48ff | b424 0801 | 0000 488f 
  0x000077163cbe8558: 8424 5003 | 0000 e993 | b4ff ffc7 | 8424 b003 | 0000 0000 | 0000 48ff | b424 0801 | 0000 488f 
  0x000077163cbe8578: 8424 8803 | 0000 e94e | c4ff ffc7 | 8424 1c02 | 0000 0000 | 0000 48ff | b424 0801 | 0000 488f 
  0x000077163cbe8598: 8424 5003 | 0000 e953 | b4ff ffc7 | 8424 b003 | 0000 0000 | 0000 48ff | b424 0801 | 0000 488f 
  0x000077163cbe85b8: 8424 8803 | 0000 e90e | c4ff ffc7 | 8424 1c02 | 0000 0000 | 0000 48ff | b424 3801 | 0000 488f 
  0x000077163cbe85d8: 8424 5003 | 0000 e913 | b4ff ffc7 | 8424 b003 | 0000 0000 | 0000 48ff | b424 3801 | 0000 488f 
  0x000077163cbe85f8: 8424 8803 | 0000 e9ce | c3ff ffc7 | 8424 1c02 | 0000 0000 | 0000 48ff | b424 3801 | 0000 488f 
  0x000077163cbe8618: 8424 5003 | 0000 e9d3 | b3ff ffc7 | 8424 b003 | 0000 0000 | 0000 48ff | b424 3801 | 0000 488f 
  0x000077163cbe8638: ;   {no_reloc}
  0x000077163cbe8638: 8424 8803 | 0000 e98e | c3ff ffc7 | 8424 1c02 | 0000 0000 | 0000 48ff | b424 3801 | 0000 488f 
  0x000077163cbe8658: 8424 5003 | 0000 e993 | b3ff ffc7 | 8424 b003 | 0000 0000 | 0000 48ff | b424 3801 | 0000 488f 
  0x000077163cbe8678: 8424 8803 | 0000 e94e | c3ff ffc7 | 8424 1c02 | 0000 0000 | 0000 48ff | b424 3801 | 0000 488f 
  0x000077163cbe8698: 8424 5003 | 0000 e953 | b3ff ffc7 | 8424 b003 | 0000 0000 | 0000 48ff | b424 3801 | 0000 488f 
  0x000077163cbe86b8: 8424 8803 | 0000 e90e | c3ff ffc7 | 8424 1c02 | 0000 0000 | 0000 48ff | b424 3801 | 0000 488f 
  0x000077163cbe86d8: 8424 5003 | 0000 e913 | b3ff ffc7 | 8424 b003 | 0000 0000 | 0000 48ff | b424 3801 | 0000 488f 
  0x000077163cbe86f8: 8424 8803 | 0000 e9ce | c2ff ffc7 | 8424 1c02 | 0000 0000 | 0000 48ff | b424 3801 | 0000 488f 
  0x000077163cbe8718: 8424 5003 | 0000 e9d3 | b2ff ffc7 | 8424 b003 | 0000 0000 | 0000 48ff | b424 3801 | 0000 488f 
  0x000077163cbe8738: ;   {no_reloc}
  0x000077163cbe8738: 8424 8803 | 0000 e98e | c2ff ffc7 | 8424 1c02 | 0000 0000 | 0000 48ff | b424 3801 | 0000 488f 
  0x000077163cbe8758: 8424 5003 | 0000 e993 | b2ff ffc7 | 8424 b003 | 0000 0000 | 0000 48ff | b424 3801 | 0000 488f 
  0x000077163cbe8778: 8424 8803 | 0000 e94e | c2ff ffc7 | 8424 1c02 | 0000 0000 | 0000 48ff | b424 3801 | 0000 488f 
  0x000077163cbe8798: 8424 5003 | 0000 e953 | b2ff ffc7 | 8424 b003 | 0000 0000 | 0000 48ff | b424 3801 | 0000 488f 
  0x000077163cbe87b8: 8424 8803 | 0000 e90e | c2ff ffc7 | 8424 1c02 | 0000 0000 | 0000 48ff | b424 3801 | 0000 488f 
  0x000077163cbe87d8: 8424 5003 | 0000 e913 | b2ff ffc7 | 8424 b003 | 0000 0000 | 0000 48ff | b424 3801 | 0000 488f 
  0x000077163cbe87f8: 8424 8803 | 0000 e9ce | c1ff ffc7 | 8424 1c02 | 0000 0000 | 0000 48ff | b424 3801 | 0000 488f 
  0x000077163cbe8818: 8424 5003 | 0000 e9d3 | b1ff ffc7 | 8424 b003 | 0000 0000 | 0000 48ff | b424 3801 

  0x000077163cbe8834: ;   {no_reloc}
  0x000077163cbe8834: 0000 488f | 8424 8803 | 0000 e98e | c1ff ffc7 | 8424 1c02 | 0000 0000 | 0000 48ff | b424 3801 
  0x000077163cbe8854: 0000 488f | 8424 5003 | 0000 898c | 24fc 0000 | 00e9 8cb1 | ffff c784 | 24b0 0300 | 0000 0000 
  0x000077163cbe8874: 0048 ffb4 | 2438 0100 | 0048 8f84 | 2488 0300 | 0089 8c24 | fc00 0000 | e940 c1ff | ffc7 8424 
  0x000077163cbe8894: 1c02 0000 | 0000 0000 | 48ff b424 | 3801 0000 | 488f 8424 | 5003 0000 | 898c 24fc | 0000 00e9 
  0x000077163cbe88b4: 3eb1 ffff | c784 24b0 | 0300 0000 | 0000 0048 | ffb4 2438 | 0100 0048 | 8f84 2488 | 0300 0089 
  0x000077163cbe88d4: 8c24 fc00 | 0000 e9f2 | c0ff ffc7 | 8424 1c02 | 0000 0000 | 0000 48ff | b424 3801 | 0000 488f 
  0x000077163cbe88f4: 8424 5003 | 0000 e9f7 | b0ff ffc7 | 8424 b003 | 0000 0000 | 0000 48ff | b424 3801 | 0000 488f 
  0x000077163cbe8914: 8424 8803 | 0000 e9b2 | c0ff ffc7 | 8424 1c02 | 0000 0000 | 0000 48ff | b424 3801 | 0000 488f 
  0x000077163cbe8934: ;   {no_reloc}
  0x000077163cbe8934: 8424 5003 | 0000 e9b7 | b0ff ffc7 | 8424 b003 | 0000 0000 | 0000 48ff | b424 3801 | 0000 488f 
  0x000077163cbe8954: 8424 8803 | 0000 e972 | c0ff ffc7 | 8424 1c02 | 0000 0000 | 0000 48ff | b424 3801 | 0000 488f 
  0x000077163cbe8974: 8424 5003 | 0000 e977 | b0ff ffc7 | 8424 b003 | 0000 0000 | 0000 48ff | b424 3801 | 0000 488f 
  0x000077163cbe8994: 8424 8803 | 0000 e932 | c0ff ffc7 | 8424 1c02 | 0000 0000 | 0000 48ff | b424 3801 | 0000 488f 
  0x000077163cbe89b4: 8424 5003 | 0000 e937 | b0ff ffc7 | 8424 b003 | 0000 0000 | 0000 48ff | b424 3801 | 0000 488f 
  0x000077163cbe89d4: 8424 8803 | 0000 e9f2 | bfff ffc7 | 8424 1c02 | 0000 0000 | 0000 48ff | b424 3801 | 0000 488f 
  0x000077163cbe89f4: 8424 5003 | 0000 e9f7 | afff ffc7 | 8424 b003 | 0000 0000 | 0000 48ff | b424 3801 | 0000 488f 
  0x000077163cbe8a14: 8424 8803 | 0000 e9b2 | bfff ffc7 | 8424 1c02 | 0000 0000 | 0000 48ff | b424 3801 | 0000 488f 
  0x000077163cbe8a34: ;   {no_reloc}
  0x000077163cbe8a34: 8424 5003 | 0000 e9b7 | afff ffc7 | 8424 b003 | 0000 0000 | 0000 48ff | b424 3801 | 0000 488f 
  0x000077163cbe8a54: 8424 8803 | 0000 e972 | bfff ffc7 | 8424 1c02 | 0000 0000 | 0000 48ff | b424 3801 | 0000 488f 
  0x000077163cbe8a74: 8424 5003 | 0000 e977 | afff ffc7 | 8424 b003 | 0000 0000 | 0000 48ff | b424 3801 | 0000 488f 
  0x000077163cbe8a94: 8424 8803 | 0000 e932 | bfff ff4c | 8b9c 2478 | 0100 0048 | 8b9c 2438 | 0100 00e9 | c8ae ffff 
  0x000077163cbe8ab4: 4c8b 9c24 | 7801 0000 | 488b df8b | bc24 a001 | 0000 e9b1 | aeff ff4c | 8b9c 2478 | 0100 0048 
  0x000077163cbe8ad4: 8bdf 8bbc | 24a0 0100 | 00e9 9aae | ffff 4c8b | 9c24 7801 | 0000 488b | df8b bc24 | a001 0000 
  0x000077163cbe8af4: e983 aeff | ffc7 8424 | 1c02 0000 | 0100 0000 | 4889 bc24 | 5003 0000 | e9e5 aeff | ffc7 8424 
  0x000077163cbe8b14: b003 0000 | 0100 0000 | 4889 bc24 | 8803 0000 | e9a8 beff | ffc7 8424 | 1c02 0000 | 0100 0000 
  0x000077163cbe8b34: ;   {no_reloc}
  0x000077163cbe8b34: 48ff b424 | 3801 0000 | 488f 8424 | 5003 0000 | e9ad aeff | ffc7 8424 | b003 0000 | 0100 0000 
  0x000077163cbe8b54: 48ff b424 | 3801 0000 | 488f 8424 | 8803 0000 | e968 beff | ffc7 8424 | 1c02 0000 | 0100 0000 
  0x000077163cbe8b74: 48ff b424 | 3801 0000 | 488f 8424 | 5003 0000 | e96d aeff | ffc7 8424 | b003 0000 | 0100 0000 
  0x000077163cbe8b94: 48ff b424 | 3801 0000 | 488f 8424 | 8803 0000 | e928 beff | ffc7 8424 | 1c02 0000 | 0100 0000 
  0x000077163cbe8bb4: 48ff b424 | 3801 0000 | 488f 8424 | 5003 0000 | e92d aeff | ffc7 8424 | b003 0000 | 0100 0000 
  0x000077163cbe8bd4: 48ff b424 | 3801 0000 | 488f 8424 | 8803 0000 | e9e8 bdff | ffc7 8424 | 1c02 0000 | 0100 0000 
  0x000077163cbe8bf4: 48ff b424 | 3801 0000 | 488f 8424 | 5003 0000 | e9ed adff | ffc7 8424 | b003 0000 | 0100 0000 
  0x000077163cbe8c14: 48ff b424 | 3801 0000 | 488f 8424 | 8803 0000 | e9a8 bdff | ffc7 8424 | 1c02 0000 

  0x000077163cbe8c30: ;   {no_reloc}
  0x000077163cbe8c30: 0100 0000 | 48ff b424 | 3801 0000 | 488f 8424 | 5003 0000 | e9ad adff | ffc7 8424 | b003 0000 
  0x000077163cbe8c50: 0100 0000 | 48ff b424 | 3801 0000 | 488f 8424 | 8803 0000 | e968 bdff | ffc7 8424 | 1c02 0000 
  0x000077163cbe8c70: 0100 0000 | 48ff b424 | 3801 0000 | 488f 8424 | 5003 0000 | e96d adff | ffc7 8424 | b003 0000 
  0x000077163cbe8c90: 0100 0000 | 48ff b424 | 3801 0000 | 488f 8424 | 8803 0000 | e928 bdff | ffc7 8424 | 1c02 0000 
  0x000077163cbe8cb0: 0100 0000 | 48ff b424 | 3801 0000 | 488f 8424 | 5003 0000 | e92d adff | ffc7 8424 | b003 0000 
  0x000077163cbe8cd0: 0100 0000 | 48ff b424 | 3801 0000 | 488f 8424 | 8803 0000 | e9e8 bcff | ffc7 8424 | 1c02 0000 
  0x000077163cbe8cf0: 0100 0000 | 48ff b424 | 3801 0000 | 488f 8424 | 5003 0000 | e9ed acff | ffc7 8424 | b003 0000 
  0x000077163cbe8d10: 0100 0000 | 48ff b424 | 3801 0000 | 488f 8424 | 8803 0000 | e9a8 bcff | ffc7 8424 | 1c02 0000 
  0x000077163cbe8d30: ;   {no_reloc}
  0x000077163cbe8d30: 0100 0000 | 48ff b424 | 3801 0000 | 488f 8424 | 5003 0000 | e9ad acff | ffc7 8424 | b003 0000 
  0x000077163cbe8d50: 0100 0000 | 48ff b424 | 3801 0000 | 488f 8424 | 8803 0000 | e968 bcff | ffc7 8424 | 1c02 0000 
  0x000077163cbe8d70: 0100 0000 | 48ff b424 | 3801 0000 | 488f 8424 | 5003 0000 | e96d acff | ffc7 8424 | b003 0000 
  0x000077163cbe8d90: 0100 0000 | 48ff b424 | 3801 0000 | 488f 8424 | 8803 0000 | e928 bcff | ffc7 8424 | 1c02 0000 
  0x000077163cbe8db0: 0100 0000 | 48ff b424 | 3801 0000 | 488f 8424 | 5003 0000 | e92d acff | ffc7 8424 | b003 0000 
  0x000077163cbe8dd0: 0100 0000 | 48ff b424 | 3801 0000 | 488f 8424 | 8803 0000 | e9e8 bbff | ffc7 8424 | 1c02 0000 
  0x000077163cbe8df0: 0100 0000 | 48ff b424 | 3801 0000 | 488f 8424 | 5003 0000 | e9ed abff | ffc7 8424 | b003 0000 
  0x000077163cbe8e10: 0100 0000 | 48ff b424 | 3801 0000 | 488f 8424 | 8803 0000 | e9a8 bbff | ffc7 8424 | 1c02 0000 
  0x000077163cbe8e30: ;   {no_reloc}
  0x000077163cbe8e30: 0100 0000 | 48ff b424 | 3801 0000 | 488f 8424 | 5003 0000 | e9ad abff | ffc7 8424 | b003 0000 
  0x000077163cbe8e50: 0100 0000 | 48ff b424 | 3801 0000 | 488f 8424 | 8803 0000 | e968 bbff | ffc7 8424 | 1c02 0000 
  0x000077163cbe8e70: 0100 0000 | 48ff b424 | 3801 0000 | 488f 8424 | 5003 0000 | e96d abff | ffc7 8424 | b003 0000 
  0x000077163cbe8e90: 0100 0000 | 48ff b424 | 3801 0000 | 488f 8424 | 8803 0000 | e928 bbff | ffc7 8424 | 1c02 0000 
  0x000077163cbe8eb0: 0100 0000 | 48ff b424 | 3801 0000 | 488f 8424 | 5003 0000 | e92d abff | ffc7 8424 | b003 0000 
  0x000077163cbe8ed0: 0100 0000 | 48ff b424 | 3801 0000 | 488f 8424 | 8803 0000 | e9e8 baff | ffc7 8424 | 1c02 0000 
  0x000077163cbe8ef0: 0100 0000 | 48ff b424 | 3801 0000 | 488f 8424 | 5003 0000 | e9ed aaff | ffc7 8424 | b003 0000 
  0x000077163cbe8f10: 0100 0000 | 48ff b424 | 3801 0000 | 488f 8424 | 8803 0000 | e9a8 baff | ffc7 8424 | 1c02 0000 
  0x000077163cbe8f30: ;   {no_reloc}
  0x000077163cbe8f30: 0100 0000 | 48ff b424 | 3801 0000 | 488f 8424 | 5003 0000 | e9ad aaff | ffc7 8424 | b003 0000 
  0x000077163cbe8f50: 0100 0000 | 48ff b424 | 3801 0000 | 488f 8424 | 8803 0000 | e968 baff | ffc7 8424 | 1c02 0000 
  0x000077163cbe8f70: 0100 0000 | 48ff b424 | 3801 0000 | 488f 8424 | 5003 0000 | e96d aaff | ffc7 8424 | b003 0000 
  0x000077163cbe8f90: 0100 0000 | 48ff b424 | 3801 0000 | 488f 8424 | 8803 0000 | e928 baff | ffc7 8424 | 1c02 0000 
  0x000077163cbe8fb0: 0100 0000 | 48ff b424 | 3801 0000 | 488f 8424 | 5003 0000 | e92d aaff | ffc7 8424 | b003 0000 
  0x000077163cbe8fd0: 0100 0000 | 48ff b424 | 3801 0000 | 488f 8424 | 8803 0000 | e9e8 b9ff | ffc7 8424 | 1c02 0000 
  0x000077163cbe8ff0: 0100 0000 | 48ff b424 | 3801 0000 | 488f 8424 | 5003 0000 | e9ed a9ff | ffc7 8424 | b003 0000 
  0x000077163cbe9010: 0100 0000 | 48ff b424 | 3801 0000 | 488f 8424 | 8803 0000 | e9a8 b9ff | ffc7 8424 

  0x000077163cbe902c: ;   {no_reloc}
  0x000077163cbe902c: 1c02 0000 | 0100 0000 | 48ff b424 | 3801 0000 | 488f 8424 | 5003 0000 | e9ad a9ff | ffc7 8424 
  0x000077163cbe904c: b003 0000 | 0100 0000 | 48ff b424 | 3801 0000 | 488f 8424 | 8803 0000 | e968 b9ff | ffc7 8424 
  0x000077163cbe906c: 1c02 0000 | 0100 0000 | 48ff b424 | 3801 0000 | 488f 8424 | 5003 0000 | e96d a9ff | ffc7 8424 
  0x000077163cbe908c: b003 0000 | 0100 0000 | 48ff b424 | 3801 0000 | 488f 8424 | 8803 0000 | e928 b9ff | ffc7 8424 
  0x000077163cbe90ac: 1c02 0000 | 0100 0000 | 48ff b424 | 3801 0000 | 488f 8424 | 5003 0000 | e92d a9ff | ffc7 8424 
  0x000077163cbe90cc: b003 0000 | 0100 0000 | 48ff b424 | 3801 0000 | 488f 8424 | 8803 0000 | e9e8 b8ff | ffc7 8424 
  0x000077163cbe90ec: 1c02 0000 | 0100 0000 | 48ff b424 | 3801 0000 | 488f 8424 | 5003 0000 | e9ed a8ff | ffc7 8424 
  0x000077163cbe910c: b003 0000 | 0100 0000 | 48ff b424 | 3801 0000 | 488f 8424 | 8803 0000 | e9a8 b8ff | ffc7 8424 
  0x000077163cbe912c: ;   {no_reloc}
  0x000077163cbe912c: 1c02 0000 | 0100 0000 | 48ff b424 | 3801 0000 | 488f 8424 | 5003 0000 | e9ad a8ff | ffc7 8424 
  0x000077163cbe914c: b003 0000 | 0100 0000 | 48ff b424 | 3801 0000 | 488f 8424 | 8803 0000 | e968 b8ff | ffc7 8424 
  0x000077163cbe916c: 1c02 0000 | 0100 0000 | 48ff b424 | 3801 0000 | 488f 8424 | 5003 0000 | e96d a8ff | ffc7 8424 
  0x000077163cbe918c: b003 0000 | 0100 0000 | 48ff b424 | 3801 0000 | 488f 8424 | 8803 0000 | e928 b8ff | ffc7 8424 
  0x000077163cbe91ac: 1c02 0000 | 0100 0000 | 48ff b424 | 3801 0000 | 488f 8424 | 5003 0000 | e92d a8ff | ffc7 8424 
  0x000077163cbe91cc: b003 0000 | 0100 0000 | 48ff b424 | 3801 0000 | 488f 8424 | 8803 0000 | e9e8 b7ff | ffc7 8424 
  0x000077163cbe91ec: 1c02 0000 | 0100 0000 | 48ff b424 | 3801 0000 | 488f 8424 | 5003 0000 | e9ed a7ff | ffc7 8424 
  0x000077163cbe920c: b003 0000 | 0100 0000 | 48ff b424 | 3801 0000 | 488f 8424 | 8803 0000 | e9a8 b7ff | ffc7 8424 
  0x000077163cbe922c: ;   {no_reloc}
  0x000077163cbe922c: 1c02 0000 | 0100 0000 | 48ff b424 | 3801 0000 | 488f 8424 | 5003 0000 | e9ad a7ff | ffc7 8424 
  0x000077163cbe924c: b003 0000 | 0100 0000 | 48ff b424 | 3801 0000 | 488f 8424 | 8803 0000 | e968 b7ff | ffc7 8424 
  0x000077163cbe926c: 1c02 0000 | 0100 0000 | 48ff b424 | 3801 0000 | 488f 8424 | 5003 0000 | e96d a7ff | ffc7 8424 
  0x000077163cbe928c: b003 0000 | 0100 0000 | 48ff b424 | 3801 0000 | 488f 8424 | 8803 0000 | e928 b7ff | ffc7 8424 
  0x000077163cbe92ac: 1c02 0000 | 0100 0000 | 48ff b424 | 3801 0000 | 488f 8424 | 5003 0000 | e92d a7ff | ffc7 8424 
  0x000077163cbe92cc: b003 0000 | 0100 0000 | 48ff b424 | 3801 0000 | 488f 8424 | 8803 0000 | e9e8 b6ff | ffc7 8424 
  0x000077163cbe92ec: 1c02 0000 | 0100 0000 | 48ff b424 | 3801 0000 | 488f 8424 | 5003 0000 | e9ed a6ff | ffc7 8424 
  0x000077163cbe930c: b003 0000 | 0100 0000 | 48ff b424 | 3801 0000 | 488f 8424 | 8803 0000 | e9a8 b6ff | ffc7 8424 
  0x000077163cbe932c: ;   {no_reloc}
  0x000077163cbe932c: 1c02 0000 | 0100 0000 | 48ff b424 | 3801 0000 | 488f 8424 | 5003 0000 | e9ad a6ff | ffc7 8424 
  0x000077163cbe934c: b003 0000 | 0100 0000 | 48ff b424 | 3801 0000 | 488f 8424 | 8803 0000 | e968 b6ff | ffc7 8424 
  0x000077163cbe936c: 1c02 0000 | 0100 0000 | 48ff b424 | 3801 0000 | 488f 8424 | 5003 0000 | e96d a6ff | ffc7 8424 
  0x000077163cbe938c: b003 0000 | 0100 0000 | 48ff b424 | 3801 0000 | 488f 8424 | 8803 0000 | e928 b6ff | ffc7 8424 
  0x000077163cbe93ac: 1c02 0000 | 0100 0000 | 48ff b424 | 3801 0000 | 488f 8424 | 5003 0000 | e92d a6ff | ffc7 8424 
  0x000077163cbe93cc: b003 0000 | 0100 0000 | 48ff b424 | 3801 0000 | 488f 8424 | 8803 0000 | e9e8 b5ff | ffc7 8424 
  0x000077163cbe93ec: 1c02 0000 | 0100 0000 | 48ff b424 | 3801 0000 | 488f 8424 | 5003 0000 | e9ed a5ff | ffc7 8424 
  0x000077163cbe940c: b003 0000 | 0100 0000 | 48ff b424 | 3801 0000 | 488f 8424 | 8803 0000 | e9a8 b5ff 

  0x000077163cbe9428: ;   {no_reloc}
  0x000077163cbe9428: ffc7 8424 | 1c02 0000 | 0100 0000 | 48ff b424 | 3801 0000 | 488f 8424 | 5003 0000 | e9ad a5ff 
  0x000077163cbe9448: ffc7 8424 | b003 0000 | 0100 0000 | 48ff b424 | 3801 0000 | 488f 8424 | 8803 0000 | e968 b5ff 
  0x000077163cbe9468: ffc7 8424 | 1c02 0000 | 0100 0000 | 48ff b424 | 3801 0000 | 488f 8424 | 5003 0000 | e96d a5ff 
  0x000077163cbe9488: ffc7 8424 | b003 0000 | 0100 0000 | 48ff b424 | 3801 0000 | 488f 8424 | 8803 0000 | e928 b5ff 
  0x000077163cbe94a8: ffc7 8424 | 1c02 0000 | 0100 0000 | 48ff b424 | 3801 0000 | 488f 8424 | 5003 0000 | e92d a5ff 
  0x000077163cbe94c8: ffc7 8424 | b003 0000 | 0100 0000 | 48ff b424 | 3801 0000 | 488f 8424 | 8803 0000 | e9e8 b4ff 
  0x000077163cbe94e8: ffc7 8424 | 1c02 0000 | 0100 0000 | 48ff b424 | 3801 0000 | 488f 8424 | 5003 0000 | e9ed a4ff 
  0x000077163cbe9508: ffc7 8424 | b003 0000 | 0100 0000 | 48ff b424 | 3801 0000 | 488f 8424 | 8803 0000 | e9a8 b4ff 
  0x000077163cbe9528: ;   {no_reloc}
  0x000077163cbe9528: ffc7 8424 | 1c02 0000 | 0100 0000 | 48ff b424 | 3801 0000 | 488f 8424 | 5003 0000 | e9ad a4ff 
  0x000077163cbe9548: ffc7 8424 | b003 0000 | 0100 0000 | 48ff b424 | 3801 0000 | 488f 8424 | 8803 0000 | e968 b4ff 
  0x000077163cbe9568: ffc7 8424 | 1c02 0000 | 0100 0000 | 48ff b424 | 3801 0000 | 488f 8424 | 5003 0000 | e96d a4ff 
  0x000077163cbe9588: ffc7 8424 | b003 0000 | 0100 0000 | 48ff b424 | 3801 0000 | 488f 8424 | 8803 0000 | e928 b4ff 
  0x000077163cbe95a8: ffc7 8424 | 1c02 0000 | 0100 0000 | 48ff b424 | 3801 0000 | 488f 8424 | 5003 0000 | e92d a4ff 
  0x000077163cbe95c8: ffc7 8424 | b003 0000 | 0100 0000 | 48ff b424 | 3801 0000 | 488f 8424 | 8803 0000 | e9e8 b3ff 
  0x000077163cbe95e8: ffc7 8424 | 1c02 0000 | 0100 0000 | 48ff b424 | 3801 0000 | 488f 8424 | 5003 0000 | e9ed a3ff 
  0x000077163cbe9608: ffc7 8424 | b003 0000 | 0100 0000 | 48ff b424 | 3801 0000 | 488f 8424 | 8803 0000 | e9a8 b3ff 
  0x000077163cbe9628: ;   {no_reloc}
  0x000077163cbe9628: ffc7 8424 | 1c02 0000 | 0100 0000 | 48ff b424 | 3801 0000 | 488f 8424 | 5003 0000 | e9ad a3ff 
  0x000077163cbe9648: ffc7 8424 | b003 0000 | 0100 0000 | 48ff b424 | 3801 0000 | 488f 8424 | 8803 0000 | e968 b3ff 
  0x000077163cbe9668: ffc7 8424 | 1c02 0000 | 0100 0000 | 48ff b424 | 3801 0000 | 488f 8424 | 5003 0000 | e96d a3ff 
  0x000077163cbe9688: ffc7 8424 | b003 0000 | 0100 0000 | 48ff b424 | 3801 0000 | 488f 8424 | 8803 0000 | e928 b3ff 
  0x000077163cbe96a8: ffc7 8424 | 1c02 0000 | 0100 0000 | 48ff b424 | 3801 0000 | 488f 8424 | 5003 0000 | e92d a3ff 
  0x000077163cbe96c8: ffc7 8424 | b003 0000 | 0100 0000 | 48ff b424 | 3801 0000 | 488f 8424 | 8803 0000 | e9e8 b2ff 
  0x000077163cbe96e8: ffc7 8424 | 1c02 0000 | 0100 0000 | 48ff b424 | 3801 0000 | 488f 8424 | 5003 0000 | e9ed a2ff 
  0x000077163cbe9708: ffc7 8424 | b003 0000 | 0100 0000 | 48ff b424 | 3801 0000 | 488f 8424 | 8803 0000 | e9a8 b2ff 
  0x000077163cbe9728: ;   {no_reloc}
  0x000077163cbe9728: ffc7 8424 | 1c02 0000 | 0100 0000 | 48ff b424 | 3801 0000 | 488f 8424 | 5003 0000 | e9ad a2ff 
  0x000077163cbe9748: ffc7 8424 | b003 0000 | 0100 0000 | 48ff b424 | 3801 0000 | 488f 8424 | 8803 0000 | e968 b2ff 
  0x000077163cbe9768: ffc7 8424 | 1c02 0000 | 0100 0000 | 48ff b424 | 3801 0000 | 488f 8424 | 5003 0000 | e96d a2ff 
  0x000077163cbe9788: ffc7 8424 | b003 0000 | 0100 0000 | 48ff b424 | 3801 0000 | 488f 8424 | 8803 0000 | e928 b2ff 
  0x000077163cbe97a8: ff48 8994 | 2420 0200 | 00e9 269a | ffff c784 | 241c 0200 | 0001 0000 | 0048 ffb4 | 2438 0100 
  0x000077163cbe97c8: 0048 8f84 | 2450 0300 | 00e9 20a2 | ffff c784 | 24b0 0300 | 0001 0000 | 0048 ffb4 | 2438 0100 
  0x000077163cbe97e8: 0048 8f84 | 2488 0300 | 00e9 dbb1 | ffff 4889 | 9424 2002 | 0000 e9d9 | 99ff ffc7 | 8424 1c02 
  0x000077163cbe9808: 0000 0100 | 0000 48ff | b424 3801 | 0000 488f | 8424 5003 | 0000 e9d3 | a1ff ffc7 

  0x000077163cbe9824: ;   {no_reloc}
  0x000077163cbe9824: 8424 b003 | 0000 0100 | 0000 48ff | b424 3801 | 0000 488f | 8424 8803 | 0000 e98e | b1ff ff48 
  0x000077163cbe9844: 8994 2420 | 0200 00e9 | 8c99 ffff | c784 241c | 0200 0001 | 0000 0048 | ffb4 2438 | 0100 0048 
  0x000077163cbe9864: 8f84 2450 | 0300 00e9 | 86a1 ffff | c784 24b0 | 0300 0001 | 0000 0048 | ffb4 2438 | 0100 0048 
  0x000077163cbe9884: 8f84 2488 | 0300 00e9 | 41b1 ffff | 4889 9424 | 2002 0000 | e914 82ff | ff48 8994 | 2420 0200 
  0x000077163cbe98a4: 00e9 0782 | ffff c784 | 241c 0200 | 0001 0000 | 0048 ffb4 | 2438 0100 | 0048 8f84 | 2450 0300 
  0x000077163cbe98c4: 00e9 2ca1 | ffff c784 | 24b0 0300 | 0001 0000 | 0048 ffb4 | 2438 0100 | 0048 8f84 | 2488 0300 
  0x000077163cbe98e4: 00e9 e7b0 | ffff c784 | 241c 0200 | 0001 0000 | 0048 ffb4 | 2438 0100 | 0048 8f84 | 2450 0300 
  0x000077163cbe9904: 00e9 eca0 | ffff c784 | 24b0 0300 | 0001 0000 | 0048 ffb4 | 2438 0100 | 0048 8f84 | 2488 0300 
  0x000077163cbe9924: ;   {no_reloc}
  0x000077163cbe9924: 00e9 a7b0 | ffff c784 | 241c 0200 | 0001 0000 | 0048 ffb4 | 2438 0100 | 0048 8f84 | 2450 0300 
  0x000077163cbe9944: 00e9 aca0 | ffff c784 | 24b0 0300 | 0001 0000 | 0048 ffb4 | 2438 0100 | 0048 8f84 | 2488 0300 
  0x000077163cbe9964: 00e9 67b0 | ffff c784 | 241c 0200 | 0001 0000 | 0048 ffb4 | 2438 0100 | 0048 8f84 | 2450 0300 
  0x000077163cbe9984: 00e9 6ca0 | ffff c784 | 24b0 0300 | 0001 0000 | 0048 ffb4 | 2438 0100 | 0048 8f84 | 2488 0300 
  0x000077163cbe99a4: 00e9 27b0 | ffff c784 | 241c 0200 | 0001 0000 | 0048 ffb4 | 2438 0100 | 0048 8f84 | 2450 0300 
  0x000077163cbe99c4: 00e9 2ca0 | ffff c784 | 24b0 0300 | 0001 0000 | 0048 ffb4 | 2438 0100 | 0048 8f84 | 2488 0300 
  0x000077163cbe99e4: 00e9 e7af | ffff c784 | 241c 0200 | 0001 0000 | 0048 ffb4 | 2438 0100 | 0048 8f84 | 2450 0300 
  0x000077163cbe9a04: 00e9 ec9f | ffff c784 | 24b0 0300 | 0001 0000 | 0048 ffb4 | 2438 0100 | 0048 8f84 | 2488 0300 
  0x000077163cbe9a24: ;   {no_reloc}
  0x000077163cbe9a24: 00e9 a7af | ffff c784 | 241c 0200 | 0001 0000 | 0048 ffb4 | 2438 0100 | 0048 8f84 | 2450 0300 
  0x000077163cbe9a44: 00e9 ac9f | ffff c784 | 24b0 0300 | 0001 0000 | 0048 ffb4 | 2438 0100 | 0048 8f84 | 2488 0300 
  0x000077163cbe9a64: 00e9 67af | ffff c784 | 241c 0200 | 0001 0000 | 0048 ffb4 | 2438 0100 | 0048 8f84 | 2450 0300 
  0x000077163cbe9a84: 00e9 6c9f | ffff c784 | 24b0 0300 | 0001 0000 | 0048 ffb4 | 2438 0100 | 0048 8f84 | 2488 0300 
  0x000077163cbe9aa4: 00e9 27af | ffff c784 | 241c 0200 | 0001 0000 | 0048 ffb4 | 2438 0100 | 0048 8f84 | 2450 0300 
  0x000077163cbe9ac4: 00e9 2c9f | ffff c784 | 24b0 0300 | 0001 0000 | 0048 ffb4 | 2438 0100 | 0048 8f84 | 2488 0300 
  0x000077163cbe9ae4: 00e9 e7ae | ffff c784 | 241c 0200 | 0001 0000 | 0048 ffb4 | 2438 0100 | 0048 8f84 | 2450 0300 
  0x000077163cbe9b04: 00e9 ec9e | ffff c784 | 24b0 0300 | 0001 0000 | 0048 ffb4 | 2438 0100 | 0048 8f84 | 2488 0300 
  0x000077163cbe9b24: ;   {no_reloc}
  0x000077163cbe9b24: 00e9 a7ae | ffff c784 | 241c 0200 | 0001 0000 | 0048 ffb4 | 2438 0100 | 0048 8f84 | 2450 0300 
  0x000077163cbe9b44: 00e9 ac9e | ffff c784 | 24b0 0300 | 0001 0000 | 0048 ffb4 | 2438 0100 | 0048 8f84 | 2488 0300 
  0x000077163cbe9b64: 00e9 67ae | ffff c784 | 241c 0200 | 0001 0000 | 0048 ffb4 | 2438 0100 | 0048 8f84 | 2450 0300 
  0x000077163cbe9b84: 00e9 6c9e | ffff c784 | 24b0 0300 | 0001 0000 | 0048 ffb4 | 2438 0100 | 0048 8f84 | 2488 0300 
  0x000077163cbe9ba4: 00e9 27ae | ffff c784 | 241c 0200 | 0001 0000 | 0048 ffb4 | 2438 0100 | 0048 8f84 | 2450 0300 
  0x000077163cbe9bc4: 00e9 2c9e | ffff c784 | 24b0 0300 | 0001 0000 | 0048 ffb4 | 2438 0100 | 0048 8f84 | 2488 0300 
  0x000077163cbe9be4: 00e9 e7ad | ffff c784 | 241c 0200 | 0001 0000 | 0048 ffb4 | 2438 0100 | 0048 8f84 | 2450 0300 
  0x000077163cbe9c04: 00e9 ec9d | ffff c784 | 24b0 0300 | 0001 0000 | 0048 ffb4 | 2438 0100 | 0048 8f84 

  0x000077163cbe9c20: ;   {no_reloc}
  0x000077163cbe9c20: 2488 0300 | 00e9 a7ad | ffff c784 | 241c 0200 | 0001 0000 | 0048 ffb4 | 2438 0100 | 0048 8f84 
  0x000077163cbe9c40: 2450 0300 | 00e9 ac9d | ffff c784 | 24b0 0300 | 0001 0000 | 0048 ffb4 | 2438 0100 | 0048 8f84 
  0x000077163cbe9c60: 2488 0300 | 00e9 67ad | ffff c784 | 241c 0200 | 0001 0000 | 0048 ffb4 | 2438 0100 | 0048 8f84 
  0x000077163cbe9c80: 2450 0300 | 00e9 6c9d | ffff c784 | 24b0 0300 | 0001 0000 | 0048 ffb4 | 2438 0100 | 0048 8f84 
  0x000077163cbe9ca0: 2488 0300 | 00e9 27ad | ffff 448b | 9424 1c02 | 0000 4489 | 9424 b003 | 0000 48ff | b424 5003 
  0x000077163cbe9cc0: 0000 488f | 8424 8803 | 0000 e902 | adff ff44 | 8b94 241c | 0200 0044 | 8994 24b0 | 0300 0048 
  0x000077163cbe9ce0: ffb4 2450 | 0300 0048 | 8f84 2488 | 0300 00e9 | ddac ffff | 498b 8718 | 0800 0049 | c787 1808 
  0x000077163cbe9d00: 0000 0000 | 0000 49c7 | 8720 0800 | 0000 0000 | 0048 81c4 | 0004 0000 

  0x000077163cbe9d18: ;   {runtime_call unwind_exception Runtime1 stub}
  0x000077163cbe9d18: 5de9 626e | 1207 f4f4 
[Stub Code]
  0x000077163cbe9d20: ;   {no_reloc}
  0x000077163cbe9d20: 0f1f 4400 

  0x000077163cbe9d24: ;   {static_stub}
  0x000077163cbe9d24: 0048 bb00 | 0000 0000 

  0x000077163cbe9d2c: ;   {runtime_call nmethod}
  0x000077163cbe9d2c: 0000 00e9 | fbff ffff 

  0x000077163cbe9d34: ;   {static_stub}
  0x000077163cbe9d34: 9048 bb00 | 0000 0000 

  0x000077163cbe9d3c: ;   {runtime_call nmethod}
  0x000077163cbe9d3c: 0000 00e9 | fbff ffff 

  0x000077163cbe9d44: ;   {static_stub}
  0x000077163cbe9d44: 9048 bb00 | 0000 0000 

  0x000077163cbe9d4c: ;   {runtime_call nmethod}
  0x000077163cbe9d4c: 0000 00e9 | fbff ffff 

  0x000077163cbe9d54: ;   {static_stub}
  0x000077163cbe9d54: 9048 bb00 | 0000 0000 

  0x000077163cbe9d5c: ;   {runtime_call nmethod}
  0x000077163cbe9d5c: 0000 00e9 | fbff ffff 

  0x000077163cbe9d64: ;   {static_stub}
  0x000077163cbe9d64: 9048 bb00 | 0000 0000 

  0x000077163cbe9d6c: ;   {runtime_call nmethod}
  0x000077163cbe9d6c: 0000 00e9 | fbff ffff 

  0x000077163cbe9d74: ;   {static_stub}
  0x000077163cbe9d74: 9048 bb00 | 0000 0000 

  0x000077163cbe9d7c: ;   {runtime_call nmethod}
  0x000077163cbe9d7c: 0000 00e9 | fbff ffff 

  0x000077163cbe9d84: ;   {static_stub}
  0x000077163cbe9d84: 9048 bb00 | 0000 0000 

  0x000077163cbe9d8c: ;   {runtime_call nmethod}
  0x000077163cbe9d8c: 0000 00e9 | fbff ffff 

  0x000077163cbe9d94: ;   {static_stub}
  0x000077163cbe9d94: 9048 bb00 | 0000 0000 

  0x000077163cbe9d9c: ;   {runtime_call nmethod}
  0x000077163cbe9d9c: 0000 00e9 | fbff ffff 

  0x000077163cbe9da4: ;   {static_stub}
  0x000077163cbe9da4: 9048 bb00 | 0000 0000 

  0x000077163cbe9dac: ;   {runtime_call nmethod}
  0x000077163cbe9dac: 0000 00e9 | fbff ffff 

  0x000077163cbe9db4: ;   {static_stub}
  0x000077163cbe9db4: 9048 bb00 | 0000 0000 

  0x000077163cbe9dbc: ;   {runtime_call nmethod}
  0x000077163cbe9dbc: 0000 00e9 | fbff ffff 

  0x000077163cbe9dc4: ;   {static_stub}
  0x000077163cbe9dc4: 9048 bb00 | 0000 0000 

  0x000077163cbe9dcc: ;   {runtime_call nmethod}
  0x000077163cbe9dcc: 0000 00e9 | fbff ffff 

  0x000077163cbe9dd4: ;   {static_stub}
  0x000077163cbe9dd4: 9048 bb00 | 0000 0000 

  0x000077163cbe9ddc: ;   {runtime_call nmethod}
  0x000077163cbe9ddc: 0000 00e9 | fbff ffff 

  0x000077163cbe9de4: ;   {static_stub}
  0x000077163cbe9de4: 9048 bb00 | 0000 0000 

  0x000077163cbe9dec: ;   {runtime_call nmethod}
  0x000077163cbe9dec: 0000 00e9 | fbff ffff 

  0x000077163cbe9df4: ;   {static_stub}
  0x000077163cbe9df4: 9048 bb00 | 0000 0000 

  0x000077163cbe9dfc: ;   {runtime_call nmethod}
  0x000077163cbe9dfc: 0000 00e9 | fbff ffff 

  0x000077163cbe9e04: ;   {static_stub}
  0x000077163cbe9e04: 9048 bb00 | 0000 0000 

  0x000077163cbe9e0c: ;   {runtime_call nmethod}
  0x000077163cbe9e0c: 0000 00e9 | fbff ffff 

  0x000077163cbe9e14: ;   {static_stub}
  0x000077163cbe9e14: 9048 bb00 | 0000 0000 

  0x000077163cbe9e1c: ;   {runtime_call nmethod}
  0x000077163cbe9e1c: 0000 00e9 | fbff ffff 

  0x000077163cbe9e24: ;   {static_stub}
  0x000077163cbe9e24: 9048 bb00 | 0000 0000 

  0x000077163cbe9e2c: ;   {runtime_call nmethod}
  0x000077163cbe9e2c: 0000 00e9 | fbff ffff 

  0x000077163cbe9e34: ;   {static_stub}
  0x000077163cbe9e34: 9048 bb00 | 0000 0000 

  0x000077163cbe9e3c: ;   {runtime_call nmethod}
  0x000077163cbe9e3c: 0000 00e9 | fbff ffff 

  0x000077163cbe9e44: ;   {static_stub}
  0x000077163cbe9e44: 9048 bb00 | 0000 0000 

  0x000077163cbe9e4c: ;   {runtime_call nmethod}
  0x000077163cbe9e4c: 0000 00e9 | fbff ffff 

  0x000077163cbe9e54: ;   {static_stub}
  0x000077163cbe9e54: 9048 bb00 | 0000 0000 

  0x000077163cbe9e5c: ;   {runtime_call nmethod}
  0x000077163cbe9e5c: 0000 00e9 | fbff ffff 

  0x000077163cbe9e64: ;   {static_stub}
  0x000077163cbe9e64: 9048 bb00 | 0000 0000 

  0x000077163cbe9e6c: ;   {runtime_call nmethod}
  0x000077163cbe9e6c: 0000 00e9 | fbff ffff 

  0x000077163cbe9e74: ;   {static_stub}
  0x000077163cbe9e74: 9048 bb00 | 0000 0000 

  0x000077163cbe9e7c: ;   {runtime_call nmethod}
  0x000077163cbe9e7c: 0000 00e9 | fbff ffff 

  0x000077163cbe9e84: ;   {static_stub}
  0x000077163cbe9e84: 9048 bb00 | 0000 0000 

  0x000077163cbe9e8c: ;   {runtime_call nmethod}
  0x000077163cbe9e8c: 0000 00e9 | fbff ffff 

  0x000077163cbe9e94: ;   {static_stub}
  0x000077163cbe9e94: 9048 bb00 | 0000 0000 

  0x000077163cbe9e9c: ;   {runtime_call nmethod}
  0x000077163cbe9e9c: 0000 00e9 | fbff ffff 

  0x000077163cbe9ea4: ;   {static_stub}
  0x000077163cbe9ea4: 9048 bb00 | 0000 0000 

  0x000077163cbe9eac: ;   {runtime_call nmethod}
  0x000077163cbe9eac: 0000 00e9 | fbff ffff 

  0x000077163cbe9eb4: ;   {static_stub}
  0x000077163cbe9eb4: 9048 bb48 | 1979 1469 

  0x000077163cbe9ebc: ;   {runtime_call I2C/C2I adapters}
  0x000077163cbe9ebc: 6a00 00e9 | a2fe 0707 

  0x000077163cbe9ec4: ;   {static_stub}
  0x000077163cbe9ec4: 9048 bb00 | 0000 0000 

  0x000077163cbe9ecc: ;   {runtime_call nmethod}
  0x000077163cbe9ecc: 0000 00e9 | fbff ffff 

  0x000077163cbe9ed4: ;   {static_stub}
  0x000077163cbe9ed4: 9048 bb00 | 0000 0000 

  0x000077163cbe9edc: ;   {runtime_call nmethod}
  0x000077163cbe9edc: 0000 00e9 | fbff ffff 

  0x000077163cbe9ee4: ;   {static_stub}
  0x000077163cbe9ee4: 9048 bb00 | 0000 0000 

  0x000077163cbe9eec: ;   {runtime_call nmethod}
  0x000077163cbe9eec: 0000 00e9 | fbff ffff 

  0x000077163cbe9ef4: ;   {static_stub}
  0x000077163cbe9ef4: 9048 bb00 | 0000 0000 

  0x000077163cbe9efc: ;   {runtime_call nmethod}
  0x000077163cbe9efc: 0000 00e9 | fbff ffff 

  0x000077163cbe9f04: ;   {static_stub}
  0x000077163cbe9f04: 9048 bb00 | 0000 0000 

  0x000077163cbe9f0c: ;   {runtime_call nmethod}
  0x000077163cbe9f0c: 0000 00e9 | fbff ffff 

  0x000077163cbe9f14: ;   {static_stub}
  0x000077163cbe9f14: 9048 bb00 | 0000 0000 

  0x000077163cbe9f1c: ;   {runtime_call nmethod}
  0x000077163cbe9f1c: 0000 00e9 | fbff ffff 

  0x000077163cbe9f24: ;   {static_stub}
  0x000077163cbe9f24: 9048 bbe8 | 1a79 1469 

  0x000077163cbe9f2c: ;   {runtime_call I2C/C2I adapters}
  0x000077163cbe9f2c: 6a00 00e9 | 32fe 0707 

  0x000077163cbe9f34: ;   {static_stub}
  0x000077163cbe9f34: 9048 bbf8 | 9e6a 1469 

  0x000077163cbe9f3c: ;   {runtime_call I2C/C2I adapters}
  0x000077163cbe9f3c: 6a00 00e9 | 9fa5 0707 

  0x000077163cbe9f44: ;   {static_stub}
  0x000077163cbe9f44: 9048 bb00 | 0000 0000 

  0x000077163cbe9f4c: ;   {runtime_call nmethod}
  0x000077163cbe9f4c: 0000 00e9 | fbff ffff 

  0x000077163cbe9f54: ;   {static_stub}
  0x000077163cbe9f54: 9048 bb00 | 0000 0000 

  0x000077163cbe9f5c: ;   {runtime_call nmethod}
  0x000077163cbe9f5c: 0000 00e9 | fbff ffff 

  0x000077163cbe9f64: ;   {static_stub}
  0x000077163cbe9f64: 9048 bb00 | 0000 0000 

  0x000077163cbe9f6c: ;   {runtime_call nmethod}
  0x000077163cbe9f6c: 0000 00e9 | fbff ffff 

  0x000077163cbe9f74: ;   {static_stub}
  0x000077163cbe9f74: 9048 bb00 | 0000 0000 

  0x000077163cbe9f7c: ;   {runtime_call nmethod}
  0x000077163cbe9f7c: 0000 00e9 | fbff ffff 

  0x000077163cbe9f84: ;   {static_stub}
  0x000077163cbe9f84: 9048 bb00 | 0000 0000 

  0x000077163cbe9f8c: ;   {runtime_call nmethod}
  0x000077163cbe9f8c: 0000 00e9 | fbff ffff 

  0x000077163cbe9f94: ;   {static_stub}
  0x000077163cbe9f94: 9048 bb00 | 0000 0000 

  0x000077163cbe9f9c: ;   {runtime_call nmethod}
  0x000077163cbe9f9c: 0000 00e9 | fbff ffff 

  0x000077163cbe9fa4: ;   {static_stub}
  0x000077163cbe9fa4: 9048 bb00 | 0000 0000 

  0x000077163cbe9fac: ;   {runtime_call nmethod}
  0x000077163cbe9fac: 0000 00e9 | fbff ffff 

  0x000077163cbe9fb4: ;   {static_stub}
  0x000077163cbe9fb4: 9048 bb00 | 0000 0000 

  0x000077163cbe9fbc: ;   {runtime_call nmethod}
  0x000077163cbe9fbc: 0000 00e9 | fbff ffff 

  0x000077163cbe9fc4: ;   {static_stub}
  0x000077163cbe9fc4: 9048 bb00 | 0000 0000 

  0x000077163cbe9fcc: ;   {runtime_call nmethod}
  0x000077163cbe9fcc: 0000 00e9 | fbff ffff 

  0x000077163cbe9fd4: ;   {static_stub}
  0x000077163cbe9fd4: 9048 bb00 | 0000 0000 

  0x000077163cbe9fdc: ;   {runtime_call nmethod}
  0x000077163cbe9fdc: 0000 00e9 | fbff ffff 

  0x000077163cbe9fe4: ;   {static_stub}
  0x000077163cbe9fe4: 9048 bb00 | 0000 0000 

  0x000077163cbe9fec: ;   {runtime_call nmethod}
  0x000077163cbe9fec: 0000 00e9 | fbff ffff 

  0x000077163cbe9ff4: ;   {static_stub}
  0x000077163cbe9ff4: 9048 bb00 | 0000 0000 

  0x000077163cbe9ffc: ;   {runtime_call nmethod}
  0x000077163cbe9ffc: 0000 00e9 | fbff ffff 

  0x000077163cbea004: ;   {static_stub}
  0x000077163cbea004: 9048 bb00 | 0000 0000 

  0x000077163cbea00c: ;   {runtime_call nmethod}
  0x000077163cbea00c: 0000 00e9 | fbff ffff 

  0x000077163cbea014: ;   {static_stub}
  0x000077163cbea014: 9048 bb00 | 0000 0000 

  0x000077163cbea01c: ;   {runtime_call nmethod}
  0x000077163cbea01c: 0000 00e9 | fbff ffff 

  0x000077163cbea024: ;   {static_stub}
  0x000077163cbea024: 9048 bb00 | 0000 0000 

  0x000077163cbea02c: ;   {runtime_call nmethod}
  0x000077163cbea02c: 0000 00e9 | fbff ffff 

  0x000077163cbea034: ;   {static_stub}
  0x000077163cbea034: 9048 bb00 | 0000 0000 

  0x000077163cbea03c: ;   {runtime_call nmethod}
  0x000077163cbea03c: 0000 00e9 | fbff ffff 

  0x000077163cbea044: ;   {static_stub}
  0x000077163cbea044: 9048 bb00 | 0000 0000 

  0x000077163cbea04c: ;   {runtime_call nmethod}
  0x000077163cbea04c: 0000 00e9 | fbff ffff 

  0x000077163cbea054: ;   {static_stub}
  0x000077163cbea054: 9048 bb00 | 0000 0000 

  0x000077163cbea05c: ;   {runtime_call nmethod}
  0x000077163cbea05c: 0000 00e9 | fbff ffff 

  0x000077163cbea064: ;   {static_stub}
  0x000077163cbea064: 9048 bb00 | 0000 0000 

  0x000077163cbea06c: ;   {runtime_call nmethod}
  0x000077163cbea06c: 0000 00e9 | fbff ffff 

  0x000077163cbea074: ;   {static_stub}
  0x000077163cbea074: 9048 bb00 | 0000 0000 

  0x000077163cbea07c: ;   {runtime_call nmethod}
  0x000077163cbea07c: 0000 00e9 | fbff ffff 

  0x000077163cbea084: ;   {static_stub}
  0x000077163cbea084: 9048 bb00 | 0000 0000 

  0x000077163cbea08c: ;   {runtime_call nmethod}
  0x000077163cbea08c: 0000 00e9 | fbff ffff 

  0x000077163cbea094: ;   {static_stub}
  0x000077163cbea094: 9048 bb00 | 0000 0000 

  0x000077163cbea09c: ;   {runtime_call nmethod}
  0x000077163cbea09c: 0000 00e9 | fbff ffff 

  0x000077163cbea0a4: ;   {static_stub}
  0x000077163cbea0a4: 9048 bb00 | 0000 0000 

  0x000077163cbea0ac: ;   {runtime_call nmethod}
  0x000077163cbea0ac: 0000 00e9 | fbff ffff 

  0x000077163cbea0b4: ;   {static_stub}
  0x000077163cbea0b4: 9048 bb00 | 0000 0000 

  0x000077163cbea0bc: ;   {runtime_call nmethod}
  0x000077163cbea0bc: 0000 00e9 | fbff ffff 

  0x000077163cbea0c4: ;   {static_stub}
  0x000077163cbea0c4: 9048 bb00 | 0000 0000 

  0x000077163cbea0cc: ;   {runtime_call nmethod}
  0x000077163cbea0cc: 0000 00e9 | fbff ffff 

  0x000077163cbea0d4: ;   {static_stub}
  0x000077163cbea0d4: 9048 bb00 | 0000 0000 

  0x000077163cbea0dc: ;   {runtime_call nmethod}
  0x000077163cbea0dc: 0000 00e9 | fbff ffff 

  0x000077163cbea0e4: ;   {static_stub}
  0x000077163cbea0e4: 9048 bb00 | 0000 0000 

  0x000077163cbea0ec: ;   {runtime_call nmethod}
  0x000077163cbea0ec: 0000 00e9 | fbff ffff 

  0x000077163cbea0f4: ;   {static_stub}
  0x000077163cbea0f4: 9048 bb00 | 0000 0000 

  0x000077163cbea0fc: ;   {runtime_call nmethod}
  0x000077163cbea0fc: 0000 00e9 | fbff ffff 

  0x000077163cbea104: ;   {static_stub}
  0x000077163cbea104: 9048 bb00 | 0000 0000 

  0x000077163cbea10c: ;   {runtime_call nmethod}
  0x000077163cbea10c: 0000 00e9 | fbff ffff 

  0x000077163cbea114: ;   {static_stub}
  0x000077163cbea114: 9048 bb00 | 0000 0000 

  0x000077163cbea11c: ;   {runtime_call nmethod}
  0x000077163cbea11c: 0000 00e9 | fbff ffff 

  0x000077163cbea124: ;   {static_stub}
  0x000077163cbea124: 9048 bb00 | 0000 0000 

  0x000077163cbea12c: ;   {runtime_call nmethod}
  0x000077163cbea12c: 0000 00e9 | fbff ffff 

  0x000077163cbea134: ;   {static_stub}
  0x000077163cbea134: 9048 bb00 | 0000 0000 

  0x000077163cbea13c: ;   {runtime_call nmethod}
  0x000077163cbea13c: 0000 00e9 | fbff ffff 

  0x000077163cbea144: ;   {static_stub}
  0x000077163cbea144: 9048 bb00 | 0000 0000 

  0x000077163cbea14c: ;   {runtime_call nmethod}
  0x000077163cbea14c: 0000 00e9 | fbff ffff 

  0x000077163cbea154: ;   {static_stub}
  0x000077163cbea154: 9048 bb00 | 0000 0000 

  0x000077163cbea15c: ;   {runtime_call nmethod}
  0x000077163cbea15c: 0000 00e9 | fbff ffff 

  0x000077163cbea164: ;   {static_stub}
  0x000077163cbea164: 9048 bb00 | 0000 0000 

  0x000077163cbea16c: ;   {runtime_call nmethod}
  0x000077163cbea16c: 0000 00e9 | fbff ffff 

  0x000077163cbea174: ;   {static_stub}
  0x000077163cbea174: 9048 bb00 | 0000 0000 

  0x000077163cbea17c: ;   {runtime_call nmethod}
  0x000077163cbea17c: 0000 00e9 | fbff ffff 

  0x000077163cbea184: ;   {static_stub}
  0x000077163cbea184: 9048 bb00 | 0000 0000 

  0x000077163cbea18c: ;   {runtime_call nmethod}
  0x000077163cbea18c: 0000 00e9 | fbff ffff 

  0x000077163cbea194: ;   {static_stub}
  0x000077163cbea194: 9048 bb00 | 0000 0000 

  0x000077163cbea19c: ;   {runtime_call nmethod}
  0x000077163cbea19c: 0000 00e9 | fbff ffff 

  0x000077163cbea1a4: ;   {static_stub}
  0x000077163cbea1a4: 9048 bb00 | 0000 0000 

  0x000077163cbea1ac: ;   {runtime_call nmethod}
  0x000077163cbea1ac: 0000 00e9 | fbff ffff 

  0x000077163cbea1b4: ;   {static_stub}
  0x000077163cbea1b4: 9048 bb00 | 0000 0000 

  0x000077163cbea1bc: ;   {runtime_call nmethod}
  0x000077163cbea1bc: 0000 00e9 | fbff ffff 

  0x000077163cbea1c4: ;   {static_stub}
  0x000077163cbea1c4: 9048 bb00 | 0000 0000 

  0x000077163cbea1cc: ;   {runtime_call nmethod}
  0x000077163cbea1cc: 0000 00e9 | fbff ffff 

  0x000077163cbea1d4: ;   {static_stub}
  0x000077163cbea1d4: 9048 bb00 | 0000 0000 

  0x000077163cbea1dc: ;   {runtime_call nmethod}
  0x000077163cbea1dc: 0000 00e9 | fbff ffff 

  0x000077163cbea1e4: ;   {static_stub}
  0x000077163cbea1e4: 9048 bb00 | 0000 0000 

  0x000077163cbea1ec: ;   {runtime_call nmethod}
  0x000077163cbea1ec: 0000 00e9 | fbff ffff 

  0x000077163cbea1f4: ;   {static_stub}
  0x000077163cbea1f4: 9048 bb00 | 0000 0000 

  0x000077163cbea1fc: ;   {runtime_call nmethod}
  0x000077163cbea1fc: 0000 00e9 | fbff ffff 

  0x000077163cbea204: ;   {static_stub}
  0x000077163cbea204: 9048 bb00 | 0000 0000 

  0x000077163cbea20c: ;   {runtime_call nmethod}
  0x000077163cbea20c: 0000 00e9 | fbff ffff 

  0x000077163cbea214: ;   {static_stub}
  0x000077163cbea214: 9048 bb00 | 0000 0000 

  0x000077163cbea21c: ;   {runtime_call nmethod}
  0x000077163cbea21c: 0000 00e9 | fbff ffff 

  0x000077163cbea224: ;   {static_stub}
  0x000077163cbea224: 9048 bb00 | 0000 0000 

  0x000077163cbea22c: ;   {runtime_call nmethod}
  0x000077163cbea22c: 0000 00e9 | fbff ffff 

  0x000077163cbea234: ;   {static_stub}
  0x000077163cbea234: 9048 bb00 | 0000 0000 

  0x000077163cbea23c: ;   {runtime_call nmethod}
  0x000077163cbea23c: 0000 00e9 | fbff ffff 

  0x000077163cbea244: ;   {static_stub}
  0x000077163cbea244: 9048 bb00 | 0000 0000 

  0x000077163cbea24c: ;   {runtime_call nmethod}
  0x000077163cbea24c: 0000 00e9 | fbff ffff 

  0x000077163cbea254: ;   {static_stub}
  0x000077163cbea254: 9048 bb00 | 0000 0000 

  0x000077163cbea25c: ;   {runtime_call nmethod}
  0x000077163cbea25c: 0000 00e9 | fbff ffff 

  0x000077163cbea264: ;   {static_stub}
  0x000077163cbea264: 9048 bb00 | 0000 0000 

  0x000077163cbea26c: ;   {runtime_call nmethod}
  0x000077163cbea26c: 0000 00e9 | fbff ffff 

  0x000077163cbea274: ;   {static_stub}
  0x000077163cbea274: 9048 bb00 | 0000 0000 

  0x000077163cbea27c: ;   {runtime_call nmethod}
  0x000077163cbea27c: 0000 00e9 | fbff ffff 

  0x000077163cbea284: ;   {static_stub}
  0x000077163cbea284: 9048 bb00 | 0000 0000 

  0x000077163cbea28c: ;   {runtime_call nmethod}
  0x000077163cbea28c: 0000 00e9 | fbff ffff 

  0x000077163cbea294: ;   {static_stub}
  0x000077163cbea294: 9048 bb00 | 0000 0000 

  0x000077163cbea29c: ;   {runtime_call nmethod}
  0x000077163cbea29c: 0000 00e9 | fbff ffff 

  0x000077163cbea2a4: ;   {static_stub}
  0x000077163cbea2a4: 9048 bb00 | 0000 0000 

  0x000077163cbea2ac: ;   {runtime_call nmethod}
  0x000077163cbea2ac: 0000 00e9 | fbff ffff 

  0x000077163cbea2b4: ;   {static_stub}
  0x000077163cbea2b4: 9048 bb00 | 0000 0000 

  0x000077163cbea2bc: ;   {runtime_call nmethod}
  0x000077163cbea2bc: 0000 00e9 | fbff ffff 

  0x000077163cbea2c4: ;   {static_stub}
  0x000077163cbea2c4: 9048 bb00 | 0000 0000 

  0x000077163cbea2cc: ;   {runtime_call nmethod}
  0x000077163cbea2cc: 0000 00e9 | fbff ffff 

  0x000077163cbea2d4: ;   {static_stub}
  0x000077163cbea2d4: 9048 bb00 | 0000 0000 

  0x000077163cbea2dc: ;   {runtime_call nmethod}
  0x000077163cbea2dc: 0000 00e9 | fbff ffff 

  0x000077163cbea2e4: ;   {static_stub}
  0x000077163cbea2e4: 9048 bb00 | 0000 0000 

  0x000077163cbea2ec: ;   {runtime_call nmethod}
  0x000077163cbea2ec: 0000 00e9 | fbff ffff 

  0x000077163cbea2f4: ;   {static_stub}
  0x000077163cbea2f4: 9048 bb00 | 0000 0000 

  0x000077163cbea2fc: ;   {runtime_call nmethod}
  0x000077163cbea2fc: 0000 00e9 | fbff ffff 

  0x000077163cbea304: ;   {static_stub}
  0x000077163cbea304: 9048 bb00 | 0000 0000 

  0x000077163cbea30c: ;   {runtime_call nmethod}
  0x000077163cbea30c: 0000 00e9 | fbff ffff 

  0x000077163cbea314: ;   {static_stub}
  0x000077163cbea314: 9048 bb00 | 0000 0000 

  0x000077163cbea31c: ;   {runtime_call nmethod}
  0x000077163cbea31c: 0000 00e9 | fbff ffff 

  0x000077163cbea324: ;   {static_stub}
  0x000077163cbea324: 48bb 0000 | 0000 0000 

  0x000077163cbea32c: ;   {runtime_call nmethod}
  0x000077163cbea32c: 0000 e9fb 

  0x000077163cbea330: ;   {static_stub}
  0x000077163cbea330: ffff ff48 | bb00 0000 | 0000 0000 

  0x000077163cbea33c: ;   {runtime_call nmethod}
  0x000077163cbea33c: 00e9 fbff 

  0x000077163cbea340: ;   {static_stub}
  0x000077163cbea340: ffff 48bb | 0000 0000 | 0000 0000 

  0x000077163cbea34c: ;   {runtime_call nmethod}
  0x000077163cbea34c: e9fb ffff 

  0x000077163cbea350: ;   {static_stub}
  0x000077163cbea350: ff48 bb00 | 0000 0000 

  0x000077163cbea358: ;   {runtime_call nmethod}
  0x000077163cbea358: 0000 00e9 | fbff ffff 

  0x000077163cbea360: ;   {static_stub}
  0x000077163cbea360: 48bb 0000 | 0000 0000 

  0x000077163cbea368: ;   {runtime_call nmethod}
  0x000077163cbea368: 0000 e9fb 

  0x000077163cbea36c: ;   {static_stub}
  0x000077163cbea36c: ffff ff48 | bb00 0000 | 0000 0000 

  0x000077163cbea378: ;   {runtime_call nmethod}
  0x000077163cbea378: 00e9 fbff 

  0x000077163cbea37c: ;   {static_stub}
  0x000077163cbea37c: ffff 48bb | f8fa 0f14 | 696a 0000 

  0x000077163cbea388: ;   {runtime_call I2C/C2I adapters}
  0x000077163cbea388: e9d9 f907 

  0x000077163cbea38c: ;   {static_stub}
  0x000077163cbea38c: 0748 bb00 | 0000 0000 

  0x000077163cbea394: ;   {runtime_call nmethod}
  0x000077163cbea394: 0000 00e9 | fbff ffff 
[Exception Handler]
  0x000077163cbea39c: ;   {runtime_call handle_exception_from_callee Runtime1 stub}
  0x000077163cbea39c: e8df 9a12 

  0x000077163cbea3a0: ;   {external_word}
  0x000077163cbea3a0: 0748 bfbb | 5114 5c16 | 7700 0048 

  0x000077163cbea3ac: ;   {runtime_call MacroAssembler::debug64(char*, long, long*)}
  0x000077163cbea3ac: 83e4 f0e8 | 9c0a 021f 

  0x000077163cbea3b4: ;   {section_word}
  0x000077163cbea3b4: f449 bab5 | a3be 3c16 | 7700 0041 

  0x000077163cbea3c0: ;   {runtime_call DeoptimizationBlob}
  0x000077163cbea3c0: 52e9 da02 | 0807 f4f4 
[/MachCode]


Compiled method (c2) 5136 2441   !   4       org.apache.xalan.templates.ElemApplyTemplates::execute (141 bytes)
 total in heap  [0x00007716444fb890,0x00007716444fca30] = 4512
 relocation     [0x00007716444fb9e8,0x00007716444fbac0] = 216
 main code      [0x00007716444fbac0,0x00007716444fc308] = 2120
 stub code      [0x00007716444fc308,0x00007716444fc378] = 112
 oops           [0x00007716444fc378,0x00007716444fc380] = 8
 metadata       [0x00007716444fc380,0x00007716444fc448] = 200
 scopes data    [0x00007716444fc448,0x00007716444fc718] = 720
 scopes pcs     [0x00007716444fc718,0x00007716444fc918] = 512
 dependencies   [0x00007716444fc918,0x00007716444fc960] = 72
 handler table  [0x00007716444fc960,0x00007716444fc9f0] = 144
 nul chk table  [0x00007716444fc9f0,0x00007716444fca30] = 64

[Constant Pool (empty)]

[MachCode]
[Entry Point]
  # {method} {0x00006a691455ac10} 'execute' '(Lorg/apache/xalan/transformer/TransformerImpl;)V' in 'org/apache/xalan/templates/ElemApplyTemplates'
  # this:     rsi:rsi   = 'org/apache/xalan/templates/ElemApplyTemplates'
  # parm0:    rdx:rdx   = 'org/apache/xalan/transformer/TransformerImpl'
  #           [sp+0x70]  (sp of caller)
  0x00007716444fbac0: 448b 5608 | 49bb 0000 | 001f 696a | 0000 4d03 | d349 3bc2 

  0x00007716444fbad4: ;   {runtime_call ic_miss_stub}
  0x00007716444fbad4: 0f85 a692 | 76ff 6690 | 0f1f 4000 
[Verified Entry Point]
  0x00007716444fbae0: 8984 2400 | c0fe ff55 | 4883 ec60 | 4181 7f20 | 0100 0000 | 0f85 0008 | 0000 4889 | 7424 0848 
  0x00007716444fbb00: 8954 2430 

  0x00007716444fbb04: ; implicit exception: dispatches to 0x00007716444fc158
  0x00007716444fbb04: 448b 5a74 

  0x00007716444fbb08: ; implicit exception: dispatches to 0x00007716444fc170
  0x00007716444fbb08: 458b 5310 | 418b 6b0c | ffcd 443b | d50f 84ad | 0400 0045 | 8b43 1441 | 8d6a 0141 | 896b 1045 
  0x00007716444fbb28: 8b58 0c41 | 3beb 0f83 | ca03 0000 | 8baa 9000 | 0000 4d63 | d247 8864 | 1011 85ed | 0f84 d603 
  0x00007716444fbb48: 0000 4c8b | dd48 8d5c | 2440 498b | 03a8 020f | 8523 0000 | 0048 83c8 | 0148 8903 | f049 0fb1 
  0x00007716444fbb68: 1b0f 8437 | 0000 0048 | 2bc4 4825 | 07f0 ffff | 4889 03e9 | 2400 0000 | 4c8b d048 | 33c0 f04d 
  0x00007716444fbb88: 0fb1 7a3e | 48c7 0303 | 0000 0074 | 114c 3bf8 | 7515 49ff | 8286 0000 | 0048 33c0 | 7509 49ff 
  0x00007716444fbba8: 8768 0800 | 0033 c00f | 859b 0300 | 008b 6d10 | 488d 4424 | 4048 8338 | 000f 8479 | 0000 004d 
  0x00007716444fbbc8: 8b13 41f6 | c202 0f84 

  0x00007716444fbbd0: ;   {no_reloc}
  0x00007716444fbbd0: 6200 0000 | 4983 ba86 | 0000 0000 | 7409 49ff | 8a86 0000 | 00eb 4b49 | 8b82 9600 | 0000 490b 
  0x00007716444fbbf0: 828e 0000 | 0075 0a49 | c742 3e00 | 0000 00eb | 3d49 83ba | 9e00 0000 | 0074 2248 | 33c0 49c7 
  0x00007716444fbc10: 423e 0000 | 0000 f083 | 0424 0049 | 83ba 9e00 | 0000 0075 | 0df0 4d0f | b17a 3e75 | 0583 c801 
  0x00007716444fbc30: eb0c a800 | eb08 4c8b | 10f0 4d0f | b113 750a | 49ff 8f68 | 0800 0045 | 33d2 0f85 | 3603 0000 
  0x00007716444fbc50: 4c8b 5424 | 3045 8b92 | 9000 0000 | 4489 5424 | 2085 ed0f | 8517 0100 | 0045 33db | 4c8b 5424 
  0x00007716444fbc70: 0845 0fb6 | 524d 4585 | d20f 8572 | 0200 004d | 85db 0f85 | 2303 0000 | 4c8b 5424 | 0841 8b6a 
  0x00007716444fbc90: 6885 ed0f | 85b1 0000 | 0045 33db | 4489 5c24 | 104c 8b54 | 2430 410f | b66a 1585 | ed0f 853d 
  0x00007716444fbcb0: 0300 0048 | 8b74 2408 

  0x00007716444fbcb8: ;   {optimized virtual_call}
  0x00007716444fbcb8: 498b d2e8 

  0x00007716444fbcbc: ; ImmutableOopMap {[8]=Oop [48]=Oop }
                      ;*invokevirtual transformSelectedNodes {reexecute=0 rethrow=0 return_oop=0}
                      ; - org.apache.xalan.templates.ElemApplyTemplates::execute@75 (line 178)
  0x00007716444fbcbc: a0f1 6df8 

  0x00007716444fbcc0: ;   {other}
  0x00007716444fbcc0: 0f1f 8400 | 3004 0000 | 4c8b 5424 | 3041 0fb6 | 6a15 85ed | 0f85 3203 | 0000 448b | 5424 1045 
  0x00007716444fbce0: 85d2 7539 | 4c8b 5424 | 3045 8b5a | 7445 8b43 | 1441 8b6b | 1044 8d55 | ff45 8953 | 1045 8b50 
  0x00007716444fbd00: 0c41 3bea | 0f83 2e02 | 0000 4883 

  0x00007716444fbd0c: ;   {poll_return}
  0x00007716444fbd0c: c460 5d49 | 3ba7 6807 | 0000 0f87 | c805 0000 | c34c 8b54 | 2430 458b | 9290 0000 | 0045 85d2 
  0x00007716444fbd2c: 0f84 f602 | 0000 498b | f248 8b6c 

  0x00007716444fbd38: ;   {optimized virtual_call}
  0x00007716444fbd38: 2430 90e8 

  0x00007716444fbd3c: ; ImmutableOopMap {rbp=Oop [48]=Oop }
                      ;*invokevirtual pop {reexecute=0 rethrow=0 return_oop=1}
                      ; - org.apache.xalan.transformer.TransformerImpl::popMode@4 (line 3219)
                      ; - org.apache.xalan.templates.ElemApplyTemplates::execute@98 (line 186)
  0x00007716444fbd3c: 8042 f8ff 

  0x00007716444fbd40: ;   {other}
  0x00007716444fbd40: 0f1f 8400 | b004 0001 | eb9a 448b | 5424 2045 | 85d2 0f84 | e802 0000 | 488b d549 | 8bf2 488b 
  0x00007716444fbd60: ;   {optimized virtual_call}
  0x00007716444fbd60: 6c24 08e8 

  0x00007716444fbd64: ; ImmutableOopMap {rbp=Oop [8]=Oop [48]=Oop }
                      ;*invokevirtual push {reexecute=0 rethrow=0 return_oop=1}
                      ; - org.apache.xalan.transformer.TransformerImpl::pushMode@5 (line 3208)
                      ; - org.apache.xalan.templates.ElemApplyTemplates::execute@55 (line 172)
  0x00007716444fbd64: 7850 0200 

  0x00007716444fbd68: ;   {other}
  0x00007716444fbd68: 0f1f 8400 | d804 0002 | 41ba 0100 | 0000 4489 | 5424 10e9 | 21ff ffff | 4585 d20f | 84d3 0200 
  0x00007716444fbd88: 004d 8bc2 | 488d 5c24 | 4049 8b00 | a802 0f85 | 2300 0000 | 4883 c801 | 4889 03f0 | 490f b118 
  0x00007716444fbda8: 0f84 3700 | 0000 482b | c448 2507 | f0ff ff48 | 8903 e924 | 0000 004c | 8bd0 4833 | c0f0 4d0f 
  0x00007716444fbdc8: b17a 3e48 | c703 0300 | 0000 7411 | 4c3b f875 | 1549 ff82 | 8600 0000 | 4833 c075 | 0949 ff87 
  0x00007716444fbde8: 6808 0000 | 33c0 0f85 | a402 0000 | 448b 5424 | 2045 8b4a | 1045 85c9 | 0f84 e502 | 0000 458d 
  0x00007716444fbe08: 59ff 453b | d90f 8df5 | 0200 008b | 4c24 208b | 6918 448b | 550c 453b | da0f 834d | 0200 0042 
  0x00007716444fbe28: 8b5c 8d0c | 488d 4424 | 4048 8338 | 000f 8479 | 0000 004d | 8b10 41f6 | c202 0f84 | 6200 0000 
  0x00007716444fbe48: 4983 ba86 | 0000 0000 | 7409 49ff | 8a86 0000 | 00eb 4b49 | 8b82 9600 | 0000 490b 

  0x00007716444fbe64: ;   {no_reloc}
  0x00007716444fbe64: 828e 0000 | 0075 0a49 | c742 3e00 | 0000 00eb | 3d49 83ba | 9e00 0000 | 0074 2248 | 33c0 49c7 
  0x00007716444fbe84: 423e 0000 | 0000 f083 | 0424 0049 | 83ba 9e00 | 0000 0075 | 0df0 4d0f | b17a 3e75 | 0583 c801 
  0x00007716444fbea4: eb0c a800 | eb08 4c8b | 10f0 4d0f | b110 750a | 49ff 8f68 | 0800 0045 | 33d2 0f85 | 0202 0000 
  0x00007716444fbec4: ; implicit exception: dispatches to 0x00007716444fc1ec
  0x00007716444fbec4: 448b 5b08 

  0x00007716444fbec8: ;   {metadata('org/apache/xml/utils/QName')}
  0x00007716444fbec8: 4181 fba8 | f502 010f | 8567 0200 | 004c 8b54 | 2430 458b | 9a90 0000 | 0044 895c | 2420 4c8b 
  0x00007716444fbee8: d34d 8bda | e97b fdff | ff45 33d2 | 4489 5424 | 10e9 a3fd | ffff bee4 | ffff ff48 | ff74 2408 
  0x00007716444fbf08: 488f 0424 | 4489 4424 

  0x00007716444fbf10: ;   {runtime_call UncommonTrapBlob}
  0x00007716444fbf10: 1066 90e8 

  0x00007716444fbf14: ; ImmutableOopMap {[0]=Oop [16]=NarrowOop [48]=Oop }
                      ;*bastore {reexecute=0 rethrow=0 return_oop=0}
                      ; - org.apache.xml.utils.BoolStack::push@34 (line 94)
                      ; - org.apache.xalan.transformer.TransformerImpl::pushCurrentTemplateRuleIsNull@5 (line 3041)
                      ; - org.apache.xalan.templates.ElemApplyTemplates::execute@2 (line 153)
  0x00007716444fbf14: e8e3 76ff 

  0x00007716444fbf18: ;   {other}
  0x00007716444fbf18: 0f1f 8400 | 8806 0003 | bef6 ffff | ff48 8b6c 

  0x00007716444fbf28: ;   {runtime_call UncommonTrapBlob}
  0x00007716444fbf28: 2408 90e8 

  0x00007716444fbf2c: ; ImmutableOopMap {rbp=Oop [48]=Oop }
                      ;*invokevirtual isEmpty {reexecute=0 rethrow=0 return_oop=0}
                      ; - org.apache.xalan.transformer.TransformerImpl::getMode@4 (line 3195)
                      ; - org.apache.xalan.templates.ElemApplyTemplates::execute@8 (line 163)
  0x00007716444fbf2c: d0e3 76ff 

  0x00007716444fbf30: ;   {other}
  0x00007716444fbf30: 0f1f 8400 | a006 0004 | bee4 ffff | ff44 8904 

  0x00007716444fbf40: ;   {runtime_call UncommonTrapBlob}
  0x00007716444fbf40: 2466 90e8 

  0x00007716444fbf44: ; ImmutableOopMap {[0]=NarrowOop }
                      ;*baload {reexecute=0 rethrow=0 return_oop=0}
                      ; - org.apache.xml.utils.BoolStack::pop@15 (line 106)
                      ; - org.apache.xalan.transformer.TransformerImpl::popCurrentTemplateRuleIsNull@4 (line 3050)
                      ; - org.apache.xalan.templates.ElemApplyTemplates::execute@102 (line 188)
  0x00007716444fbf44: b8e3 76ff 

  0x00007716444fbf48: ;   {other}
  0x00007716444fbf48: 0f1f 8400 | b806 0005 | 498b f348 | 8d54 2440 | 48ff 7424 | 3048 8f44 | 2410 4c89 | 5c24 284c 
  0x00007716444fbf68: 895c 2438 

  0x00007716444fbf6c: ;   {runtime_call _complete_monitor_locking_Java}
  0x00007716444fbf6c: 6666 90e8 

  0x00007716444fbf70: ; ImmutableOopMap {rbp=NarrowOop [8]=Oop [16]=Oop [40]=Oop [48]=Oop [56]=Oop }
                      ;*synchronization entry
                      ; - java.util.Vector::isEmpty@-1 (line 316)
                      ; - org.apache.xalan.transformer.TransformerImpl::getMode@4 (line 3195)
                      ; - org.apache.xalan.templates.ElemApplyTemplates::execute@8 (line 163)
  0x00007716444fbf70: 0c5a 82ff 

  0x00007716444fbf74: ;   {other}
  0x00007716444fbf74: 0f1f 8400 | e406 0006 | 4c8b 5c24 | 28e9 2ffc | ffff 498b | fb48 8d74 | 2440 498b | d749 baa0 
  0x00007716444fbf94: 89de 5b16 | 7700 0041 

  0x00007716444fbf9c: ;   {other}
  0x00007716444fbf9c: ffd2 0f1f | 8400 0000 | 0000 e9a5 | fcff ffbe | 45ff ffff | 488b 6c24 | 084c 895c 

  0x00007716444fbfb8: ;   {runtime_call UncommonTrapBlob}
  0x00007716444fbfb8: 2410 90e8 

  0x00007716444fbfbc: ; ImmutableOopMap {rbp=Oop [16]=Oop [48]=Oop }
                      ;*if_acmpne {reexecute=1 rethrow=0 return_oop=0}
                      ; - (reexecute) org.apache.xalan.templates.ElemApplyTemplates::execute@21 (line 167)
  0x00007716444fbfbc: 40e3 76ff 

  0x00007716444fbfc0: ;   {other}
  0x00007716444fbfc0: 0f1f 8400 | 3007 0007 | be45 ffff | ff48 ff74 | 2408 488f | 0424 4489 | 5c24 1044 | 8954 2414 
  0x00007716444fbfe0: ;   {runtime_call UncommonTrapBlob}
  0x00007716444fbfe0: 6666 90e8 

  0x00007716444fbfe4: ; ImmutableOopMap {[0]=Oop [16]=NarrowOop [48]=Oop }
                      ;*if_icmpne {reexecute=1 rethrow=0 return_oop=0}
                      ; - (reexecute) org.apache.xml.utils.BoolStack::push@10 (line 91)
                      ; - org.apache.xalan.transformer.TransformerImpl::pushCurrentTemplateRuleIsNull@5 (line 3041)
                      ; - org.apache.xalan.templates.ElemApplyTemplates::execute@2 (line 153)
  0x00007716444fbfe4: 18e3 76ff 

  0x00007716444fbfe8: ;   {other}
  0x00007716444fbfe8: 0f1f 8400 | 5807 0008 | be45 ffff | ff48 ff74 | 2408 488f 

  0x00007716444fbffc: ;   {runtime_call UncommonTrapBlob}
  0x00007716444fbffc: 0424 90e8 

  0x00007716444fc000: ; ImmutableOopMap {[0]=Oop [48]=Oop }
                      ;*ifeq {reexecute=1 rethrow=0 return_oop=0}
                      ; - (reexecute) org.apache.xalan.templates.ElemApplyTemplates::execute@62 (line 175)
  0x00007716444fc000: fce2 76ff 

  0x00007716444fc004: ;   {other}
  0x00007716444fc004: 0f1f 8400 | 7407 0009 | be45 ffff | ff48 ff74 | 2408 488f 

  0x00007716444fc018: ;   {runtime_call UncommonTrapBlob}
  0x00007716444fc018: 0424 90e8 

  0x00007716444fc01c: ; ImmutableOopMap {[0]=Oop [48]=Oop }
                      ;*ifeq {reexecute=1 rethrow=0 return_oop=0}
                      ; - (reexecute) org.apache.xalan.templates.ElemApplyTemplates::execute@82 (line 182)
  0x00007716444fc01c: e0e2 76ff 

  0x00007716444fc020: ;   {other}
  0x00007716444fc020: 0f1f 8400 | 9007 000a | bef6 ffff | ff48 8b6c 

  0x00007716444fc030: ;   {runtime_call UncommonTrapBlob}
  0x00007716444fc030: 2430 90e8 

  0x00007716444fc034: ; ImmutableOopMap {rbp=Oop }
                      ;*invokevirtual pop {reexecute=0 rethrow=0 return_oop=0}
                      ; - org.apache.xalan.transformer.TransformerImpl::popMode@4 (line 3219)
                      ; - org.apache.xalan.templates.ElemApplyTemplates::execute@98 (line 186)
  0x00007716444fc034: c8e2 76ff 

  0x00007716444fc038: ;   {other}
  0x00007716444fc038: 0f1f 8400 | a807 000b | bef6 ffff | ff48 ff74 | 2408 488f 

  0x00007716444fc04c: ;   {runtime_call UncommonTrapBlob}
  0x00007716444fc04c: 0424 90e8 

  0x00007716444fc050: ; ImmutableOopMap {rbp=NarrowOop [0]=Oop [48]=Oop }
                      ;*invokevirtual push {reexecute=0 rethrow=0 return_oop=0}
                      ; - org.apache.xalan.transformer.TransformerImpl::pushMode@5 (line 3208)
                      ; - org.apache.xalan.templates.ElemApplyTemplates::execute@55 (line 172)
  0x00007716444fc050: ace2 76ff 

  0x00007716444fc054: ;   {other}
  0x00007716444fc054: 0f1f 8400 | c407 000c | bef6 ffff | ff48 8b6c 

  0x00007716444fc064: ;   {runtime_call UncommonTrapBlob}
  0x00007716444fc064: 2408 90e8 

  0x00007716444fc068: ; ImmutableOopMap {rbp=Oop [48]=Oop }
                      ;*invokevirtual peek {reexecute=0 rethrow=0 return_oop=0}
                      ; - org.apache.xalan.transformer.TransformerImpl::getMode@18 (line 3195)
                      ; - org.apache.xalan.templates.ElemApplyTemplates::execute@8 (line 163)
  0x00007716444fc068: 94e2 76ff 

  0x00007716444fc06c: ;   {other}
  0x00007716444fc06c: 0f1f 8400 | dc07 000d | bee4 ffff | ff48 ff74 | 2408 488f | 0424 894c | 2414 4489 

  0x00007716444fc088: ;   {runtime_call UncommonTrapBlob}
  0x00007716444fc088: 5c24 18e8 

  0x00007716444fc08c: ; ImmutableOopMap {rbp=NarrowOop [0]=Oop [20]=NarrowOop [32]=NarrowOop [48]=Oop }
                      ;*aaload {reexecute=0 rethrow=0 return_oop=0}
                      ; - java.util.Vector::elementData@5 (line 731)
                      ; - java.util.Vector::elementAt@44 (line 469)
                      ; - java.util.Stack::peek@21 (line 104)
                      ; - org.apache.xalan.transformer.TransformerImpl::getMode@18 (line 3195)
                      ; - org.apache.xalan.templates.ElemApplyTemplates::execute@8 (line 163)
  0x00007716444fc08c: 70e2 76ff 

  0x00007716444fc090: ;   {other}
  0x00007716444fc090: 0f1f 8400 | 0008 000e | 498b f048 | 8d54 2440 | 488b 6c24 | 084c 8944 | 2418 4c89 

  0x00007716444fc0ac: ;   {runtime_call _complete_monitor_locking_Java}
  0x00007716444fc0ac: 4424 28e8 

  0x00007716444fc0b0: ; ImmutableOopMap {rbp=Oop [8]=Oop [24]=Oop [32]=NarrowOop [40]=Oop [48]=Oop }
                      ;*synchronization entry
                      ; - java.util.Stack::peek@-1 (line 100)
                      ; - org.apache.xalan.transformer.TransformerImpl::getMode@18 (line 3195)
                      ; - org.apache.xalan.templates.ElemApplyTemplates::execute@8 (line 163)
  0x00007716444fc0b0: cc58 82ff 

  0x00007716444fc0b4: ;   {other}
  0x00007716444fc0b4: 0f1f 8400 | 2408 000f | 4c8b 4424 | 18e9 2efd | ffff 498b | f848 8d74 | 2440 498b | d749 baa0 
  0x00007716444fc0d4: 89de 5b16 | 7700 0041 

  0x00007716444fc0dc: ;   {other}
  0x00007716444fc0dc: ffd2 0f1f | 8400 0000 | 0000 e9d9 | fdff ffbe | 45ff ffff | 488b 6c24 | 0844 894c 

  0x00007716444fc0f8: ;   {runtime_call UncommonTrapBlob}
  0x00007716444fc0f8: 2408 90e8 

  0x00007716444fc0fc: ; ImmutableOopMap {rbp=Oop [32]=NarrowOop [48]=Oop }
                      ;*ifne {reexecute=1 rethrow=0 return_oop=0}
                      ; - (reexecute) java.util.Stack::peek@6 (line 102)
                      ; - org.apache.xalan.transformer.TransformerImpl::getMode@18 (line 3195)
                      ; - org.apache.xalan.templates.ElemApplyTemplates::execute@8 (line 163)
  0x00007716444fc0fc: 00e2 76ff 

  0x00007716444fc100: ;   {other}
  0x00007716444fc100: 0f1f 8400 | 7008 0010 | be45 ffff | ff48 8b6c | 2408 4889 | 4424 f88b | 4424 2089 | 4424 0848 
  0x00007716444fc120: 8b44 24f8 | 4489 5c24 | 1444 894c 

  0x00007716444fc12c: ;   {runtime_call UncommonTrapBlob}
  0x00007716444fc12c: 2418 90e8 

  0x00007716444fc130: ; ImmutableOopMap {rbp=Oop [8]=NarrowOop [48]=Oop }
                      ;*if_icmplt {reexecute=1 rethrow=0 return_oop=0}
                      ; - (reexecute) java.util.Vector::elementAt@5 (line 465)
                      ; - java.util.Stack::peek@21 (line 104)
                      ; - org.apache.xalan.transformer.TransformerImpl::getMode@18 (line 3195)
                      ; - org.apache.xalan.templates.ElemApplyTemplates::execute@8 (line 163)
  0x00007716444fc130: cce1 76ff 

  0x00007716444fc134: ;   {other}
  0x00007716444fc134: 0f1f 8400 | a408 0011 | bede ffff | ff48 8b6c | 2408 895c 

  0x00007716444fc148: ;   {runtime_call UncommonTrapBlob}
  0x00007716444fc148: 2408 90e8 

  0x00007716444fc14c: ; ImmutableOopMap {rbp=Oop [8]=NarrowOop [48]=Oop }
                      ;*checkcast {reexecute=0 rethrow=0 return_oop=0}
                      ; - org.apache.xalan.transformer.TransformerImpl::getMode@21 (line 3195)
                      ; - org.apache.xalan.templates.ElemApplyTemplates::execute@8 (line 163)
  0x00007716444fc14c: b0e1 76ff 

  0x00007716444fc150: ;   {other}
  0x00007716444fc150: 0f1f 8400 | c008 0012 | bef6 ffff | ff48 8b6c 

  0x00007716444fc160: ;   {runtime_call UncommonTrapBlob}
  0x00007716444fc160: 2408 90e8 

  0x00007716444fc164: ; ImmutableOopMap {rbp=Oop }
                      ;*invokevirtual pushCurrentTemplateRuleIsNull {reexecute=0 rethrow=0 return_oop=0}
                      ; - org.apache.xalan.templates.ElemApplyTemplates::execute@2 (line 153)
  0x00007716444fc164: 98e1 76ff 

  0x00007716444fc168: ;   {other}
  0x00007716444fc168: 0f1f 8400 | d808 0013 | bef6 ffff | ff48 8b6c 

  0x00007716444fc178: ;   {runtime_call UncommonTrapBlob}
  0x00007716444fc178: 2408 90e8 

  0x00007716444fc17c: ; ImmutableOopMap {rbp=Oop [48]=Oop }
                      ;*invokevirtual push {reexecute=0 rethrow=0 return_oop=0}
                      ; - org.apache.xalan.transformer.TransformerImpl::pushCurrentTemplateRuleIsNull@5 (line 3041)
                      ; - org.apache.xalan.templates.ElemApplyTemplates::execute@2 (line 153)
  0x00007716444fc17c: 80e1 76ff 

  0x00007716444fc180: ;   {other}
  0x00007716444fc180: 0f1f 8400 | f008 0014 | bef6 ffff | ff48 ff74 | 2408 488f 

  0x00007716444fc194: ;   {runtime_call UncommonTrapBlob}
  0x00007716444fc194: 0424 90e8 

  0x00007716444fc198: ; ImmutableOopMap {[0]=Oop [48]=Oop }
                      ;*bastore {reexecute=0 rethrow=0 return_oop=0}
                      ; - org.apache.xml.utils.BoolStack::push@34 (line 94)
                      ; - org.apache.xalan.transformer.TransformerImpl::pushCurrentTemplateRuleIsNull@5 (line 3041)
                      ; - org.apache.xalan.templates.ElemApplyTemplates::execute@2 (line 153)
  0x00007716444fc198: 64e1 76ff 

  0x00007716444fc19c: ;   {other}
  0x00007716444fc19c: 0f1f 8400 | 0c09 0015 | bef6 ffff 

  0x00007716444fc1a8: ;   {runtime_call UncommonTrapBlob}
  0x00007716444fc1a8: ff66 90e8 

  0x00007716444fc1ac: ; ImmutableOopMap {}
                      ;*invokevirtual pop {reexecute=0 rethrow=0 return_oop=0}
                      ; - org.apache.xalan.transformer.TransformerImpl::popCurrentTemplateRuleIsNull@4 (line 3050)
                      ; - org.apache.xalan.templates.ElemApplyTemplates::execute@102 (line 188)
  0x00007716444fc1ac: 50e1 76ff 

  0x00007716444fc1b0: ;   {other}
  0x00007716444fc1b0: 0f1f 8400 | 2009 0016 | bef6 ffff 

  0x00007716444fc1bc: ;   {runtime_call UncommonTrapBlob}
  0x00007716444fc1bc: ff66 90e8 

  0x00007716444fc1c0: ; ImmutableOopMap {}
                      ;*baload {reexecute=0 rethrow=0 return_oop=0}
                      ; - org.apache.xml.utils.BoolStack::pop@15 (line 106)
                      ; - org.apache.xalan.transformer.TransformerImpl::popCurrentTemplateRuleIsNull@4 (line 3050)
                      ; - org.apache.xalan.templates.ElemApplyTemplates::execute@102 (line 188)
  0x00007716444fc1c0: 3ce1 76ff 

  0x00007716444fc1c4: ;   {other}
  0x00007716444fc1c4: 0f1f 8400 | 3409 0017 | bef6 ffff | ff48 8b6c | 2408 894c | 240c 4489 

  0x00007716444fc1dc: ;   {runtime_call UncommonTrapBlob}
  0x00007716444fc1dc: 5c24 10e8 

  0x00007716444fc1e0: ; ImmutableOopMap {rbp=Oop [12]=NarrowOop [32]=NarrowOop [48]=Oop }
                      ;*aaload {reexecute=0 rethrow=0 return_oop=0}
                      ; - java.util.Vector::elementData@5 (line 731)
                      ; - java.util.Vector::elementAt@44 (line 469)
                      ; - java.util.Stack::peek@21 (line 104)
                      ; - org.apache.xalan.transformer.TransformerImpl::getMode@18 (line 3195)
                      ; - org.apache.xalan.templates.ElemApplyTemplates::execute@8 (line 163)
  0x00007716444fc1e0: 1ce1 76ff 

  0x00007716444fc1e4: ;   {other}
  0x00007716444fc1e4: 0f1f 8400 | 5409 0018 | bef4 ffff | ff48 8b6c 

  0x00007716444fc1f4: ;   {runtime_call UncommonTrapBlob}
  0x00007716444fc1f4: 2408 90e8 

  0x00007716444fc1f8: ; ImmutableOopMap {rbp=Oop [48]=Oop }
                      ;*checkcast {reexecute=0 rethrow=0 return_oop=0}
                      ; - org.apache.xalan.transformer.TransformerImpl::getMode@21 (line 3195)
                      ; - org.apache.xalan.templates.ElemApplyTemplates::execute@8 (line 163)
  0x00007716444fc1f8: 04e1 76ff 

  0x00007716444fc1fc: ;   {other}
  0x00007716444fc1fc: 0f1f 8400 | 6c09 0019 | 488b f0e9 | bb00 0000 | 488b f0e9 | b300 0000 | 488b f0e9 | ab00 0000 
  0x00007716444fc21c: 4c8b 5424 | 3045 0fb6 | 5a15 4585 | db74 1f45 | 8b9a 8400 | 0000 488b | e841 b801 | 0000 0044 
  0x00007716444fc23c: 8944 2410 | eb36 488b | f0e9 7d00 | 0000 41ba | 0100 0000 | 4489 5424 | 1048 8be8 | eb3a 4c8b 
  0x00007716444fc25c: 5424 3045 | 0fb6 5215 | 4585 d274 | ec4c 8b54 | 2430 458b | 9a84 0000 | 0048 8be8 | 4585 db74 
  0x00007716444fc27c: 5449 8bf3 | 488b 5424 

  0x00007716444fc284: ;   {optimized virtual_call}
  0x00007716444fc284: 0866 90e8 

  0x00007716444fc288: ; ImmutableOopMap {rbp=Oop [48]=Oop }
                      ;*invokevirtual fireTraceEndEvent {reexecute=0 rethrow=0 return_oop=0}
                      ; - org.apache.xalan.templates.ElemApplyTemplates::execute@122 (line 183)
  0x00007716444fc288: f48d 76ff 

  0x00007716444fc28c: ;   {other}
  0x00007716444fc28c: 0f1f 8400 | fc09 001a | 448b 5c24 | 1045 85db | 7412 488b 

  0x00007716444fc2a0: ;   {optimized virtual_call}
  0x00007716444fc2a0: 7424 30e8 

  0x00007716444fc2a4: ; ImmutableOopMap {rbp=Oop [48]=Oop }
                      ;*invokevirtual popMode {reexecute=0 rethrow=0 return_oop=0}
                      ; - org.apache.xalan.templates.ElemApplyTemplates::execute@130 (line 186)
  0x00007716444fc2a4: d88d 76ff 

  0x00007716444fc2a8: ;   {other}
  0x00007716444fc2a8: 0f1f 8400 | 180a 001b | 488b 7424 

  0x00007716444fc2b4: ;   {optimized virtual_call}
  0x00007716444fc2b4: 3066 90e8 

  0x00007716444fc2b8: ; ImmutableOopMap {rbp=Oop }
                      ;*invokevirtual popCurrentTemplateRuleIsNull {reexecute=0 rethrow=0 return_oop=0}
                      ; - org.apache.xalan.templates.ElemApplyTemplates::execute@134 (line 188)
  0x00007716444fc2b8: c48d 76ff 

  0x00007716444fc2bc: ;   {other}
  0x00007716444fc2bc: 0f1f 8400 | 2c0a 001c | 488b f548 | 83c4 605d 

  0x00007716444fc2cc: ;   {runtime_call _rethrow_Java}
  0x00007716444fc2cc: e9af 5f82 | ffbe f6ff 

  0x00007716444fc2d4: ;   {runtime_call UncommonTrapBlob}
  0x00007716444fc2d4: ffff 90e8 

  0x00007716444fc2d8: ; ImmutableOopMap {rbp=Oop [8]=Oop [48]=Oop }
                      ;*invokevirtual fireTraceEndEvent {reexecute=0 rethrow=0 return_oop=0}
                      ; - org.apache.xalan.templates.ElemApplyTemplates::execute@122 (line 183)
  0x00007716444fc2d8: 24e0 76ff 

  0x00007716444fc2dc: ;   {other}
  0x00007716444fc2dc: 0f1f 8400 | 4c0a 001d 

  0x00007716444fc2e4: ;   {internal_word}
  0x00007716444fc2e4: 49ba 0fbd | 4f44 1677 | 0000 4d89 | 9780 0700 

  0x00007716444fc2f4: ;   {runtime_call SafepointBlob}
  0x00007716444fc2f4: 00e9 06f1 

  0x00007716444fc2f8: ;   {runtime_call StubRoutines (final stubs)}
  0x00007716444fc2f8: 76ff e861 | 2b75 ffe9 | f6f7 ffff | f4f4 f4f4 
[Stub Code]
  0x00007716444fc308: ;   {no_reloc}
  0x00007716444fc308: 48bb 0000 | 0000 0000 

  0x00007716444fc310: ;   {runtime_call nmethod}
  0x00007716444fc310: 0000 e9fb 

  0x00007716444fc314: ;   {static_stub}
  0x00007716444fc314: ffff ff48 | bb00 0000 | 0000 0000 

  0x00007716444fc320: ;   {runtime_call nmethod}
  0x00007716444fc320: 00e9 fbff 

  0x00007716444fc324: ;   {static_stub}
  0x00007716444fc324: ffff 48bb | 0000 0000 | 0000 0000 

  0x00007716444fc330: ;   {runtime_call nmethod}
  0x00007716444fc330: e9fb ffff 

  0x00007716444fc334: ;   {static_stub}
  0x00007716444fc334: ff48 bb00 | 0000 0000 

  0x00007716444fc33c: ;   {runtime_call nmethod}
  0x00007716444fc33c: 0000 00e9 | fbff ffff 

  0x00007716444fc344: ;   {static_stub}
  0x00007716444fc344: 48bb 0000 | 0000 0000 

  0x00007716444fc34c: ;   {runtime_call nmethod}
  0x00007716444fc34c: 0000 e9fb 

  0x00007716444fc350: ;   {static_stub}
  0x00007716444fc350: ffff ff48 | bb00 0000 | 0000 0000 

  0x00007716444fc35c: ;   {runtime_call nmethod}
  0x00007716444fc35c: 00e9 fbff 

  0x00007716444fc360: ;   {runtime_call ExceptionBlob}
  0x00007716444fc360: ffff e999 | d381 ffe8 | 0000 0000 | 4883 2c24 

  0x00007716444fc370: ;   {runtime_call DeoptimizationBlob}
  0x00007716444fc370: 05e9 2ae3 | 76ff f4f4 
[/MachCode]


---------------  P R O C E S S  ---------------

Threads class SMR info:
_java_thread_list=0x00006a67e0003b20, length=56, elements={
0x000077165402b240, 0x0000771654524f40, 0x00007716545267d0, 0x00007716545282c0,
0x0000771654546af0, 0x0000771654548440, 0x0000771654549d00, 0x000077165454bb40,
0x0000771654555510, 0x00006a68980459b0, 0x00006a6898046ff0, 0x00007716545a4580,
0x00007716545a7580, 0x00006a688c01de30, 0x00006a689807c370, 0x00006a689807d9a0,
0x00006a68940a2f10, 0x00007716547c3e20, 0x00007716547c4840, 0x00007716543df850,
0x00007716543e0440, 0x00007716543e1790, 0x00007716545cd570, 0x00007716545ce670,
0x00007716545cfa40, 0x00007716545d0e10, 0x00007716545d22c0, 0x00007716545d3850,
0x00007716545d4de0, 0x00007716545d6290, 0x00007716545d79a0, 0x00007716545d8d40,
0x00007716545da1f0, 0x00007716545dba30, 0x00007716545dcff0, 0x00007716545de490,
0x00007716545dfa60, 0x00007716543d2760, 0x00007716543d3cc0, 0x00007716543d50e0,
0x00007716543d6970, 0x00007716543d8200, 0x00007716543d9a90, 0x00007716543db320,
0x00007716543dcbb0, 0x00007716543baf40, 0x00007716543bc950, 0x00007716543be1e0,
0x00007716543bfa70, 0x00006a68980c46e0, 0x00006a68980d5ef0, 0x00006a68980df870,
0x00006a688005efc0, 0x00006a6898112950, 0x00006a68981240d0, 0x00006a67e0002660
}

Java Threads: ( => current thread )
  0x000077165402b240 JavaThread "main"                              [_thread_blocked, id=442229, stack(0x000077165ae17000,0x000077165af17000) (1024K)]
  0x0000771654524f40 JavaThread "Reference Handler"          daemon [_thread_blocked, id=442235, stack(0x0000771659700000,0x0000771659800000) (1024K)]
  0x00007716545267d0 JavaThread "Finalizer"                  daemon [_thread_blocked, id=442236, stack(0x0000771659600000,0x0000771659700000) (1024K)]
  0x00007716545282c0 JavaThread "MMTk Finalizer Thread"      daemon [_thread_blocked, id=442237, stack(0x0000771659500000,0x0000771659600000) (1024K)]
  0x0000771654546af0 JavaThread "Signal Dispatcher"          daemon [_thread_blocked, id=442261, stack(0x00006a69682fc000,0x00006a69683fc000) (1024K)]
  0x0000771654548440 JavaThread "Service Thread"             daemon [_thread_blocked, id=442262, stack(0x00006a6965100000,0x00006a6965200000) (1024K)]
  0x0000771654549d00 JavaThread "Monitor Deflation Thread"   daemon [_thread_blocked, id=442263, stack(0x00006a6965000000,0x00006a6965100000) (1024K)]
  0x000077165454bb40 JavaThread "C2 CompilerThread0"         daemon [_thread_blocked, id=442264, stack(0x00006a6964f00000,0x00006a6965000000) (1024K)]
  0x0000771654555510 JavaThread "C1 CompilerThread0"         daemon [_thread_blocked, id=442265, stack(0x00006a6964e00000,0x00006a6964f00000) (1024K)]
  0x00006a68980459b0 JavaThread "C1 CompilerThread1"         daemon [_thread_blocked, id=442266, stack(0x00006a6964d00000,0x00006a6964e00000) (1024K)]
  0x00006a6898046ff0 JavaThread "C1 CompilerThread2"         daemon [_thread_blocked, id=442267, stack(0x00006a6964c00000,0x00006a6964d00000) (1024K)]
  0x00007716545a4580 JavaThread "Notification Thread"        daemon [_thread_blocked, id=442268, stack(0x00006a6964b00000,0x00006a6964c00000) (1024K)]
  0x00007716545a7580 JavaThread "Common-Cleaner"             daemon [_thread_blocked, id=442269, stack(0x00006a6964a00000,0x00006a6964b00000) (1024K)]
  0x00006a688c01de30 JavaThread "C2 CompilerThread1"         daemon [_thread_blocked, id=442270, stack(0x00006a6964900000,0x00006a6964a00000) (1024K)]
  0x00006a689807c370 JavaThread "C1 CompilerThread3"         daemon [_thread_blocked, id=442271, stack(0x00006a6964800000,0x00006a6964900000) (1024K)]
  0x00006a689807d9a0 JavaThread "C1 CompilerThread4"         daemon [_thread_blocked, id=442272, stack(0x00006a6964700000,0x00006a6964800000) (1024K)]
  0x00006a68940a2f10 JavaThread "C2 CompilerThread2"         daemon [_thread_blocked, id=442273, stack(0x00006a6964600000,0x00006a6964700000) (1024K)]
  0x00007716547c3e20 JavaThread "Thread-0"                          [_thread_blocked, id=442274, stack(0x00006a6964500000,0x00006a6964600000) (1024K)]
  0x00007716547c4840 JavaThread "Thread-1"                          [_thread_blocked, id=442275, stack(0x00006a6964400000,0x00006a6964500000) (1024K)]
  0x00007716543df850 JavaThread "Thread-2"                          [_thread_blocked, id=442276, stack(0x00006a6964300000,0x00006a6964400000) (1024K)]
  0x00007716543e0440 JavaThread "Thread-3"                          [_thread_blocked, id=442277, stack(0x00006a6964200000,0x00006a6964300000) (1024K)]
  0x00007716543e1790 JavaThread "Thread-4"                          [_thread_blocked, id=442278, stack(0x00006a6964100000,0x00006a6964200000) (1024K)]
  0x00007716545cd570 JavaThread "Thread-5"                          [_thread_blocked, id=442279, stack(0x00006a6964000000,0x00006a6964100000) (1024K)]
  0x00007716545ce670 JavaThread "Thread-6"                          [_thread_blocked, id=442280, stack(0x00006a691ef00000,0x00006a691f000000) (1024K)]
  0x00007716545cfa40 JavaThread "Thread-7"                          [_thread_blocked, id=442281, stack(0x00006a691ee00000,0x00006a691ef00000) (1024K)]
  0x00007716545d0e10 JavaThread "Thread-8"                          [_thread_blocked, id=442282, stack(0x00006a691ed00000,0x00006a691ee00000) (1024K)]
  0x00007716545d22c0 JavaThread "Thread-9"                          [_thread_blocked, id=442283, stack(0x00006a691ec00000,0x00006a691ed00000) (1024K)]
  0x00007716545d3850 JavaThread "Thread-10"                         [_thread_blocked, id=442284, stack(0x00006a691eb00000,0x00006a691ec00000) (1024K)]
  0x00007716545d4de0 JavaThread "Thread-11"                         [_thread_blocked, id=442285, stack(0x00006a691ea00000,0x00006a691eb00000) (1024K)]
  0x00007716545d6290 JavaThread "Thread-12"                         [_thread_blocked, id=442286, stack(0x00006a691e900000,0x00006a691ea00000) (1024K)]
  0x00007716545d79a0 JavaThread "Thread-13"                         [_thread_blocked, id=442287, stack(0x00006a691e800000,0x00006a691e900000) (1024K)]
  0x00007716545d8d40 JavaThread "Thread-14"                         [_thread_blocked, id=442288, stack(0x00006a691e700000,0x00006a691e800000) (1024K)]
  0x00007716545da1f0 JavaThread "Thread-15"                         [_thread_blocked, id=442289, stack(0x00006a691e600000,0x00006a691e700000) (1024K)]
  0x00007716545dba30 JavaThread "Thread-16"                         [_thread_blocked, id=442290, stack(0x00006a691e500000,0x00006a691e600000) (1024K)]
  0x00007716545dcff0 JavaThread "Thread-17"                         [_thread_blocked, id=442291, stack(0x00006a691e400000,0x00006a691e500000) (1024K)]
  0x00007716545de490 JavaThread "Thread-18"                         [_thread_blocked, id=442292, stack(0x00006a691e300000,0x00006a691e400000) (1024K)]
  0x00007716545dfa60 JavaThread "Thread-19"                         [_thread_blocked, id=442293, stack(0x00006a691e200000,0x00006a691e300000) (1024K)]
  0x00007716543d2760 JavaThread "Thread-20"                         [_thread_blocked, id=442294, stack(0x00006a691e100000,0x00006a691e200000) (1024K)]
  0x00007716543d3cc0 JavaThread "Thread-21"                         [_thread_blocked, id=442295, stack(0x00006a691e000000,0x00006a691e100000) (1024K)]
  0x00007716543d50e0 JavaThread "Thread-22"                         [_thread_blocked, id=442296, stack(0x00006a691df00000,0x00006a691e000000) (1024K)]
  0x00007716543d6970 JavaThread "Thread-23"                         [_thread_blocked, id=442297, stack(0x00006a691de00000,0x00006a691df00000) (1024K)]
  0x00007716543d8200 JavaThread "Thread-24"                         [_thread_blocked, id=442298, stack(0x00006a691dd00000,0x00006a691de00000) (1024K)]
  0x00007716543d9a90 JavaThread "Thread-25"                         [_thread_blocked, id=442299, stack(0x00006a691dc00000,0x00006a691dd00000) (1024K)]
  0x00007716543db320 JavaThread "Thread-26"                         [_thread_blocked, id=442300, stack(0x00006a691db00000,0x00006a691dc00000) (1024K)]
  0x00007716543dcbb0 JavaThread "Thread-27"                         [_thread_blocked, id=442301, stack(0x00006a691da00000,0x00006a691db00000) (1024K)]
  0x00007716543baf40 JavaThread "Thread-28"                         [_thread_blocked, id=442302, stack(0x00006a691d900000,0x00006a691da00000) (1024K)]
  0x00007716543bc950 JavaThread "Thread-29"                         [_thread_blocked, id=442303, stack(0x00006a691d800000,0x00006a691d900000) (1024K)]
=>0x00007716543be1e0 JavaThread "Thread-30"                         [_thread_in_Java, id=442304, stack(0x00006a691d700000,0x00006a691d800000) (1024K)]
  0x00007716543bfa70 JavaThread "Thread-31"                         [_thread_blocked, id=442305, stack(0x00006a691d600000,0x00006a691d700000) (1024K)]
  0x00006a68980c46e0 JavaThread "C2 CompilerThread3"         daemon [_thread_blocked, id=442306, stack(0x00006a691d500000,0x00006a691d600000) (1024K)]
  0x00006a68980d5ef0 JavaThread "C2 CompilerThread4"         daemon [_thread_blocked, id=442307, stack(0x00006a691d400000,0x00006a691d500000) (1024K)]
  0x00006a68980df870 JavaThread "C2 CompilerThread5"         daemon [_thread_blocked, id=442308, stack(0x00006a691d300000,0x00006a691d400000) (1024K)]
  0x00006a688005efc0 JavaThread "C2 CompilerThread6"         daemon [_thread_blocked, id=442309, stack(0x00006a691d200000,0x00006a691d300000) (1024K)]
  0x00006a6898112950 JavaThread "C2 CompilerThread7"         daemon [_thread_blocked, id=442310, stack(0x00006a691d100000,0x00006a691d200000) (1024K)]
  0x00006a68981240d0 JavaThread "C2 CompilerThread8"         daemon [_thread_blocked, id=442311, stack(0x00006a691d000000,0x00006a691d100000) (1024K)]
  0x00006a67e0002660 JavaThread "C2 CompilerThread9"         daemon [_thread_blocked, id=442312, stack(0x00006a691cf00000,0x00006a691d000000) (1024K)]
Total: 56

Other Threads:
  0x0000771654519a80 VMThread "VM Thread"                           [id=442234, stack(0x0000771659afd000,0x0000771659bfd000) (1024K)] _threads_hazard_ptr=0x00006a67e0003b20
  0x00007716545076b0 WatcherThread "VM Periodic Task Thread"        [id=442233, stack(0x0000771659bfe000,0x0000771659cfe000) (1024K)]
Total: 2

Threads with active compile tasks:
Total: 0

VM state: synchronizing (normal execution)

VM Mutex/Monitor currently owned by a thread:  ([mutex/lock_event])
[0x000077165c5580d0] Threads_lock - owner thread: 0x0000771654519a80

Heap address: 0x0000000040000000, size: 3072 MB, Compressed Oops mode: 32-bit

CDS archive(s) mapped at: [0x00006a691f000000-0x00006a691fca3000-0x00006a691fca3000), size 13250560, SharedBaseAddress: 0x00006a691f000000, ArchiveRelocationMode: 1.
Compressed class space mapped at: 0x00006a6920000000-0x00006a6960000000, reserved size: 1073741824
Narrow klass base: 0x00006a691f000000, Narrow klass shift: 0, Narrow klass range: 0x100000000

GC Precious Log:
<Empty>

Heap:

[error occurred during error reporting (printing heap information), id 0xe0000000, Internal Error (/mydata/mmtk-openjdk/openjdk/share/mmtkHeap.cpp:424)]
Metaspace:

Usage:
  Non-class:      6.97 MB used.
      Class:    964.48 KB used.
       Both:      7.91 MB used.

Virtual space:
  Non-class space:       64.00 MB reserved,       7.06 MB ( 11%) committed,  1 nodes.
      Class space:        1.00 GB reserved,       1.06 MB ( <1%) committed,  1 nodes.
             Both:        1.06 GB reserved,       8.12 MB ( <1%) committed. 

Chunk freelists:
   Non-Class:  7.39 MB
       Class:  14.99 MB
        Both:  22.38 MB

MaxMetaspaceSize: unlimited
CompressedClassSpaceSize: 1.00 GB
Initial GC threshold: 21.00 MB
Current GC threshold: 21.00 MB
CDS: on
 - commit_granule_bytes: 65536.
 - commit_granule_words: 8192.
 - virtual_space_node_default_size: 8388608.
 - enlarge_chunks_in_place: 1.
 - use_allocation_guard: 0.


Internal statistics:

num_allocs_failed_limit: 0.
num_arena_births: 118.
num_arena_deaths: 0.
num_vsnodes_births: 2.
num_vsnodes_deaths: 0.
num_space_committed: 130.
num_space_uncommitted: 0.
num_chunks_returned_to_freelist: 0.
num_chunks_taken_from_freelist: 363.
num_chunk_merges: 0.
num_chunk_splits: 258.
num_chunks_enlarged: 202.
num_inconsistent_stats: 0.

CodeHeap 'non-profiled nmethods': size=118880Kb used=2031Kb max_used=2031Kb free=116848Kb
 bounds [0x00007716443e8000, 0x0000771644658000, 0x000077164b800000]
CodeHeap 'profiled nmethods': size=118876Kb used=6457Kb max_used=6457Kb free=112418Kb
 bounds [0x000077163c800000, 0x000077163ce50000, 0x0000771643c17000]
CodeHeap 'non-nmethods': size=8004Kb used=3461Kb max_used=3549Kb free=4542Kb
 bounds [0x0000771643c17000, 0x0000771643f97000, 0x00007716443e8000]
CodeCache: size=245760Kb, used=11949Kb, max_used=12037Kb, free=233808Kb
 total_blobs=3452, nmethods=2972, adapters=379, full_count=0
Compilation: enabled, stopped_count=0, restarted_count=0

Compilation events (20 events):
Event: 3.078 Thread 0x00006a68980c46e0 nmethod 2836 0x0000771644581990 code [0x0000771644581b20, 0x0000771644581d18]
Event: 3.078 Thread 0x00006a68980c46e0 2878       4       org.apache.xpath.axes.NodeSequence::setObject (102 bytes)
Event: 3.079 Thread 0x000077165454bb40 nmethod 2869 0x0000771644581e90 code [0x0000771644582420, 0x0000771644585250]
Event: 3.079 Thread 0x000077165454bb40 2855       4       org.apache.xerces.xni.XMLString::toString (32 bytes)
Event: 3.080 Thread 0x00006a688c01de30 nmethod 2864 0x0000771644586f90 code [0x0000771644587140, 0x0000771644587400]
Event: 3.080 Thread 0x00006a688c01de30 2895       4       org.apache.xpath.axes.WalkingIterator::setRoot (31 bytes)
Event: 3.080 Thread 0x00006a68980c46e0 nmethod 2878 0x0000771644587690 code [0x0000771644587820, 0x00007716445879d8]
Event: 3.080 Thread 0x00006a68980c46e0 2893       4       org.apache.xpath.axes.WalkingIterator::nextNode (69 bytes)
Event: 3.081 Thread 0x000077165454bb40 nmethod 2855 0x0000771644587b10 code [0x0000771644587cc0, 0x0000771644588148]
Event: 3.081 Thread 0x000077165454bb40 2865       4       org.apache.xerces.impl.XMLNSDocumentScannerImpl::scanAttribute (595 bytes)
Event: 3.113 Thread 0x00006a68980c46e0 nmethod 2893 0x0000771644588410 code [0x00007716445885a0, 0x0000771644588738]
Event: 3.113 Thread 0x00006a68980c46e0 2461       4       org.apache.xml.dtm.ref.sax2dtm.SAX2DTM::getNextNodeIdentity (31 bytes)
Event: 3.113 Thread 0x00006a6898112950 nmethod 2849 0x0000771644588c90 code [0x0000771644588e80, 0x0000771644589640]
Event: 3.113 Thread 0x00006a6898112950 2900   !   4       org.apache.xalan.templates.ElemValueOf::execute (230 bytes)
Event: 3.113 Thread 0x00006a68980c46e0 nmethod 2461 0x0000771644589d10 code [0x0000771644589e80, 0x0000771644589f30]
Event: 3.113 Thread 0x00006a68980c46e0 2902       4       org.apache.xml.dtm.ref.DTMDefaultBase::_prevsib (56 bytes)
Event: 3.114 Thread 0x00006a68980c46e0 nmethod 2902 0x000077164458a010 code [0x000077164458a1a0, 0x000077164458a338]
Event: 3.114 Thread 0x00006a68980c46e0 2968       4       org.apache.xml.utils.SuballocatedIntVector::<init> (109 bytes)
Event: 3.116 Thread 0x00006a6898046ff0 2969       3       java.lang.Throwable::<init> (29 bytes)
Event: 3.116 Thread 0x00006a6898046ff0 nmethod 2969 0x000077163ce4e090 code [0x000077163ce4e240, 0x000077163ce4e480]

GC Heap History (0 events):
No events

Dll operation events (7 events):
Event: 0.001 Loaded shared library /mydata/openjdk-mmtk/build/b0test/images/jdk/lib/libjava.so
Event: 2.220 Loaded shared library /mydata/openjdk-mmtk/build/b0test/images/jdk/lib/libjsvml.so
Event: 2.232 Loaded shared library /mydata/openjdk-mmtk/build/b0test/images/jdk/lib/libnio.so
Event: 2.236 Loaded shared library /mydata/openjdk-mmtk/build/b0test/images/jdk/lib/libzip.so
Event: 2.249 Loaded shared library /mydata/openjdk-mmtk/build/b0test/images/jdk/lib/libjimage.so
Event: 2.275 Loaded shared library /mydata/openjdk-mmtk/build/b0test/images/jdk/lib/libnet.so
Event: 2.374 Loaded shared library /mydata/openjdk-mmtk/build/b0test/images/jdk/lib/libverify.so

Deoptimization events (20 events):
Event: 3.028 Thread 0x00007716543e1790 DEOPT UNPACKING pc=0x0000771643c6a399 sp=0x00006a69641fce10 mode 2
Event: 3.028 Thread 0x00007716545d79a0 DEOPT UNPACKING pc=0x0000771643c6a399 sp=0x00006a691e8fbbe0 mode 2
Event: 3.028 Thread 0x00007716543df850 Uncommon trap: trap_request=0xffffff6e fr.pc=0x00007716445539f4 relative=0x0000000000000ed4
Event: 3.028 Thread 0x00007716543df850 Uncommon trap: reason=loop_limit_check action=maybe_recompile pc=0x00007716445539f4 method=org.apache.xalan.templates.ElemLiteralResult.execute(Lorg/apache/xalan/transformer/TransformerImpl;)V @ 110 c2
Event: 3.028 Thread 0x00007716543df850 DEOPT PACKING pc=0x00007716445539f4 sp=0x00006a69643fce20
Event: 3.028 Thread 0x00007716543df850 DEOPT UNPACKING pc=0x0000771643c6a399 sp=0x00006a69643fce10 mode 2
Event: 3.030 Thread 0x00007716543d9a90 Uncommon trap: trap_request=0xffffff6e fr.pc=0x00007716445539f4 relative=0x0000000000000ed4
Event: 3.030 Thread 0x00007716543d9a90 Uncommon trap: reason=loop_limit_check action=maybe_recompile pc=0x00007716445539f4 method=org.apache.xalan.templates.ElemLiteralResult.execute(Lorg/apache/xalan/transformer/TransformerImpl;)V @ 110 c2
Event: 3.030 Thread 0x00007716543d9a90 DEOPT PACKING pc=0x00007716445539f4 sp=0x00006a691dcfd9c0
Event: 3.030 Thread 0x00007716543d9a90 DEOPT UNPACKING pc=0x0000771643c6a399 sp=0x00006a691dcfd9b0 mode 2
Event: 3.048 Thread 0x00007716547c3e20 Uncommon trap: trap_request=0xffffffde fr.pc=0x0000771644482e4c relative=0x000000000000030c
Event: 3.048 Thread 0x00007716547c3e20 Uncommon trap: reason=class_check action=maybe_recompile pc=0x0000771644482e4c method=java.io.Writer.write(Ljava/lang/String;)V @ 7 c2
Event: 3.048 Thread 0x00007716547c3e20 DEOPT PACKING pc=0x0000771644482e4c sp=0x00006a69645fe810
Event: 3.048 Thread 0x00007716547c3e20 DEOPT UNPACKING pc=0x0000771643c6a399 sp=0x00006a69645fe7c8 mode 2
Event: 3.048 Thread 0x00007716547c3e20 Uncommon trap: trap_request=0xffffffde fr.pc=0x0000771644474ad8 relative=0x00000000000006f8
Event: 3.048 Thread 0x00007716547c3e20 Uncommon trap: reason=class_check action=maybe_recompile pc=0x0000771644474ad8 method=java.nio.charset.CharsetEncoder.encode(Ljava/nio/CharBuffer;Ljava/nio/ByteBuffer;Z)Ljava/nio/charset/CoderResult; @ 57 c2
Event: 3.048 Thread 0x00007716547c3e20 DEOPT PACKING pc=0x0000771644474ad8 sp=0x00006a69645fe6c0
Event: 3.048 Thread 0x00007716547c3e20 DEOPT UNPACKING pc=0x0000771643c6a399 sp=0x00006a69645fe478 mode 2
Event: 3.054 Thread 0x00007716543d8200 DEOPT PACKING pc=0x000077163cd2830c sp=0x00006a691ddfe1f0
Event: 3.054 Thread 0x00007716543d8200 DEOPT UNPACKING pc=0x0000771643c6ab2f sp=0x00006a691ddfd748 mode 0

Classes loaded (20 events):
Event: 2.637 Loading class java/util/ResourceBundle$KeyElementReference
Event: 2.638 Loading class java/util/ResourceBundle$CacheKeyReference
Event: 2.638 Loading class java/util/ResourceBundle$CacheKeyReference done
Event: 2.638 Loading class java/util/ResourceBundle$KeyElementReference done
Event: 2.638 Loading class java/util/ResourceBundle$Control$2
Event: 2.638 Loading class java/util/ResourceBundle$Control$2 done
Event: 2.639 Loading class sun/util/PropertyResourceBundleCharset
Event: 2.639 Loading class sun/util/PropertyResourceBundleCharset done
Event: 2.639 Loading class sun/util/PropertyResourceBundleCharset$PropertiesFileDecoder
Event: 2.639 Loading class sun/util/PropertyResourceBundleCharset$PropertiesFileDecoder done
Event: 2.640 Loading class java/util/ResourceBundle$BundleReference
Event: 2.640 Loading class java/util/ResourceBundle$BundleReference done
Event: 2.641 Loading class sun/util/ResourceBundleEnumeration
Event: 2.641 Loading class sun/util/ResourceBundleEnumeration done
Event: 2.651 Loading class sun/nio/cs/ISO_8859_1$Encoder
Event: 2.651 Loading class sun/nio/cs/ISO_8859_1$Encoder done
Event: 2.679 Loading class java/util/ResourceBundle$Control$1
Event: 2.679 Loading class java/util/ResourceBundle$Control$1 done
Event: 2.702 Loading class java/lang/foreign/MemorySegment
Event: 2.702 Loading class java/lang/foreign/MemorySegment done

Classes unloaded (0 events):
No events

Classes redefined (0 events):
No events

Internal exceptions (13 events):
Event: 2.243 Thread 0x000077165402b240 Exception <a 'java/lang/NoSuchMethodError'{0x0000000040334090}: 'java.lang.Object java.lang.invoke.DirectMethodHandle$Holder.newInvokeSpecial(java.lang.Object, int, java.lang.Object)'> (0x0000000040334090) 
thrown [src/hotspot/share/interpreter/linkResolver.cpp, line 772]
Event: 2.252 Thread 0x000077165402b240 Exception <a 'java/lang/NoSuchMethodError'{0x00000000402f9e28}: 'void java.lang.invoke.DirectMethodHandle$Holder.invokeStatic(java.lang.Object, java.lang.Object)'> (0x00000000402f9e28) 
thrown [src/hotspot/share/interpreter/linkResolver.cpp, line 772]
Event: 2.252 Thread 0x000077165402b240 Exception <a 'java/lang/NoSuchMethodError'{0x00000000402fd820}: 'void java.lang.invoke.DirectMethodHandle$Holder.invokeSpecial(java.lang.Object, java.lang.Object, java.lang.Object)'> (0x00000000402fd820) 
thrown [src/hotspot/share/interpreter/linkResolver.cpp, line 772]
Event: 2.293 Thread 0x000077165402b240 Exception <a 'java/lang/NoSuchMethodError'{0x00000000401b5ca8}: 'void java.lang.invoke.DirectMethodHandle$Holder.invokeVirtual(java.lang.Object, java.lang.Object)'> (0x00000000401b5ca8) 
thrown [src/hotspot/share/interpreter/linkResolver.cpp, line 772]
Event: 2.301 Thread 0x000077165402b240 Exception <a 'java/io/FileNotFoundException'{0x0000000040180bc8}> (0x0000000040180bc8) 
thrown [src/hotspot/share/prims/jni.cpp, line 520]
Event: 2.311 Thread 0x000077165402b240 Exception <a 'java/lang/NoSuchMethodError'{0x00000000401218b0}: 'java.lang.Object java.lang.invoke.Invokers$Holder.invokeExact_MT(java.lang.Object, java.lang.Object, java.lang.Object, java.lang.Object, java.lang.Object)'> (0x00000000401218b0) 
thrown [src/hotspot/share/interpreter/linkResolver.cpp, line 772]
Event: 2.496 Thread 0x000077165402b240 Exception <a 'java/lang/NoSuchMethodError'{0x0000000040ea0f50}: 'void java.lang.invoke.DirectMethodHandle$Holder.invokeVirtual(java.lang.Object, java.lang.Object, int)'> (0x0000000040ea0f50) 
thrown [src/hotspot/share/interpreter/linkResolver.cpp, line 772]
Event: 2.496 Thread 0x000077165402b240 Exception <a 'java/lang/NoSuchMethodError'{0x0000000040ea56e0}: 'int java.lang.invoke.DirectMethodHandle$Holder.invokeSpecial(java.lang.Object, java.lang.Object, java.lang.Object, int)'> (0x0000000040ea56e0) 
thrown [src/hotspot/share/interpreter/linkResolver.cpp, line 772]
Event: 2.498 Thread 0x000077165402b240 Exception <a 'java/lang/NoSuchMethodError'{0x0000000040e884e0}: 'java.lang.Object java.lang.invoke.DirectMethodHandle$Holder.invokeStatic(java.lang.Object, java.lang.Object, java.lang.Object, java.lang.Object, int)'> (0x0000000040e884e0) 
thrown [src/hotspot/share/interpreter/linkResolver.cpp, line 772]
Event: 2.499 Thread 0x000077165402b240 Exception <a 'java/lang/NoSuchMethodError'{0x0000000040e836e0}: 'void java.lang.invoke.DelegatingMethodHandle$Holder.reinvoke_L(java.lang.Object, java.lang.Object, int)'> (0x0000000040e836e0) 
thrown [src/hotspot/share/interpreter/linkResolver.cpp, line 772]
Event: 2.499 Thread 0x000077165402b240 Exception <a 'java/lang/NoSuchMethodError'{0x0000000040e7a238}: 'int java.lang.invoke.DirectMethodHandle$Holder.invokeSpecial(java.lang.Object, java.lang.Object, java.lang.Object)'> (0x0000000040e7a238) 
thrown [src/hotspot/share/interpreter/linkResolver.cpp, line 772]
Event: 2.570 Thread 0x000077165402b240 Exception <a 'java/lang/NoSuchMethodError'{0x00000000413ac670}: 'void java.lang.invoke.DelegatingMethodHandle$Holder.reinvoke_L(java.lang.Object, java.lang.Object, int, int)'> (0x00000000413ac670) 
thrown [src/hotspot/share/interpreter/linkResolver.cpp, line 772]
Event: 2.636 Thread 0x00007716545d22c0 Exception <a 'java/lang/NoSuchMethodError'{0x0000000040bfddc0}: 'java.lang.Object java.lang.invoke.DirectMethodHandle$Holder.invokeInterface(java.lang.Object, java.lang.Object)'> (0x0000000040bfddc0) 
thrown [src/hotspot/share/interpreter/linkResolver.cpp, line 772]

ZGC Phase Switch (0 events):
No events

VM Operations (20 events):
Event: 2.763 Executing VM operation: ICBufferFull
Event: 2.763 Executing VM operation: ICBufferFull done
Event: 2.767 Executing VM operation: ICBufferFull
Event: 2.767 Executing VM operation: ICBufferFull done
Event: 2.772 Executing VM operation: ICBufferFull
Event: 2.772 Executing VM operation: ICBufferFull done
Event: 2.773 Executing VM operation: ICBufferFull
Event: 2.773 Executing VM operation: ICBufferFull done
Event: 2.774 Executing VM operation: ICBufferFull
Event: 2.777 Executing VM operation: ICBufferFull done
Event: 2.780 Executing VM operation: ICBufferFull
Event: 2.784 Executing VM operation: ICBufferFull done
Event: 2.976 Executing VM operation: ICBufferFull
Event: 2.976 Executing VM operation: ICBufferFull done
Event: 2.977 Executing VM operation: ICBufferFull
Event: 2.977 Executing VM operation: ICBufferFull done
Event: 3.059 Executing VM operation: ThirdPartyHeapOperation
Event: 3.076 Executing VM operation: ThirdPartyHeapOperation done
Event: 3.081 Executing VM operation: ThirdPartyHeapOperation
Event: 3.112 Executing VM operation: ThirdPartyHeapOperation done

Memory protections (20 events):
Event: 2.606 Protecting memory [0x00006a691e200000,0x00006a691e204000] with protection modes 0
Event: 2.607 Protecting memory [0x00006a691e100000,0x00006a691e104000] with protection modes 0
Event: 2.607 Protecting memory [0x00006a691e000000,0x00006a691e004000] with protection modes 0
Event: 2.607 Protecting memory [0x00006a691df00000,0x00006a691df04000] with protection modes 0
Event: 2.607 Protecting memory [0x00006a691de00000,0x00006a691de04000] with protection modes 0
Event: 2.607 Protecting memory [0x00006a691dd00000,0x00006a691dd04000] with protection modes 0
Event: 2.607 Protecting memory [0x00006a691dc00000,0x00006a691dc04000] with protection modes 0
Event: 2.607 Protecting memory [0x00006a691db00000,0x00006a691db04000] with protection modes 0
Event: 2.607 Protecting memory [0x00006a691da00000,0x00006a691da04000] with protection modes 0
Event: 2.607 Protecting memory [0x00006a691d900000,0x00006a691d904000] with protection modes 0
Event: 2.607 Protecting memory [0x00006a691d800000,0x00006a691d804000] with protection modes 0
Event: 2.607 Protecting memory [0x00006a691d700000,0x00006a691d704000] with protection modes 0
Event: 2.608 Protecting memory [0x00006a691d600000,0x00006a691d604000] with protection modes 0
Event: 2.676 Protecting memory [0x00006a691d500000,0x00006a691d504000] with protection modes 0
Event: 2.682 Protecting memory [0x00006a691d400000,0x00006a691d404000] with protection modes 0
Event: 2.684 Protecting memory [0x00006a691d300000,0x00006a691d304000] with protection modes 0
Event: 2.684 Protecting memory [0x00006a691d200000,0x00006a691d204000] with protection modes 0
Event: 2.706 Protecting memory [0x00006a691d100000,0x00006a691d104000] with protection modes 0
Event: 2.706 Protecting memory [0x00006a691d000000,0x00006a691d004000] with protection modes 0
Event: 2.709 Protecting memory [0x00006a691cf00000,0x00006a691cf04000] with protection modes 0

Nmethod flushes (0 events):
No events

Events (20 events):
Event: 2.606 Thread 0x000077165402b240 Thread added: 0x00007716545dfa60
Event: 2.607 Thread 0x000077165402b240 Thread added: 0x00007716543d2760
Event: 2.607 Thread 0x000077165402b240 Thread added: 0x00007716543d3cc0
Event: 2.607 Thread 0x000077165402b240 Thread added: 0x00007716543d50e0
Event: 2.607 Thread 0x000077165402b240 Thread added: 0x00007716543d6970
Event: 2.607 Thread 0x000077165402b240 Thread added: 0x00007716543d8200
Event: 2.607 Thread 0x000077165402b240 Thread added: 0x00007716543d9a90
Event: 2.607 Thread 0x000077165402b240 Thread added: 0x00007716543db320
Event: 2.607 Thread 0x000077165402b240 Thread added: 0x00007716543dcbb0
Event: 2.607 Thread 0x000077165402b240 Thread added: 0x00007716543baf40
Event: 2.607 Thread 0x000077165402b240 Thread added: 0x00007716543bc950
Event: 2.607 Thread 0x000077165402b240 Thread added: 0x00007716543be1e0
Event: 2.608 Thread 0x000077165402b240 Thread added: 0x00007716543bfa70
Event: 2.676 Thread 0x0000771654555510 Thread added: 0x00006a68980c46e0
Event: 2.682 Thread 0x0000771654555510 Thread added: 0x00006a68980d5ef0
Event: 2.683 Thread 0x0000771654555510 Thread added: 0x00006a68980df870
Event: 2.684 Thread 0x00006a689807c370 Thread added: 0x00006a688005efc0
Event: 2.705 Thread 0x0000771654555510 Thread added: 0x00006a6898112950
Event: 2.706 Thread 0x0000771654555510 Thread added: 0x00006a68981240d0
Event: 2.709 Thread 0x00006a68981240d0 Thread added: 0x00006a67e0002660


Dynamic libraries:
40000000-40400000 rw-p 00000000 00:00 0                                  [anon:mmtk:space:immix]
40400000-40800000 rw-p 00000000 00:00 0                                  [anon:mmtk:space:los]
40800000-41400000 rw-p 00000000 00:00 0                                  [anon:mmtk:space:immix]
41400000-41c00000 rw-p 00000000 00:00 0                                  [anon:mmtk:space:los]
41c00000-42400000 rw-p 00000000 00:00 0                                  [anon:mmtk:space:immix]
42400000-42800000 rw-p 00000000 00:00 0                                  [anon:mmtk:space:los]
42800000-43000000 rw-p 00000000 00:00 0                                  [anon:mmtk:space:immix]
43000000-43400000 rw-p 00000000 00:00 0                                  [anon:mmtk:space:los]
43400000-43800000 rw-p 00000000 00:00 0                                  [anon:mmtk:space:immix]
43800000-43c00000 rw-p 00000000 00:00 0                                  [anon:mmtk:space:los]
43c00000-44400000 rw-p 00000000 00:00 0                                  [anon:mmtk:space:immix]
44400000-44800000 rw-p 00000000 00:00 0                                  [anon:mmtk:space:los]
44800000-45000000 rw-p 00000000 00:00 0                                  [anon:mmtk:space:immix]
45000000-45400000 rw-p 00000000 00:00 0                                  [anon:mmtk:space:los]
45400000-45800000 rw-p 00000000 00:00 0                                  [anon:mmtk:space:immix]
45800000-45c00000 rw-p 00000000 00:00 0                                  [anon:mmtk:space:los]
45c00000-46400000 rw-p 00000000 00:00 0                                  [anon:mmtk:space:immix]
46400000-46800000 rw-p 00000000 00:00 0                                  [anon:mmtk:space:los]
46800000-46c00000 rw-p 00000000 00:00 0                                  [anon:mmtk:space:immix]
46c00000-47000000 rw-p 00000000 00:00 0                                  [anon:mmtk:space:los]
47000000-47800000 rw-p 00000000 00:00 0                                  [anon:mmtk:space:immix]
47800000-47c00000 rw-p 00000000 00:00 0                                  [anon:mmtk:space:los]
47c00000-48000000 rw-p 00000000 00:00 0                                  [anon:mmtk:space:immix]
48000000-48400000 rw-p 00000000 00:00 0                                  [anon:mmtk:space:los]
48400000-48c00000 rw-p 00000000 00:00 0                                  [anon:mmtk:space:immix]
48c00000-49000000 rw-p 00000000 00:00 0                                  [anon:mmtk:space:los]
49000000-49800000 rw-p 00000000 00:00 0                                  [anon:mmtk:space:immix]
49800000-49c00000 rw-p 00000000 00:00 0                                  [anon:mmtk:space:los]
49c00000-4a000000 rw-p 00000000 00:00 0                                  [anon:mmtk:space:immix]
4a000000-4a400000 rw-p 00000000 00:00 0                                  [anon:mmtk:space:los]
4a400000-4ac00000 rw-p 00000000 00:00 0                                  [anon:mmtk:space:immix]
4ac00000-4b000000 rw-p 00000000 00:00 0                                  [anon:mmtk:space:los]
4b000000-4b400000 rw-p 00000000 00:00 0                                  [anon:mmtk:space:immix]
4b400000-4b800000 rw-p 00000000 00:00 0                                  [anon:mmtk:space:los]
4b800000-4c000000 rw-p 00000000 00:00 0                                  [anon:mmtk:space:immix]
4c000000-4c400000 rw-p 00000000 00:00 0                                  [anon:mmtk:space:los]
4c400000-4c800000 rw-p 00000000 00:00 0                                  [anon:mmtk:space:immix]
4c800000-4cc00000 rw-p 00000000 00:00 0                                  [anon:mmtk:space:los]
4cc00000-4d400000 rw-p 00000000 00:00 0                                  [anon:mmtk:space:immix]
4d400000-4d800000 rw-p 00000000 00:00 0                                  [anon:mmtk:space:los]
4d800000-4dc00000 rw-p 00000000 00:00 0                                  [anon:mmtk:space:immix]
4dc00000-4e000000 rw-p 00000000 00:00 0                                  [anon:mmtk:space:los]
4e000000-4e400000 rw-p 00000000 00:00 0                                  [anon:mmtk:space:immix]
4e400000-4e800000 rw-p 00000000 00:00 0                                  [anon:mmtk:space:los]
4e800000-4f400000 rw-p 00000000 00:00 0                                  [anon:mmtk:space:immix]
4f400000-4f800000 rw-p 00000000 00:00 0                                  [anon:mmtk:space:los]
4f800000-4fc00000 rw-p 00000000 00:00 0                                  [anon:mmtk:space:immix]
4fc00000-50000000 rw-p 00000000 00:00 0                                  [anon:mmtk:space:los]
50000000-50400000 rw-p 00000000 00:00 0                                  [anon:mmtk:space:immix]
50400000-50800000 rw-p 00000000 00:00 0                                  [anon:mmtk:space:immix]
200000000000-2000c00c0000 rw-s 00000000 00:10 68                         anon_inode:bpf-map
63db9b87b000-63db9b87c000 r--p 00000000 fc:00 49676352                   /mydata/openjdk-mmtk/build/b0test/images/jdk/bin/java
63db9b87c000-63db9b87d000 r-xp 00001000 fc:00 49676352                   /mydata/openjdk-mmtk/build/b0test/images/jdk/bin/java
63db9b87d000-63db9b87e000 r--p 00002000 fc:00 49676352                   /mydata/openjdk-mmtk/build/b0test/images/jdk/bin/java
63db9b87e000-63db9b87f000 r--p 00002000 fc:00 49676352                   /mydata/openjdk-mmtk/build/b0test/images/jdk/bin/java
63db9b87f000-63db9b880000 rw-p 00003000 fc:00 49676352                   /mydata/openjdk-mmtk/build/b0test/images/jdk/bin/java
63dbd2b61000-63dbd2ba9000 rw-p 00000000 00:00 0                          [heap]
6a67d4000000-6a67d47d6000 rw-p 00000000 00:00 0 
6a67d47d6000-6a67d8000000 ---p 00000000 00:00 0 
6a67dc000000-6a67dc3c4000 rw-p 00000000 00:00 0 
6a67dc3c4000-6a67e0000000 ---p 00000000 00:00 0 
6a67e0000000-6a67e0ba8000 rw-p 00000000 00:00 0 
6a67e0ba8000-6a67e4000000 ---p 00000000 00:00 0 
6a67e4000000-6a67e4963000 rw-p 00000000 00:00 0 
6a67e4963000-6a67e8000000 ---p 00000000 00:00 0 
6a67e8000000-6a67e87f2000 rw-p 00000000 00:00 0 
6a67e87f2000-6a67ec000000 ---p 00000000 00:00 0 
6a67ec000000-6a67ec797000 rw-p 00000000 00:00 0 
6a67ec797000-6a67f0000000 ---p 00000000 00:00 0 
6a67f0000000-6a67f0895000 rw-p 00000000 00:00 0 
6a67f0895000-6a67f4000000 ---p 00000000 00:00 0 
6a67f4000000-6a67f4365000 rw-p 00000000 00:00 0 
6a67f4365000-6a67f8000000 ---p 00000000 00:00 0 
6a67f8000000-6a67f8021000 rw-p 00000000 00:00 0 
6a67f8021000-6a67fc000000 ---p 00000000 00:00 0 
6a67fc000000-6a67fc021000 rw-p 00000000 00:00 0 
6a67fc021000-6a6800000000 ---p 00000000 00:00 0 
6a6800000000-6a6800021000 rw-p 00000000 00:00 0 
6a6800021000-6a6804000000 ---p 00000000 00:00 0 
6a6804000000-6a6804060000 rw-p 00000000 00:00 0 
6a6804060000-6a6808000000 ---p 00000000 00:00 0 
6a6808000000-6a6808021000 rw-p 00000000 00:00 0 
6a6808021000-6a680c000000 ---p 00000000 00:00 0 
6a680c000000-6a680c021000 rw-p 00000000 00:00 0 
6a680c021000-6a6810000000 ---p 00000000 00:00 0 
6a6810000000-6a6810021000 rw-p 00000000 00:00 0 
6a6810021000-6a6814000000 ---p 00000000 00:00 0 
6a6814000000-6a6814021000 rw-p 00000000 00:00 0 
6a6814021000-6a6818000000 ---p 00000000 00:00 0 
6a6818000000-6a6818021000 rw-p 00000000 00:00 0 
6a6818021000-6a681c000000 ---p 00000000 00:00 0 
6a681c000000-6a681c021000 rw-p 00000000 00:00 0 
6a681c021000-6a6820000000 ---p 00000000 00:00 0 
6a6820000000-6a6820021000 rw-p 00000000 00:00 0 
6a6820021000-6a6824000000 ---p 00000000 00:00 0 
6a6824000000-6a6824021000 rw-p 00000000 00:00 0 
6a6824021000-6a6828000000 ---p 00000000 00:00 0 
6a6828000000-6a6828021000 rw-p 00000000 00:00 0 
6a6828021000-6a682c000000 ---p 00000000 00:00 0 
6a682c000000-6a682c021000 rw-p 00000000 00:00 0 
6a682c021000-6a6830000000 ---p 00000000 00:00 0 
6a6830000000-6a6830041000 rw-p 00000000 00:00 0 
6a6830041000-6a6834000000 ---p 00000000 00:00 0 
6a6834000000-6a683402f000 rw-p 00000000 00:00 0 
6a683402f000-6a6838000000 ---p 00000000 00:00 0 
6a6838000000-6a6838021000 rw-p 00000000 00:00 0 
6a6838021000-6a683c000000 ---p 00000000 00:00 0 
6a683c000000-6a683c021000 rw-p 00000000 00:00 0 
6a683c021000-6a6840000000 ---p 00000000 00:00 0 
6a6840000000-6a6840021000 rw-p 00000000 00:00 0 
6a6840021000-6a6844000000 ---p 00000000 00:00 0 
6a6844000000-6a6844021000 rw-p 00000000 00:00 0 
6a6844021000-6a6848000000 ---p 00000000 00:00 0 
6a6848000000-6a6848021000 rw-p 00000000 00:00 0 
6a6848021000-6a684c000000 ---p 00000000 00:00 0 
6a684c000000-6a684c021000 rw-p 00000000 00:00 0 
6a684c021000-6a6850000000 ---p 00000000 00:00 0 
6a6850000000-6a6850021000 rw-p 00000000 00:00 0 
6a6850021000-6a6854000000 ---p 00000000 00:00 0 
6a6854000000-6a6854047000 rw-p 00000000 00:00 0 
6a6854047000-6a6858000000 ---p 00000000 00:00 0 
6a6858000000-6a6858021000 rw-p 00000000 00:00 0 
6a6858021000-6a685c000000 ---p 00000000 00:00 0 
6a685c000000-6a685c021000 rw-p 00000000 00:00 0 
6a685c021000-6a6860000000 ---p 00000000 00:00 0 
6a6860000000-6a6860021000 rw-p 00000000 00:00 0 
6a6860021000-6a6864000000 ---p 00000000 00:00 0 
6a6864000000-6a6864021000 rw-p 00000000 00:00 0 
6a6864021000-6a6868000000 ---p 00000000 00:00 0 
6a6868000000-6a6868021000 rw-p 00000000 00:00 0 
6a6868021000-6a686c000000 ---p 00000000 00:00 0 
6a686c000000-6a686c021000 rw-p 00000000 00:00 0 
6a686c021000-6a6870000000 ---p 00000000 00:00 0 
6a6870000000-6a687004c000 rw-p 00000000 00:00 0 
6a687004c000-6a6874000000 ---p 00000000 00:00 0 
6a6874000000-6a687428d000 rw-p 00000000 00:00 0 
6a687428d000-6a6878000000 ---p 00000000 00:00 0 
6a6878000000-6a6878a76000 rw-p 00000000 00:00 0 
6a6878a76000-6a687c000000 ---p 00000000 00:00 0 
6a687c000000-6a687cf08000 rw-p 00000000 00:00 0 
6a687cf08000-6a6880000000 ---p 00000000 00:00 0 
6a6880000000-6a6880234000 rw-p 00000000 00:00 0 
6a6880234000-6a6884000000 ---p 00000000 00:00 0 
6a6884000000-6a6884021000 rw-p 00000000 00:00 0 
6a6884021000-6a6888000000 ---p 00000000 00:00 0 
6a6888000000-6a6888021000 rw-p 00000000 00:00 0 
6a6888021000-6a688c000000 ---p 00000000 00:00 0 
6a688c000000-6a688c29e000 rw-p 00000000 00:00 0 
6a688c29e000-6a6890000000 ---p 00000000 00:00 0 
6a6890000000-6a6890264000 rw-p 00000000 00:00 0 
6a6890264000-6a6894000000 ---p 00000000 00:00 0 
6a6894000000-6a68947ac000 rw-p 00000000 00:00 0 
6a68947ac000-6a6898000000 ---p 00000000 00:00 0 
6a6898000000-6a68981e0000 rw-p 00000000 00:00 0 
6a68981e0000-6a689c000000 ---p 00000000 00:00 0 
6a689c000000-6a689c021000 rw-p 00000000 00:00 0 
6a689c021000-6a68a0000000 ---p 00000000 00:00 0 
6a68a0000000-6a68a0021000 rw-p 00000000 00:00 0 
6a68a0021000-6a68a4000000 ---p 00000000 00:00 0 
6a68a4000000-6a68a402a000 rw-p 00000000 00:00 0 
6a68a402a000-6a68a8000000 ---p 00000000 00:00 0 
6a68a8000000-6a68a8021000 rw-p 00000000 00:00 0 
6a68a8021000-6a68ac000000 ---p 00000000 00:00 0 
6a68ac000000-6a68ac035000 rw-p 00000000 00:00 0 
6a68ac035000-6a68b0000000 ---p 00000000 00:00 0 
6a68b0000000-6a68b019a000 rw-p 00000000 00:00 0 
6a68b019a000-6a68b4000000 ---p 00000000 00:00 0 
6a68b4000000-6a68b403a000 rw-p 00000000 00:00 0 
6a68b403a000-6a68b8000000 ---p 00000000 00:00 0 
6a68b8000000-6a68b8022000 rw-p 00000000 00:00 0 
6a68b8022000-6a68bc000000 ---p 00000000 00:00 0 
6a68bc000000-6a68bc02a000 rw-p 00000000 00:00 0 
6a68bc02a000-6a68c0000000 ---p 00000000 00:00 0 
6a68c0000000-6a68c0033000 rw-p 00000000 00:00 0 
6a68c0033000-6a68c4000000 ---p 00000000 00:00 0 
6a68c4000000-6a68c4021000 rw-p 00000000 00:00 0 
6a68c4021000-6a68c8000000 ---p 00000000 00:00 0 
6a68c8000000-6a68c8022000 rw-p 00000000 00:00 0 
6a68c8022000-6a68cc000000 ---p 00000000 00:00 0 
6a68cc000000-6a68cc021000 rw-p 00000000 00:00 0 
6a68cc021000-6a68d0000000 ---p 00000000 00:00 0 
6a68d0000000-6a68d002b000 rw-p 00000000 00:00 0 
6a68d002b000-6a68d4000000 ---p 00000000 00:00 0 
6a68d4000000-6a68d4022000 rw-p 00000000 00:00 0 
6a68d4022000-6a68d8000000 ---p 00000000 00:00 0 
6a68d8000000-6a68d804b000 rw-p 00000000 00:00 0 
6a68d804b000-6a68dc000000 ---p 00000000 00:00 0 
6a68dc000000-6a68dc02b000 rw-p 00000000 00:00 0 
6a68dc02b000-6a68e0000000 ---p 00000000 00:00 0 
6a68e0000000-6a68e003a000 rw-p 00000000 00:00 0 
6a68e003a000-6a68e4000000 ---p 00000000 00:00 0 
6a68e4000000-6a68e4023000 rw-p 00000000 00:00 0 
6a68e4023000-6a68e8000000 ---p 00000000 00:00 0 
6a68e8000000-6a68e8033000 rw-p 00000000 00:00 0 
6a68e8033000-6a68ec000000 ---p 00000000 00:00 0 
6a68ec000000-6a68ec02e000 rw-p 00000000 00:00 0 
6a68ec02e000-6a68f0000000 ---p 00000000 00:00 0 
6a68f0000000-6a68f003a000 rw-p 00000000 00:00 0 
6a68f003a000-6a68f4000000 ---p 00000000 00:00 0 
6a68f4000000-6a68f4022000 rw-p 00000000 00:00 0 
6a68f4022000-6a68f8000000 ---p 00000000 00:00 0 
6a68f8000000-6a68f8022000 rw-p 00000000 00:00 0 
6a68f8022000-6a68fc000000 ---p 00000000 00:00 0 
6a68fc000000-6a68fc029000 rw-p 00000000 00:00 0 
6a68fc029000-6a6900000000 ---p 00000000 00:00 0 
6a6900000000-6a690004d000 rw-p 00000000 00:00 0 
6a690004d000-6a6904000000 ---p 00000000 00:00 0 
6a6904000000-6a6904021000 rw-p 00000000 00:00 0 
6a6904021000-6a6908000000 ---p 00000000 00:00 0 
6a6908000000-6a6908021000 rw-p 00000000 00:00 0 
6a6908021000-6a690c000000 ---p 00000000 00:00 0 
6a690c000000-6a690c021000 rw-p 00000000 00:00 0 
6a690c021000-6a6910000000 ---p 00000000 00:00 0 
6a6910000000-6a6910021000 rw-p 00000000 00:00 0 
6a6910021000-6a6914000000 ---p 00000000 00:00 0 
6a6914000000-6a6914270000 rw-p 00000000 00:00 0 
6a6914270000-6a6914400000 ---p 00000000 00:00 0 
6a6914400000-6a69148a0000 rw-p 00000000 00:00 0 
6a69148a0000-6a6918000000 ---p 00000000 00:00 0 
6a6918000000-6a6918021000 rw-p 00000000 00:00 0 
6a6918021000-6a691c000000 ---p 00000000 00:00 0 
6a691c920000-6a691cf00000 rw-p 00000000 00:00 0 
6a691cf00000-6a691cf04000 ---p 00000000 00:00 0 
6a691cf04000-6a691d000000 rw-p 00000000 00:00 0 
6a691d000000-6a691d004000 ---p 00000000 00:00 0 
6a691d004000-6a691d100000 rw-p 00000000 00:00 0 
6a691d100000-6a691d104000 ---p 00000000 00:00 0 
6a691d104000-6a691d200000 rw-p 00000000 00:00 0 
6a691d200000-6a691d204000 ---p 00000000 00:00 0 
6a691d204000-6a691d300000 rw-p 00000000 00:00 0 
6a691d300000-6a691d304000 ---p 00000000 00:00 0 
6a691d304000-6a691d400000 rw-p 00000000 00:00 0 
6a691d400000-6a691d404000 ---p 00000000 00:00 0 
6a691d404000-6a691d500000 rw-p 00000000 00:00 0 
6a691d500000-6a691d504000 ---p 00000000 00:00 0 
6a691d504000-6a691d600000 rw-p 00000000 00:00 0 
6a691d600000-6a691d604000 ---p 00000000 00:00 0 
6a691d604000-6a691d700000 rw-p 00000000 00:00 0 
6a691d700000-6a691d704000 ---p 00000000 00:00 0 
6a691d704000-6a691d800000 rw-p 00000000 00:00 0 
6a691d800000-6a691d804000 ---p 00000000 00:00 0 
6a691d804000-6a691d900000 rw-p 00000000 00:00 0 
6a691d900000-6a691d904000 ---p 00000000 00:00 0 
6a691d904000-6a691da00000 rw-p 00000000 00:00 0 
6a691da00000-6a691da04000 ---p 00000000 00:00 0 
6a691da04000-6a691db00000 rw-p 00000000 00:00 0 
6a691db00000-6a691db04000 ---p 00000000 00:00 0 
6a691db04000-6a691dc00000 rw-p 00000000 00:00 0 
6a691dc00000-6a691dc04000 ---p 00000000 00:00 0 
6a691dc04000-6a691dd00000 rw-p 00000000 00:00 0 
6a691dd00000-6a691dd04000 ---p 00000000 00:00 0 
6a691dd04000-6a691de00000 rw-p 00000000 00:00 0 
6a691de00000-6a691de04000 ---p 00000000 00:00 0 
6a691de04000-6a691df00000 rw-p 00000000 00:00 0 
6a691df00000-6a691df04000 ---p 00000000 00:00 0 
6a691df04000-6a691e000000 rw-p 00000000 00:00 0 
6a691e000000-6a691e004000 ---p 00000000 00:00 0 
6a691e004000-6a691e100000 rw-p 00000000 00:00 0 
6a691e100000-6a691e104000 ---p 00000000 00:00 0 
6a691e104000-6a691e200000 rw-p 00000000 00:00 0 
6a691e200000-6a691e204000 ---p 00000000 00:00 0 
6a691e204000-6a691e300000 rw-p 00000000 00:00 0 
6a691e300000-6a691e304000 ---p 00000000 00:00 0 
6a691e304000-6a691e400000 rw-p 00000000 00:00 0 
6a691e400000-6a691e404000 ---p 00000000 00:00 0 
6a691e404000-6a691e500000 rw-p 00000000 00:00 0 
6a691e500000-6a691e504000 ---p 00000000 00:00 0 
6a691e504000-6a691e600000 rw-p 00000000 00:00 0 
6a691e600000-6a691e604000 ---p 00000000 00:00 0 
6a691e604000-6a691e700000 rw-p 00000000 00:00 0 
6a691e700000-6a691e704000 ---p 00000000 00:00 0 
6a691e704000-6a691e800000 rw-p 00000000 00:00 0 
6a691e800000-6a691e804000 ---p 00000000 00:00 0 
6a691e804000-6a691e900000 rw-p 00000000 00:00 0 
6a691e900000-6a691e904000 ---p 00000000 00:00 0 
6a691e904000-6a691ea00000 rw-p 00000000 00:00 0 
6a691ea00000-6a691ea04000 ---p 00000000 00:00 0 
6a691ea04000-6a691eb00000 rw-p 00000000 00:00 0 
6a691eb00000-6a691eb04000 ---p 00000000 00:00 0 
6a691eb04000-6a691ec00000 rw-p 00000000 00:00 0 
6a691ec00000-6a691ec04000 ---p 00000000 00:00 0 
6a691ec04000-6a691ed00000 rw-p 00000000 00:00 0 
6a691ed00000-6a691ed04000 ---p 00000000 00:00 0 
6a691ed04000-6a691ee00000 rw-p 00000000 00:00 0 
6a691ee00000-6a691ee04000 ---p 00000000 00:00 0 
6a691ee04000-6a691ef00000 rw-p 00000000 00:00 0 
6a691ef00000-6a691ef04000 ---p 00000000 00:00 0 
6a691ef04000-6a691f000000 rw-p 00000000 00:00 0 
6a691f000000-6a691fca3000 rw-p 00001000 fc:00 49677059                   /mydata/openjdk-mmtk/build/b0test/images/jdk/lib/server/classes.jsa
6a691fca3000-6a6920000000 ---p 00000000 00:00 0 
6a6920000000-6a6920040000 rw-p 00000000 00:00 0 
6a6920040000-6a6920110000 rw-p 00000000 00:00 0 
6a6920110000-6a6960000000 ---p 00000000 00:00 0 
6a6960000000-6a6960021000 rw-p 00000000 00:00 0 
6a6960021000-6a6964004000 ---p 00000000 00:00 0 
6a6964004000-6a6964100000 rw-p 00000000 00:00 0 
6a6964100000-6a6964104000 ---p 00000000 00:00 0 
6a6964104000-6a6964200000 rw-p 00000000 00:00 0 
6a6964200000-6a6964204000 ---p 00000000 00:00 0 
6a6964204000-6a6964300000 rw-p 00000000 00:00 0 
6a6964300000-6a6964304000 ---p 00000000 00:00 0 
6a6964304000-6a6964400000 rw-p 00000000 00:00 0 
6a6964400000-6a6964404000 ---p 00000000 00:00 0 
6a6964404000-6a6964500000 rw-p 00000000 00:00 0 
6a6964500000-6a6964504000 ---p 00000000 00:00 0 
6a6964504000-6a6964600000 rw-p 00000000 00:00 0 
6a6964600000-6a6964604000 ---p 00000000 00:00 0 
6a6964604000-6a6964700000 rw-p 00000000 00:00 0 
6a6964700000-6a6964704000 ---p 00000000 00:00 0 
6a6964704000-6a6964800000 rw-p 00000000 00:00 0 
6a6964800000-6a6964804000 ---p 00000000 00:00 0 
6a6964804000-6a6964900000 rw-p 00000000 00:00 0 
6a6964900000-6a6964904000 ---p 00000000 00:00 0 
6a6964904000-6a6964a00000 rw-p 00000000 00:00 0 
6a6964a00000-6a6964a04000 ---p 00000000 00:00 0 
6a6964a04000-6a6964b00000 rw-p 00000000 00:00 0 
6a6964b00000-6a6964b04000 ---p 00000000 00:00 0 
6a6964b04000-6a6964c00000 rw-p 00000000 00:00 0 
6a6964c00000-6a6964c04000 ---p 00000000 00:00 0 
6a6964c04000-6a6964d00000 rw-p 00000000 00:00 0 
6a6964d00000-6a6964d04000 ---p 00000000 00:00 0 
6a6964d04000-6a6964e00000 rw-p 00000000 00:00 0 
6a6964e00000-6a6964e04000 ---p 00000000 00:00 0 
6a6964e04000-6a6964f00000 rw-p 00000000 00:00 0 
6a6964f00000-6a6964f04000 ---p 00000000 00:00 0 
6a6964f04000-6a6965000000 rw-p 00000000 00:00 0 
6a6965000000-6a6965004000 ---p 00000000 00:00 0 
6a6965004000-6a6965100000 rw-p 00000000 00:00 0 
6a6965100000-6a6965104000 ---p 00000000 00:00 0 
6a6965104000-6a6965200000 rw-p 00000000 00:00 0 
6a6965200000-6a6968200000 rw-p 00000000 00:00 0 
6a69682fc000-6a6968300000 ---p 00000000 00:00 0 
6a6968300000-6a69683fc000 rw-p 00000000 00:00 0 
6a69683fc000-6a6998400000 rw-p 00000000 00:00 0 
6a6998400000-6a6999400000 ---p 00000000 00:00 0                          [anon:mmtk:sidemeta:all:all-quarantined]
6a6999400000-6a6999c00000 rw-p 00000000 00:00 0                          [anon:mmtk:sidemeta:immix:VO_BIT]
6a6999c00000-6c699a400000 ---p 00000000 00:00 0                          [anon:mmtk:sidemeta:all:all-quarantined]
6c699a400000-6c699a800000 rw-p 00000000 00:00 0                          [anon:mmtk:sidemeta:immix:CHUNK_MARK]
6c699a800000-6c699d400000 ---p 00000000 00:00 0                          [anon:mmtk:sidemeta:all:all-quarantined]
6c699d400000-6c699dc00000 rw-p 00000000 00:00 0                          [anon:mmtk:sidemeta:immix:VMGlobalLogBitSpec]
6c699dc00000-6e719c800000 ---p 00000000 00:00 0                          [anon:mmtk:sidemeta:all:all-quarantined]
6e719c800000-6e719cc00000 rw-p 00000000 00:00 0                          [anon:mmtk:sidemeta:immix:IX_LINE_MARK]
6e719cc00000-6ef19c400000 ---p 00000000 00:00 0                          [anon:mmtk:sidemeta:all:all-quarantined]
6ef19c400000-6ef19c800000 rw-p 00000000 00:00 0                          [anon:mmtk:sidemeta:immix:IX_BLOCK_DEFRAG]
6ef19c800000-6ef29c400000 ---p 00000000 00:00 0                          [anon:mmtk:sidemeta:all:all-quarantined]
6ef29c400000-6ef29c800000 rw-p 00000000 00:00 0                          [anon:mmtk:sidemeta:immix:IX_BLOCK_MARK]
6ef29c800000-75141c400000 ---p 00000000 00:00 0                          [anon:mmtk:sidemeta:all:all-quarantined]
75141c400000-75141c800000 rw-p 00000000 00:00 0                          [anon:mmtk:sidemeta:los:VMLocalLOSMarkNurserySpec]
75141c800000-75161d400000 ---p 00000000 00:00 0                          [anon:mmtk:sidemeta:all:all-quarantined]
75161d400000-75161dc00000 rw-p 00000000 00:00 0                          [anon:mmtk:sidemeta:immix:VMLocalMarkBitSpec]
75161dc00000-77161c400000 ---p 00000000 00:00 0                          [anon:mmtk:sidemeta:all:all-quarantined]
77161c4fc000-77161c4fd000 ---p 00000000 00:00 0 
77161c4fd000-77161c5fd000 rw-p 00000000 00:00 0 
77161c5fd000-77161c5fe000 ---p 00000000 00:00 0 
77161c5fe000-77161c6fe000 rw-p 00000000 00:00 0 
77161c6fe000-77161c6ff000 ---p 00000000 00:00 0 
77161c6ff000-77161c7ff000 rw-p 00000000 00:00 0 
77161c7ff000-77163c800000 rw-p 00000000 00:00 0 
77163c800000-77163ce50000 rwxp 00000000 00:00 0 
77163ce50000-771643c17000 ---p 00000000 00:00 0 
771643c17000-771643f97000 rwxp 00000000 00:00 0 
771643f97000-7716443e8000 ---p 00000000 00:00 0 
7716443e8000-771644658000 rwxp 00000000 00:00 0 
771644658000-77164b800000 ---p 00000000 00:00 0 
77164b800000-771653fa0000 r--s 00000000 fc:00 49676300                   /mydata/openjdk-mmtk/build/b0test/images/jdk/lib/modules
771654000000-7716547df000 rw-p 00000000 00:00 0 
7716547df000-771658000000 ---p 00000000 00:00 0 
77165801b000-771658020000 r--p 00000000 fc:00 49676433                   /mydata/openjdk-mmtk/build/b0test/images/jdk/lib/libjsvml.so
771658020000-771658061000 r-xp 00005000 fc:00 49676433                   /mydata/openjdk-mmtk/build/b0test/images/jdk/lib/libjsvml.so
771658061000-7716580ea000 r--p 00046000 fc:00 49676433                   /mydata/openjdk-mmtk/build/b0test/images/jdk/lib/libjsvml.so
7716580ea000-7716580eb000 r--p 000ce000 fc:00 49676433                   /mydata/openjdk-mmtk/build/b0test/images/jdk/lib/libjsvml.so
7716580eb000-7716580ec000 rw-p 000cf000 fc:00 49676433                   /mydata/openjdk-mmtk/build/b0test/images/jdk/lib/libjsvml.so
7716580ec000-7716580ed000 ---p 00000000 00:00 0 
7716580ed000-7716581ed000 rw-p 00000000 00:00 0 
7716581ed000-7716581ee000 ---p 00000000 00:00 0 
7716581ee000-7716582ee000 rw-p 00000000 00:00 0 
7716582ee000-7716582ef000 ---p 00000000 00:00 0 
7716582ef000-7716583ef000 rw-p 00000000 00:00 0 
7716583ef000-7716583f0000 ---p 00000000 00:00 0 
7716583f0000-7716584f0000 rw-p 00000000 00:00 0 
7716584f0000-7716584f1000 ---p 00000000 00:00 0 
7716584f1000-7716585f1000 rw-p 00000000 00:00 0 
7716585f1000-7716585f2000 ---p 00000000 00:00 0 
7716585f2000-7716586f2000 rw-p 00000000 00:00 0 
7716586f2000-7716586f3000 ---p 00000000 00:00 0 
7716586f3000-7716587f3000 rw-p 00000000 00:00 0 
7716587f3000-7716587f4000 ---p 00000000 00:00 0 
7716587f4000-7716588f4000 rw-p 00000000 00:00 0 
7716588f4000-7716588f5000 ---p 00000000 00:00 0 
7716588f5000-7716589f5000 rw-p 00000000 00:00 0 
7716589f5000-7716589f6000 ---p 00000000 00:00 0 
7716589f6000-771658af6000 rw-p 00000000 00:00 0 
771658af6000-771658af7000 ---p 00000000 00:00 0 
771658af7000-771658bf7000 rw-p 00000000 00:00 0 
771658bf7000-771658bf8000 ---p 00000000 00:00 0 
771658bf8000-771658cf8000 rw-p 00000000 00:00 0 
771658cf8000-771658cf9000 ---p 00000000 00:00 0 
771658cf9000-771658df9000 rw-p 00000000 00:00 0 
771658df9000-771658dfa000 ---p 00000000 00:00 0 
771658dfa000-771658efa000 rw-p 00000000 00:00 0 
771658efa000-771658efb000 ---p 00000000 00:00 0 
771658efb000-771658ffb000 rw-p 00000000 00:00 0 
771658ffb000-771658ffc000 ---p 00000000 00:00 0 
771658ffc000-7716590fc000 rw-p 00000000 00:00 0 
7716590fc000-7716590fd000 ---p 00000000 00:00 0 
7716590fd000-7716591fd000 rw-p 00000000 00:00 0 
7716591fd000-7716591fe000 ---p 00000000 00:00 0 
7716591fe000-7716592fe000 rw-p 00000000 00:00 0 
7716592fe000-7716592ff000 ---p 00000000 00:00 0 
7716592ff000-7716593ff000 rw-p 00000000 00:00 0 
7716593ff000-771659400000 ---p 00000000 00:00 0 
771659400000-771659500000 rw-p 00000000 00:00 0 
771659500000-771659504000 ---p 00000000 00:00 0 
771659504000-771659600000 rw-p 00000000 00:00 0 
771659600000-771659604000 ---p 00000000 00:00 0 
771659604000-771659700000 rw-p 00000000 00:00 0 
771659700000-771659704000 ---p 00000000 00:00 0 
771659704000-771659800000 rw-p 00000000 00:00 0 
771659800000-771659aeb000 r--p 00000000 08:03 1410552                    /usr/lib/locale/locale-archive
771659afc000-771659afd000 ---p 00000000 00:00 0 
771659afd000-771659bfd000 rw-p 00000000 00:00 0 
771659bfd000-771659bfe000 ---p 00000000 00:00 0 
771659bfe000-771659cfe000 rw-p 00000000 00:00 0 
771659cfe000-771659cff000 ---p 00000000 00:00 0 
771659cff000-771659dff000 rw-p 00000000 00:00 0 
771659dff000-77165a400000 rw-p 00000000 00:00 0 
77165a400000-77165a40c000 r--p 00000000 fc:00 13107796                   /mydata/gc-bpf-fault/shim/libgcbpf.so
77165a40c000-77165a46e000 r-xp 0000c000 fc:00 13107796                   /mydata/gc-bpf-fault/shim/libgcbpf.so
77165a46e000-77165a6de000 r--p 0006e000 fc:00 13107796                   /mydata/gc-bpf-fault/shim/libgcbpf.so
77165a6de000-77165a6e0000 r--p 002de000 fc:00 13107796                   /mydata/gc-bpf-fault/shim/libgcbpf.so
77165a6e0000-77165a6e1000 rw-p 002e0000 fc:00 13107796                   /mydata/gc-bpf-fault/shim/libgcbpf.so
77165a6e1000-77165a6e2000 rw-p 00000000 00:00 0 
77165a774000-77165a778000 r--p 00000000 08:03 1410107                    /usr/lib/x86_64-linux-gnu/libzstd.so.1.5.5
77165a778000-77165a81f000 r-xp 00004000 08:03 1410107                    /usr/lib/x86_64-linux-gnu/libzstd.so.1.5.5
77165a81f000-77165a82c000 r--p 000ab000 08:03 1410107                    /usr/lib/x86_64-linux-gnu/libzstd.so.1.5.5
77165a82c000-77165a82d000 r--p 000b7000 08:03 1410107                    /usr/lib/x86_64-linux-gnu/libzstd.so.1.5.5
77165a82d000-77165a82e000 rw-p 000b8000 08:03 1410107                    /usr/lib/x86_64-linux-gnu/libzstd.so.1.5.5
77165a82e000-77165a833000 rw-p 00000000 00:00 0 
77165a833000-77165a917000 ---p 00000000 00:00 0 
77165a917000-77165a924000 rw-p 00000000 00:00 0 
77165a924000-77165aa00000 ---p 00000000 00:00 0 
77165aa00000-77165ab48000 r--p 00000000 fc:00 49676390                   /mydata/openjdk-mmtk/build/b0test/images/jdk/lib/server/libmmtk_openjdk.so
77165ab48000-77165adcd000 r-xp 00147000 fc:00 49676390                   /mydata/openjdk-mmtk/build/b0test/images/jdk/lib/server/libmmtk_openjdk.so
77165adcd000-77165ae0e000 r--p 003cb000 fc:00 49676390                   /mydata/openjdk-mmtk/build/b0test/images/jdk/lib/server/libmmtk_openjdk.so
77165ae0e000-77165ae10000 rw-p 0040b000 fc:00 49676390                   /mydata/openjdk-mmtk/build/b0test/images/jdk/lib/server/libmmtk_openjdk.so
77165ae10000-77165ae12000 rw-p 00000000 00:00 0 
77165ae17000-77165ae1b000 ---p 00000000 00:00 0 
77165ae1b000-77165af17000 rw-p 00000000 00:00 0 
77165af17000-77165af27000 r--p 00000000 08:03 1411099                    /usr/lib/x86_64-linux-gnu/libm.so.6
77165af27000-77165afa6000 r-xp 00010000 08:03 1411099                    /usr/lib/x86_64-linux-gnu/libm.so.6
77165afa6000-77165affe000 r--p 0008f000 08:03 1411099                    /usr/lib/x86_64-linux-gnu/libm.so.6
77165affe000-77165afff000 r--p 000e7000 08:03 1411099                    /usr/lib/x86_64-linux-gnu/libm.so.6
77165afff000-77165b000000 rw-p 000e8000 08:03 1411099                    /usr/lib/x86_64-linux-gnu/libm.so.6
77165b000000-77165b2a9000 r--p 00000000 fc:00 49676389                   /mydata/openjdk-mmtk/build/b0test/images/jdk/lib/server/libjvm.so
77165b2a9000-77165c13c000 r-xp 002a9000 fc:00 49676389                   /mydata/openjdk-mmtk/build/b0test/images/jdk/lib/server/libjvm.so
77165c13c000-77165c420000 r--p 0113c000 fc:00 49676389                   /mydata/openjdk-mmtk/build/b0test/images/jdk/lib/server/libjvm.so
77165c420000-77165c4f6000 r--p 0141f000 fc:00 49676389                   /mydata/openjdk-mmtk/build/b0test/images/jdk/lib/server/libjvm.so
77165c4f6000-77165c526000 rw-p 014f5000 fc:00 49676389                   /mydata/openjdk-mmtk/build/b0test/images/jdk/lib/server/libjvm.so
77165c526000-77165c58c000 rw-p 00000000 00:00 0 
77165c597000-77165c59b000 r--p 00000000 fc:00 49676379                   /mydata/openjdk-mmtk/build/b0test/images/jdk/lib/libverify.so
77165c59b000-77165c5a2000 r-xp 00004000 fc:00 49676379                   /mydata/openjdk-mmtk/build/b0test/images/jdk/lib/libverify.so
77165c5a2000-77165c5a4000 r--p 0000b000 fc:00 49676379                   /mydata/openjdk-mmtk/build/b0test/images/jdk/lib/libverify.so
77165c5a4000-77165c5a6000 r--p 0000c000 fc:00 49676379                   /mydata/openjdk-mmtk/build/b0test/images/jdk/lib/libverify.so
77165c5a6000-77165c5a7000 rw-p 0000e000 fc:00 49676379                   /mydata/openjdk-mmtk/build/b0test/images/jdk/lib/libverify.so
77165c5a7000-77165c5a9000 r--p 00000000 fc:00 49676380                   /mydata/openjdk-mmtk/build/b0test/images/jdk/lib/libzip.so
77165c5a9000-77165c5ae000 r-xp 00002000 fc:00 49676380                   /mydata/openjdk-mmtk/build/b0test/images/jdk/lib/libzip.so
77165c5ae000-77165c5b0000 r--p 00007000 fc:00 49676380                   /mydata/openjdk-mmtk/build/b0test/images/jdk/lib/libzip.so
77165c5b0000-77165c5b1000 r--p 00008000 fc:00 49676380                   /mydata/openjdk-mmtk/build/b0test/images/jdk/lib/libzip.so
77165c5b1000-77165c5b2000 rw-p 00009000 fc:00 49676380                   /mydata/openjdk-mmtk/build/b0test/images/jdk/lib/libzip.so
77165c5b2000-77165c5b5000 r--p 00000000 fc:00 49676376                   /mydata/openjdk-mmtk/build/b0test/images/jdk/lib/libnet.so
77165c5b5000-77165c5bd000 r-xp 00003000 fc:00 49676376                   /mydata/openjdk-mmtk/build/b0test/images/jdk/lib/libnet.so
77165c5bd000-77165c5bf000 r--p 0000b000 fc:00 49676376                   /mydata/openjdk-mmtk/build/b0test/images/jdk/lib/libnet.so
77165c5bf000-77165c5c0000 r--p 0000c000 fc:00 49676376                   /mydata/openjdk-mmtk/build/b0test/images/jdk/lib/libnet.so
77165c5c0000-77165c5c1000 rw-p 0000d000 fc:00 49676376                   /mydata/openjdk-mmtk/build/b0test/images/jdk/lib/libnet.so
77165c5c1000-77165c5c8000 r--p 00000000 fc:00 49676377                   /mydata/openjdk-mmtk/build/b0test/images/jdk/lib/libnio.so
77165c5c8000-77165c5d1000 r-xp 00007000 fc:00 49676377                   /mydata/openjdk-mmtk/build/b0test/images/jdk/lib/libnio.so
77165c5d1000-77165c5d5000 r--p 00010000 fc:00 49676377                   /mydata/openjdk-mmtk/build/b0test/images/jdk/lib/libnio.so
77165c5d5000-77165c5d6000 r--p 00014000 fc:00 49676377                   /mydata/openjdk-mmtk/build/b0test/images/jdk/lib/libnio.so
77165c5d6000-77165c5d7000 rw-p 00015000 fc:00 49676377                   /mydata/openjdk-mmtk/build/b0test/images/jdk/lib/libnio.so
77165c5d7000-77165c5da000 r--p 00000000 08:03 1410420                    /usr/lib/x86_64-linux-gnu/libelf-0.190.so
77165c5da000-77165c5f0000 r-xp 00003000 08:03 1410420                    /usr/lib/x86_64-linux-gnu/libelf-0.190.so
77165c5f0000-77165c5f4000 r--p 00019000 08:03 1410420                    /usr/lib/x86_64-linux-gnu/libelf-0.190.so
77165c5f4000-77165c5f5000 r--p 0001c000 08:03 1410420                    /usr/lib/x86_64-linux-gnu/libelf-0.190.so
77165c5f5000-77165c5f6000 rw-p 0001d000 08:03 1410420                    /usr/lib/x86_64-linux-gnu/libelf-0.190.so
77165c5f9000-77165c600000 r--s 00000000 08:03 1436340                    /usr/lib/x86_64-linux-gnu/gconv/gconv-modules.cache
77165c600000-77165c628000 r--p 00000000 08:03 1410238                    /usr/lib/x86_64-linux-gnu/libc.so.6
77165c628000-77165c7b0000 r-xp 00028000 08:03 1410238                    /usr/lib/x86_64-linux-gnu/libc.so.6
77165c7b0000-77165c7ff000 r--p 001b0000 08:03 1410238                    /usr/lib/x86_64-linux-gnu/libc.so.6
77165c7ff000-77165c803000 r--p 001fe000 08:03 1410238                    /usr/lib/x86_64-linux-gnu/libc.so.6
77165c803000-77165c805000 rw-p 00202000 08:03 1410238                    /usr/lib/x86_64-linux-gnu/libc.so.6
77165c805000-77165c819000 rw-p 00000000 00:00 0 
77165c819000-77165c822000 ---p 00000000 00:00 0 
77165c822000-77165c82f000 r--p 00000000 fc:00 49676369                   /mydata/openjdk-mmtk/build/b0test/images/jdk/lib/libjava.so
77165c82f000-77165c83e000 r-xp 0000d000 fc:00 49676369                   /mydata/openjdk-mmtk/build/b0test/images/jdk/lib/libjava.so
77165c83e000-77165c843000 r--p 0001c000 fc:00 49676369                   /mydata/openjdk-mmtk/build/b0test/images/jdk/lib/libjava.so
77165c843000-77165c844000 r--p 00021000 fc:00 49676369                   /mydata/openjdk-mmtk/build/b0test/images/jdk/lib/libjava.so
77165c844000-77165c845000 rw-p 00022000 fc:00 49676369                   /mydata/openjdk-mmtk/build/b0test/images/jdk/lib/libjava.so
77165c845000-77165c846000 rw-p 00000000 00:00 0 
77165c846000-77165c84e000 rw-s 00000000 08:03 237602                     /tmp/hsperfdata_root/442228
77165c84e000-77165c852000 r--p 00000000 fc:00 49676370                   /mydata/openjdk-mmtk/build/b0test/images/jdk/lib/libjimage.so
77165c852000-77165c869000 r-xp 00004000 fc:00 49676370                   /mydata/openjdk-mmtk/build/b0test/images/jdk/lib/libjimage.so
77165c869000-77165c86e000 r--p 0001b000 fc:00 49676370                   /mydata/openjdk-mmtk/build/b0test/images/jdk/lib/libjimage.so
77165c86e000-77165c870000 r--p 00020000 fc:00 49676370                   /mydata/openjdk-mmtk/build/b0test/images/jdk/lib/libjimage.so
77165c870000-77165c871000 rw-p 00022000 fc:00 49676370                   /mydata/openjdk-mmtk/build/b0test/images/jdk/lib/libjimage.so
77165c871000-77165c875000 r--p 00000000 08:03 1410148                    /usr/lib/x86_64-linux-gnu/libgcc_s.so.1
77165c875000-77165c899000 r-xp 00004000 08:03 1410148                    /usr/lib/x86_64-linux-gnu/libgcc_s.so.1
77165c899000-77165c89d000 r--p 00028000 08:03 1410148                    /usr/lib/x86_64-linux-gnu/libgcc_s.so.1
77165c89d000-77165c89e000 r--p 0002b000 08:03 1410148                    /usr/lib/x86_64-linux-gnu/libgcc_s.so.1
77165c89e000-77165c89f000 rw-p 0002c000 08:03 1410148                    /usr/lib/x86_64-linux-gnu/libgcc_s.so.1
77165c89f000-77165c8a1000 rw-p 00000000 00:00 0 
77165c8a1000-77165c8a3000 r--p 00000000 08:03 1409104                    /usr/lib/x86_64-linux-gnu/libz.so.1.3
77165c8a3000-77165c8b5000 r-xp 00002000 08:03 1409104                    /usr/lib/x86_64-linux-gnu/libz.so.1.3
77165c8b5000-77165c8bb000 r--p 00014000 08:03 1409104                    /usr/lib/x86_64-linux-gnu/libz.so.1.3
77165c8bb000-77165c8bc000 r--p 0001a000 08:03 1409104                    /usr/lib/x86_64-linux-gnu/libz.so.1.3
77165c8bc000-77165c8bd000 rw-p 0001b000 08:03 1409104                    /usr/lib/x86_64-linux-gnu/libz.so.1.3
77165c8c2000-77165c8c3000 rw-s 00000000 00:10 68                         anon_inode:bpf-map
77165c8c3000-77165c8c4000 r--s 00000000 00:10 68                         anon_inode:bpf-map
77165c8c4000-77165c8c5000 ---p 00000000 00:00 0 
77165c8c5000-77165c8c6000 r--p 00000000 00:00 0 
77165c8c6000-77165c8c7000 ---p 00000000 00:00 0 
77165c8c7000-77165c8c9000 r--p 00000000 fc:00 49676372                   /mydata/openjdk-mmtk/build/b0test/images/jdk/lib/libjli.so
77165c8c9000-77165c8d3000 r-xp 00002000 fc:00 49676372                   /mydata/openjdk-mmtk/build/b0test/images/jdk/lib/libjli.so
77165c8d3000-77165c8d6000 r--p 0000c000 fc:00 49676372                   /mydata/openjdk-mmtk/build/b0test/images/jdk/lib/libjli.so
77165c8d6000-77165c8d7000 r--p 0000f000 fc:00 49676372                   /mydata/openjdk-mmtk/build/b0test/images/jdk/lib/libjli.so
77165c8d7000-77165c8d8000 rw-p 00010000 fc:00 49676372                   /mydata/openjdk-mmtk/build/b0test/images/jdk/lib/libjli.so
77165c8d8000-77165c8da000 rw-p 00000000 00:00 0 
77165c8da000-77165c8de000 r--p 00000000 00:00 0                          [vvar]
77165c8de000-77165c8e0000 r--p 00000000 00:00 0                          [vvar_vclock]
77165c8e0000-77165c8e2000 r-xp 00000000 00:00 0                          [vdso]
77165c8e2000-77165c8e3000 r--p 00000000 08:03 1409763                    /usr/lib/x86_64-linux-gnu/ld-linux-x86-64.so.2
77165c8e3000-77165c90e000 r-xp 00001000 08:03 1409763                    /usr/lib/x86_64-linux-gnu/ld-linux-x86-64.so.2
77165c90e000-77165c918000 r--p 0002c000 08:03 1409763                    /usr/lib/x86_64-linux-gnu/ld-linux-x86-64.so.2
77165c918000-77165c91a000 r--p 00036000 08:03 1409763                    /usr/lib/x86_64-linux-gnu/ld-linux-x86-64.so.2
77165c91a000-77165c91c000 rw-p 00038000 08:03 1409763                    /usr/lib/x86_64-linux-gnu/ld-linux-x86-64.so.2
7fff1c981000-7fff1c9a2000 rw-p 00000000 00:00 0                          [stack]
ffffffffff600000-ffffffffff601000 --xp 00000000 00:00 0                  [vsyscall]
Total number of mappings: 536

JVMTI agents: none


VM Arguments:
jvm_args: -XX:+UseThirdPartyHeap -Xms512m -Xmx512m 
java_command: /mydata/dacapo/dacapo-23.11/dacapo-23.11-MR2-chopin.jar xalan -n 3
java_class_path (initial): /mydata/dacapo/dacapo-23.11/dacapo-23.11-MR2-chopin.jar
Launcher Type: SUN_STANDARD

[Global flags]
     intx CICompilerCount                          = 15                                        {product} {ergonomic}
   size_t InitialHeapSize                          = 536870912                                 {product} {command line}
   size_t MaxHeapSize                              = 536870912                                 {product} {command line}
   size_t MinHeapDeltaBytes                        = 524288                                    {product} {ergonomic}
   size_t MinHeapSize                              = 536870912                                 {product} {command line}
    uintx NonNMethodCodeHeapSize                   = 8192380                                {pd product} {ergonomic}
    uintx NonProfiledCodeHeapSize                  = 121732930                              {pd product} {ergonomic}
    uintx ProfiledCodeHeapSize                     = 121732930                              {pd product} {ergonomic}
    uintx ReservedCodeCacheSize                    = 251658240                              {pd product} {ergonomic}
     bool SegmentedCodeCache                       = true                                      {product} {ergonomic}
   size_t SoftMaxHeapSize                          = 536870912                              {manageable} {ergonomic}
     bool UseCompressedOops                        = true                           {product lp64_product} {ergonomic}

Logging:
Log output configuration:
 #0: stdout all=warning uptime,level,tags foldmultilines=false
 #1: stderr all=off uptime,level,tags foldmultilines=false

Release file:
IMPLEMENTOR="N/A"
JAVA_RUNTIME_VERSION="21.0.9-internal-adhoc.talzuss.openjdk-mmtk"
JAVA_VERSION="21.0.9"
JAVA_VERSION_DATE="2025-10-21"
LIBC="gnu"
MODULES="java.base java.compiler java.datatransfer java.xml java.prefs java.desktop java.instrument java.logging java.management java.security.sasl java.naming java.rmi java.management.rmi java.net.http java.scripting java.security.jgss java.transaction.xa java.sql java.sql.rowset java.xml.crypto java.se java.smartcardio jdk.accessibility jdk.internal.jvmstat jdk.attach jdk.charsets jdk.internal.opt jdk.zipfs jdk.compiler jdk.crypto.ec jdk.crypto.cryptoki jdk.dynalink jdk.internal.ed jdk.editpad jdk.hotspot.agent jdk.httpserver jdk.incubator.vector jdk.internal.le jdk.internal.vm.ci jdk.internal.vm.compiler jdk.internal.vm.compiler.management jdk.jartool jdk.javadoc jdk.jcmd jdk.management jdk.management.agent jdk.jconsole jdk.jdeps jdk.jdwp.agent jdk.jdi jdk.jfr jdk.jlink jdk.jpackage jdk.jshell jdk.jsobject jdk.jstatd jdk.localedata jdk.management.jfr jdk.naming.dns jdk.naming.rmi jdk.net jdk.nio.mapmode jdk.random jdk.sctp jdk.security.auth jdk.security.jgss jdk.unsupported jdk.unsupported.desktop jdk.xml.dom"
OS_ARCH="x86_64"
OS_NAME="Linux"
SOURCE=".:git:b557520f04b3+"

Environment Variables:
PATH=/usr/local/sbin:/usr/local/bin:/usr/sbin:/usr/bin:/sbin:/bin:/snap/bin
SHELL=/bin/bash
LANG=en_US.UTF-8
TERM=tmux-256color

Active Locale:
LC_ALL=en_US.UTF-8
LC_COLLATE=en_US.UTF-8
LC_CTYPE=en_US.UTF-8
LC_MESSAGES=en_US.UTF-8
LC_MONETARY=en_US.UTF-8
LC_NUMERIC=en_US.UTF-8
LC_TIME=en_US.UTF-8

Signal Handlers:
   SIGSEGV: crash_handler in libjvm.so, mask=11100100010111111101111111111110, flags=SA_RESTART|SA_SIGINFO, unblocked
    SIGBUS: crash_handler in libjvm.so, mask=11100100010111111101111111111110, flags=SA_RESTART|SA_SIGINFO, unblocked
    SIGFPE: crash_handler in libjvm.so, mask=11100100010111111101111111111110, flags=SA_RESTART|SA_SIGINFO, unblocked
   SIGPIPE: javaSignalHandler in libjvm.so, mask=11100100010111111101111111111110, flags=SA_RESTART|SA_SIGINFO, blocked
   SIGXFSZ: javaSignalHandler in libjvm.so, mask=11100100010111111101111111111110, flags=SA_RESTART|SA_SIGINFO, blocked
    SIGILL: crash_handler in libjvm.so, mask=11100100010111111101111111111110, flags=SA_RESTART|SA_SIGINFO, unblocked
   SIGUSR2: SR_handler in libjvm.so, mask=00000000000000000000000000000000, flags=SA_RESTART|SA_SIGINFO, blocked
    SIGHUP: UserHandler in libjvm.so, mask=11100100010111111101111111111110, flags=SA_RESTART|SA_SIGINFO, blocked
    SIGINT: UserHandler in libjvm.so, mask=11100100010111111101111111111110, flags=SA_RESTART|SA_SIGINFO, blocked
   SIGTERM: UserHandler in libjvm.so, mask=11100100010111111101111111111110, flags=SA_RESTART|SA_SIGINFO, blocked
   SIGQUIT: UserHandler in libjvm.so, mask=11100100010111111101111111111110, flags=SA_RESTART|SA_SIGINFO, blocked
   SIGTRAP: crash_handler in libjvm.so, mask=11100100010111111101111111111110, flags=SA_RESTART|SA_SIGINFO, unblocked


Periodic native trim disabled

---------------  S Y S T E M  ---------------

OS:
DISTRIB_ID=Ubuntu
DISTRIB_RELEASE=24.04
DISTRIB_CODENAME=noble
DISTRIB_DESCRIPTION="Ubuntu 24.04.4 LTS"
uname: Linux 6.17.0-bpf-fault+ #1 SMP PREEMPT_DYNAMIC Mon Jul  6 16:43:12 MDT 2026 x86_64
OS uptime: 1 days 2:59 hours
libc: glibc 2.39 NPTL 2.39 
rlimit (soft/hard): STACK 8192k/infinity , CORE 0k/0k , NPROC 513205/513205 , NOFILE 1048576/1048576 , AS infinity/infinity , CPU infinity/infinity , DATA infinity/infinity , FSIZE infinity/infinity , MEMLOCK 16436528k/16436528k
load average: 1.69 0.87 0.74

/proc/meminfo:
MemTotal:       131492232 kB
MemFree:        64913780 kB
MemAvailable:   112176640 kB
Buffers:          563728 kB
Cached:         45956976 kB
SwapCached:            0 kB
Active:          4381008 kB
Inactive:       45697528 kB
Active(anon):    3574520 kB
Inactive(anon):        0 kB
Active(file):     806488 kB
Inactive(file): 45697528 kB
Unevictable:       41912 kB
Mlocked:           38840 kB
SwapTotal:       8388604 kB
SwapFree:        8388604 kB
Zswap:                 0 kB
Zswapped:              0 kB
Dirty:              8288 kB
Writeback:             0 kB
AnonPages:       3601784 kB
Mapped:         12928996 kB
Shmem:              5320 kB
KReclaimable:    2010528 kB
Slab:            2552836 kB
SReclaimable:    2010528 kB
SUnreclaim:       542308 kB
KernelStack:       12992 kB
PageTables:        72908 kB
SecPageTables:      9412 kB
NFS_Unstable:          0 kB
Bounce:                0 kB
WritebackTmp:          0 kB
CommitLimit:    74134720 kB
Committed_AS:   165133304 kB
VmallocTotal:   34359738367 kB
VmallocUsed:       38976 kB
VmallocChunk:          0 kB
Percpu:            51072 kB
HardwareCorrupted:     0 kB
AnonHugePages:         0 kB
ShmemHugePages:        0 kB
ShmemPmdMapped:        0 kB
FileHugePages:   2177024 kB
FilePmdMapped:         0 kB
Unaccepted:            0 kB
Balloon:               0 kB
HugePages_Total:       0
HugePages_Free:        0
HugePages_Rsvd:        0
HugePages_Surp:        0
Hugepagesize:       2048 kB
Hugetlb:               0 kB
DirectMap4k:     1067840 kB
DirectMap2M:    29976576 kB
DirectMap1G:    102760448 kB

/sys/kernel/mm/transparent_hugepage/enabled: always [madvise] never
/sys/kernel/mm/transparent_hugepage/hpage_pmd_size: 2097152
/sys/kernel/mm/transparent_hugepage/defrag (defrag/compaction efforts parameter): always defer defer+madvise [madvise] never

Process Memory:
Virtual Size: 13620287472K (peak: 13620287512K)
Resident Set Size: 4176272K (peak: 4178308K) (anon: 1003076K, file: 3173196K, shmem: 0K)
Swapped out: 0K
C-Heap outstanding allocations: 1384929K, retained: 53022K
glibc malloc tunables: (default)

/proc/sys/kernel/threads-max (system-wide limit on the number of threads): 1026411
/proc/sys/vm/max_map_count (maximum number of memory map areas a process may have): 1048576
/proc/sys/vm/swappiness (control to define how aggressively the kernel swaps out anonymous memory): 60
/proc/sys/kernel/pid_max (system-wide limit on number of process identifiers): 4194304

container information not found.
Steal ticks since vm start: 0
Steal ticks percentage since vm start:  0.000

CPU: total 32 (initial active 32) (32 cores per cpu, 2 threads per core) family 23 model 49 stepping 0 microcode 0x830107c, cx8, cmov, fxsr, ht, mmx, 3dnowpref, sse, sse2, sse3, ssse3, sse4a, sse4.1, sse4.2, popcnt, lzcnt, tsc, tscinvbit, avx, avx2, aes, clmul, bmi1, bmi2, adx, sha, fma, vzeroupper, clflush, clflushopt, rdtscp, rdpid, f16c
CPU Model and flags from /proc/cpuinfo:
model name	: AMD EPYC 7302P 16-Core Processor
flags		: fpu vme de pse tsc msr pae mce cx8 apic sep mtrr pge mca cmov pat pse36 clflush mmx fxsr sse sse2 ht syscall nx mmxext fxsr_opt pdpe1gb rdtscp lm constant_tsc rep_good nopl xtopology nonstop_tsc cpuid extd_apicid aperfmperf rapl pni pclmulqdq monitor ssse3 fma cx16 sse4_1 sse4_2 movbe popcnt aes xsave avx f16c rdrand lahf_lm cmp_legacy svm extapic cr8_legacy abm sse4a misalignsse 3dnowprefetch osvw ibs skinit wdt tce topoext perfctr_core perfctr_nb bpext perfctr_llc mwaitx cpb cat_l3 cdp_l3 hw_pstate ssbd mba ibrs ibpb stibp vmmcall fsgsbase bmi1 avx2 smep bmi2 cqm rdt_a rdseed adx smap clflushopt clwb sha_ni xsaveopt xsavec xgetbv1 xsaves cqm_llc cqm_occup_llc cqm_mbm_total cqm_mbm_local clzero irperf xsaveerptr rdpru wbnoinvd amd_ppin arat npt lbrv svm_lock nrip_save tsc_scale vmcb_clean flushbyasid decodeassists pausefilter pfthreshold avic v_vmsave_vmload vgif v_spec_ctrl umip rdpid overflow_recov succor smca sev sev_es

Online cpus: 0-31
Offline cpus: 
BIOS frequency limitation: <Not Available>
Frequency switch latency (ns): <Not Available>
Available cpu frequencies: <Not Available>
Current governor: <Not Available>
Core performance/turbo boost: <Not Available>

Memory: 4k page, physical 131492232k(112176640k free), swap 8388604k(8388604k free)
Page Sizes: 4k

vm_info: OpenJDK 64-Bit Server VM (21.0.9-internal-adhoc.talzuss.openjdk-mmtk) for linux-amd64 JRE (21.0.9-internal-adhoc.talzuss.openjdk-mmtk), built on 2026-07-06T23:13:08Z by "talzuss" with gcc 13.3.0
heap_info: MMTk OpenJDK 0.32.0 (f59b93a-dirty), using MMTk 0.32.0 (3ecdf08-dirty, BUILTIN_ENV_LOGGER, DEFAULT, EAGER_SWEEPING, VO_BIT)

END.
