#
# A fatal error has been detected by the Java Runtime Environment:
#
#  SIGSEGV (0xb) at pc=0x00007072971e84ed, pid=442139, tid=442194
#
# JRE version: OpenJDK Runtime Environment (21.0.9) (build 21.0.9-internal-adhoc.talzuss.openjdk-mmtk)
# Java VM: OpenJDK 64-Bit Server VM (21.0.9-internal-adhoc.talzuss.openjdk-mmtk, mixed mode, sharing, tiered, compressed oops, compressed class ptrs, third-party gc, linux-amd64)
# Problematic frame:
# V  [libjvm.so+0xde84ed]  SharedRuntime::generate_class_cast_message(Klass*, Klass*, Symbol*)+0x5d
#
# No core dump will be written. Core dumps have been disabled. To enable core dumping, try "ulimit -c unlimited" before starting Java again
#
# If you would like to submit a bug report, please visit:
#   https://bugreport.java.com/bugreport/crash.jsp
#

---------------  S U M M A R Y ------------

Command Line: -XX:+UseThirdPartyHeap -Xms512m -Xmx512m /mydata/dacapo/dacapo-23.11/dacapo-23.11-MR2-chopin.jar xalan -n 3

Host: AMD EPYC 7302P 16-Core Processor, 32 cores, 125G, Ubuntu 24.04.4 LTS
Time: Tue Jul  7 19:56:12 2026 MDT elapsed time: 3.093434 seconds (0d 0h 0m 3s)

---------------  T H R E A D  ---------------

Current thread (0x00007072905de800):  JavaThread "Thread-10"        [_thread_in_vm, id=442194, stack(0x000063c559d00000,0x000063c559e00000) (1024K)]

Stack: [0x000063c559d00000,0x000063c559e00000],  sp=0x000063c559dfa0f0,  free space=1000k
Native frames: (J=compiled Java code, j=interpreted, Vv=VM code, C=native code)
V  [libjvm.so+0xde84ed]  SharedRuntime::generate_class_cast_message(Klass*, Klass*, Symbol*)+0x5d  (sharedRuntime.cpp:2190)
V  [libjvm.so+0xdeb170]  SharedRuntime::generate_class_cast_message(JavaThread*, Klass*)+0xf0  (sharedRuntime.cpp:2171)
V  [libjvm.so+0x92115f]  InterpreterRuntime::throw_ClassCastException(JavaThread*, oopDesc*)+0x6f  (interpreterRuntime.cpp:447)
j  org.apache.xpath.axes.IteratorPool.getInstance()Lorg/apache/xml/dtm/DTMIterator;+49
j  org.apache.xpath.axes.LocPathIterator.asIterator(Lorg/apache/xpath/XPathContext;I)Lorg/apache/xml/dtm/DTMIterator;+8
J 1875 c1 org.apache.xalan.templates.ElemApplyTemplates.transformSelectedNodes(Lorg/apache/xalan/transformer/TransformerImpl;)V (979 bytes) @ 0x0000707278bef88c [0x0000707278bef6a0+0x00000000000001ec]
J 2463 c2 org.apache.xalan.templates.ElemApplyTemplates.execute(Lorg/apache/xalan/transformer/TransformerImpl;)V (141 bytes) @ 0x000070728051f204 [0x000070728051f000+0x0000000000000204]
J 2275 c2 org.apache.xalan.transformer.TransformerImpl.executeChildTemplates(Lorg/apache/xalan/templates/ElemTemplateElement;Z)V (218 bytes) @ 0x00007072804bb61c [0x00007072804bb4a0+0x000000000000017c]
J 2368 c1 org.apache.xalan.templates.ElemCopy.execute(Lorg/apache/xalan/transformer/TransformerImpl;)V (238 bytes) @ 0x0000707278cf4ad4 [0x0000707278cf3ca0+0x0000000000000e34]
J 1875 c1 org.apache.xalan.templates.ElemApplyTemplates.transformSelectedNodes(Lorg/apache/xalan/transformer/TransformerImpl;)V (979 bytes) @ 0x0000707278bf3f64 [0x0000707278bef6a0+0x00000000000048c4]
J 2463 c2 org.apache.xalan.templates.ElemApplyTemplates.execute(Lorg/apache/xalan/transformer/TransformerImpl;)V (141 bytes) @ 0x000070728051f204 [0x000070728051f000+0x0000000000000204]
J 2275 c2 org.apache.xalan.transformer.TransformerImpl.executeChildTemplates(Lorg/apache/xalan/templates/ElemTemplateElement;Z)V (218 bytes) @ 0x00007072804bb61c [0x00007072804bb4a0+0x000000000000017c]
J 2368 c1 org.apache.xalan.templates.ElemCopy.execute(Lorg/apache/xalan/transformer/TransformerImpl;)V (238 bytes) @ 0x0000707278cf4ad4 [0x0000707278cf3ca0+0x0000000000000e34]
J 1875 c1 org.apache.xalan.templates.ElemApplyTemplates.transformSelectedNodes(Lorg/apache/xalan/transformer/TransformerImpl;)V (979 bytes) @ 0x0000707278bf3f64 [0x0000707278bef6a0+0x00000000000048c4]
J 2463 c2 org.apache.xalan.templates.ElemApplyTemplates.execute(Lorg/apache/xalan/transformer/TransformerImpl;)V (141 bytes) @ 0x000070728051f204 [0x000070728051f000+0x0000000000000204]
J 2275 c2 org.apache.xalan.transformer.TransformerImpl.executeChildTemplates(Lorg/apache/xalan/templates/ElemTemplateElement;Z)V (218 bytes) @ 0x00007072804bb61c [0x00007072804bb4a0+0x000000000000017c]
J 2368 c1 org.apache.xalan.templates.ElemCopy.execute(Lorg/apache/xalan/transformer/TransformerImpl;)V (238 bytes) @ 0x0000707278cf4ad4 [0x0000707278cf3ca0+0x0000000000000e34]
J 1875 c1 org.apache.xalan.templates.ElemApplyTemplates.transformSelectedNodes(Lorg/apache/xalan/transformer/TransformerImpl;)V (979 bytes) @ 0x0000707278bf3f64 [0x0000707278bef6a0+0x00000000000048c4]
J 2463 c2 org.apache.xalan.templates.ElemApplyTemplates.execute(Lorg/apache/xalan/transformer/TransformerImpl;)V (141 bytes) @ 0x000070728051f204 [0x000070728051f000+0x0000000000000204]
J 2275 c2 org.apache.xalan.transformer.TransformerImpl.executeChildTemplates(Lorg/apache/xalan/templates/ElemTemplateElement;Z)V (218 bytes) @ 0x00007072804bb61c [0x00007072804bb4a0+0x000000000000017c]
J 2368 c1 org.apache.xalan.templates.ElemCopy.execute(Lorg/apache/xalan/transformer/TransformerImpl;)V (238 bytes) @ 0x0000707278cf4ad4 [0x0000707278cf3ca0+0x0000000000000e34]
J 1875 c1 org.apache.xalan.templates.ElemApplyTemplates.transformSelectedNodes(Lorg/apache/xalan/transformer/TransformerImpl;)V (979 bytes) @ 0x0000707278bf3f64 [0x0000707278bef6a0+0x00000000000048c4]
J 2463 c2 org.apache.xalan.templates.ElemApplyTemplates.execute(Lorg/apache/xalan/transformer/TransformerImpl;)V (141 bytes) @ 0x000070728051f204 [0x000070728051f000+0x0000000000000204]
J 2275 c2 org.apache.xalan.transformer.TransformerImpl.executeChildTemplates(Lorg/apache/xalan/templates/ElemTemplateElement;Z)V (218 bytes) @ 0x00007072804bb61c [0x00007072804bb4a0+0x000000000000017c]
j  org.apache.xalan.templates.ElemLiteralResult.execute(Lorg/apache/xalan/transformer/TransformerImpl;)V+195
J 1875 c1 org.apache.xalan.templates.ElemApplyTemplates.transformSelectedNodes(Lorg/apache/xalan/transformer/TransformerImpl;)V (979 bytes) @ 0x0000707278bf3f64 [0x0000707278bef6a0+0x00000000000048c4]
J 2463 c2 org.apache.xalan.templates.ElemApplyTemplates.execute(Lorg/apache/xalan/transformer/TransformerImpl;)V (141 bytes) @ 0x000070728051f204 [0x000070728051f000+0x0000000000000204]
J 2275 c2 org.apache.xalan.transformer.TransformerImpl.executeChildTemplates(Lorg/apache/xalan/templates/ElemTemplateElement;Z)V (218 bytes) @ 0x00007072804bb61c [0x00007072804bb4a0+0x000000000000017c]
J 1887 c1 org.apache.xalan.templates.ElemLiteralResult.execute(Lorg/apache/xalan/transformer/TransformerImpl;)V (312 bytes) @ 0x0000707278ba89dc [0x0000707278ba79e0+0x0000000000000ffc]
J 1875 c1 org.apache.xalan.templates.ElemApplyTemplates.transformSelectedNodes(Lorg/apache/xalan/transformer/TransformerImpl;)V (979 bytes) @ 0x0000707278bf3f64 [0x0000707278bef6a0+0x00000000000048c4]
J 2463 c2 org.apache.xalan.templates.ElemApplyTemplates.execute(Lorg/apache/xalan/transformer/TransformerImpl;)V (141 bytes) @ 0x000070728051f204 [0x000070728051f000+0x0000000000000204]
J 2275 c2 org.apache.xalan.transformer.TransformerImpl.executeChildTemplates(Lorg/apache/xalan/templates/ElemTemplateElement;Z)V (218 bytes) @ 0x00007072804bb61c [0x00007072804bb4a0+0x000000000000017c]
J 1887 c1 org.apache.xalan.templates.ElemLiteralResult.execute(Lorg/apache/xalan/transformer/TransformerImpl;)V (312 bytes) @ 0x0000707278ba89dc [0x0000707278ba79e0+0x0000000000000ffc]
J 1875 c1 org.apache.xalan.templates.ElemApplyTemplates.transformSelectedNodes(Lorg/apache/xalan/transformer/TransformerImpl;)V (979 bytes) @ 0x0000707278bf3f64 [0x0000707278bef6a0+0x00000000000048c4]
J 2463 c2 org.apache.xalan.templates.ElemApplyTemplates.execute(Lorg/apache/xalan/transformer/TransformerImpl;)V (141 bytes) @ 0x000070728051f204 [0x000070728051f000+0x0000000000000204]
J 2275 c2 org.apache.xalan.transformer.TransformerImpl.executeChildTemplates(Lorg/apache/xalan/templates/ElemTemplateElement;Z)V (218 bytes) @ 0x00007072804bb61c [0x00007072804bb4a0+0x000000000000017c]
J 2812 c1 org.apache.xalan.transformer.TransformerImpl.applyTemplateToNode(Lorg/apache/xalan/templates/ElemTemplateElement;Lorg/apache/xalan/templates/ElemTemplate;I)Z (577 bytes) @ 0x0000707278dedb14 [0x0000707278decd20+0x0000000000000df4]
J 2612 c1 org.apache.xalan.transformer.TransformerImpl.transformNode(I)V (489 bytes) @ 0x0000707278d7b31c [0x0000707278d79fc0+0x000000000000135c]
j  org.apache.xalan.transformer.TransformerImpl.transform(Ljavax/xml/transform/Source;Z)V+331
J 2906 c1 org.apache.xalan.transformer.TransformerImpl.transform(Ljavax/xml/transform/Source;Ljavax/xml/transform/Result;Z)V (47 bytes) @ 0x0000707278e0ee64 [0x0000707278e0ed40+0x0000000000000124]
J 2905 c1 org.apache.xalan.transformer.TransformerImpl.transform(Ljavax/xml/transform/Source;Ljavax/xml/transform/Result;)V (8 bytes) @ 0x0000707278e0c70c [0x0000707278e0c6a0+0x000000000000006c]
j  org.dacapo.xalan.XSLTBench$XalanWorker.run()V+209
v  ~StubRoutines::call_stub 0x000070727fc17cc6
V  [libjvm.so+0x92b2fa]  JavaCalls::call_helper(JavaValue*, methodHandle const&, JavaCallArguments*, JavaThread*)+0x2da  (javaCalls.cpp:415)
V  [libjvm.so+0x92ccb2]  JavaCalls::call_virtual(JavaValue*, Handle, Klass*, Symbol*, Symbol*, JavaThread*)+0x1c2  (javaCalls.cpp:329)
V  [libjvm.so+0x9fc323]  thread_entry(JavaThread*, JavaThread*)+0x93  (jvm.cpp:2930)
V  [libjvm.so+0x941e38]  JavaThread::thread_main_inner() [clone .part.0]+0xb8  (javaThread.cpp:717)
V  [libjvm.so+0xf9e927]  Thread::call_run()+0xa7  (thread.cpp:236)
V  [libjvm.so+0xd290e5]  thread_native_entry(Thread*)+0xd5  (os_linux.cpp:789)
C  [libc.so.6+0x9caa4]
Java frames: (J=compiled Java code, j=interpreted, Vv=VM code)
j  org.apache.xpath.axes.IteratorPool.getInstance()Lorg/apache/xml/dtm/DTMIterator;+49
j  org.apache.xpath.axes.LocPathIterator.asIterator(Lorg/apache/xpath/XPathContext;I)Lorg/apache/xml/dtm/DTMIterator;+8
J 1875 c1 org.apache.xalan.templates.ElemApplyTemplates.transformSelectedNodes(Lorg/apache/xalan/transformer/TransformerImpl;)V (979 bytes) @ 0x0000707278bef88c [0x0000707278bef6a0+0x00000000000001ec]
J 2463 c2 org.apache.xalan.templates.ElemApplyTemplates.execute(Lorg/apache/xalan/transformer/TransformerImpl;)V (141 bytes) @ 0x000070728051f204 [0x000070728051f000+0x0000000000000204]
J 2275 c2 org.apache.xalan.transformer.TransformerImpl.executeChildTemplates(Lorg/apache/xalan/templates/ElemTemplateElement;Z)V (218 bytes) @ 0x00007072804bb61c [0x00007072804bb4a0+0x000000000000017c]
J 2368 c1 org.apache.xalan.templates.ElemCopy.execute(Lorg/apache/xalan/transformer/TransformerImpl;)V (238 bytes) @ 0x0000707278cf4ad4 [0x0000707278cf3ca0+0x0000000000000e34]
J 1875 c1 org.apache.xalan.templates.ElemApplyTemplates.transformSelectedNodes(Lorg/apache/xalan/transformer/TransformerImpl;)V (979 bytes) @ 0x0000707278bf3f64 [0x0000707278bef6a0+0x00000000000048c4]
J 2463 c2 org.apache.xalan.templates.ElemApplyTemplates.execute(Lorg/apache/xalan/transformer/TransformerImpl;)V (141 bytes) @ 0x000070728051f204 [0x000070728051f000+0x0000000000000204]
J 2275 c2 org.apache.xalan.transformer.TransformerImpl.executeChildTemplates(Lorg/apache/xalan/templates/ElemTemplateElement;Z)V (218 bytes) @ 0x00007072804bb61c [0x00007072804bb4a0+0x000000000000017c]
J 2368 c1 org.apache.xalan.templates.ElemCopy.execute(Lorg/apache/xalan/transformer/TransformerImpl;)V (238 bytes) @ 0x0000707278cf4ad4 [0x0000707278cf3ca0+0x0000000000000e34]
J 1875 c1 org.apache.xalan.templates.ElemApplyTemplates.transformSelectedNodes(Lorg/apache/xalan/transformer/TransformerImpl;)V (979 bytes) @ 0x0000707278bf3f64 [0x0000707278bef6a0+0x00000000000048c4]
J 2463 c2 org.apache.xalan.templates.ElemApplyTemplates.execute(Lorg/apache/xalan/transformer/TransformerImpl;)V (141 bytes) @ 0x000070728051f204 [0x000070728051f000+0x0000000000000204]
J 2275 c2 org.apache.xalan.transformer.TransformerImpl.executeChildTemplates(Lorg/apache/xalan/templates/ElemTemplateElement;Z)V (218 bytes) @ 0x00007072804bb61c [0x00007072804bb4a0+0x000000000000017c]
J 2368 c1 org.apache.xalan.templates.ElemCopy.execute(Lorg/apache/xalan/transformer/TransformerImpl;)V (238 bytes) @ 0x0000707278cf4ad4 [0x0000707278cf3ca0+0x0000000000000e34]
J 1875 c1 org.apache.xalan.templates.ElemApplyTemplates.transformSelectedNodes(Lorg/apache/xalan/transformer/TransformerImpl;)V (979 bytes) @ 0x0000707278bf3f64 [0x0000707278bef6a0+0x00000000000048c4]
J 2463 c2 org.apache.xalan.templates.ElemApplyTemplates.execute(Lorg/apache/xalan/transformer/TransformerImpl;)V (141 bytes) @ 0x000070728051f204 [0x000070728051f000+0x0000000000000204]
J 2275 c2 org.apache.xalan.transformer.TransformerImpl.executeChildTemplates(Lorg/apache/xalan/templates/ElemTemplateElement;Z)V (218 bytes) @ 0x00007072804bb61c [0x00007072804bb4a0+0x000000000000017c]
J 2368 c1 org.apache.xalan.templates.ElemCopy.execute(Lorg/apache/xalan/transformer/TransformerImpl;)V (238 bytes) @ 0x0000707278cf4ad4 [0x0000707278cf3ca0+0x0000000000000e34]
J 1875 c1 org.apache.xalan.templates.ElemApplyTemplates.transformSelectedNodes(Lorg/apache/xalan/transformer/TransformerImpl;)V (979 bytes) @ 0x0000707278bf3f64 [0x0000707278bef6a0+0x00000000000048c4]
J 2463 c2 org.apache.xalan.templates.ElemApplyTemplates.execute(Lorg/apache/xalan/transformer/TransformerImpl;)V (141 bytes) @ 0x000070728051f204 [0x000070728051f000+0x0000000000000204]
J 2275 c2 org.apache.xalan.transformer.TransformerImpl.executeChildTemplates(Lorg/apache/xalan/templates/ElemTemplateElement;Z)V (218 bytes) @ 0x00007072804bb61c [0x00007072804bb4a0+0x000000000000017c]
j  org.apache.xalan.templates.ElemLiteralResult.execute(Lorg/apache/xalan/transformer/TransformerImpl;)V+195
J 1875 c1 org.apache.xalan.templates.ElemApplyTemplates.transformSelectedNodes(Lorg/apache/xalan/transformer/TransformerImpl;)V (979 bytes) @ 0x0000707278bf3f64 [0x0000707278bef6a0+0x00000000000048c4]
J 2463 c2 org.apache.xalan.templates.ElemApplyTemplates.execute(Lorg/apache/xalan/transformer/TransformerImpl;)V (141 bytes) @ 0x000070728051f204 [0x000070728051f000+0x0000000000000204]
J 2275 c2 org.apache.xalan.transformer.TransformerImpl.executeChildTemplates(Lorg/apache/xalan/templates/ElemTemplateElement;Z)V (218 bytes) @ 0x00007072804bb61c [0x00007072804bb4a0+0x000000000000017c]
J 1887 c1 org.apache.xalan.templates.ElemLiteralResult.execute(Lorg/apache/xalan/transformer/TransformerImpl;)V (312 bytes) @ 0x0000707278ba89dc [0x0000707278ba79e0+0x0000000000000ffc]
J 1875 c1 org.apache.xalan.templates.ElemApplyTemplates.transformSelectedNodes(Lorg/apache/xalan/transformer/TransformerImpl;)V (979 bytes) @ 0x0000707278bf3f64 [0x0000707278bef6a0+0x00000000000048c4]
J 2463 c2 org.apache.xalan.templates.ElemApplyTemplates.execute(Lorg/apache/xalan/transformer/TransformerImpl;)V (141 bytes) @ 0x000070728051f204 [0x000070728051f000+0x0000000000000204]
J 2275 c2 org.apache.xalan.transformer.TransformerImpl.executeChildTemplates(Lorg/apache/xalan/templates/ElemTemplateElement;Z)V (218 bytes) @ 0x00007072804bb61c [0x00007072804bb4a0+0x000000000000017c]
J 1887 c1 org.apache.xalan.templates.ElemLiteralResult.execute(Lorg/apache/xalan/transformer/TransformerImpl;)V (312 bytes) @ 0x0000707278ba89dc [0x0000707278ba79e0+0x0000000000000ffc]
J 1875 c1 org.apache.xalan.templates.ElemApplyTemplates.transformSelectedNodes(Lorg/apache/xalan/transformer/TransformerImpl;)V (979 bytes) @ 0x0000707278bf3f64 [0x0000707278bef6a0+0x00000000000048c4]
J 2463 c2 org.apache.xalan.templates.ElemApplyTemplates.execute(Lorg/apache/xalan/transformer/TransformerImpl;)V (141 bytes) @ 0x000070728051f204 [0x000070728051f000+0x0000000000000204]
J 2275 c2 org.apache.xalan.transformer.TransformerImpl.executeChildTemplates(Lorg/apache/xalan/templates/ElemTemplateElement;Z)V (218 bytes) @ 0x00007072804bb61c [0x00007072804bb4a0+0x000000000000017c]
J 2812 c1 org.apache.xalan.transformer.TransformerImpl.applyTemplateToNode(Lorg/apache/xalan/templates/ElemTemplateElement;Lorg/apache/xalan/templates/ElemTemplate;I)Z (577 bytes) @ 0x0000707278dedb14 [0x0000707278decd20+0x0000000000000df4]
J 2612 c1 org.apache.xalan.transformer.TransformerImpl.transformNode(I)V (489 bytes) @ 0x0000707278d7b31c [0x0000707278d79fc0+0x000000000000135c]
j  org.apache.xalan.transformer.TransformerImpl.transform(Ljavax/xml/transform/Source;Z)V+331
J 2906 c1 org.apache.xalan.transformer.TransformerImpl.transform(Ljavax/xml/transform/Source;Ljavax/xml/transform/Result;Z)V (47 bytes) @ 0x0000707278e0ee64 [0x0000707278e0ed40+0x0000000000000124]
J 2905 c1 org.apache.xalan.transformer.TransformerImpl.transform(Ljavax/xml/transform/Source;Ljavax/xml/transform/Result;)V (8 bytes) @ 0x0000707278e0c70c [0x0000707278e0c6a0+0x000000000000006c]
j  org.dacapo.xalan.XSLTBench$XalanWorker.run()V+209
v  ~StubRoutines::call_stub 0x000070727fc17cc6

siginfo: si_signo: 11 (SIGSEGV), si_code: 1 (SEGV_MAPERR), si_addr: 0x0000000000000088

Registers:
RAX=0x0000000000000000, RBX=0x000063c55c01ea90, RCX=0x000000000000001d, RDX=0x000063c4c804dee8
RSP=0x000063c559dfa0f0, RBP=0x000063c559dfa140, RSI=0x0000000000000072, RDI=0x000063c55b000000
R8 =0x000070727fc1e790, R9 =0x000070727fc1e780, R10=0x000070729799f000, R11=0x26b54772c03e39a3
R12=0x000063c55b000000, R13=0x000063c4c804dee8, R14=0x0000000000000000, R15=0x000063c4c804dee0
RIP=0x00007072971e84ed, EFLAGS=0x0000000000010202, CSGSFS=0x002b000000000033, ERR=0x0000000000000004
  TRAPNO=0x000000000000000e

XMM[0]=0x0000000000000000 0x0000000000000000
XMM[1]=0x0000000000000000 0x0000000000000000
XMM[2]=0x0000000000000000 0x000070727fc22104
XMM[3]=0x0000000000000000 0x00000000000000ff
XMM[4]=0x0000000000000000 0x00007072905de800
XMM[5]=0x000063c559dfb558 0x0000000000000000
XMM[6]=0x000063c559dfb5d0 0x0000630000000000
XMM[7]=0x0000000000000000 0x000070727fc1e790
XMM[8]=0xff00ff00ff00ff00 0xff00ff00ff00ff00
XMM[9]=0x0000000000000000 0x0000000000000000
XMM[10]=0x0000000000000000 0x000000006481acc9
XMM[11]=0x0000000000000000 0x12c40fe5011b0afd
XMM[12]=0x0000000000000000 0x00000000ee56fb18
XMM[13]=0x0000000000000000 0x0000000000000000
XMM[14]=0x0000000000000000 0x0000000000000000
XMM[15]=0x0000000000000000 0x0000000000000000
  MXCSR=0x00001fa2


Register to memory mapping:

RAX=0x0 is null
RBX=
[error occurred during error reporting (printing register info), id 0xe0000000, Internal Error (/mydata/mmtk-openjdk/openjdk/share/mmtkHeap.cpp:444)]
RCX=
[error occurred during error reporting (printing register info, attempt 2), id 0xe0000000, Internal Error (/mydata/mmtk-openjdk/openjdk/share/mmtkHeap.cpp:444)]
RDX=
[error occurred during error reporting (printing register info, attempt 3), id 0xe0000000, Internal Error (/mydata/mmtk-openjdk/openjdk/share/mmtkHeap.cpp:444)]
Top of Stack: (sp=0x000063c559dfa0f0)
0x000063c559dfa0f0:   00007072905de800 0000000000000000
0x000063c559dfa100:   00010101ffffffff 000000000000003e
0x000063c559dfa110:   00007072905df220 000063c55b000000
0x000063c559dfa120:   000070729792bde0 000063c55069fcb9
0x000063c559dfa130:   000063c559dfa150 000063c55c01ea90
0x000063c559dfa140:   000063c559dfb480 00007072971eb170
0x000063c559dfa150:   000063c55069f778 00007072905de800
0x000063c559dfa160:   000063c559dfb500 000070727fc22104
0x000063c559dfa170:   000070727fc1e790 0000000000000000
0x000063c559dfa180:   0000000000000000 000063c559dfb558
0x000063c559dfa190:   000063c559dfb500 00007072905de800
0x000063c559dfa1a0:   000063c559df44e0 00007072971b7c3f
0x000063c559dfa1b0:   0000000000000000 0000000000000000
0x000063c559dfa1c0:   0000000000000000 000063c55b48cec0
0x000063c559dfa1d0:   000063c559df5770 0000707296cf8212
0x000063c559dfa1e0:   00007072905de800 0000000000000000
0x000063c559dfa1f0:   0000000000000001 000063c55b493900
0x000063c559dfa200:   000063c559df57b0 18d83392e2f5c700
0x000063c559dfa210:   000063c559dfb4a0 000063c559dfb4a4
0x000063c559dfa220:   000063c55c01e5f8 000063c559df5ad0
0x000063c559dfa230:   000063c5504d1c10 000063c559df5810
0x000063c559dfa240:   000063c559df5930 0000707296f99e80
0x000063c559dfa250:   0000000000000000 000063c559df9130
0x000063c559dfa260:   0000707297925918 00000000000003d8
0x000063c559dfa270:   0000000000000000 0000707297569c78
0x000063c559dfa280:   000063c559df7d90 000070729697b6f9
0x000063c559dfa290:   000063c559dfb4b0 000063c559dfb4b4
0x000063c559dfa2a0:   000063c5504d1c10 00007072905de800
0x000063c559dfa2b0:   000063c559dfd6f0 00007072805005dc
0x000063c559dfa2c0:   0000707280500110 0000000000000000
0x000063c559dfa2d0:   0000630000000000 000000004ef51828
0x000063c559dfa2e0:   000063c559dfd6f0 0000000000000000 

Instructions: (pc=0x00007072971e84ed)
0x00007072971e83ed:   0f 1f 00 ba 01 00 00 00 be 01 00 00 00 48 89 df
0x00007072971e83fd:   e8 5e 84 ff ff 8b 83 60 07 00 00 a8 0c 74 ce 48
0x00007072971e840d:   89 df e8 3c bb b5 ff eb c4 66 2e 0f 1f 84 00 00
0x00007072971e841d:   00 00 00 48 8b 7f 08 e9 2c ff ff ff 0f 1f 80 00
0x00007072971e842d:   00 00 00 48 8d 05 89 cb 77 00 45 31 c0 ba 5d 08
0x00007072971e843d:   00 00 48 89 df 48 8d 35 9f 86 3d 00 48 8b 88 08
0x00007072971e844d:   05 00 00 e8 5b 0c 9b ff 4c 8b a3 98 01 00 00 49
0x00007072971e845d:   8b 44 24 10 48 83 38 00 0f 85 1b ff ff ff e9 23
0x00007072971e846d:   ff ff ff 48 8d bb e0 07 00 00 e8 84 66 0c 00 e9
0x00007072971e847d:   44 ff ff ff 90 66 66 2e 0f 1f 84 00 00 00 00 00
0x00007072971e848d:   0f 1f 00 f3 0f 1e fa 55 48 89 e5 41 57 41 56 41
0x00007072971e849d:   55 49 89 d5 41 54 49 89 fc 53 48 89 f3 48 83 ec
0x00007072971e84ad:   28 e8 cd 3f d7 ff 49 89 c7 48 85 db 0f 84 09 01
0x00007072971e84bd:   00 00 48 89 df e8 b9 3f d7 ff 4c 89 ff 49 89 c5
0x00007072971e84cd:   e8 ce 10 4c ff 4c 89 ef 49 89 c6 e8 c3 10 4c ff
0x00007072971e84dd:   4c 89 e7 49 8d 44 06 20 48 89 45 c8 49 8b 04 24
0x00007072971e84ed:   ff 90 88 00 00 00 48 89 df 49 89 c6 48 8b 03 ff
0x00007072971e84fd:   90 88 00 00 00 31 d2 49 39 c6 0f 84 33 01 00 00
0x00007072971e850d:   31 f6 4c 89 e7 e8 59 41 d7 ff 31 d2 48 89 df 31
0x00007072971e851d:   f6 49 89 c6 e8 4a 41 d7 ff 48 89 c7 48 89 c3 e8
0x00007072971e852d:   6f 10 4c ff 48 c7 45 c0 02 00 00 00 48 8d 0d 52
0x00007072971e853d:   c4 37 00 48 89 c2 4c 89 f7 48 89 55 b0 48 89 4d
0x00007072971e854d:   b8 e8 4d 10 4c ff 48 8b 55 b0 48 8b 4d c0 48 89
0x00007072971e855d:   c6 48 8b 45 c8 48 8d 44 10 03 48 01 c8 48 01 f0
0x00007072971e856d:   be 01 00 00 00 48 89 c7 48 89 45 c8 e8 02 55 fe
0x00007072971e857d:   ff 48 8b 4d b8 48 85 c0 48 89 c7 0f 84 92 00 00
0x00007072971e858d:   00 53 4d 89 f1 4d 89 e8 48 8d 15 c4 88 3d 00 51
0x00007072971e859d:   48 8b 75 c8 4c 89 f9 48 89 45 c8 31 c0 e8 81 0a
0x00007072971e85ad:   4c ff 58 48 8b 45 c8 5a 48 8d 65 d8 5b 41 5c 41
0x00007072971e85bd:   5d 41 5e 41 5f 5d c3 0f 1f 40 00 4c 89 ef e8 60
0x00007072971e85cd:   e6 15 00 4c 89 ff 49 89 c5 e8 c5 0f 4c ff 4c 89
0x00007072971e85dd:   ef 48 89 c3 e8 ba 0f 4c ff 31 d2 31 f6 4c 89 e7 


Stack slot to memory mapping:

stack at sp + 0 slots: 
[error occurred during error reporting (inspecting top of stack), id 0xe0000000, Internal Error (/mydata/mmtk-openjdk/openjdk/share/mmtkHeap.cpp:444)]
stack at sp + 1 slots: 0x0 is null
stack at sp + 2 slots: 
[error occurred during error reporting (inspecting top of stack, attempt 2), id 0xe0000000, Internal Error (/mydata/mmtk-openjdk/openjdk/share/mmtkHeap.cpp:444)]
stack at sp + 3 slots: 
[error occurred during error reporting (inspecting top of stack, attempt 3), id 0xe0000000, Internal Error (/mydata/mmtk-openjdk/openjdk/share/mmtkHeap.cpp:444)]

Compiled method (c1) 4860 1875   !   3       org.apache.xalan.templates.ElemApplyTemplates::transformSelectedNodes (979 bytes)
 total in heap  [0x0000707278bee310,0x0000707278c076f0] = 103392
 relocation     [0x0000707278bee468,0x0000707278bef6a0] = 4664
 main code      [0x0000707278bef6a0,0x0000707278bfe528] = 61064
 stub code      [0x0000707278bfe528,0x0000707278bfebd0] = 1704
 oops           [0x0000707278bfebd0,0x0000707278bfebe0] = 16
 metadata       [0x0000707278bfebe0,0x0000707278bfee38] = 600
 scopes data    [0x0000707278bfee38,0x0000707278c031c0] = 17288
 scopes pcs     [0x0000707278c031c0,0x0000707278c053a0] = 8672
 dependencies   [0x0000707278c053a0,0x0000707278c053f8] = 88
 handler table  [0x0000707278c053f8,0x0000707278c071f8] = 7680
 nul chk table  [0x0000707278c071f8,0x0000707278c076f0] = 1272

[Constant Pool (empty)]

[MachCode]
[Entry Point]
  # {method} {0x000063c55055b330} 'transformSelectedNodes' '(Lorg/apache/xalan/transformer/TransformerImpl;)V' in 'org/apache/xalan/templates/ElemApplyTemplates'
  # this:     rsi:rsi   = 'org/apache/xalan/templates/ElemApplyTemplates'
  # parm0:    rdx:rdx   = 'org/apache/xalan/transformer/TransformerImpl'
  #           [sp+0x410]  (sp of caller)
  0x0000707278bef6a0: 448b 5608 | 49bb 0000 | 005b c563 | 0000 4d03 | d34c 3bd0 

  0x0000707278bef6b4: ;   {runtime_call ic_miss_stub}
  0x0000707278bef6b4: 0f85 c656 | 0707 660f | 1f44 0000 
[Verified Entry Point]
  0x0000707278bef6c0: e9bb e802 | 07fe ff55 | 4881 ec00 | 0400 0090 | 4181 7f20 | 0100 0000 

  0x0000707278bef6d8: ;   {runtime_call StubRoutines (final stubs)}
  0x0000707278bef6d8: 7405 e881 | f705 0748 | 89b4 24e8 | 0000 0048 | 8994 24f0 

  0x0000707278bef6ec: ;   {metadata(method data for {method} {0x000063c55055b330} 'transformSelectedNodes' '(Lorg/apache/xalan/transformer/TransformerImpl;)V' in 'org/apache/xalan/templates/ElemApplyTemplates')}
  0x0000707278bef6ec: 0000 0048 | b928 9481 | 50c5 6300 | 008b b9f4 | 0000 0083 | c702 89b9 | f400 0000 | 81e7 fe07 
  0x0000707278bef70c: 0000 85ff | 0f84 a3aa | 0000 483b | 0248 8bca 

  0x0000707278bef71c: ;   {metadata(method data for {method} {0x000063c55055b330} 'transformSelectedNodes' '(Lorg/apache/xalan/transformer/TransformerImpl;)V' in 'org/apache/xalan/templates/ElemApplyTemplates')}
  0x0000707278bef71c: 48bf 2894 | 8150 c563 | 0000 4883 | 8738 0100 | 0001 8b7a | 5c48 89bc | 24e0 0000 | 0048 3b07 
  0x0000707278bef73c: ;   {metadata(method data for {method} {0x000063c55055b330} 'transformSelectedNodes' '(Lorg/apache/xalan/transformer/TransformerImpl;)V' in 'org/apache/xalan/templates/ElemApplyTemplates')}
  0x0000707278bef73c: 488b cf48 | bb28 9481 | 50c5 6300 | 0048 8383 | 7001 0000 

  0x0000707278bef750: ;   {metadata(method data for {method} {0x000063c5506ab1e0} 'getCurrentNode' '()I' in 'org/apache/xpath/XPathContext')}
  0x0000707278bef750: 0148 b978 | 3e7f 50c5 | 6300 008b | 99f4 0000 | 0083 c302 | 8999 f400 | 0000 81e3 | feff 1f00 
  0x0000707278bef770: 85db 0f84 | 6caa 0000 | 8b4f 5448 | 3b01 488b 

  0x0000707278bef780: ;   {metadata(method data for {method} {0x000063c5506ab1e0} 'getCurrentNode' '()I' in 'org/apache/xpath/XPathContext')}
  0x0000707278bef780: d948 b878 | 3e7f 50c5 | 6300 0048 | 8380 3801 

  0x0000707278bef790: ;   {metadata(method data for {method} {0x000063c5506487e0} 'peek' '()I' in 'org/apache/xml/utils/IntStack')}
  0x0000707278bef790: 0000 0148 | bbf0 777d | 50c5 6300 | 008b 83f4 | 0000 0083 | c002 8983 | f400 0000 | 25fe ff1f 
  0x0000707278bef7b0: 0085 c00f | 8451 aa00 | 008b 5918 | 8b49 10ff | c93b 4b0c | 0f83 6baa | 0000 4863 | c98b 5c8b 
  0x0000707278bef7d0: 1089 9c24 | f800 0000 | 8b46 5048 | 3b00 488b 

  0x0000707278bef7e0: ;   {metadata(method data for {method} {0x000063c55055b330} 'transformSelectedNodes' '(Lorg/apache/xalan/transformer/TransformerImpl;)V' in 'org/apache/xalan/templates/ElemApplyTemplates')}
  0x0000707278bef7e0: c849 b828 | 9481 50c5 | 6300 008b | 4908 49ba | 0000 005b | c563 0000 | 4903 ca49 | 3b88 b801 
  0x0000707278bef800: 0000 750d | 4983 80c0 | 0100 0001 | e960 0000 | 0049 3b88 | c801 0000 | 750d 4983 | 80d0 0100 
  0x0000707278bef820: 0001 e94a | 0000 0049 | 83b8 b801 | 0000 0075 | 1749 8988 | b801 0000 | 49c7 80c0 | 0100 0001 
  0x0000707278bef840: 0000 00e9 | 2900 0000 | 4983 b8c8 | 0100 0000 | 7517 4989 | 88c8 0100 | 0049 c780 | d001 0000 
  0x0000707278bef860: 0100 0000 | e908 0000 | 0049 8380 | a801 0000 | 0148 8bd7 | 488b cb48 | 8bf0 6666 | 9048 b8ff 
  0x0000707278bef880: ffff ffff 

  0x0000707278bef884: ;   {virtual_call}
  0x0000707278bef884: ffff ffe8 

  0x0000707278bef888: ; ImmutableOopMap {[224]=Oop [232]=Oop [240]=Oop }
                      ;*invokevirtual asIterator {reexecute=0 rethrow=0 return_oop=0}
                      ; - org.apache.xalan.templates.ElemApplyTemplates::transformSelectedNodes@16 (line 207)
  0x0000707278bef888: ecc0 1207 

  0x0000707278bef88c: ;   {other}
  0x0000707278bef88c: 0f1f 8400 | 7c15 0000 | 4889 8424 | 0801 0000 | 488b bc24 | e000 0000 

  0x0000707278bef8a4: ;   {metadata(method data for {method} {0x000063c55055b330} 'transformSelectedNodes' '(Lorg/apache/xalan/transformer/TransformerImpl;)V' in 'org/apache/xalan/templates/ElemApplyTemplates')}
  0x0000707278bef8a4: 48ba 2894 | 8150 c563 | 0000 4883 | 82e0 0100 | 0001 488b | bc24 e000 | 0000 8b5f | 3848 899c 
  0x0000707278bef8c4: 2400 0100 | 0048 8bb4 | 24e8 0000 

  0x0000707278bef8d0: ;   {metadata(method data for {method} {0x000063c55055b330} 'transformSelectedNodes' '(Lorg/apache/xalan/transformer/TransformerImpl;)V' in 'org/apache/xalan/templates/ElemApplyTemplates')}
  0x0000707278bef8d0: 0048 ba28 | 9481 50c5 | 6300 008b | 7608 49ba | 0000 005b | c563 0000 | 4903 f248 | 3bb2 2802 
  0x0000707278bef8f0: 0000 750d | 4883 8230 | 0200 0001 | e960 0000 | 0048 3bb2 | 3802 0000 | 750d 4883 | 8240 0200 
  0x0000707278bef910: 0001 e94a | 0000 0048 | 83ba 2802 | 0000 0075 | 1748 89b2 | 2802 0000 | 48c7 8230 | 0200 0001 
  0x0000707278bef930: 0000 00e9 | 2900 0000 | 4883 ba38 | 0200 0000 | 7517 4889 | b238 0200 | 0048 c782 | 4002 0000 
  0x0000707278bef950: 0100 0000 | e908 0000 | 0048 8382 | 1802 0000 

  0x0000707278bef960: ;   {metadata(method data for {method} {0x000063c55055c7e0} 'getParamElemCount' '()I' in 'org/apache/xalan/templates/ElemCallTemplate')}
  0x0000707278bef960: 0148 ba38 | e373 50c5 | 6300 008b | b2f4 0000 | 0083 c602 | 89b2 f400 | 0000 81e6 | feff 1f00 
  0x0000707278bef980: 85f6 0f84 | c0a8 0000 | 488b b424 | e800 0000 | 8b56 6448 

  0x0000707278bef994: ;   {metadata(method data for {method} {0x000063c55055c7e0} 'getParamElemCount' '()I' in 'org/apache/xalan/templates/ElemCallTemplate')}
  0x0000707278bef994: 85d2 48b9 | 38e3 7350 | c563 0000 | 49c7 c038 | 0100 0075 | 0749 c7c0 | 4801 0000 | 4e8b 0c01 
  0x0000707278bef9b4: 4d8d 4901 | 4e89 0c01 | 0f85 1a00 

  0x0000707278bef9c0: ;   {metadata(method data for {method} {0x000063c55055c7e0} 'getParamElemCount' '()I' in 'org/apache/xalan/templates/ElemCallTemplate')}
  0x0000707278bef9c0: 0000 48ba | 38e3 7350 | c563 0000 | ff82 5801 | 0000 b900 | 0000 00e9 | 0600 0000 

  0x0000707278bef9dc: ; implicit exception: dispatches to 0x0000707278bfa269
  0x0000707278bef9dc: 8b52 0c48 | 8bca 488b | 9424 f000 | 0000 483b | 034c 8bc3 

  0x0000707278bef9f0: ;   {metadata(method data for {method} {0x000063c55055b330} 'transformSelectedNodes' '(Lorg/apache/xalan/transformer/TransformerImpl;)V' in 'org/apache/xalan/templates/ElemApplyTemplates')}
  0x0000707278bef9f0: 49b9 2894 | 8150 c563 | 0000 4983 | 8168 0200 | 0001 448b | 4310 4489 | 8424 1001 | 0000 4c8b 
  0x0000707278befa10: ;   {metadata(method data for {method} {0x000063c55055b330} 'transformSelectedNodes' '(Lorg/apache/xalan/transformer/TransformerImpl;)V' in 'org/apache/xalan/templates/ElemApplyTemplates')}
  0x0000707278befa10: ca49 bb28 | 9481 50c5 | 6300 0049 | 8383 a002 | 0000 0144 | 8b4a 604c | 898c 2418 | 0100 0049 
  0x0000707278befa30: 3b01 4d8b 

  0x0000707278befa34: ;   {metadata(method data for {method} {0x000063c55055b330} 'transformSelectedNodes' '(Lorg/apache/xalan/transformer/TransformerImpl;)V' in 'org/apache/xalan/templates/ElemApplyTemplates')}
  0x0000707278befa34: d949 bd28 | 9481 50c5 | 6300 0049 | 8385 d802 | 0000 0145 | 8b59 0c41 

  0x0000707278befa4c: ;   {metadata(method data for {method} {0x000063c55055b330} 'transformSelectedNodes' '(Lorg/apache/xalan/transformer/TransformerImpl;)V' in 'org/apache/xalan/templates/ElemApplyTemplates')}
  0x0000707278befa4c: 83fb ff49 | bb28 9481 | 50c5 6300 | 0049 c7c5 | f802 0000 | 7e07 49c7 | c508 0300 | 004f 8b34 
  0x0000707278befa6c: 2b4d 8d76 | 014f 8934 | 2b0f 8e1c 

  0x0000707278befa78: ;   {metadata(method data for {method} {0x000063c55055b330} 'transformSelectedNodes' '(Lorg/apache/xalan/transformer/TransformerImpl;)V' in 'org/apache/xalan/templates/ElemApplyTemplates')}
  0x0000707278befa78: 0000 0049 | bb28 9481 | 50c5 6300 | 0041 ff83 | 1803 0000 | 41bb 0100 | 0000 e906 | 0000 0041 
  0x0000707278befa98: bb00 0000 | 0044 899c | 2414 0100 | 0089 8c24 | fc00 0000 

  0x0000707278befaac: ;   {metadata(method data for {method} {0x000063c55055b330} 'transformSelectedNodes' '(Lorg/apache/xalan/transformer/TransformerImpl;)V' in 'org/apache/xalan/templates/ElemApplyTemplates')}
  0x0000707278befaac: 4c8b ef49 | be28 9481 | 50c5 6300 | 0049 8386 | 3003 0000 

  0x0000707278befac0: ;   {metadata(method data for {method} {0x000063c5506ab5d0} 'pushCurrentNode' '(I)V' in 'org/apache/xpath/XPathContext')}
  0x0000707278befac0: 0148 bbc8 | 4980 50c5 | 6300 0044 | 8bab f400 | 0000 4183 | c502 4489 | abf4 0000 | 0041 81e5 
  0x0000707278befae0: feff 1f00 | 4585 ed0f | 848b a700 | 008b 5f54 

  0x0000707278befaf0: ; implicit exception: dispatches to 0x0000707278bfa299
  0x0000707278befaf0: 483b 034c 

  0x0000707278befaf4: ;   {metadata(method data for {method} {0x000063c5506ab5d0} 'pushCurrentNode' '(I)V' in 'org/apache/xpath/XPathContext')}
  0x0000707278befaf4: 8beb 49be | c849 8050 | c563 0000 | 4983 8650 | 0100 0001 | baff ffff | ff48 8bf3 | 0f1f 8000 
  0x0000707278befb14: ;   {optimized virtual_call}
  0x0000707278befb14: 0000 00e8 

  0x0000707278befb18: ; ImmutableOopMap {[224]=Oop [232]=Oop [240]=Oop [256]=Oop [264]=Oop [280]=Oop }
                      ;*invokevirtual push {reexecute=0 rethrow=0 return_oop=0}
                      ; - org.apache.xpath.XPathContext::pushCurrentNode@5 (line 793)
                      ; - org.apache.xalan.templates.ElemApplyTemplates::transformSelectedNodes@67 (line 219)
  0x0000707278befb18: a4fe 8607 

  0x0000707278befb1c: ;   {other}
  0x0000707278befb1c: 0f1f 8400 | 0c18 0001 | 488b bc24 | e000 0000 

  0x0000707278befb2c: ;   {metadata(method data for {method} {0x000063c55055b330} 'transformSelectedNodes' '(Lorg/apache/xalan/transformer/TransformerImpl;)V' in 'org/apache/xalan/templates/ElemApplyTemplates')}
  0x0000707278befb2c: 48ba 2894 | 8150 c563 | 0000 4883 | 8268 0300 

  0x0000707278befb3c: ;   {metadata(method data for {method} {0x000063c5506abfb0} 'pushCurrentExpressionNode' '(I)V' in 'org/apache/xpath/XPathContext')}
  0x0000707278befb3c: 0001 48ba | 102e 8150 | c563 0000 | 8bb2 f400 | 0000 83c6 | 0289 b2f4 | 0000 0081 | e6fe ff1f 
  0x0000707278befb5c: 0085 f60f | 8439 a700 | 0048 8bbc | 24e0 0000 | 008b 7760 

  0x0000707278befb70: ; implicit exception: dispatches to 0x0000707278bfa2bf
  0x0000707278befb70: 483b 0648 

  0x0000707278befb74: ;   {metadata(method data for {method} {0x000063c5506abfb0} 'pushCurrentExpressionNode' '(I)V' in 'org/apache/xpath/XPathContext')}
  0x0000707278befb74: 8bd6 48bb | 102e 8150 | c563 0000 | 4883 8350 | 0100 0001 | baff ffff 

  0x0000707278befb8c: ;   {optimized virtual_call}
  0x0000707278befb8c: ff66 90e8 

  0x0000707278befb90: ; ImmutableOopMap {[224]=Oop [232]=Oop [240]=Oop [256]=Oop [264]=Oop [280]=Oop }
                      ;*invokevirtual push {reexecute=0 rethrow=0 return_oop=0}
                      ; - org.apache.xpath.XPathContext::pushCurrentExpressionNode@5 (line 899)
                      ; - org.apache.xalan.templates.ElemApplyTemplates::transformSelectedNodes@72 (line 220)
  0x0000707278befb90: 2cfe 8607 

  0x0000707278befb94: ;   {other}
  0x0000707278befb94: 0f1f 8400 | 8418 0002 | 488b bc24 | e000 0000 

  0x0000707278befba4: ;   {metadata(method data for {method} {0x000063c55055b330} 'transformSelectedNodes' '(Lorg/apache/xalan/transformer/TransformerImpl;)V' in 'org/apache/xalan/templates/ElemApplyTemplates')}
  0x0000707278befba4: 48ba 2894 | 8150 c563 | 0000 4883 | 82b8 0300 

  0x0000707278befbb4: ;   {metadata(method data for {method} {0x000063c5506aa1b8} 'pushSAXLocatorNull' '()V' in 'org/apache/xpath/XPathContext')}
  0x0000707278befbb4: 0001 48ba | e0d3 8050 | c563 0000 | 8bb2 f400 | 0000 83c6 | 0289 b2f4 | 0000 0081 | e6fe ff1f 
  0x0000707278befbd4: 0085 f60f | 84e7 a600 | 0048 8bbc | 24e0 0000 | 008b 772c 

  0x0000707278befbe8: ; implicit exception: dispatches to 0x0000707278bfa2e5
  0x0000707278befbe8: 483b 0648 

  0x0000707278befbec: ;   {metadata(method data for {method} {0x000063c5506aa1b8} 'pushSAXLocatorNull' '()V' in 'org/apache/xpath/XPathContext')}
  0x0000707278befbec: 8bd6 48bb | e0d3 8050 | c563 0000 | 4883 8350 | 0100 0001 

  0x0000707278befc00: ;   {oop(nullptr)}
  0x0000707278befc00: 48ba 0000 | 0000 0000 | 0000 0f1f 

  0x0000707278befc0c: ;   {optimized virtual_call}
  0x0000707278befc0c: 4400 00e8 

  0x0000707278befc10: ; ImmutableOopMap {[224]=Oop [232]=Oop [240]=Oop [256]=Oop [264]=Oop [280]=Oop }
                      ;*invokevirtual push {reexecute=0 rethrow=0 return_oop=0}
                      ; - org.apache.xpath.XPathContext::pushSAXLocatorNull@5 (line 425)
                      ; - org.apache.xalan.templates.ElemApplyTemplates::transformSelectedNodes@76 (line 221)
  0x0000707278befc10: ac15 8807 

  0x0000707278befc14: ;   {other}
  0x0000707278befc14: 0f1f 8400 | 0419 0003 | 488b 9424 | f000 0000 

  0x0000707278befc24: ;   {metadata(method data for {method} {0x000063c55055b330} 'transformSelectedNodes' '(Lorg/apache/xalan/transformer/TransformerImpl;)V' in 'org/apache/xalan/templates/ElemApplyTemplates')}
  0x0000707278befc24: 48be 2894 | 8150 c563 | 0000 4883 | 86f0 0300 

  0x0000707278befc34: ;   {metadata(method data for {method} {0x000063c550655be0} 'pushElemTemplateElement' '(Lorg/apache/xalan/templates/ElemTemplateElement;)V' in 'org/apache/xalan/transformer/TransformerImpl')}
  0x0000707278befc34: 0001 48ba | 0895 8050 | c563 0000 | 8bb2 f400 | 0000 83c6 | 0289 b2f4 | 0000 0081 | e6fe ff1f 
  0x0000707278befc54: 0085 f60f | 848d a600 | 0048 8b94 | 24f0 0000 | 008b 724c 

  0x0000707278befc68: ; implicit exception: dispatches to 0x0000707278bfa30b
  0x0000707278befc68: 483b 0648 

  0x0000707278befc6c: ;   {metadata(method data for {method} {0x000063c550655be0} 'pushElemTemplateElement' '(Lorg/apache/xalan/templates/ElemTemplateElement;)V' in 'org/apache/xalan/transformer/TransformerImpl')}
  0x0000707278befc6c: 8bfe 48bb | 0895 8050 | c563 0000 | 4883 8350 | 0100 0001 

  0x0000707278befc80: ;   {oop(nullptr)}
  0x0000707278befc80: 48ba 0000 | 0000 0000 | 0000 0f1f 

  0x0000707278befc8c: ;   {optimized virtual_call}
  0x0000707278befc8c: 4400 00e8 

  0x0000707278befc90: ; ImmutableOopMap {[224]=Oop [232]=Oop [240]=Oop [256]=Oop [264]=Oop [280]=Oop }
                      ;*invokevirtual push {reexecute=0 rethrow=0 return_oop=0}
                      ; - org.apache.xalan.transformer.TransformerImpl::pushElemTemplateElement@5 (line 2624)
                      ; - org.apache.xalan.templates.ElemApplyTemplates::transformSelectedNodes@81 (line 222)
  0x0000707278befc90: 2c15 8807 

  0x0000707278befc94: ;   {other}
  0x0000707278befc94: 0f1f 8400 | 8419 0004 | 488b b424 | e800 0000 | 8b56 5848 

  0x0000707278befca8: ;   {metadata(method data for {method} {0x000063c55055b330} 'transformSelectedNodes' '(Lorg/apache/xalan/transformer/TransformerImpl;)V' in 'org/apache/xalan/templates/ElemApplyTemplates')}
  0x0000707278befca8: 85d2 48ba | 2894 8150 | c563 0000 | 48c7 c110 | 0400 0075 | 0748 c7c1 | 2004 0000 | 488b 3c0a 
  0x0000707278befcc8: 488d 7f01 | 4889 3c0a | 0f85 1f00 

  0x0000707278befcd4: ;   {metadata(method data for {method} {0x000063c55055b330} 'transformSelectedNodes' '(Lorg/apache/xalan/transformer/TransformerImpl;)V' in 'org/apache/xalan/templates/ElemApplyTemplates')}
  0x0000707278befcd4: 0000 48ba | 2894 8150 | c563 0000 | ff82 3004 

  0x0000707278befce4: ;   {oop(nullptr)}
  0x0000707278befce4: 0000 48bf | 0000 0000 | 0000 0000 | e952 0000 | 0048 8b94 | 24f0 0000 

  0x0000707278befcfc: ;   {metadata(method data for {method} {0x000063c55055b330} 'transformSelectedNodes' '(Lorg/apache/xalan/transformer/TransformerImpl;)V' in 'org/apache/xalan/templates/ElemApplyTemplates')}
  0x0000707278befcfc: 0048 b928 | 9481 50c5 

  0x0000707278befd04: ;   {metadata('org/apache/xalan/transformer/TransformerImpl')}
  0x0000707278befd04: 6300 0049 | bac8 0c0c | 5cc5 6300 | 004c 8991 | 5804 0000 | 4883 8160 | 0400 0001 | 488b d68b 
  0x0000707278befd24: 8c24 f800 | 0000 488b | b424 f000 | 0000 0f1f 

  0x0000707278befd34: ;   {optimized virtual_call}
  0x0000707278befd34: 4400 00e8 

  0x0000707278befd38: ; ImmutableOopMap {[224]=Oop [232]=Oop [240]=Oop [256]=Oop [264]=Oop [280]=Oop }
                      ;*invokevirtual processSortKeys {reexecute=0 rethrow=0 return_oop=0}
                      ; - org.apache.xalan.templates.ElemApplyTemplates::transformSelectedNodes@98 (line 225)
  0x0000707278befd38: 4453 0707 

  0x0000707278befd3c: ;   {other}
  0x0000707278befd3c: 0f1f 8400 | 2c1a 0005 | 488b f848 

  0x0000707278befd48: ;   {metadata(method data for {method} {0x000063c55055b330} 'transformSelectedNodes' '(Lorg/apache/xalan/transformer/TransformerImpl;)V' in 'org/apache/xalan/templates/ElemApplyTemplates')}
  0x0000707278befd48: 85ff 48ba | 2894 8150 | c563 0000 | 48c7 c180 | 0400 0074 | 0748 c7c1 | 9004 0000 | 4c8b 040a 
  0x0000707278befd68: 4d8d 4001 | 4c89 040a | 488b 8424 | 0801 0000 | 0f84 be00 | 0000 488b | b424 e800 

  0x0000707278befd84: ;   {metadata(method data for {method} {0x000063c55055b330} 'transformSelectedNodes' '(Lorg/apache/xalan/transformer/TransformerImpl;)V' in 'org/apache/xalan/templates/ElemApplyTemplates')}
  0x0000707278befd84: 0000 48ba | 2894 8150 | c563 0000 | 8b76 0849 | ba00 0000 | 5bc5 6300 | 0049 03f2 | 483b b2b0 
  0x0000707278befda4: 0400 0075 | 0d48 8382 | b804 0000 | 01e9 6000 | 0000 483b | b2c0 0400 | 0075 0d48 | 8382 c804 
  0x0000707278befdc4: 0000 01e9 | 4a00 0000 | 4883 bab0 | 0400 0000 | 7517 4889 | b2b0 0400 | 0048 c782 | b804 0000 
  0x0000707278befde4: 0100 0000 | e929 0000 | 0048 83ba | c004 0000 | 0075 1748 | 89b2 c004 | 0000 48c7 | 82c8 0400 
  0x0000707278befe04: 0001 0000 | 00e9 0800 | 0000 4883 | 82a0 0400 | 0001 488b | 9424 e000 | 0000 488b | cf4c 8bc0 
  0x0000707278befe24: 488b b424 | e800 0000 

  0x0000707278befe2c: ;   {optimized virtual_call}
  0x0000707278befe2c: 6666 90e8 

  0x0000707278befe30: ; ImmutableOopMap {[224]=Oop [232]=Oop [240]=Oop [256]=Oop [264]=Oop [280]=Oop }
                      ;*invokevirtual sortNodes {reexecute=0 rethrow=0 return_oop=0}
                      ; - org.apache.xalan.templates.ElemApplyTemplates::transformSelectedNodes@115 (line 229)
  0x0000707278befe30: 4c52 0707 

  0x0000707278befe34: ;   {other}
  0x0000707278befe34: 0f1f 8400 | 241b 0006 | 488b 9424 | f000 0000 

  0x0000707278befe44: ;   {metadata(method data for {method} {0x000063c55055b330} 'transformSelectedNodes' '(Lorg/apache/xalan/transformer/TransformerImpl;)V' in 'org/apache/xalan/templates/ElemApplyTemplates')}
  0x0000707278befe44: 488b f248 | bf28 9481 | 50c5 6300 | 0048 8387 | f004 0000 | 010f be72 | 1583 e601 

  0x0000707278befe60: ;   {metadata(method data for {method} {0x000063c55055b330} 'transformSelectedNodes' '(Lorg/apache/xalan/transformer/TransformerImpl;)V' in 'org/apache/xalan/templates/ElemApplyTemplates')}
  0x0000707278befe60: 85f6 48be | 2894 8150 | c563 0000 | 48c7 c720 | 0500 0075 | 0748 c7c7 | 1005 0000 | 488b 0c3e 
  0x0000707278befe80: 488d 4901 | 4889 0c3e | 4889 8424 | 3801 0000 | 0f85 0d00 | 0000 488b | bc24 e000 | 0000 e919 
  0x0000707278befea0: 0700 0048 | 8bb4 24e8 | 0000 0048 

  0x0000707278befeac: ;   {metadata(method data for {method} {0x000063c55055b330} 'transformSelectedNodes' '(Lorg/apache/xalan/transformer/TransformerImpl;)V' in 'org/apache/xalan/templates/ElemApplyTemplates')}
  0x0000707278befeac: 8bfa 48b9 | 2894 8150 | c563 0000 

  0x0000707278befeb8: ;   {metadata('org/apache/xalan/transformer/TransformerImpl')}
  0x0000707278befeb8: 49ba c80c | 0c5c c563 | 0000 4c89 | 9140 0500 | 0048 8381 | 4805 0000 | 018b 9a84 | 0000 0048 
  0x0000707278befed8: 899c 2440 | 0100 0090 

  0x0000707278befee0: ;   {no_reloc}
  0x0000707278befee0: e93a a400 | 0000 0000 | 0000 4c8b | ce49 8b87 | b804 0000 | 488d 4818 | 483b c80f | 8228 a400 
  0x0000707278beff00: 0049 3b8f | c004 0000 | 0f87 1ba4 | 0000 4989 | 8fb8 0400 | 0048 8bf8 | 48c1 ef06 | 49ba 0000 
  0x0000707278beff20: 40d4 c563 | 0000 458a | 143a 488b | c848 c1e9 | 0348 83e1 | 0748 c7c7 | 0100 0000 | 48d3 e74c 
  0x0000707278beff40: 0bd7 488b | f848 c1ef | 0648 b900 | 0040 d4c5 | 6300 0044 | 8814 3949 | 8387 2802 | 0000 1849 
  0x0000707278beff60: 8387 2802 | 0000 0048 | c700 0100 | 0000 488b | ca49 ba00 | 0000 5bc5 | 6300 0049 | 2bca 8948 
  0x0000707278beff80: 0848 33c9 | 8948 0c48 | 33c9 4889 | 4810 4889 | 8424 3001 | 0000 418b | 7950 488b 

  0x0000707278beff9c: ;   {metadata(method data for {method} {0x000063c55055b330} 'transformSelectedNodes' '(Lorg/apache/xalan/transformer/TransformerImpl;)V' in 'org/apache/xalan/templates/ElemApplyTemplates')}
  0x0000707278beff9c: d048 b928 | 9481 50c5 | 6300 0048 | 8381 6805 

  0x0000707278beffac: ;   {metadata(method data for {method} {0x000063c55065bd48} '<init>' '(Lorg/apache/xpath/Expression;)V' in 'org/apache/xpath/XPath')}
  0x0000707278beffac: 0000 0148 | bae0 7882 | 50c5 6300 | 008b 8af4 | 0000 0083 | c102 898a | f400 0000 | 81e1 feff 
  0x0000707278beffcc: 1f00 85c9 | 0f84 60a3 | 0000 488b 

  0x0000707278beffd8: ;   {metadata(method data for {method} {0x000063c55065bd48} '<init>' '(Lorg/apache/xpath/Expression;)V' in 'org/apache/xpath/XPath')}
  0x0000707278beffd8: d048 b9e0 | 7882 50c5 | 6300 0048 | 8381 3801 

  0x0000707278beffe8: ;   {metadata(method data for {method} {0x000063c55b4791f0} '<init>' '()V' in 'java/lang/Object')}
  0x0000707278beffe8: 0000 0148 | bae0 7100 | 50c5 6300 | 008b 8af4 | 0000 0083 | c102 898a | f400 0000 | 81e1 feff 
  0x0000707278bf0008: 1f00 85c9 | 0f84 45a3 | 0000 488b 

  0x0000707278bf0014: ;   {metadata(method data for {method} {0x000063c55065bd48} '<init>' '(Lorg/apache/xpath/Expression;)V' in 'org/apache/xpath/XPath')}
  0x0000707278bf0014: d048 b9e0 | 7882 50c5 

  0x0000707278bf001c: ;   {metadata('org/apache/xpath/XPath')}
  0x0000707278bf001c: 6300 0049 | ba88 130c | 5cc5 6300 | 004c 8991 | 5801 0000 | 4883 8160 | 0100 0001 

  0x0000707278bf0038: ;   {metadata(method data for {method} {0x000063c55065b6b0} 'setExpression' '(Lorg/apache/xpath/Expression;)V' in 'org/apache/xpath/XPath')}
  0x0000707278bf0038: 48ba 2093 | 7050 c563 | 0000 8b8a | f400 0000 | 83c1 0289 | 8af4 0000 | 0081 e1fe | ff1f 0085 
  0x0000707278bf0058: c90f 8419 | a300 008b | 500c 4885 

  0x0000707278bf0064: ;   {metadata(method data for {method} {0x000063c55065b6b0} 'setExpression' '(Lorg/apache/xpath/Expression;)V' in 'org/apache/xpath/XPath')}
  0x0000707278bf0064: d248 b920 | 9370 50c5 | 6300 0048 | c7c6 3801 | 0000 7407 | 48c7 c648 | 0100 004c | 8b2c 314d 
  0x0000707278bf0084: 8d6d 014c | 892c 310f | 8482 0200 | 0048 3b02 

  0x0000707278bf0094: ;   {metadata(method data for {method} {0x000063c55065b6b0} 'setExpression' '(Lorg/apache/xpath/Expression;)V' in 'org/apache/xpath/XPath')}
  0x0000707278bf0094: 488b ca48 | be20 9370 | 50c5 6300 | 008b 4908 | 49ba 0000 | 005b c563 | 0000 4903 | ca48 3b8e 
  0x0000707278bf00b4: 6801 0000 | 750d 4883 | 8670 0100 | 0001 e960 | 0000 0048 | 3b8e 7801 | 0000 750d | 4883 8680 
  0x0000707278bf00d4: 0100 0001 | e94a 0000 | 0048 83be | 6801 0000 | 0075 1748 | 898e 6801 | 0000 48c7 | 8670 0100 
  0x0000707278bf00f4: 0001 0000 | 00e9 2900 | 0000 4883 | be78 0100 | 0000 7517 | 4889 8e78 | 0100 0048 | c786 8001 
  0x0000707278bf0114: 0000 0100 | 0000 e908 | 0000 0048 | 8386 5801 | 0000 0144 | 8b6a 0c48 | 3b07 488b 

  0x0000707278bf0130: ;   {metadata(method data for {method} {0x000063c55065b6b0} 'setExpression' '(Lorg/apache/xpath/Expression;)V' in 'org/apache/xpath/XPath')}
  0x0000707278bf0130: d748 b920 | 9370 50c5 | 6300 008b | 5208 49ba | 0000 005b | c563 0000 | 4903 d248 | 3b91 a001 
  0x0000707278bf0150: 0000 750d | 4883 81a8 | 0100 0001 | e960 0000 | 0048 3b91 | b001 0000 | 750d 4883 | 81b8 0100 
  0x0000707278bf0170: 0001 e94a | 0000 0048 | 83b9 a001 | 0000 0075 | 1748 8991 | a001 0000 | 48c7 81a8 | 0100 0001 
  0x0000707278bf0190: 0000 00e9 | 2900 0000 | 4883 b9b0 | 0100 0000 | 7517 4889 | 91b0 0100 | 0048 c781 | b801 0000 
  0x0000707278bf01b0: 0100 0000 | e908 0000 | 0048 8381 | 9001 0000 

  0x0000707278bf01c0: ;   {metadata(method data for {method} {0x000063c5504cf1d0} 'exprSetParent' '(Lorg/apache/xpath/ExpressionNode;)V' in 'org/apache/xpath/Expression')}
  0x0000707278bf01c0: 0148 ba00 | be6f 50c5 | 6300 008b | 8af4 0000 | 0083 c102 | 898a f400 | 0000 81e1 | feff 1f00 
  0x0000707278bf01e0: 85c9 0f84 | bba1 0000 

  0x0000707278bf01e8: ;   {metadata(method data for {method} {0x000063c5504cf1d0} 'exprSetParent' '(Lorg/apache/xpath/ExpressionNode;)V' in 'org/apache/xpath/Expression')}
  0x0000707278bf01e8: 4c3b ef48 | ba00 be6f | 50c5 6300 | 0048 c7c1 | 3801 0000 | 7407 48c7 | c148 0100 | 0048 8b34 
  0x0000707278bf0208: 0a48 8d76 | 0148 8934 | 0a0f 841a 

  0x0000707278bf0214: ;   {metadata(method data for {method} {0x000063c5504cf1d0} 'exprSetParent' '(Lorg/apache/xpath/ExpressionNode;)V' in 'org/apache/xpath/Expression')}
  0x0000707278bf0214: 0000 0048 | ba00 be6f | 50c5 6300 | 00ff 8258 | 0100 00ba | 0100 0000 | e905 0000 | 00ba 0000 
  0x0000707278bf0234: 0000 4c89 | ac24 2001 | 0000 488b 

  0x0000707278bf0240: ;   {metadata(method data for {method} {0x000063c5504cf1d0} 'exprSetParent' '(Lorg/apache/xpath/ExpressionNode;)V' in 'org/apache/xpath/Expression')}
  0x0000707278bf0240: cf49 bb00 | be6f 50c5 | 6300 008b | 4908 49ba | 0000 005b | c563 0000 | 4903 ca49 | 3b8b 8001 
  0x0000707278bf0260: 0000 750d | 4983 8388 | 0100 0001 | e960 0000 | 0049 3b8b | 9001 0000 | 750d 4983 | 8398 0100 
  0x0000707278bf0280: 0001 e94a | 0000 0049 | 83bb 8001 | 0000 0075 | 1749 898b | 8001 0000 | 49c7 8388 | 0100 0001 
  0x0000707278bf02a0: 0000 00e9 | 2900 0000 | 4983 bb90 | 0100 0000 | 7517 4989 | 8b90 0100 | 0049 c783 | 9801 0000 
  0x0000707278bf02c0: 0100 0000 | e908 0000 | 0049 8383 | 7001 0000 

  0x0000707278bf02d0: ;   {oop("Can not parent an expression to itself!"{0x0000000040f1c030})}
  0x0000707278bf02d0: 0148 b930 | c0f1 4000 | 0000 0048 | 8bf7 4889 | bc24 2801 

  0x0000707278bf02e4: ;   {optimized virtual_call}
  0x0000707278bf02e4: 0000 90e8 

  0x0000707278bf02e8: ; ImmutableOopMap {[224]=Oop [232]=Oop [240]=Oop [256]=Oop [280]=Oop [288]=Oop [296]=Oop [304]=Oop [312]=Oop [320]=Oop }
                      ;*invokevirtual assertion {reexecute=0 rethrow=0 return_oop=0}
                      ; - org.apache.xpath.Expression::exprSetParent@13 (line 476)
                      ; - org.apache.xpath.XPath::setExpression@16 (line 100)
                      ; - org.apache.xpath.XPath::<init>@11 (line 278)
                      ; - org.apache.xalan.templates.ElemApplyTemplates::transformSelectedNodes@143 (line 233)
  0x0000707278bf02e8: 944d 0707 

  0x0000707278bf02ec: ;   {other}
  0x0000707278bf02ec: 0f1f 8400 | dc1f 0007 | 4c8b ac24 | 2001 0000 | 488b bc24 | 2801 0000 | 4d8b d544 | 8957 0c48 
  0x0000707278bf030c: 8b84 2430 | 0100 004c | 8bd7 4489 | 500c 488b 

  0x0000707278bf031c: ;   {metadata(method data for {method} {0x000063c55065bd48} '<init>' '(Lorg/apache/xpath/Expression;)V' in 'org/apache/xpath/XPath')}
  0x0000707278bf031c: d048 bee0 | 7882 50c5 | 6300 0048 | 8386 8001 

  0x0000707278bf032c: ;   {metadata(method data for {method} {0x000063c55065b470} 'initFunctionTable' '()V' in 'org/apache/xpath/XPath')}
  0x0000707278bf032c: 0000 0148 | ba50 7c82 | 50c5 6300 | 008b b2f4 | 0000 0083 | c602 89b2 | f400 0000 | 81e6 feff 
  0x0000707278bf034c: 1f00 85f6 | 0f84 6ea0 

  0x0000707278bf0354: ;   {metadata('org/apache/xpath/compiler/FunctionTable')}
  0x0000707278bf0354: 0000 48ba | 58d2 015c | c563 0000 | 498b 87b8 | 0400 0048 | 8d48 1848 | 3bc8 0f82 | 71a0 0000 
  0x0000707278bf0374: 493b 8fc0 | 0400 000f | 8764 a000 | 0049 898f | b804 0000 | 488b f848 | c1ef 0649 | ba00 0040 
  0x0000707278bf0394: d4c5 6300 | 0045 8a14 | 3a48 8bc8 | 48c1 e903 | 4883 e107 | 48c7 c701 | 0000 0048 | d3e7 4c0b 
  0x0000707278bf03b4: d748 8bf8 | 48c1 ef06 | 48b9 0000 | 40d4 c563 | 0000 4488 | 1439 4983 | 8728 0200 | 0018 4983 
  0x0000707278bf03d4: 8728 0200 | 0000 48c7 | 0001 0000 | 0048 8bca | 49ba 0000 | 005b c563 | 0000 492b | ca89 4808 
  0x0000707278bf03f4: 4833 c989 | 480c 4833 | c948 8948 | 1048 8bf0 

  0x0000707278bf0404: ;   {metadata(method data for {method} {0x000063c55065b470} 'initFunctionTable' '()V' in 'org/apache/xpath/XPath')}
  0x0000707278bf0404: 48bf 507c | 8250 c563 | 0000 4883 | 8738 0100 | 0001 488b | f048 8984 | 2448 0100 | 0066 0f1f 
  0x0000707278bf0424: ;   {optimized virtual_call}
  0x0000707278bf0424: 4400 00e8 

  0x0000707278bf0428: ; ImmutableOopMap {[224]=Oop [232]=Oop [240]=Oop [256]=Oop [280]=Oop [304]=Oop [312]=Oop [320]=Oop [328]=Oop }
                      ;*invokespecial <init> {reexecute=0 rethrow=0 return_oop=0}
                      ; - org.apache.xpath.XPath::initFunctionTable@5 (line 62)
                      ; - org.apache.xpath.XPath::<init>@15 (line 279)
                      ; - org.apache.xalan.templates.ElemApplyTemplates::transformSelectedNodes@143 (line 233)
  0x0000707278bf0428: 544c 0707 

  0x0000707278bf042c: ;   {other}
  0x0000707278bf042c: 0f1f 8400 | 1c21 0008 | 488b 9424 | 4801 0000 | 488b 8424 | 3001 0000 | 4c8b d244 | 8950 100f 
  0x0000707278bf044c: 1f44 0000 

  0x0000707278bf0450: ;   {no_reloc}
  0x0000707278bf0450: e9ac 9f00 | 0000 0000 | 0000 498b | 87b8 0400 | 0048 8d48 | 2848 3bc8 | 0f82 9d9f | 0000 493b 
  0x0000707278bf0470: 8fc0 0400 | 000f 8790 | 9f00 0049 | 898f b804 | 0000 488b | f848 c1ef | 0649 ba00 | 0040 d4c5 
  0x0000707278bf0490: 6300 0045 | 8a14 3a48 | 8bc8 48c1 | e903 4883 | e107 48c7 | c701 0000 | 0048 d3e7 | 4c0b d748 
  0x0000707278bf04b0: 8bf8 48c1 | ef06 48b9 | 0000 40d4 | c563 0000 | 4488 1439 | 4983 8728 | 0200 0028 | 4983 8728 
  0x0000707278bf04d0: 0200 0000 | 48c7 0001 | 0000 0048 | 8bca 49ba | 0000 005b | c563 0000 | 492b ca89 | 4808 4833 
  0x0000707278bf04f0: c989 480c | 4833 c948 | 8948 1048 | 8948 1848 | 8948 2048 

  0x0000707278bf0504: ;   {metadata(method data for {method} {0x000063c55055b330} 'transformSelectedNodes' '(Lorg/apache/xalan/transformer/TransformerImpl;)V' in 'org/apache/xalan/templates/ElemApplyTemplates')}
  0x0000707278bf0504: 8bd0 48be | 2894 8150 | c563 0000 | 4883 8678 | 0500 0001 | 488b 9424 | 3801 0000 | 488b f048 
  0x0000707278bf0524: 8984 2450 | 0100 000f 

  0x0000707278bf052c: ;   {optimized virtual_call}
  0x0000707278bf052c: 1f40 00e8 

  0x0000707278bf0530: ; ImmutableOopMap {[224]=Oop [232]=Oop [240]=Oop [256]=Oop [280]=Oop [304]=Oop [312]=Oop [320]=Oop [336]=Oop }
                      ;*invokespecial <init> {reexecute=0 rethrow=0 return_oop=0}
                      ; - org.apache.xalan.templates.ElemApplyTemplates::transformSelectedNodes@152 (line 233)
  0x0000707278bf0530: 4c4b 0707 

  0x0000707278bf0534: ;   {other}
  0x0000707278bf0534: 0f1f 8400 | 2422 0009 | 488b 9c24 | 4001 0000 

  0x0000707278bf0544: ; implicit exception: dispatches to 0x0000707278bfa418
  0x0000707278bf0544: 483b 0348 

  0x0000707278bf0548: ;   {metadata(method data for {method} {0x000063c55055b330} 'transformSelectedNodes' '(Lorg/apache/xalan/transformer/TransformerImpl;)V' in 'org/apache/xalan/templates/ElemApplyTemplates')}
  0x0000707278bf0548: 8bd3 48b9 | 2894 8150 | c563 0000 

  0x0000707278bf0554: ;   {metadata('org/apache/xalan/trace/TraceManager')}
  0x0000707278bf0554: 49ba 7884 | 0e5c c563 | 0000 4c89 | 9198 0500 | 0048 8381 | a005 0000 

  0x0000707278bf056c: ;   {oop("select"{0x0000000040aa87b8})}
  0x0000707278bf056c: 0149 b8b8 | 87aa 4000 | 0000 008b | 9424 f800 | 0000 488b | 8c24 e800 | 0000 4c8b | 8c24 3001 
  0x0000707278bf058c: 0000 488b | bc24 5001 | 0000 488b | f366 0f1f 

  0x0000707278bf059c: ;   {optimized virtual_call}
  0x0000707278bf059c: 4400 00e8 

  0x0000707278bf05a0: ; ImmutableOopMap {[224]=Oop [232]=Oop [240]=Oop [256]=Oop [280]=Oop [312]=Oop }
                      ;*invokevirtual fireSelectedEvent {reexecute=0 rethrow=0 return_oop=0}
                      ; - org.apache.xalan.templates.ElemApplyTemplates::transformSelectedNodes@155 (line 233)
  0x0000707278bf05a0: dc4a 0707 

  0x0000707278bf05a4: ;   {other}
  0x0000707278bf05a4: 0f1f 8400 | 9422 000a | 488b bc24 | e000 0000 | 488b 9424 | f000 0000 

  0x0000707278bf05bc: ;   {metadata(method data for {method} {0x000063c55055b330} 'transformSelectedNodes' '(Lorg/apache/xalan/transformer/TransformerImpl;)V' in 'org/apache/xalan/templates/ElemApplyTemplates')}
  0x0000707278bf05bc: 488b f248 | bb28 9481 | 50c5 6300 | 0048 8383 | d805 0000 | 018b 5a64 | 4889 9c24 | 7001 0000 
  0x0000707278bf05dc: ;   {metadata(method data for {method} {0x000063c55055b330} 'transformSelectedNodes' '(Lorg/apache/xalan/transformer/TransformerImpl;)V' in 'org/apache/xalan/templates/ElemApplyTemplates')}
  0x0000707278bf05dc: 488b f248 | b828 9481 | 50c5 6300 | 0048 8380 | f805 0000 | 018b 4258 | 4889 8424 | 6801 0000 
  0x0000707278bf05fc: ; implicit exception: dispatches to 0x0000707278bfa41d
  0x0000707278bf05fc: 483b 0048 

  0x0000707278bf0600: ;   {metadata(method data for {method} {0x000063c55055b330} 'transformSelectedNodes' '(Lorg/apache/xalan/transformer/TransformerImpl;)V' in 'org/apache/xalan/templates/ElemApplyTemplates')}
  0x0000707278bf0600: 8bf0 49b8 | 2894 8150 | c563 0000 | 4983 8030 | 0600 0001 | 448b 80dc | 0000 004c | 8984 2458 
  0x0000707278bf0620: 0100 0048 

  0x0000707278bf0624: ;   {metadata(method data for {method} {0x000063c55055b330} 'transformSelectedNodes' '(Lorg/apache/xalan/transformer/TransformerImpl;)V' in 'org/apache/xalan/templates/ElemApplyTemplates')}
  0x0000707278bf0624: 8bf2 49b9 | 2894 8150 | c563 0000 | 4983 8180 | 0600 0001 | 0fbe 7211 | 83e6 0189 | b424 6001 
  0x0000707278bf0644: 0000 4c8b 

  0x0000707278bf0648: ;   {metadata(method data for {method} {0x000063c55055b330} 'transformSelectedNodes' '(Lorg/apache/xalan/transformer/TransformerImpl;)V' in 'org/apache/xalan/templates/ElemApplyTemplates')}
  0x0000707278bf0648: cf49 bb28 | 9481 50c5 | 6300 0049 | 8383 b806 

  0x0000707278bf0658: ;   {metadata(method data for {method} {0x000063c5506a9640} 'getDTM' '(I)Lorg/apache/xml/dtm/DTM;' in 'org/apache/xpath/XPathContext')}
  0x0000707278bf0658: 0000 0149 | b900 ba7f | 50c5 6300 | 0045 8b99 | f400 0000 | 4183 c302 | 4589 99f4 | 0000 0041 
  0x0000707278bf0678: 81e3 feff | 1f00 4585 | db0f 849b | 9d00 0044 | 8b4f 2849 | 3b01 4d8b 

  0x0000707278bf0690: ;   {metadata(method data for {method} {0x000063c5506a9640} 'getDTM' '(I)Lorg/apache/xml/dtm/DTM;' in 'org/apache/xpath/XPathContext')}
  0x0000707278bf0690: d949 bd00 | ba7f 50c5 | 6300 0045 | 8b5b 0849 | ba00 0000 | 5bc5 6300 | 004d 03da | 4d3b 9d48 
  0x0000707278bf06b0: 0100 0075 | 0d49 8385 | 5001 0000 | 01e9 6000 | 0000 4d3b | 9d58 0100 | 0075 0d49 | 8385 6001 
  0x0000707278bf06d0: 0000 01e9 | 4a00 0000 | 4983 bd48 | 0100 0000 | 7517 4d89 | 9d48 0100 | 0049 c785 | 5001 0000 
  0x0000707278bf06f0: 0100 0000 | e929 0000 | 0049 83bd | 5801 0000 | 0075 174d | 899d 5801 | 0000 49c7 | 8560 0100 
  0x0000707278bf0710: 0001 0000 | 00e9 0800 | 0000 4983 | 8538 0100 | 0001 8b94 | 24f8 0000 | 0049 8bf1 | 9048 b838 
  0x0000707278bf0730: a60e 5cc5 

  0x0000707278bf0734: ;   {virtual_call}
  0x0000707278bf0734: 6300 00e8 

  0x0000707278bf0738: ; ImmutableOopMap {[224]=Oop [232]=Oop [240]=Oop [256]=Oop [280]=Oop [312]=Oop [344]=Oop [360]=Oop [368]=Oop }
                      ;*invokevirtual getDTM {reexecute=0 rethrow=0 return_oop=0}
                      ; - org.apache.xpath.XPathContext::getDTM@5 (line 171)
                      ; - org.apache.xalan.templates.ElemApplyTemplates::transformSelectedNodes@185 (line 245)
  0x0000707278bf0738: 647f 8707 

  0x0000707278bf073c: ;   {other}
  0x0000707278bf073c: 0f1f 8400 | 2c24 000b | 8b8c 24fc | 0000 0085 

  0x0000707278bf074c: ;   {metadata(method data for {method} {0x000063c55055b330} 'transformSelectedNodes' '(Lorg/apache/xalan/transformer/TransformerImpl;)V' in 'org/apache/xalan/templates/ElemApplyTemplates')}
  0x0000707278bf074c: c948 ba28 | 9481 50c5 | 6300 0048 | c7c6 e806 | 0000 7f07 | 48c7 c6d8 | 0600 0048 | 8b3c 3248 
  0x0000707278bf076c: 8d7f 0148 | 893c 320f | 8f21 0000 | 00bf ffff | ffff 4889 | 8424 7801 | 0000 898c | 24fc 0000 
  0x0000707278bf078c: 0048 8b9c | 2400 0100 | 00e9 4a05 | 0000 4889 | 8424 7801 | 0000 488b | 9c24 0001 | 0000 488b 
  0x0000707278bf07ac: ;   {metadata(method data for {method} {0x000063c55055b330} 'transformSelectedNodes' '(Lorg/apache/xalan/transformer/TransformerImpl;)V' in 'org/apache/xalan/templates/ElemApplyTemplates')}
  0x0000707278bf07ac: d348 be28 | 9481 50c5 

  0x0000707278bf07b4: ;   {metadata('org/apache/xpath/VariableStack')}
  0x0000707278bf07b4: 6300 0049 | baa8 de0e | 5cc5 6300 | 004c 8996 | 0807 0000 | 4883 8610 | 0700 0001 | 488b d148 
  0x0000707278bf07d4: 8bf3 898c | 24fc 0000 

  0x0000707278bf07dc: ;   {optimized virtual_call}
  0x0000707278bf07dc: 0066 90e8 

  0x0000707278bf07e0: ; ImmutableOopMap {[224]=Oop [232]=Oop [240]=Oop [256]=Oop [280]=Oop [312]=Oop [344]=Oop [360]=Oop [368]=Oop [376]=Oop }
                      ;*invokevirtual link {reexecute=0 rethrow=0 return_oop=0}
                      ; - org.apache.xalan.templates.ElemApplyTemplates::transformSelectedNodes@202 (line 253)
  0x0000707278bf07e0: 9c48 0707 

  0x0000707278bf07e4: ;   {other}
  0x0000707278bf07e4: 0f1f 8400 | d424 000c | 8984 2488 | 0100 0048 | 8b9c 2400 

  0x0000707278bf07f8: ;   {metadata(method data for {method} {0x000063c55055b330} 'transformSelectedNodes' '(Lorg/apache/xalan/transformer/TransformerImpl;)V' in 'org/apache/xalan/templates/ElemApplyTemplates')}
  0x0000707278bf07f8: 0100 0048 | ba28 9481 | 50c5 6300 

  0x0000707278bf0804: ;   {metadata('org/apache/xpath/VariableStack')}
  0x0000707278bf0804: 0049 baa8 | de0e 5cc5 | 6300 004c | 8992 4007 | 0000 4883 | 8248 0700 | 0001 488b | 9c24 0001 
  0x0000707278bf0824: 0000 448b | 8424 1001 | 0000 4489 | 4310 bf00 | 0000 0090 | 8b8c 24fc | 0000 0048 | 8b94 24f0 
  0x0000707278bf0844: 0000 0048 | 8bb4 24e8 | 0000 003b 

  0x0000707278bf0850: ;   {metadata(method data for {method} {0x000063c55055b330} 'transformSelectedNodes' '(Lorg/apache/xalan/transformer/TransformerImpl;)V' in 'org/apache/xalan/templates/ElemApplyTemplates')}
  0x0000707278bf0850: f949 bb28 | 9481 50c5 | 6300 0049 | c7c5 6807 | 0000 7d07 | 49c7 c578 | 0700 004f | 8b34 2b4d 
  0x0000707278bf0870: 8d76 014f | 8934 2b0f | 8d25 0400 | 0044 8b5e | 6441 3b7b | 0c0f 83c7 | 9b00 004c | 63ef 478b 
  0x0000707278bf0890: 5cab 104c | 899c 2480 | 0100 004c 

  0x0000707278bf089c: ;   {metadata(method data for {method} {0x000063c55055b330} 'transformSelectedNodes' '(Lorg/apache/xalan/transformer/TransformerImpl;)V' in 'org/apache/xalan/templates/ElemApplyTemplates')}
  0x0000707278bf089c: 8bea 49be | 2894 8150 | c563 0000 

  0x0000707278bf08a8: ;   {metadata('org/apache/xalan/transformer/TransformerImpl')}
  0x0000707278bf08a8: 49ba c80c | 0c5c c563 | 0000 4d89 | 9698 0700 | 0049 8386 | a007 0000 | 0144 0fbe | 5a15 4183 
  0x0000707278bf08c8: e301 4585 

  0x0000707278bf08cc: ;   {metadata(method data for {method} {0x000063c55055b330} 'transformSelectedNodes' '(Lorg/apache/xalan/transformer/TransformerImpl;)V' in 'org/apache/xalan/templates/ElemApplyTemplates')}
  0x0000707278bf08cc: db49 bb28 | 9481 50c5 | 6300 0049 | c7c5 c007 | 0000 7407 | 49c7 c5d0 | 0700 004f | 8b34 2b4d 
  0x0000707278bf08ec: 8d76 014f | 8934 2b4c | 8b9c 2480 | 0100 0089 | bc24 6401 | 0000 898c | 24fc 0000 | 000f 847d 
  0x0000707278bf090c: 0000 004c 

  0x0000707278bf0910: ;   {metadata(method data for {method} {0x000063c55055b330} 'transformSelectedNodes' '(Lorg/apache/xalan/transformer/TransformerImpl;)V' in 'org/apache/xalan/templates/ElemApplyTemplates')}
  0x0000707278bf0910: 8bea 49be | 2894 8150 | c563 0000 

  0x0000707278bf091c: ;   {metadata('org/apache/xalan/transformer/TransformerImpl')}
  0x0000707278bf091c: 49ba c80c | 0c5c c563 | 0000 4d89 | 96f0 0700 | 0049 8386 | f807 0000 | 018b ba84 | 0000 0048 
  0x0000707278bf093c: 3b07 4c8b 

  0x0000707278bf0940: ;   {metadata(method data for {method} {0x000063c55055b330} 'transformSelectedNodes' '(Lorg/apache/xalan/transformer/TransformerImpl;)V' in 'org/apache/xalan/templates/ElemApplyTemplates')}
  0x0000707278bf0940: ef49 be28 | 9481 50c5 

  0x0000707278bf0948: ;   {metadata('org/apache/xalan/trace/TraceManager')}
  0x0000707278bf0948: 6300 0049 | ba78 840e | 5cc5 6300 | 004d 8996 | 2808 0000 | 4983 8630 | 0800 0001 | 498b d348 
  0x0000707278bf0968: 8bf7 0f1f 

  0x0000707278bf096c: ;   {optimized virtual_call}
  0x0000707278bf096c: 4400 00e8 

  0x0000707278bf0970: ; ImmutableOopMap {[224]=Oop [232]=Oop [240]=Oop [256]=Oop [280]=Oop [312]=Oop [344]=Oop [360]=Oop [368]=Oop [376]=Oop [384]=Oop }
                      ;*invokevirtual fireTraceEvent {reexecute=0 rethrow=0 return_oop=0}
                      ; - org.apache.xalan.templates.ElemApplyTemplates::transformSelectedNodes@246 (line 260)
  0x0000707278bf0970: 0c47 0707 

  0x0000707278bf0974: ;   {other}
  0x0000707278bf0974: 0f1f 8400 | 6426 000d | 4c8b 9c24 | 8001 0000 | 488b 9424 | f000 0000 

  0x0000707278bf098c: ; implicit exception: dispatches to 0x0000707278bfa465
  0x0000707278bf098c: 493b 0349 

  0x0000707278bf0990: ;   {metadata(method data for {method} {0x000063c55055b330} 'transformSelectedNodes' '(Lorg/apache/xalan/transformer/TransformerImpl;)V' in 'org/apache/xalan/templates/ElemApplyTemplates')}
  0x0000707278bf0990: 8bcb 48be | 2894 8150 | c563 0000 

  0x0000707278bf099c: ;   {metadata('org/apache/xalan/templates/ElemWithParam')}
  0x0000707278bf099c: 49ba 00a8 | 085c c563 | 0000 4c89 | 9660 0800 | 0048 8386 | 6808 0000 | 0148 8bfa | 488b d78b 
  0x0000707278bf09bc: 8c24 f800 | 0000 498b 

  0x0000707278bf09c4: ;   {optimized virtual_call}
  0x0000707278bf09c4: f366 90e8 

  0x0000707278bf09c8: ; ImmutableOopMap {[224]=Oop [232]=Oop [240]=Oop [256]=Oop [280]=Oop [312]=Oop [344]=Oop [360]=Oop [368]=Oop [376]=Oop [384]=Oop }
                      ;*invokevirtual getValue {reexecute=0 rethrow=0 return_oop=0}
                      ; - org.apache.xalan.templates.ElemApplyTemplates::transformSelectedNodes@253 (line 261)
  0x0000707278bf09c8: b446 0707 

  0x0000707278bf09cc: ;   {other}
  0x0000707278bf09cc: 0f1f 8400 | bc26 000e | 488b 9424 | f000 0000 

  0x0000707278bf09dc: ;   {metadata(method data for {method} {0x000063c55055b330} 'transformSelectedNodes' '(Lorg/apache/xalan/transformer/TransformerImpl;)V' in 'org/apache/xalan/templates/ElemApplyTemplates')}
  0x0000707278bf09dc: 48be 2894 | 8150 c563 

  0x0000707278bf09e4: ;   {metadata('org/apache/xalan/transformer/TransformerImpl')}
  0x0000707278bf09e4: 0000 49ba | c80c 0c5c | c563 0000 | 4c89 9698 | 0800 0048 | 8386 a008 | 0000 0148 | 8b94 24f0 
  0x0000707278bf0a04: 0000 000f | be72 1583 | e601 85f6 

  0x0000707278bf0a10: ;   {metadata(method data for {method} {0x000063c55055b330} 'transformSelectedNodes' '(Lorg/apache/xalan/transformer/TransformerImpl;)V' in 'org/apache/xalan/templates/ElemApplyTemplates')}
  0x0000707278bf0a10: 48be 2894 | 8150 c563 | 0000 48c7 | c7c0 0800 | 0074 0748 | c7c7 d008 | 0000 488b | 1c3e 488d 
  0x0000707278bf0a30: 5b01 4889 | 1c3e 0f84 | 8000 0000 | 4889 8424 | 9001 0000 

  0x0000707278bf0a44: ;   {metadata(method data for {method} {0x000063c55055b330} 'transformSelectedNodes' '(Lorg/apache/xalan/transformer/TransformerImpl;)V' in 'org/apache/xalan/templates/ElemApplyTemplates')}
  0x0000707278bf0a44: 488b f248 | bf28 9481 | 50c5 6300 

  0x0000707278bf0a50: ;   {metadata('org/apache/xalan/transformer/TransformerImpl')}
  0x0000707278bf0a50: 0049 bac8 | 0c0c 5cc5 | 6300 004c | 8997 f008 | 0000 4883 | 87f8 0800 | 0001 8bb2 | 8400 0000 
  0x0000707278bf0a70: ; implicit exception: dispatches to 0x0000707278bfa46a
  0x0000707278bf0a70: 483b 0648 

  0x0000707278bf0a74: ;   {metadata(method data for {method} {0x000063c55055b330} 'transformSelectedNodes' '(Lorg/apache/xalan/transformer/TransformerImpl;)V' in 'org/apache/xalan/templates/ElemApplyTemplates')}
  0x0000707278bf0a74: 8bfe 48bb | 2894 8150 | c563 0000 

  0x0000707278bf0a80: ;   {metadata('org/apache/xalan/trace/TraceManager')}
  0x0000707278bf0a80: 49ba 7884 | 0e5c c563 | 0000 4c89 | 9328 0900 | 0048 8383 | 3009 0000 | 0148 8b94 | 2480 0100 
  0x0000707278bf0aa0: 0066 0f1f 

  0x0000707278bf0aa4: ;   {optimized virtual_call}
  0x0000707278bf0aa4: 4400 00e8 

  0x0000707278bf0aa8: ; ImmutableOopMap {[224]=Oop [232]=Oop [240]=Oop [256]=Oop [280]=Oop [312]=Oop [344]=Oop [360]=Oop [368]=Oop [376]=Oop [384]=Oop [400]=Oop }
                      ;*invokevirtual fireTraceEndEvent {reexecute=0 rethrow=0 return_oop=0}
                      ; - org.apache.xalan.templates.ElemApplyTemplates::transformSelectedNodes@271 (line 263)
  0x0000707278bf0aa8: d445 0707 

  0x0000707278bf0aac: ;   {other}
  0x0000707278bf0aac: 0f1f 8400 | 9c27 000f | 488b 8424 | 9001 0000 | 4c8b 9c24 | 8001 0000 | 488b 9c24 | 0001 0000 
  0x0000707278bf0acc: ;   {metadata(method data for {method} {0x000063c55055b330} 'transformSelectedNodes' '(Lorg/apache/xalan/transformer/TransformerImpl;)V' in 'org/apache/xalan/templates/ElemApplyTemplates')}
  0x0000707278bf0acc: 488b d348 | be28 9481 | 50c5 6300 

  0x0000707278bf0ad8: ;   {metadata('org/apache/xpath/VariableStack')}
  0x0000707278bf0ad8: 0049 baa8 | de0e 5cc5 | 6300 004c | 8996 6009 | 0000 4883 | 8668 0900 

  0x0000707278bf0af0: ;   {metadata(method data for {method} {0x000063c550791c70} 'setLocalVariable' '(ILorg/apache/xpath/objects/XObject;I)V' in 'org/apache/xpath/VariableStack')}
  0x0000707278bf0af0: 0001 48ba | 7884 8250 | c563 0000 | 8bb2 f400 | 0000 83c6 | 0289 b2f4 | 0000 0081 | e6fe ff1f 
  0x0000707278bf0b10: 0085 f60f | 8456 9900 | 008b 5318 | 8bbc 2464 | 0100 0003 | bc24 8801 | 0000 3b7a | 0c0f 8367 
  0x0000707278bf0b30: 9900 0048 | 85c0 7516 

  0x0000707278bf0b38: ;   {metadata(method data for {method} {0x000063c550791c70} 'setLocalVariable' '(ILorg/apache/xpath/objects/XObject;I)V' in 'org/apache/xpath/VariableStack')}
  0x0000707278bf0b38: 48b9 7884 | 8250 c563 | 0000 8089 | 3101 0000 | 01e9 fa00 | 0000 8b72 | 0849 ba00 | 0000 5bc5 
  0x0000707278bf0b58: 6300 0049 | 03f2 8b48 | 0849 ba00 | 0000 5bc5 | 6300 0049 | 03ca 488b | b6e0 0000 | 0048 3bce 
  0x0000707278bf0b78: 0f84 2900 | 0000 448b | 4614 4a3b | 3401 0f84 | 1b00 0000 | 4183 f820 | 0f85 9b00 | 0000 5156 
  0x0000707278bf0b98: ;   {runtime_call slow_subtype_check Runtime1 stub}
  0x0000707278bf0b98: e8e3 4112 | 0759 5e85 | f60f 848a 

  0x0000707278bf0ba4: ;   {metadata(method data for {method} {0x000063c550791c70} 'setLocalVariable' '(ILorg/apache/xpath/objects/XObject;I)V' in 'org/apache/xpath/VariableStack')}
  0x0000707278bf0ba4: 0000 0048 | b978 8482 | 50c5 6300 | 008b 7008 | 49ba 0000 | 005b c563 | 0000 4903 | f248 3bb1 
  0x0000707278bf0bc4: 4801 0000 | 750d 4883 | 8150 0100 | 0001 e971 | 0000 0048 | 3bb1 5801 | 0000 750d | 4883 8160 
  0x0000707278bf0be4: 0100 0001 | e95b 0000 | 0048 83b9 | 4801 0000 | 0075 1748 | 89b1 4801 | 0000 48c7 | 8150 0100 
  0x0000707278bf0c04: 0001 0000 | 00e9 3a00 | 0000 4883 | b958 0100 | 0000 7517 | 4889 b158 | 0100 0048 | c781 6001 
  0x0000707278bf0c24: 0000 0100 | 0000 e919 | 0000 00eb 

  0x0000707278bf0c30: ;   {metadata(method data for {method} {0x000063c550791c70} 'setLocalVariable' '(ILorg/apache/xpath/objects/XObject;I)V' in 'org/apache/xpath/VariableStack')}
  0x0000707278bf0c30: 1748 b978 | 8482 50c5 | 6300 0048 | 83a9 3801 | 0000 01e9 | 6598 0000 | 4863 ff4c | 8bd0 4489 
  0x0000707278bf0c50: 54ba 108b | bc24 6401 | 0000 ffc7 

  0x0000707278bf0c5c: ;   {metadata(method data for {method} {0x000063c55055b330} 'transformSelectedNodes' '(Lorg/apache/xalan/transformer/TransformerImpl;)V' in 'org/apache/xalan/templates/ElemApplyTemplates')}
  0x0000707278bf0c5c: 48b8 2894 | 8150 c563 | 0000 8b90 | f800 0000 | 83c2 0289 | 90f8 0000 | 0081 e2fe | 3f00 0085 
  0x0000707278bf0c7c: d20f 8433 | 9800 004d | 8b97 7007 

  0x0000707278bf0c88: ; ImmutableOopMap {r11=Oop rbx=Oop [224]=Oop [232]=Oop [240]=Oop [256]=Oop [280]=Oop [312]=Oop [344]=Oop [360]=Oop [368]=Oop [376]=Oop [384]=Oop }
                      ;*goto {reexecute=1 rethrow=0 return_oop=0}
                      ; - (reexecute) org.apache.xalan.templates.ElemApplyTemplates::transformSelectedNodes@288 (line 256)
                      ;   {poll}
  0x0000707278bf0c88: 0000 4185 

  0x0000707278bf0c8c: ;   {metadata(method data for {method} {0x000063c55055b330} 'transformSelectedNodes' '(Lorg/apache/xalan/transformer/TransformerImpl;)V' in 'org/apache/xalan/templates/ElemApplyTemplates')}
  0x0000707278bf0c8c: 0248 b828 | 9481 50c5 | 6300 00ff | 8088 0900 | 00e9 96fb | ffff 8b84 | 2488 0100 | 0089 8c24 
  0x0000707278bf0cac: fc00 0000 | 488b 9c24 | 0001 0000 

  0x0000707278bf0cb8: ;   {metadata(method data for {method} {0x000063c55055b330} 'transformSelectedNodes' '(Lorg/apache/xalan/transformer/TransformerImpl;)V' in 'org/apache/xalan/templates/ElemApplyTemplates')}
  0x0000707278bf0cb8: 488b d348 | be28 9481 | 50c5 6300 

  0x0000707278bf0cc4: ;   {metadata('org/apache/xpath/VariableStack')}
  0x0000707278bf0cc4: 0049 baa8 | de0e 5cc5 | 6300 004c | 8996 b009 | 0000 4883 | 86b8 0900 | 0001 8943 | 1048 8bf8 
  0x0000707278bf0ce4: 488b 8c24 | e000 0000 

  0x0000707278bf0cec: ;   {metadata(method data for {method} {0x000063c55055b330} 'transformSelectedNodes' '(Lorg/apache/xalan/transformer/TransformerImpl;)V' in 'org/apache/xalan/templates/ElemApplyTemplates')}
  0x0000707278bf0cec: 488b c148 | ba28 9481 | 50c5 6300 | 0048 8382 | d809 0000 

  0x0000707278bf0d00: ;   {metadata(method data for {method} {0x000063c5506aaf08} 'pushContextNodeList' '(Lorg/apache/xml/dtm/DTMIterator;)V' in 'org/apache/xpath/XPathContext')}
  0x0000707278bf0d00: 0148 b8b8 | 6581 50c5 | 6300 008b | 90f4 0000 | 0083 c202 | 8990 f400 | 0000 81e2 | feff 1f00 
  0x0000707278bf0d20: 85d2 0f84 | af97 0000 | 448b 4150 

  0x0000707278bf0d2c: ; implicit exception: dispatches to 0x0000707278bfa4f8
  0x0000707278bf0d2c: 493b 0049 

  0x0000707278bf0d30: ;   {metadata(method data for {method} {0x000063c5506aaf08} 'pushContextNodeList' '(Lorg/apache/xml/dtm/DTMIterator;)V' in 'org/apache/xpath/XPathContext')}
  0x0000707278bf0d30: 8bc0 48ba | b865 8150 | c563 0000 | 4883 8250 | 0100 0001 

  0x0000707278bf0d44: ;   {metadata(method data for {method} {0x000063c5501ac148} 'push' '(Ljava/lang/Object;)Ljava/lang/Object;' in 'java/util/Stack')}
  0x0000707278bf0d44: 48b8 98d0 | 1e50 c563 | 0000 8b90 | f400 0000 | 83c2 0289 | 90f4 0000 | 0081 e2fe | ff1f 0085 
  0x0000707278bf0d64: d20f 8492 | 9700 0049 

  0x0000707278bf0d6c: ;   {metadata(method data for {method} {0x000063c5501ac148} 'push' '(Ljava/lang/Object;)Ljava/lang/Object;' in 'java/util/Stack')}
  0x0000707278bf0d6c: 8bc0 48ba | 98d0 1e50 | c563 0000 | 8b40 0849 | ba00 0000 | 5bc5 6300 | 0049 03c2 | 483b 8248 
  0x0000707278bf0d8c: 0100 0075 | 0d48 8382 | 5001 0000 | 01e9 6000 | 0000 483b | 8258 0100 | 0075 0d48 | 8382 6001 
  0x0000707278bf0dac: 0000 01e9 | 4a00 0000 | 4883 ba48 | 0100 0000 | 7517 4889 | 8248 0100 | 0048 c782 | 5001 0000 
  0x0000707278bf0dcc: 0100 0000 | e929 0000 | 0048 83ba | 5801 0000 | 0075 1748 | 8982 5801 | 0000 48c7 | 8260 0100 
  0x0000707278bf0dec: 0001 0000 | 00e9 0800 | 0000 4883 | 8238 0100 | 0001 488d | 9424 d803 | 0000 4c89 | 4208 498b 
  0x0000707278bf0e0c: 0048 83c8 | 0148 8902 | f049 0fb1 | 100f 8412 | 0000 0048 | 2bc4 4825 | 07f0 ffff | 4889 020f 
  0x0000707278bf0e2c: 85ed 9600 | 0049 ff87 | 6808 0000 

  0x0000707278bf0e38: ;   {metadata(method data for {method} {0x000063c550100be8} 'addElement' '(Ljava/lang/Object;)V' in 'java/util/Vector')}
  0x0000707278bf0e38: 48ba e0ce | 1e50 c563 | 0000 8bb2 | f400 0000 | 83c6 0289 | b2f4 0000 | 0081 e6fe | ff1f 0085 
  0x0000707278bf0e58: f60f 84d2 | 9600 0041 | 8b50 0cff | c241 8950 | 0c41 8b50 | 1841 8b40 | 1049 8bf0 

  0x0000707278bf0e74: ;   {metadata(method data for {method} {0x000063c550100be8} 'addElement' '(Ljava/lang/Object;)V' in 'java/util/Vector')}
  0x0000707278bf0e74: 49b9 e0ce | 1e50 c563 | 0000 4983 | 8138 0100 

  0x0000707278bf0e84: ;   {metadata(method data for {method} {0x000063c5501014e0} 'add' '(Ljava/lang/Object;[Ljava/lang/Object;I)V' in 'java/util/Vector')}
  0x0000707278bf0e84: 0001 48be | 38c9 1e50 | c563 0000 | 448b 8ef4 | 0000 0041 | 83c1 0244 | 898e f400 | 0000 4181 
  0x0000707278bf0ea4: e1fe ff1f | 0045 85c9 | 0f84 a096 | 0000 8b72 

  0x0000707278bf0eb4: ;   {metadata(method data for {method} {0x000063c5501014e0} 'add' '(Ljava/lang/Object;[Ljava/lang/Object;I)V' in 'java/util/Vector')}
  0x0000707278bf0eb4: 0c3b c648 | be38 c91e | 50c5 6300 | 0049 c7c1 | 3801 0000 | 7507 49c7 | c148 0100 | 004e 8b1c 
  0x0000707278bf0ed4: 0e4d 8d5b | 014e 891c | 0e89 bc24 | a001 0000 | 0f85 8c00 | 0000 498b 

  0x0000707278bf0eec: ;   {metadata(method data for {method} {0x000063c5501014e0} 'add' '(Ljava/lang/Object;[Ljava/lang/Object;I)V' in 'java/util/Vector')}
  0x0000707278bf0eec: d048 be38 | c91e 50c5 | 6300 0048 | 8386 5801 

  0x0000707278bf0efc: ;   {metadata(method data for {method} {0x000063c5500ffbc0} 'grow' '()[Ljava/lang/Object;' in 'java/util/Vector')}
  0x0000707278bf0efc: 0000 0148 | ba58 cb1e | 50c5 6300 | 008b b2f4 | 0000 0083 | c602 89b2 | f400 0000 | 81e6 feff 
  0x0000707278bf0f1c: 1f00 85f6 | 0f84 5296 | 0000 498b 

  0x0000707278bf0f28: ;   {metadata(method data for {method} {0x000063c5500ffbc0} 'grow' '()[Ljava/lang/Object;' in 'java/util/Vector')}
  0x0000707278bf0f28: d048 be58 | cb1e 50c5 | 6300 0048 | 8386 3801 | 0000 0148 | 8bd0 ffc2 | 498b f04c | 8984 2498 
  0x0000707278bf0f48: 0100 0089 | 8424 8c01 | 0000 0f1f 

  0x0000707278bf0f54: ;   {optimized virtual_call}
  0x0000707278bf0f54: 4400 00e8 

  0x0000707278bf0f58: ; ImmutableOopMap {[224]=Oop [232]=Oop [240]=Oop [256]=Oop [280]=Oop [312]=Oop [344]=Oop [360]=Oop [368]=Oop [376]=Oop [408]=Oop [992]=Oop }
                      ;*invokevirtual grow {reexecute=0 rethrow=0 return_oop=0}
                      ; - java.util.Vector::grow@7 (line 266)
                      ; - java.util.Vector::add@7 (line 782)
                      ; - java.util.Vector::addElement@20 (line 617)
                      ; - java.util.Stack::push@2 (line 68)
                      ; - org.apache.xpath.XPathContext::pushContextNodeList@5 (line 697)
                      ; - org.apache.xalan.templates.ElemApplyTemplates::transformSelectedNodes@301 (line 270)
  0x0000707278bf0f58: a431 1a00 

  0x0000707278bf0f5c: ;   {other}
  0x0000707278bf0f5c: 0f1f 8400 | 4c2c 0011 | 488b d08b | 8424 8c01 | 0000 4c8b | 8424 9801 | 0000 488b | bc24 3801 
  0x0000707278bf0f7c: 0000 3b42 | 0c0f 831c | 9600 0048 | 85ff 7516 

  0x0000707278bf0f8c: ;   {metadata(method data for {method} {0x000063c5501014e0} 'add' '(Ljava/lang/Object;[Ljava/lang/Object;I)V' in 'java/util/Vector')}
  0x0000707278bf0f8c: 48bb 38c9 | 1e50 c563 | 0000 808b | 8901 0000 | 01e9 f800 | 0000 8b72 | 0849 ba00 | 0000 5bc5 
  0x0000707278bf0fac: 6300 0049 | 03f2 8b5f | 0849 ba00 | 0000 5bc5 | 6300 0049 | 03da 488b | b6e0 0000 | 0048 3bde 
  0x0000707278bf0fcc: 0f84 2700 | 0000 8b4e | 1448 3b34 | 0b0f 841a | 0000 0083 | f920 0f85 | 9b00 0000 

  0x0000707278bf0fe8: ;   {runtime_call slow_subtype_check Runtime1 stub}
  0x0000707278bf0fe8: 5356 e891 | 3d12 075b | 5e85 f60f | 848a 0000 

  0x0000707278bf0ff8: ;   {metadata(method data for {method} {0x000063c5501014e0} 'add' '(Ljava/lang/Object;[Ljava/lang/Object;I)V' in 'java/util/Vector')}
  0x0000707278bf0ff8: 0048 bb38 | c91e 50c5 | 6300 008b | 7708 49ba | 0000 005b | c563 0000 | 4903 f248 | 3bb3 a001 
  0x0000707278bf1018: 0000 750d | 4883 83a8 | 0100 0001 | e971 0000 | 0048 3bb3 | b001 0000 | 750d 4883 | 83b8 0100 
  0x0000707278bf1038: 0001 e95b | 0000 0048 | 83bb a001 | 0000 0075 | 1748 89b3 | a001 0000 | 48c7 83a8 | 0100 0001 
  0x0000707278bf1058: 0000 00e9 | 3a00 0000 | 4883 bbb0 | 0100 0000 | 7517 4889 | b3b0 0100 | 0048 c783 | b801 0000 
  0x0000707278bf1078: 0100 0000 | e919 0000 

  0x0000707278bf1080: ;   {metadata(method data for {method} {0x000063c5501014e0} 'add' '(Ljava/lang/Object;[Ljava/lang/Object;I)V' in 'java/util/Vector')}
  0x0000707278bf1080: 00eb 1748 | bb38 c91e | 50c5 6300 | 0048 83ab | 9001 0000 | 01e9 1c95 | 0000 4863 | f04c 8bd7 
  0x0000707278bf10a0: 4489 54b2 | 10ff c041 | 8940 1048 | 8d84 24d8 | 0300 0048 | 8b30 4885 | f60f 840f | 0000 0048 
  0x0000707278bf10c0: 8b58 08f0 | 480f b133 | 0f85 f194 | 0000 49ff | 8f68 0800 | 0048 8b9c | 24e0 0000 | 0048 8bf3 
  0x0000707278bf10e0: ;   {metadata(method data for {method} {0x000063c55055b330} 'transformSelectedNodes' '(Lorg/apache/xalan/transformer/TransformerImpl;)V' in 'org/apache/xalan/templates/ElemApplyTemplates')}
  0x0000707278bf10e0: 48b8 2894 | 8150 c563 | 0000 4883 | 8028 0a00 | 0001 8b43 | 5448 8984 | 24a8 0100 | 0048 8bf3 
  0x0000707278bf1100: ;   {metadata(method data for {method} {0x000063c55055b330} 'transformSelectedNodes' '(Lorg/apache/xalan/transformer/TransformerImpl;)V' in 'org/apache/xalan/templates/ElemApplyTemplates')}
  0x0000707278bf1100: 48ba 2894 | 8150 c563 | 0000 4883 | 8260 0a00 | 0001 8b53 | 6048 8994 | 24b0 0100 | 0048 8b8c 
  0x0000707278bf1120: 2478 0100 | 0048 898c | 24b8 0100 | 0066 6690 

  0x0000707278bf1130: ; implicit exception: dispatches to 0x0000707278bfa5d5
  0x0000707278bf1130: 483b 0748 

  0x0000707278bf1134: ;   {metadata(method data for {method} {0x000063c55055b330} 'transformSelectedNodes' '(Lorg/apache/xalan/transformer/TransformerImpl;)V' in 'org/apache/xalan/templates/ElemApplyTemplates')}
  0x0000707278bf1134: 8bdf 48b8 | 2894 8150 | c563 0000 | 8b5b 0849 | ba00 0000 | 5bc5 6300 | 0049 03da | 483b 9890 
  0x0000707278bf1154: 0a00 0075 | 0d48 8380 | 980a 0000 | 01e9 6000 | 0000 483b | 98a0 0a00 | 0075 0d48 | 8380 a80a 
  0x0000707278bf1174: 0000 01e9 | 4a00 0000 | 4883 b890 | 0a00 0000 | 7517 4889 | 9890 0a00 | 0048 c780 | 980a 0000 
  0x0000707278bf1194: 0100 0000 | e929 0000 | 0048 83b8 | a00a 0000 | 0075 1748 | 8998 a00a | 0000 48c7 | 80a8 0a00 
  0x0000707278bf11b4: 0001 0000 | 00e9 0800 | 0000 4883 | 8080 0a00 | 0001 488b | f748 89bc | 2438 0100 | 000f 1f40 
  0x0000707278bf11d4: 0048 b808 | f501 5cc5 

  0x0000707278bf11dc: ;   {virtual_call}
  0x0000707278bf11dc: 6300 00e8 

  0x0000707278bf11e0: ; ImmutableOopMap {[224]=Oop [232]=Oop [240]=Oop [256]=Oop [280]=Oop [312]=Oop [344]=Oop [360]=Oop [368]=Oop [424]=Oop [432]=Oop [440]=Oop }
                      ;*invokeinterface nextNode {reexecute=0 rethrow=0 return_oop=0}
                      ; - org.apache.xalan.templates.ElemApplyTemplates::transformSelectedNodes@322 (line 280)
  0x0000707278bf11e0: 3cc7 8907 

  0x0000707278bf11e4: ;   {other}
  0x0000707278bf11e4: 0f1f 8400 | d42e 0012 | 8984 24a4 | 0100 0083 

  0x0000707278bf11f4: ;   {metadata(method data for {method} {0x000063c55055b330} 'transformSelectedNodes' '(Lorg/apache/xalan/transformer/TransformerImpl;)V' in 'org/apache/xalan/templates/ElemApplyTemplates')}
  0x0000707278bf11f4: f8ff 48ba | 2894 8150 | c563 0000 | 48c7 c6b8 | 0a00 0074 | 0748 c7c6 | c80a 0000 | 488b 3c32 
  0x0000707278bf1214: 488d 7f01 | 4889 3c32 | 0f84 de32 | 0000 488b | bc24 a801 | 0000 483b | 0748 8bd7 

  0x0000707278bf1230: ;   {metadata(method data for {method} {0x000063c55055b330} 'transformSelectedNodes' '(Lorg/apache/xalan/transformer/TransformerImpl;)V' in 'org/apache/xalan/templates/ElemApplyTemplates')}
  0x0000707278bf1230: 48be 2894 | 8150 c563 | 0000 4883 | 86f0 0a00 

  0x0000707278bf1240: ;   {metadata(method data for {method} {0x000063c5506489a8} 'setTop' '(I)V' in 'org/apache/xml/utils/IntStack')}
  0x0000707278bf1240: 0001 48ba | 007e 8050 | c563 0000 | 8bb2 f400 | 0000 83c6 | 0289 b2f4 | 0000 0081 | e6fe ff1f 
  0x0000707278bf1260: 0085 f60f | 8476 9300 | 008b 5718 | 8b77 10ff | ce3b 720c | 0f83 9093 | 0000 4863 | f689 44b2 
  0x0000707278bf1280: ;   {metadata(method data for {method} {0x000063c5506489a8} 'setTop' '(I)V' in 'org/apache/xml/utils/IntStack')}
  0x0000707278bf1280: 1048 ba00 | 7e80 50c5 | 6300 00ff | 8238 0100 | 0048 8b94 | 24b0 0100 | 0048 3b02 

  0x0000707278bf129c: ;   {metadata(method data for {method} {0x000063c55055b330} 'transformSelectedNodes' '(Lorg/apache/xalan/transformer/TransformerImpl;)V' in 'org/apache/xalan/templates/ElemApplyTemplates')}
  0x0000707278bf129c: 488b f248 | bb28 9481 | 50c5 6300 | 0048 8383 | 280b 0000 

  0x0000707278bf12b0: ;   {metadata(method data for {method} {0x000063c5506489a8} 'setTop' '(I)V' in 'org/apache/xml/utils/IntStack')}
  0x0000707278bf12b0: 0148 be00 | 7e80 50c5 | 6300 008b | 9ef4 0000 | 0083 c302 | 899e f400 | 0000 81e3 | feff 1f00 
  0x0000707278bf12d0: 85db 0f84 | 4593 0000 | 8b72 188b | 5a10 ffcb 

  0x0000707278bf12e0: ; implicit exception: dispatches to 0x0000707278bfa63e
  0x0000707278bf12e0: 3b5e 0c0f | 835f 9300 | 0048 63db | 8944 9e10 

  0x0000707278bf12f0: ;   {metadata(method data for {method} {0x000063c5506489a8} 'setTop' '(I)V' in 'org/apache/xml/utils/IntStack')}
  0x0000707278bf12f0: 48be 007e | 8050 c563 | 0000 ff86 | 3801 0000 | 488b bc24 | e000 0000 

  0x0000707278bf1308: ;   {metadata(method data for {method} {0x000063c55055b330} 'transformSelectedNodes' '(Lorg/apache/xalan/transformer/TransformerImpl;)V' in 'org/apache/xalan/templates/ElemApplyTemplates')}
  0x0000707278bf1308: 488b f749 | b828 9481 | 50c5 6300 | 0049 8380 | 600b 0000 

  0x0000707278bf131c: ;   {metadata(method data for {method} {0x000063c5506a9640} 'getDTM' '(I)Lorg/apache/xml/dtm/DTM;' in 'org/apache/xpath/XPathContext')}
  0x0000707278bf131c: 0148 be00 | ba7f 50c5 | 6300 0044 | 8b86 f400 | 0000 4183 | c002 4489 | 86f4 0000 | 0041 81e0 
  0x0000707278bf133c: feff 1f00 | 4585 c00f | 840d 9300 | 008b 7728 

  0x0000707278bf134c: ; implicit exception: dispatches to 0x0000707278bfa677
  0x0000707278bf134c: 483b 064c 

  0x0000707278bf1350: ;   {metadata(method data for {method} {0x000063c5506a9640} 'getDTM' '(I)Lorg/apache/xml/dtm/DTM;' in 'org/apache/xpath/XPathContext')}
  0x0000707278bf1350: 8bc6 49b9 | 00ba 7f50 | c563 0000 | 458b 4008 | 49ba 0000 | 005b c563 | 0000 4d03 | c24d 3b81 
  0x0000707278bf1370: 4801 0000 | 750d 4983 | 8150 0100 | 0001 e960 | 0000 004d | 3b81 5801 | 0000 750d | 4983 8160 
  0x0000707278bf1390: 0100 0001 | e94a 0000 | 0049 83b9 | 4801 0000 | 0075 174d | 8981 4801 | 0000 49c7 | 8150 0100 
  0x0000707278bf13b0: 0001 0000 | 00e9 2900 | 0000 4983 | b958 0100 | 0000 7517 | 4d89 8158 | 0100 0049 | c781 6001 
  0x0000707278bf13d0: 0000 0100 | 0000 e908 | 0000 0049 | 8381 3801 | 0000 0148 | 8bd0 0f1f | 8000 0000 | 0048 b838 
  0x0000707278bf13f0: a60e 5cc5 

  0x0000707278bf13f4: ;   {virtual_call}
  0x0000707278bf13f4: 6300 00e8 

  0x0000707278bf13f8: ; ImmutableOopMap {[224]=Oop [232]=Oop [240]=Oop [256]=Oop [280]=Oop [312]=Oop [344]=Oop [360]=Oop [368]=Oop [424]=Oop [432]=Oop [440]=Oop }
                      ;*invokevirtual getDTM {reexecute=0 rethrow=0 return_oop=0}
                      ; - org.apache.xpath.XPathContext::getDTM@5 (line 171)
                      ; - org.apache.xalan.templates.ElemApplyTemplates::transformSelectedNodes@350 (line 285)
  0x0000707278bf13f8: a472 8707 

  0x0000707278bf13fc: ;   {other}
  0x0000707278bf13fc: 0f1f 8400 | ec30 0013 | 488b 8c24 | b801 0000 

  0x0000707278bf140c: ;   {metadata(method data for {method} {0x000063c55055b330} 'transformSelectedNodes' '(Lorg/apache/xalan/transformer/TransformerImpl;)V' in 'org/apache/xalan/templates/ElemApplyTemplates')}
  0x0000707278bf140c: 483b c148 | ba28 9481 | 50c5 6300 | 0048 c7c6 | 800b 0000 | 7407 48c7 | c690 0b00 | 0048 8b3c 
  0x0000707278bf142c: 3248 8d7f | 0148 893c | 320f 841c | 0100 0048 | 898c 24b8 | 0100 0048 | 8bbc 24e0 | 0000 0048 
  0x0000707278bf144c: ;   {metadata(method data for {method} {0x000063c55055b330} 'transformSelectedNodes' '(Lorg/apache/xalan/transformer/TransformerImpl;)V' in 'org/apache/xalan/templates/ElemApplyTemplates')}
  0x0000707278bf144c: 8bd7 48be | 2894 8150 | c563 0000 

  0x0000707278bf1458: ;   {metadata('org/apache/xpath/XPathContext')}
  0x0000707278bf1458: 49ba a817 | 0d5c c563 | 0000 4c89 | 96b0 0b00 | 0048 8386 | b80b 0000 

  0x0000707278bf1470: ;   {metadata(method data for {method} {0x000063c5506a9640} 'getDTM' '(I)Lorg/apache/xml/dtm/DTM;' in 'org/apache/xpath/XPathContext')}
  0x0000707278bf1470: 0148 ba00 | ba7f 50c5 | 6300 008b | b2f4 0000 | 0083 c602 | 89b2 f400 | 0000 81e6 | feff 1f00 
  0x0000707278bf1490: 85f6 0f84 | e491 0000 | 8b77 2848 | 3b06 488b 

  0x0000707278bf14a0: ;   {metadata(method data for {method} {0x000063c5506a9640} 'getDTM' '(I)Lorg/apache/xml/dtm/DTM;' in 'org/apache/xpath/XPathContext')}
  0x0000707278bf14a0: d648 bb00 | ba7f 50c5 | 6300 008b | 5208 49ba | 0000 005b | c563 0000 | 4903 d248 | 3b93 4801 
  0x0000707278bf14c0: 0000 750d | 4883 8350 | 0100 0001 | e960 0000 | 0048 3b93 | 5801 0000 | 750d 4883 | 8360 0100 
  0x0000707278bf14e0: 0001 e94a | 0000 0048 | 83bb 4801 | 0000 0075 | 1748 8993 | 4801 0000 | 48c7 8350 | 0100 0001 
  0x0000707278bf1500: 0000 00e9 | 2900 0000 | 4883 bb58 | 0100 0000 | 7517 4889 | 9358 0100 | 0048 c783 | 6001 0000 
  0x0000707278bf1520: 0100 0000 | e908 0000 | 0048 8383 | 3801 0000 | 018b 9424 | a401 0000 | 0f1f 4400 | 0048 b8ff 
  0x0000707278bf1540: ffff ffff 

  0x0000707278bf1544: ;   {virtual_call}
  0x0000707278bf1544: ffff ffe8 

  0x0000707278bf1548: ; ImmutableOopMap {[224]=Oop [232]=Oop [240]=Oop [256]=Oop [280]=Oop [312]=Oop [344]=Oop [360]=Oop [368]=Oop [424]=Oop [432]=Oop [440]=Oop }
                      ;*invokevirtual getDTM {reexecute=0 rethrow=0 return_oop=0}
                      ; - org.apache.xpath.XPathContext::getDTM@5 (line 171)
                      ; - org.apache.xalan.templates.ElemApplyTemplates::transformSelectedNodes@361 (line 287)
  0x0000707278bf1548: 343e 0707 

  0x0000707278bf154c: ;   {other}
  0x0000707278bf154c: 0f1f 8400 | 3c32 0014 | 488b c848 | 85c9 0f84 | 2900 0000 

  0x0000707278bf1560: ;   {metadata('org/apache/xml/dtm/ref/DTMDefaultBase')}
  0x0000707278bf1560: 48bb 10a9 | 0e5c c563 | 0000 8b79 | 0849 ba00 | 0000 5bc5 | 6300 0049 | 03fa 483b | 5f38 0f85 
  0x0000707278bf1580: 1e91 0000 | e900 0000 | 0048 8bd1 

  0x0000707278bf158c: ; implicit exception: dispatches to 0x0000707278bfa6a7
  0x0000707278bf158c: 483b 0148 

  0x0000707278bf1590: ;   {metadata(method data for {method} {0x000063c55055b330} 'transformSelectedNodes' '(Lorg/apache/xalan/transformer/TransformerImpl;)V' in 'org/apache/xalan/templates/ElemApplyTemplates')}
  0x0000707278bf1590: 8bd1 48be | 2894 8150 | c563 0000 | 8b52 0849 | ba00 0000 | 5bc5 6300 | 0049 03d2 | 483b 96e8 
  0x0000707278bf15b0: 0b00 0075 | 0d48 8386 | f00b 0000 | 01e9 6000 | 0000 483b | 96f8 0b00 | 0075 0d48 | 8386 000c 
  0x0000707278bf15d0: 0000 01e9 | 4a00 0000 | 4883 bee8 | 0b00 0000 | 7517 4889 | 96e8 0b00 | 0048 c786 | f00b 0000 
  0x0000707278bf15f0: 0100 0000 | e929 0000 | 0048 83be | f80b 0000 | 0075 1748 | 8996 f80b | 0000 48c7 | 8600 0c00 
  0x0000707278bf1610: 0001 0000 | 00e9 0800 | 0000 4883 | 86d8 0b00 

  0x0000707278bf1620: ;   {metadata(method data for {method} {0x000063c55078a088} 'getExpandedTypeID' '(I)I' in 'org/apache/xml/dtm/ref/DTMDefaultBase')}
  0x0000707278bf1620: 0001 48ba | 804b 8050 | c563 0000 | 8bb2 f400 | 0000 83c6 | 0289 b2f4 | 0000 0081 | e6fe ff1f 
  0x0000707278bf1640: 0085 f60f | 8463 9000 | 0048 8bd1 

  0x0000707278bf164c: ;   {metadata(method data for {method} {0x000063c55078a088} 'getExpandedTypeID' '(I)I' in 'org/apache/xml/dtm/ref/DTMDefaultBase')}
  0x0000707278bf164c: 48be 804b | 8050 c563 | 0000 4883 | 8638 0100 | 0001 8b94 | 24a4 0100 | 0048 8bf1 | 4889 8c24 
  0x0000707278bf166c: c001 0000 | 0f1f 8000 

  0x0000707278bf1674: ;   {optimized virtual_call}
  0x0000707278bf1674: 0000 00e8 

  0x0000707278bf1678: ; ImmutableOopMap {[224]=Oop [232]=Oop [240]=Oop [256]=Oop [280]=Oop [312]=Oop [344]=Oop [360]=Oop [368]=Oop [424]=Oop [432]=Oop [448]=Oop }
                      ;*invokevirtual makeNodeIdentity {reexecute=0 rethrow=0 return_oop=0}
                      ; - org.apache.xml.dtm.ref.DTMDefaultBase::getExpandedTypeID@2 (line 1682)
                      ; - org.apache.xalan.templates.ElemApplyTemplates::transformSelectedNodes@370 (line 290)
  0x0000707278bf1678: c4a8 8607 

  0x0000707278bf167c: ;   {other}
  0x0000707278bf167c: 0f1f 8400 | 6c33 0015 

  0x0000707278bf1684: ;   {metadata(method data for {method} {0x000063c55078a088} 'getExpandedTypeID' '(I)I' in 'org/apache/xml/dtm/ref/DTMDefaultBase')}
  0x0000707278bf1684: 83f8 ff48 | ba80 4b80 | 50c5 6300 | 0048 c7c6 | 7001 0000 | 7507 48c7 | c680 0100 | 0048 8b3c 
  0x0000707278bf16a4: 3248 8d7f | 0148 893c | 320f 850a | 0000 00bf | ffff ffff | e9ba 0000 | 0048 8b8c | 24c0 0100 
  0x0000707278bf16c4: ;   {metadata(method data for {method} {0x000063c55078a088} 'getExpandedTypeID' '(I)I' in 'org/apache/xml/dtm/ref/DTMDefaultBase')}
  0x0000707278bf16c4: 0048 ba80 | 4b80 50c5 | 6300 008b | 4908 49ba | 0000 005b | c563 0000 | 4903 ca48 | 3b8a a001 
  0x0000707278bf16e4: 0000 750d | 4883 82a8 | 0100 0001 | e960 0000 | 0048 3b8a | b001 0000 | 750d 4883 | 82b8 0100 
  0x0000707278bf1704: 0001 e94a | 0000 0048 | 83ba a001 | 0000 0075 | 1748 898a | a001 0000 | 48c7 82a8 | 0100 0001 
  0x0000707278bf1724: 0000 00e9 | 2900 0000 | 4883 bab0 | 0100 0000 | 7517 4889 | 8ab0 0100 | 0048 c782 | b801 0000 
  0x0000707278bf1744: 0100 0000 | e908 0000 | 0048 8382 | 9001 0000 | 0148 8bd0 | 488b b424 | c001 0000 | 0f1f 8000 
  0x0000707278bf1764: ;   {optimized virtual_call}
  0x0000707278bf1764: 0000 00e8 

  0x0000707278bf1768: ; ImmutableOopMap {[224]=Oop [232]=Oop [240]=Oop [256]=Oop [280]=Oop [312]=Oop [344]=Oop [360]=Oop [368]=Oop [424]=Oop [432]=Oop [448]=Oop }
                      ;*invokevirtual _exptype {reexecute=0 rethrow=0 return_oop=0}
                      ; - org.apache.xml.dtm.ref.DTMDefaultBase::getExpandedTypeID@15 (line 1685)
                      ; - org.apache.xalan.templates.ElemApplyTemplates::transformSelectedNodes@370 (line 290)
  0x0000707278bf1768: d4d5 8607 

  0x0000707278bf176c: ;   {other}
  0x0000707278bf176c: 0f1f 8400 | 5c34 0016 | 488b f848 | 8b8c 24c0 | 0100 008b | 8424 a401 | 0000 4885 | c90f 8429 
  0x0000707278bf178c: ;   {metadata('org/apache/xml/dtm/ref/DTMDefaultBase')}
  0x0000707278bf178c: 0000 0049 | b810 a90e | 5cc5 6300 | 008b 5908 | 49ba 0000 | 005b c563 | 0000 4903 | da4c 3b43 
  0x0000707278bf17ac: 380f 851a | 8f00 00e9 | 0000 0000 | 488b d148 

  0x0000707278bf17bc: ;   {metadata(method data for {method} {0x000063c55055b330} 'transformSelectedNodes' '(Lorg/apache/xalan/transformer/TransformerImpl;)V' in 'org/apache/xalan/templates/ElemApplyTemplates')}
  0x0000707278bf17bc: 8bd1 48be | 2894 8150 | c563 0000 | 8b52 0849 | ba00 0000 | 5bc5 6300 | 0049 03d2 | 483b 9620 
  0x0000707278bf17dc: 0c00 0075 | 0d48 8386 | 280c 0000 | 01e9 6000 | 0000 483b | 9630 0c00 | 0075 0d48 | 8386 380c 
  0x0000707278bf17fc: 0000 01e9 | 4a00 0000 | 4883 be20 | 0c00 0000 | 7517 4889 | 9620 0c00 | 0048 c786 | 280c 0000 
  0x0000707278bf181c: 0100 0000 | e929 0000 | 0048 83be | 300c 0000 | 0075 1748 | 8996 300c | 0000 48c7 | 8638 0c00 
  0x0000707278bf183c: 0001 0000 | 00e9 0800 | 0000 4883 | 8610 0c00 

  0x0000707278bf184c: ;   {metadata(method data for {method} {0x000063c55078a820} 'getNodeType' '(I)S' in 'org/apache/xml/dtm/ref/DTMDefaultBase')}
  0x0000707278bf184c: 0001 48ba | 8021 7e50 | c563 0000 | 8bb2 f400 | 0000 83c6 | 0289 b2f4 | 0000 0081 | e6fe ff1f 
  0x0000707278bf186c: 0085 f60f | 845d 8e00 | 0083 f8ff 

  0x0000707278bf1878: ;   {metadata(method data for {method} {0x000063c55078a820} 'getNodeType' '(I)S' in 'org/apache/xml/dtm/ref/DTMDefaultBase')}
  0x0000707278bf1878: 48ba 8021 | 7e50 c563 | 0000 48c7 | c638 0100 | 0075 0748 | c7c6 4801 | 0000 488b | 1c32 488d 
  0x0000707278bf1898: 5b01 4889 | 1c32 0f85 | 1900 0000 | bbff ffff | ff89 bc24 | d001 0000 | 4889 8c24 | c001 0000 
  0x0000707278bf18b8: e97e 0100 | 0089 bc24 | d001 0000 | 8b59 5048 

  0x0000707278bf18c8: ;   {metadata(method data for {method} {0x000063c55078a820} 'getNodeType' '(I)S' in 'org/apache/xml/dtm/ref/DTMDefaultBase')}
  0x0000707278bf18c8: 8bd1 48be | 8021 7e50 | c563 0000 | 4883 8658 | 0100 0001 | 488b d048 | 8bf1 4889 | 9c24 c801 
  0x0000707278bf18e8: 0000 4889 | 8c24 c001 | 0000 0f1f 

  0x0000707278bf18f4: ;   {optimized virtual_call}
  0x0000707278bf18f4: 4400 00e8 

  0x0000707278bf18f8: ; ImmutableOopMap {[224]=Oop [232]=Oop [240]=Oop [256]=Oop [280]=Oop [312]=Oop [344]=Oop [360]=Oop [368]=Oop [424]=Oop [432]=Oop [448]=Oop [456]=Oop }
                      ;*invokevirtual makeNodeIdentity {reexecute=0 rethrow=0 return_oop=0}
                      ; - org.apache.xml.dtm.ref.DTMDefaultBase::getNodeType@14 (line 1838)
                      ; - org.apache.xalan.templates.ElemApplyTemplates::transformSelectedNodes@381 (line 292)
  0x0000707278bf18f8: 44a6 8607 

  0x0000707278bf18fc: ;   {other}
  0x0000707278bf18fc: 0f1f 8400 | ec35 0017 | 488b 8c24 | c001 0000 

  0x0000707278bf190c: ;   {metadata(method data for {method} {0x000063c55078a820} 'getNodeType' '(I)S' in 'org/apache/xml/dtm/ref/DTMDefaultBase')}
  0x0000707278bf190c: 48ba 8021 | 7e50 c563 | 0000 8b49 | 0849 ba00 | 0000 5bc5 | 6300 0049 | 03ca 483b | 8aa0 0100 
  0x0000707278bf192c: 0075 0d48 | 8382 a801 | 0000 01e9 | 6000 0000 | 483b 8ab0 | 0100 0075 | 0d48 8382 | b801 0000 
  0x0000707278bf194c: 01e9 4a00 | 0000 4883 | baa0 0100 | 0000 7517 | 4889 8aa0 | 0100 0048 | c782 a801 | 0000 0100 
  0x0000707278bf196c: 0000 e929 | 0000 0048 | 83ba b001 | 0000 0075 | 1748 898a | b001 0000 | 48c7 82b8 | 0100 0001 
  0x0000707278bf198c: 0000 00e9 | 0800 0000 | 4883 8290 | 0100 0001 | 488b d048 | 8bb4 24c0 

  0x0000707278bf19a4: ;   {optimized virtual_call}
  0x0000707278bf19a4: 0100 00e8 

  0x0000707278bf19a8: ; ImmutableOopMap {[224]=Oop [232]=Oop [240]=Oop [256]=Oop [280]=Oop [312]=Oop [344]=Oop [360]=Oop [368]=Oop [424]=Oop [432]=Oop [448]=Oop [456]=Oop }
                      ;*invokevirtual _exptype {reexecute=0 rethrow=0 return_oop=0}
                      ; - org.apache.xml.dtm.ref.DTMDefaultBase::getNodeType@17 (line 1838)
                      ; - org.apache.xalan.templates.ElemApplyTemplates::transformSelectedNodes@381 (line 292)
  0x0000707278bf19a8: 94d3 8607 

  0x0000707278bf19ac: ;   {other}
  0x0000707278bf19ac: 0f1f 8400 | 9c36 0018 | 488b 9c24 | c801 0000 

  0x0000707278bf19bc: ; implicit exception: dispatches to 0x0000707278bfa6f3
  0x0000707278bf19bc: 483b 0348 

  0x0000707278bf19c0: ;   {metadata(method data for {method} {0x000063c55078a820} 'getNodeType' '(I)S' in 'org/apache/xml/dtm/ref/DTMDefaultBase')}
  0x0000707278bf19c0: 8bd3 48be | 8021 7e50 | c563 0000 | 4883 86c8 | 0100 0001 

  0x0000707278bf19d4: ;   {metadata(method data for {method} {0x000063c550738668} 'getType' '(I)S' in 'org/apache/xml/dtm/ref/ExpandedNameTable')}
  0x0000707278bf19d4: 48ba 68a6 | 7d50 c563 | 0000 8bb2 | f400 0000 | 83c6 0289 | b2f4 0000 | 0081 e6fe | ff1f 0085 
  0x0000707278bf19f4: f60f 84fd | 8c00 008b | 5318 3b42 | 0c0f 831c | 8d00 0048 | 63c0 8b44 | 8210 483b | 0048 8bd0 
  0x0000707278bf1a14: ;   {metadata(method data for {method} {0x000063c550738668} 'getType' '(I)S' in 'org/apache/xml/dtm/ref/ExpandedNameTable')}
  0x0000707278bf1a14: 48be 68a6 | 7d50 c563 | 0000 4883 | 8638 0100 | 0001 8b40 | 0c0f bfc0 | c1e0 10c1 | f810 c1e0 
  0x0000707278bf1a34: 10c1 f810 | 488b d848 | 8b94 24f0 | 0000 0048 

  0x0000707278bf1a44: ;   {metadata(method data for {method} {0x000063c55055b330} 'transformSelectedNodes' '(Lorg/apache/xalan/transformer/TransformerImpl;)V' in 'org/apache/xalan/templates/ElemApplyTemplates')}
  0x0000707278bf1a44: 8bc2 48be | 2894 8150 | c563 0000 | 4883 8660 | 0c00 0001 

  0x0000707278bf1a58: ;   {metadata(method data for {method} {0x000063c550657998} 'getMode' '()Lorg/apache/xml/utils/QName;' in 'org/apache/xalan/transformer/TransformerImpl')}
  0x0000707278bf1a58: 48b8 183d | 8050 c563 | 0000 8bb0 | f400 0000 | 83c6 0289 | b0f4 0000 | 0081 e6fe | ff1f 0085 
  0x0000707278bf1a78: f60f 84b7 | 8c00 008b | b290 0000 | 0048 3b06 

  0x0000707278bf1a88: ;   {metadata(method data for {method} {0x000063c550657998} 'getMode' '()Lorg/apache/xml/utils/QName;' in 'org/apache/xalan/transformer/TransformerImpl')}
  0x0000707278bf1a88: 488b c648 | bf18 3d80 | 50c5 6300 | 008b 4008 | 49ba 0000 | 005b c563 | 0000 4903 | c248 3b87 
  0x0000707278bf1aa8: 4801 0000 | 750d 4883 | 8750 0100 | 0001 e960 | 0000 0048 | 3b87 5801 | 0000 750d | 4883 8760 
  0x0000707278bf1ac8: 0100 0001 | e94a 0000 | 0048 83bf | 4801 0000 | 0075 1748 | 8987 4801 | 0000 48c7 | 8750 0100 
  0x0000707278bf1ae8: 0001 0000 | 00e9 2900 | 0000 4883 | bf58 0100 | 0000 7517 | 4889 8758 | 0100 0048 | c787 6001 
  0x0000707278bf1b08: 0000 0100 | 0000 e908 | 0000 0048 | 8387 3801 | 0000 0148 | 8dbc 24d8 | 0300 0048 | 8977 0848 
  0x0000707278bf1b28: 8b06 4883 | c801 4889 | 07f0 480f | b13e 0f84 | 1200 0000 | 482b c448 | 2507 f0ff | ff48 8907 
  0x0000707278bf1b48: 0f85 0e8c | 0000 49ff | 8768 0800 

  0x0000707278bf1b54: ;   {metadata(method data for {method} {0x000063c5500fff00} 'isEmpty' '()Z' in 'java/util/Vector')}
  0x0000707278bf1b54: 0048 b858 | fd1e 50c5 | 6300 008b | b8f4 0000 | 0083 c702 | 89b8 f400 | 0000 81e7 | feff 1f00 
  0x0000707278bf1b74: 85ff 0f84 | f38b 0000 | 8b46 1085 

  0x0000707278bf1b80: ;   {metadata(method data for {method} {0x000063c5500fff00} 'isEmpty' '()Z' in 'java/util/Vector')}
  0x0000707278bf1b80: c048 b858 | fd1e 50c5 | 6300 0048 | c7c6 3801 | 0000 7507 | 48c7 c648 | 0100 0048 | 8b3c 3048 
  0x0000707278bf1ba0: 8d7f 0148 | 893c 300f | 851a 0000 

  0x0000707278bf1bac: ;   {metadata(method data for {method} {0x000063c5500fff00} 'isEmpty' '()Z' in 'java/util/Vector')}
  0x0000707278bf1bac: 0048 b858 | fd1e 50c5 | 6300 00ff | 8058 0100 | 00b8 0100 | 0000 e905 | 0000 00b8 | 0000 0000 
  0x0000707278bf1bcc: 488b f083 | e601 488d | 8424 d803 | 0000 488b | 3848 85ff | 0f84 0f00 | 0000 488b | 4808 f048 
  0x0000707278bf1bec: 0fb1 390f | 859b 8b00 | 0049 ff8f | 6808 0000 

  0x0000707278bf1bfc: ;   {metadata(method data for {method} {0x000063c550657998} 'getMode' '()Lorg/apache/xml/utils/QName;' in 'org/apache/xalan/transformer/TransformerImpl')}
  0x0000707278bf1bfc: 85f6 48b8 | 183d 8050 | c563 0000 | 48c7 c670 | 0100 0074 | 0748 c7c6 | 8001 0000 | 488b 3c30 
  0x0000707278bf1c1c: 488d 7f01 | 4889 3c30 | 0f84 2600 

  0x0000707278bf1c28: ;   {metadata(method data for {method} {0x000063c550657998} 'getMode' '()Lorg/apache/xml/utils/QName;' in 'org/apache/xalan/transformer/TransformerImpl')}
  0x0000707278bf1c28: 0000 48b8 | 183d 8050 | c563 0000 | ff80 9001 

  0x0000707278bf1c38: ;   {oop(nullptr)}
  0x0000707278bf1c38: 0000 48be | 0000 0000 | 0000 0000 | 899c 24d4 | 0100 00e9 | 6d03 0000 | 8bb2 9000 | 0000 483b 
  0x0000707278bf1c58: 0648 8bc6 

  0x0000707278bf1c5c: ;   {metadata(method data for {method} {0x000063c550657998} 'getMode' '()Lorg/apache/xml/utils/QName;' in 'org/apache/xalan/transformer/TransformerImpl')}
  0x0000707278bf1c5c: 48bf 183d | 8050 c563 | 0000 4883 | 87c0 0100 | 0001 488d | bc24 d803 | 0000 4889 | 7708 488b 
  0x0000707278bf1c7c: 0648 83c8 | 0148 8907 | f048 0fb1 | 3e0f 8412 | 0000 0048 | 2bc4 4825 | 07f0 ffff | 4889 070f 
  0x0000707278bf1c9c: 850a 8b00 | 0049 ff87 | 6808 0000 

  0x0000707278bf1ca8: ;   {metadata(method data for {method} {0x000063c5501ac2f0} 'peek' '()Ljava/lang/Object;' in 'java/util/Stack')}
  0x0000707278bf1ca8: 48b8 70bc | 1e50 c563 | 0000 8bb8 | f400 0000 | 83c7 0289 | b8f4 0000 | 0081 e7fe | ff1f 0085 
  0x0000707278bf1cc8: ff0f 84ef | 8a00 0048 

  0x0000707278bf1cd0: ;   {metadata(method data for {method} {0x000063c5501ac2f0} 'peek' '()Ljava/lang/Object;' in 'java/util/Stack')}
  0x0000707278bf1cd0: 8bc6 48bf | 70bc 1e50 | c563 0000 | 8b40 0849 | ba00 0000 | 5bc5 6300 | 0049 03c2 | 483b 8748 
  0x0000707278bf1cf0: 0100 0075 | 0d48 8387 | 5001 0000 | 01e9 6000 | 0000 483b | 8758 0100 | 0075 0d48 | 8387 6001 
  0x0000707278bf1d10: 0000 01e9 | 4a00 0000 | 4883 bf48 | 0100 0000 | 7517 4889 | 8748 0100 | 0048 c787 | 5001 0000 
  0x0000707278bf1d30: 0100 0000 | e929 0000 | 0048 83bf | 5801 0000 | 0075 1748 | 8987 5801 | 0000 48c7 | 8760 0100 
  0x0000707278bf1d50: 0001 0000 | 00e9 0800 | 0000 4883 | 8738 0100 | 0001 488d | bc24 e803 | 0000 4889 | 7708 488b 
  0x0000707278bf1d70: 0648 83c8 | 0148 8907 | f048 0fb1 | 3e0f 8412 | 0000 0048 | 2bc4 4825 | 07f0 ffff | 4889 070f 
  0x0000707278bf1d90: 854a 8a00 | 0049 ff87 | 6808 0000 | 8b7e 1048 | 8d84 24e8 | 0300 0048 | 8b08 4885 | c90f 840f 
  0x0000707278bf1db0: 0000 004c | 8b40 08f0 | 490f b108 | 0f85 308a | 0000 49ff | 8f68 0800 

  0x0000707278bf1dc8: ;   {metadata(method data for {method} {0x000063c5501ac2f0} 'peek' '()Ljava/lang/Object;' in 'java/util/Stack')}
  0x0000707278bf1dc8: 0085 ff48 | b870 bc1e | 50c5 6300 | 0048 c7c1 | 8001 0000 | 7407 48c7 | c170 0100 | 004c 8b04 
  0x0000707278bf1de8: 084d 8d40 | 014c 8904 | 0889 9c24 | d401 0000 | 0f84 835a | 0000 488b 

  0x0000707278bf1e00: ;   {metadata(method data for {method} {0x000063c5501ac2f0} 'peek' '()Ljava/lang/Object;' in 'java/util/Stack')}
  0x0000707278bf1e00: c648 b970 | bc1e 50c5 | 6300 008b | 4008 49ba | 0000 005b | c563 0000 | 4903 c248 | 3b81 b001 
  0x0000707278bf1e20: 0000 750d | 4883 81b8 | 0100 0001 | e960 0000 | 0048 3b81 | c001 0000 | 750d 4883 | 81c8 0100 
  0x0000707278bf1e40: 0001 e94a | 0000 0048 | 83b9 b001 | 0000 0075 | 1748 8981 | b001 0000 | 48c7 81b8 | 0100 0001 
  0x0000707278bf1e60: 0000 00e9 | 2900 0000 | 4883 b9c0 | 0100 0000 | 7517 4889 | 81c0 0100 | 0048 c781 | c801 0000 
  0x0000707278bf1e80: 0100 0000 | e908 0000 | 0048 8381 | a001 0000 | 01ff cf48 

  0x0000707278bf1e94: ;   {optimized virtual_call}
  0x0000707278bf1e94: 8bd7 90e8 

  0x0000707278bf1e98: ; ImmutableOopMap {[224]=Oop [232]=Oop [240]=Oop [256]=Oop [280]=Oop [312]=Oop [344]=Oop [360]=Oop [368]=Oop [424]=Oop [432]=Oop [448]=Oop [992]=Oop }
                      ;*invokevirtual elementAt {reexecute=0 rethrow=0 return_oop=0}
                      ; - java.util.Stack::peek@21 (line 104)
                      ; - org.apache.xalan.transformer.TransformerImpl::getMode@18 (line 3195)
                      ; - org.apache.xalan.templates.ElemApplyTemplates::transformSelectedNodes@389 (line 294)
  0x0000707278bf1e98: 24b9 8307 

  0x0000707278bf1e9c: ;   {other}
  0x0000707278bf1e9c: 0f1f 8400 | 8c3b 0019 | 488b d048 | 8d84 24d8 | 0300 0048 | 8b08 4885 | c90f 840f | 0000 004c 
  0x0000707278bf1ebc: 8b40 08f0 | 490f b108 | 0f85 3e89 | 0000 49ff | 8f68 0800 | 0048 85d2 

  0x0000707278bf1ed4: ;   {metadata(method data for {method} {0x000063c550657998} 'getMode' '()Lorg/apache/xml/utils/QName;' in 'org/apache/xalan/transformer/TransformerImpl')}
  0x0000707278bf1ed4: 7517 49b8 | 183d 8050 | c563 0000 | 4180 88d9 | 0100 0001 | e9cd 0000 

  0x0000707278bf1eec: ;   {metadata('org/apache/xml/utils/QName')}
  0x0000707278bf1eec: 0049 b9a8 | f502 5cc5 | 6300 008b | 4a08 49ba | 0000 005b | c563 0000 | 4903 ca4c | 3bc9 0f85 
  0x0000707278bf1f0c: 8e00 0000 

  0x0000707278bf1f10: ;   {metadata(method data for {method} {0x000063c550657998} 'getMode' '()Lorg/apache/xml/utils/QName;' in 'org/apache/xalan/transformer/TransformerImpl')}
  0x0000707278bf1f10: 49b8 183d | 8050 c563 | 0000 448b | 4a08 49ba | 0000 005b | c563 0000 | 4d03 ca4d | 3b88 f001 
  0x0000707278bf1f30: 0000 750d | 4983 80f8 | 0100 0001 | e979 0000 | 004d 3b88 | 0002 0000 | 750d 4983 | 8008 0200 
  0x0000707278bf1f50: 0001 e963 | 0000 0049 | 83b8 f001 | 0000 0075 | 174d 8988 | f001 0000 | 49c7 80f8 | 0100 0001 
  0x0000707278bf1f70: 0000 00e9 | 4200 0000 | 4983 b800 | 0200 0000 | 7517 4d89 | 8800 0200 | 0049 c780 | 0802 0000 
  0x0000707278bf1f90: 0100 0000 | e921 0000 | 00e9 1c00 

  0x0000707278bf1f9c: ;   {metadata(method data for {method} {0x000063c550657998} 'getMode' '()Lorg/apache/xml/utils/QName;' in 'org/apache/xalan/transformer/TransformerImpl')}
  0x0000707278bf1f9c: 0000 49b8 | 183d 8050 | c563 0000 | 4983 a8e0 | 0100 0001 | e969 8800 | 00e9 0000 | 0000 488b 
  0x0000707278bf1fbc: f248 8b8c | 24c0 0100 | 008b 9c24 | 6001 0000 | 4c8b 8424 | 5801 0000 

  0x0000707278bf1fd4: ; implicit exception: dispatches to 0x0000707278bfa827
  0x0000707278bf1fd4: 493b 0049 

  0x0000707278bf1fd8: ;   {metadata(method data for {method} {0x000063c55055b330} 'transformSelectedNodes' '(Lorg/apache/xalan/transformer/TransformerImpl;)V' in 'org/apache/xalan/templates/ElemApplyTemplates')}
  0x0000707278bf1fd8: 8bd0 49b9 | 2894 8150 | c563 0000 | 4983 8198 | 0c00 0001 | 488b 9424 | e000 0000 | 488b c18b 
  0x0000707278bf1ff8: 8c24 a401 | 0000 4d8b | d844 8b84 | 24d0 0100 | 004c 8bce | bfff ffff | ff89 1c24 | 4889 4424 
  0x0000707278bf2018: 0849 8bf3 | 4889 8424 | c001 0000 

  0x0000707278bf2024: ;   {optimized virtual_call}
  0x0000707278bf2024: 6666 90e8 

  0x0000707278bf2028: ; ImmutableOopMap {[224]=Oop [232]=Oop [240]=Oop [256]=Oop [280]=Oop [312]=Oop [344]=Oop [360]=Oop [368]=Oop [424]=Oop [432]=Oop [448]=Oop }
                      ;*invokevirtual getTemplateFast {reexecute=0 rethrow=0 return_oop=0}
                      ; - org.apache.xalan.templates.ElemApplyTemplates::transformSelectedNodes@408 (line 296)
  0x0000707278bf2028: 7442 8c07 

  0x0000707278bf202c: ;   {other}
  0x0000707278bf202c: 0f1f 8400 | 1c3d 001a | 4889 8424 | f001 0000 

  0x0000707278bf203c: ;   {metadata(method data for {method} {0x000063c55055b330} 'transformSelectedNodes' '(Lorg/apache/xalan/transformer/TransformerImpl;)V' in 'org/apache/xalan/templates/ElemApplyTemplates')}
  0x0000707278bf203c: 4885 c048 | ba28 9481 | 50c5 6300 | 0048 c7c6 | b80c 0000 | 7507 48c7 | c6c8 0c00 | 0048 8b3c 
  0x0000707278bf205c: 3248 8d7f | 0148 893c | 320f 85ec | 0700 008b | 9c24 d401 

  0x0000707278bf2070: ;   {metadata(method data for {method} {0x000063c55055b330} 'transformSelectedNodes' '(Lorg/apache/xalan/transformer/TransformerImpl;)V' in 'org/apache/xalan/templates/ElemApplyTemplates')}
  0x0000707278bf2070: 0000 48ba | 2894 8150 | c563 0000 | 48c7 c6e0 | 0c00 0083 | fb01 488b | fe48 c7c6 | f00c 0000 
  0x0000707278bf2090: 480f 45f7 | 83fb 0248 | 8bfe 48c7 | c600 0d00 | 0048 0f45 | f783 fb03 | 488b fe48 | c7c6 100d 
  0x0000707278bf20b0: 0000 480f | 45f7 83fb | 0448 8bfe | 48c7 c620 | 0d00 0048 | 0f45 f783 | fb05 488b | fe48 c7c6 
  0x0000707278bf20d0: 300d 0000 | 480f 45f7 | 83fb 0648 | 8bfe 48c7 | c640 0d00 | 0048 0f45 | f783 fb07 | 488b fe48 
  0x0000707278bf20f0: c7c6 500d | 0000 480f | 45f7 83fb | 0848 8bfe | 48c7 c660 | 0d00 0048 | 0f45 f783 | fb09 488b 
  0x0000707278bf2110: fe48 c7c6 | 700d 0000 | 480f 45f7 | 83fb 0a48 | 8bfe 48c7 | c680 0d00 | 0048 0f45 | f783 fb0b 
  0x0000707278bf2130: 488b fe48 | c7c6 900d | 0000 480f | 45f7 488b | 3c32 49c7 | c201 0000 | 0049 03fa | 4889 3c32 
  0x0000707278bf2150: 83fb 010f | 8424 0000 | 0083 fb02 | 0f8c 0900 | 0000 83fb | 040f 8e27 | 0000 0083 | fb09 0f84 
  0x0000707278bf2170: ;   {no_reloc}
  0x0000707278bf2170: a306 0000 | 83fb 0b0f | 8525 2300 | 0048 8b84 | 2468 0100 | 0048 8b94 | 24f0 0000 | 00e9 5506 
  0x0000707278bf2190: 0000 488b | 8424 6801 | 0000 488b | 9424 f000 | 0000 488b 

  0x0000707278bf21a4: ;   {metadata(method data for {method} {0x000063c55055b330} 'transformSelectedNodes' '(Lorg/apache/xalan/transformer/TransformerImpl;)V' in 'org/apache/xalan/templates/ElemApplyTemplates')}
  0x0000707278bf21a4: f048 bb28 | 9481 50c5 | 6300 0048 | 8383 f80d | 0000 018b | 98e8 0000 | 0048 8bf2 

  0x0000707278bf21c0: ;   {metadata(method data for {method} {0x000063c55055b330} 'transformSelectedNodes' '(Lorg/apache/xalan/transformer/TransformerImpl;)V' in 'org/apache/xalan/templates/ElemApplyTemplates')}
  0x0000707278bf21c0: 48b9 2894 | 8150 c563 | 0000 4883 | 8148 0e00 

  0x0000707278bf21d0: ;   {metadata(method data for {method} {0x000063c550656188} 'pushPairCurrentMatched' '(Lorg/apache/xalan/templates/ElemTemplateElement;I)V' in 'org/apache/xalan/transformer/TransformerImpl')}
  0x0000707278bf21d0: 0001 48be | d0eb 8050 | c563 0000 | 8b8e f400 | 0000 83c1 | 0289 8ef4 | 0000 0081 | e1fe ff1f 
  0x0000707278bf21f0: 0085 c90f | 8433 8600 | 008b 4a50 

  0x0000707278bf21fc: ; implicit exception: dispatches to 0x0000707278bfa84d
  0x0000707278bf21fc: 483b 0148 

  0x0000707278bf2200: ;   {metadata(method data for {method} {0x000063c550656188} 'pushPairCurrentMatched' '(Lorg/apache/xalan/templates/ElemTemplateElement;I)V' in 'org/apache/xalan/transformer/TransformerImpl')}
  0x0000707278bf2200: 8bf1 49b8 | d0eb 8050 | c563 0000 | 4983 8050 | 0100 0001 

  0x0000707278bf2214: ;   {metadata(method data for {method} {0x000063c5501ac148} 'push' '(Ljava/lang/Object;)Ljava/lang/Object;' in 'java/util/Stack')}
  0x0000707278bf2214: 48be 98d0 | 1e50 c563 | 0000 448b | 86f4 0000 | 0041 83c0 | 0244 8986 | f400 0000 | 4181 e0fe 
  0x0000707278bf2234: ff1f 0045 | 85c0 0f84 | 1286 0000 

  0x0000707278bf2240: ;   {metadata(method data for {method} {0x000063c5501ac148} 'push' '(Ljava/lang/Object;)Ljava/lang/Object;' in 'java/util/Stack')}
  0x0000707278bf2240: 488b f149 | b898 d01e | 50c5 6300 | 008b 7608 | 49ba 0000 | 005b c563 | 0000 4903 | f249 3bb0 
  0x0000707278bf2260: 4801 0000 | 750d 4983 | 8050 0100 | 0001 e960 | 0000 0049 | 3bb0 5801 | 0000 750d | 4983 8060 
  0x0000707278bf2280: 0100 0001 | e94a 0000 | 0049 83b8 | 4801 0000 | 0075 1749 | 89b0 4801 | 0000 49c7 | 8050 0100 
  0x0000707278bf22a0: 0001 0000 | 00e9 2900 | 0000 4983 | b858 0100 | 0000 7517 | 4989 b058 | 0100 0049 | c780 6001 
  0x0000707278bf22c0: 0000 0100 | 0000 e908 | 0000 0049 | 8380 3801 | 0000 0148 | 8db4 24d8 | 0300 0048 | 894e 0848 
  0x0000707278bf22e0: 8b01 4883 | c801 4889 | 06f0 480f | b131 0f84 | 1200 0000 | 482b c448 | 2507 f0ff | ff48 8906 
  0x0000707278bf2300: 0f85 6d85 | 0000 49ff | 8768 0800 

  0x0000707278bf230c: ;   {metadata(method data for {method} {0x000063c550100be8} 'addElement' '(Ljava/lang/Object;)V' in 'java/util/Vector')}
  0x0000707278bf230c: 0048 bee0 | ce1e 50c5 | 6300 008b | 86f4 0000 | 0083 c002 | 8986 f400 | 0000 25fe | ff1f 0085 
  0x0000707278bf232c: c00f 8453 | 8500 008b | 710c ffc6 | 8971 0c8b | 7118 8b41 | 104c 8bc9 

  0x0000707278bf2344: ;   {metadata(method data for {method} {0x000063c550100be8} 'addElement' '(Ljava/lang/Object;)V' in 'java/util/Vector')}
  0x0000707278bf2344: 49bb e0ce | 1e50 c563 | 0000 4983 | 8338 0100 

  0x0000707278bf2354: ;   {metadata(method data for {method} {0x000063c5501014e0} 'add' '(Ljava/lang/Object;[Ljava/lang/Object;I)V' in 'java/util/Vector')}
  0x0000707278bf2354: 0001 49b9 | 38c9 1e50 | c563 0000 | 458b 99f4 | 0000 0041 | 83c3 0245 | 8999 f400 | 0000 4181 
  0x0000707278bf2374: e3fe ff1f | 0045 85db | 0f84 2585 | 0000 448b | 4e0c 413b 

  0x0000707278bf2388: ;   {metadata(method data for {method} {0x000063c5501014e0} 'add' '(Ljava/lang/Object;[Ljava/lang/Object;I)V' in 'java/util/Vector')}
  0x0000707278bf2388: c149 b938 | c91e 50c5 | 6300 0049 | c7c3 3801 | 0000 7507 | 49c7 c348 | 0100 004f | 8b2c 194d 
  0x0000707278bf23a8: 8d6d 014f | 892c 190f | 85a1 0000 | 0048 899c | 24e0 0100 | 0048 8bf1 

  0x0000707278bf23c0: ;   {metadata(method data for {method} {0x000063c5501014e0} 'add' '(Ljava/lang/Object;[Ljava/lang/Object;I)V' in 'java/util/Vector')}
  0x0000707278bf23c0: 49b9 38c9 | 1e50 c563 | 0000 4983 | 8158 0100 

  0x0000707278bf23d0: ;   {metadata(method data for {method} {0x000063c5500ffbc0} 'grow' '()[Ljava/lang/Object;' in 'java/util/Vector')}
  0x0000707278bf23d0: 0001 48be | 58cb 1e50 | c563 0000 | 448b 8ef4 | 0000 0041 | 83c1 0244 | 898e f400 | 0000 4181 
  0x0000707278bf23f0: e1fe ff1f | 0045 85c9 | 0f84 cf84 | 0000 488b 

  0x0000707278bf2400: ;   {metadata(method data for {method} {0x000063c5500ffbc0} 'grow' '()[Ljava/lang/Object;' in 'java/util/Vector')}
  0x0000707278bf2400: f149 b958 | cb1e 50c5 | 6300 0049 | 8381 3801 | 0000 0148 | 8bf0 ffc6 | 488b d648 | 8bf1 4889 
  0x0000707278bf2420: 8c24 e801 | 0000 8984 | 24d8 0100 

  0x0000707278bf242c: ;   {optimized virtual_call}
  0x0000707278bf242c: 0066 90e8 

  0x0000707278bf2430: ; ImmutableOopMap {[224]=Oop [232]=Oop [240]=Oop [256]=Oop [280]=Oop [312]=Oop [344]=Oop [360]=Oop [368]=Oop [424]=Oop [432]=Oop [448]=Oop [480]=Oop [488]=Oop [496]=Oop [992]=Oop }
                      ;*invokevirtual grow {reexecute=0 rethrow=0 return_oop=0}
                      ; - java.util.Vector::grow@7 (line 266)
                      ; - java.util.Vector::add@7 (line 782)
                      ; - java.util.Vector::addElement@20 (line 617)
                      ; - java.util.Stack::push@2 (line 68)
                      ; - org.apache.xalan.transformer.TransformerImpl::pushPairCurrentMatched@5 (line 2729)
                      ; - org.apache.xalan.templates.ElemApplyTemplates::transformSelectedNodes@498 (line 315)
  0x0000707278bf2430: cc1c 1a00 

  0x0000707278bf2434: ;   {other}
  0x0000707278bf2434: 0f1f 8400 | 2441 001b | 488b f08b | 8424 d801 | 0000 488b | 8c24 e801 | 0000 488b | 9c24 e001 
  0x0000707278bf2454: 0000 3b46 | 0c0f 8399 | 8400 0048 | 85db 7516 

  0x0000707278bf2464: ;   {metadata(method data for {method} {0x000063c5501014e0} 'add' '(Ljava/lang/Object;[Ljava/lang/Object;I)V' in 'java/util/Vector')}
  0x0000707278bf2464: 48bf 38c9 | 1e50 c563 | 0000 808f | 8901 0000 | 01e9 fa00 | 0000 8b56 | 0849 ba00 | 0000 5bc5 
  0x0000707278bf2484: 6300 0049 | 03d2 8b7b | 0849 ba00 | 0000 5bc5 | 6300 0049 | 03fa 488b | 92e0 0000 | 0048 3bfa 
  0x0000707278bf24a4: 0f84 2900 | 0000 448b | 4214 4a3b | 1407 0f84 | 1b00 0000 | 4183 f820 | 0f85 9b00 | 0000 5752 
  0x0000707278bf24c4: ;   {runtime_call slow_subtype_check Runtime1 stub}
  0x0000707278bf24c4: e8b7 2812 | 075f 5a85 | d20f 848a 

  0x0000707278bf24d0: ;   {metadata(method data for {method} {0x000063c5501014e0} 'add' '(Ljava/lang/Object;[Ljava/lang/Object;I)V' in 'java/util/Vector')}
  0x0000707278bf24d0: 0000 0048 | bf38 c91e | 50c5 6300 | 008b 5308 | 49ba 0000 | 005b c563 | 0000 4903 | d248 3b97 
  0x0000707278bf24f0: a001 0000 | 750d 4883 | 87a8 0100 | 0001 e971 | 0000 0048 | 3b97 b001 | 0000 750d | 4883 87b8 
  0x0000707278bf2510: 0100 0001 | e95b 0000 | 0048 83bf | a001 0000 | 0075 1748 | 8997 a001 | 0000 48c7 | 87a8 0100 
  0x0000707278bf2530: 0001 0000 | 00e9 3a00 | 0000 4883 | bfb0 0100 | 0000 7517 | 4889 97b0 | 0100 0048 | c787 b801 
  0x0000707278bf2550: 0000 0100 | 0000 e919 | 0000 00eb 

  0x0000707278bf255c: ;   {metadata(method data for {method} {0x000063c5501014e0} 'add' '(Ljava/lang/Object;[Ljava/lang/Object;I)V' in 'java/util/Vector')}
  0x0000707278bf255c: 1748 bf38 | c91e 50c5 | 6300 0048 | 83af 9001 | 0000 01e9 | 9783 0000 | 4863 d04c | 8bd3 4489 
  0x0000707278bf257c: 5496 10ff | c089 4110 | 488d 8424 | d803 0000 | 488b 1048 | 85d2 0f84 | 0f00 0000 | 488b 7008 
  0x0000707278bf259c: f048 0fb1 | 160f 856d | 8300 0049 | ff8f 6808 | 0000 488b | 9424 f000 | 0000 8b72 | 5448 3b06 
  0x0000707278bf25bc: ;   {metadata(method data for {method} {0x000063c550656188} 'pushPairCurrentMatched' '(Lorg/apache/xalan/templates/ElemTemplateElement;I)V' in 'org/apache/xalan/transformer/TransformerImpl')}
  0x0000707278bf25bc: 488b fe48 | bbd0 eb80 | 50c5 6300 | 0048 8383 | 7001 0000 | 018b 9424 | a401 0000 | 0f1f 8000 
  0x0000707278bf25dc: ;   {optimized virtual_call}
  0x0000707278bf25dc: 0000 00e8 

  0x0000707278bf25e0: ; ImmutableOopMap {[224]=Oop [232]=Oop [240]=Oop [256]=Oop [280]=Oop [312]=Oop [344]=Oop [360]=Oop [368]=Oop [424]=Oop [432]=Oop [448]=Oop [496]=Oop }
                      ;*invokevirtual push {reexecute=0 rethrow=0 return_oop=0}
                      ; - org.apache.xalan.transformer.TransformerImpl::pushPairCurrentMatched@14 (line 2730)
                      ; - org.apache.xalan.templates.ElemApplyTemplates::transformSelectedNodes@498 (line 315)
  0x0000707278bf25e0: fc7b 8a07 

  0x0000707278bf25e4: ;   {other}
  0x0000707278bf25e4: 0f1f 8400 | d442 001c | 488b 8424 | 6801 0000 | 488b 9424 | f000 0000 

  0x0000707278bf25fc: ;   {metadata(method data for {method} {0x000063c55055b330} 'transformSelectedNodes' '(Lorg/apache/xalan/transformer/TransformerImpl;)V' in 'org/apache/xalan/templates/ElemApplyTemplates')}
  0x0000707278bf25fc: 488b f048 | bf28 9481 | 50c5 6300 | 0048 8387 | 680e 0000 | 018b b0e8 | 0000 0048 

  0x0000707278bf2618: ;   {metadata(method data for {method} {0x000063c55055b330} 'transformSelectedNodes' '(Lorg/apache/xalan/transformer/TransformerImpl;)V' in 'org/apache/xalan/templates/ElemApplyTemplates')}
  0x0000707278bf2618: 8bfa 48bb | 2894 8150 | c563 0000 | 4883 83b8 | 0e00 0001 

  0x0000707278bf262c: ;   {metadata(method data for {method} {0x000063c550655d50} 'setCurrentElement' '(Lorg/apache/xalan/templates/ElemTemplateElement;)V' in 'org/apache/xalan/transformer/TransformerImpl')}
  0x0000707278bf262c: 48bf 98fd | 8050 c563 | 0000 8b9f | f400 0000 | 83c3 0289 | 9ff4 0000 | 0081 e3fe | ff1f 0085 
  0x0000707278bf264c: db0f 84dc | 8200 008b | 7a4c 483b | 0748 8bdf 

  0x0000707278bf265c: ;   {metadata(method data for {method} {0x000063c550655d50} 'setCurrentElement' '(Lorg/apache/xalan/templates/ElemTemplateElement;)V' in 'org/apache/xalan/transformer/TransformerImpl')}
  0x0000707278bf265c: 48b9 98fd | 8050 c563 | 0000 4883 | 8150 0100 

  0x0000707278bf266c: ;   {metadata(method data for {method} {0x000063c55076b190} 'setTop' '(Ljava/lang/Object;)V' in 'org/apache/xml/utils/ObjectStack')}
  0x0000707278bf266c: 0001 48bb | 58fb 7d50 | c563 0000 | 8b8b f400 | 0000 83c1 | 0289 8bf4 | 0000 0081 | e1fe ff1f 
  0x0000707278bf268c: 0085 c90f | 84c0 8200 | 008b 5f18 | 8b7f 10ff | cf3b 7b0c | 0f83 da82 | 0000 4885 

  0x0000707278bf26a8: ;   {metadata(method data for {method} {0x000063c55076b190} 'setTop' '(Ljava/lang/Object;)V' in 'org/apache/xml/utils/ObjectStack')}
  0x0000707278bf26a8: f675 1749 | b858 fb7d | 50c5 6300 | 0041 8088 | 3101 0000 | 01e9 fd00 | 0000 8b4b | 0849 ba00 
  0x0000707278bf26c8: 0000 5bc5 | 6300 0049 | 03ca 448b | 4608 49ba | 0000 005b | c563 0000 | 4d03 c248 | 8b89 e000 
  0x0000707278bf26e8: 0000 4c3b | c10f 842b | 0000 0044 | 8b49 144b | 3b0c 080f | 841d 0000 | 0041 83f9 | 200f 859d 
  0x0000707278bf2708: 0000 0041 

  0x0000707278bf270c: ;   {runtime_call slow_subtype_check Runtime1 stub}
  0x0000707278bf270c: 5051 e86d | 2612 0741 | 5859 85c9 | 0f84 8a00 

  0x0000707278bf271c: ;   {metadata(method data for {method} {0x000063c55076b190} 'setTop' '(Ljava/lang/Object;)V' in 'org/apache/xml/utils/ObjectStack')}
  0x0000707278bf271c: 0000 49b8 | 58fb 7d50 | c563 0000 | 8b4e 0849 | ba00 0000 | 5bc5 6300 | 0049 03ca | 493b 8848 
  0x0000707278bf273c: 0100 0075 | 0d49 8380 | 5001 0000 | 01e9 7100 | 0000 493b | 8858 0100 | 0075 0d49 | 8380 6001 
  0x0000707278bf275c: 0000 01e9 | 5b00 0000 | 4983 b848 | 0100 0000 | 7517 4989 | 8848 0100 | 0049 c780 | 5001 0000 
  0x0000707278bf277c: 0100 0000 | e93a 0000 | 0049 83b8 | 5801 0000 | 0075 1749 | 8988 5801 | 0000 49c7 | 8060 0100 
  0x0000707278bf279c: 0001 0000 | 00e9 1900 | 0000 eb17 

  0x0000707278bf27a8: ;   {metadata(method data for {method} {0x000063c55076b190} 'setTop' '(Ljava/lang/Object;)V' in 'org/apache/xml/utils/ObjectStack')}
  0x0000707278bf27a8: 49b8 58fb | 7d50 c563 | 0000 4983 | a838 0100 | 0001 e9d4 | 8100 0048 | 63ff 4c8b | d644 8954 
  0x0000707278bf27c8: ;   {metadata(method data for {method} {0x000063c55076b190} 'setTop' '(Ljava/lang/Object;)V' in 'org/apache/xml/utils/ObjectStack')}
  0x0000707278bf27c8: bb10 48be | 58fb 7d50 | c563 0000 | ff86 7001 | 0000 488b | 8c24 c001 | 0000 e9bb | 1a00 0048 
  0x0000707278bf27e8: ;   {metadata(method data for {method} {0x000063c55055b330} 'transformSelectedNodes' '(Lorg/apache/xalan/transformer/TransformerImpl;)V' in 'org/apache/xalan/templates/ElemApplyTemplates')}
  0x0000707278bf27e8: 8bf0 48bf | 2894 8150 | c563 0000 | 4883 87a8 | 0d00 0001 | 8bb0 ec00 

  0x0000707278bf2800: ;   {metadata(method data for {method} {0x000063c55055b330} 'transformSelectedNodes' '(Lorg/apache/xalan/transformer/TransformerImpl;)V' in 'org/apache/xalan/templates/ElemApplyTemplates')}
  0x0000707278bf2800: 0000 48bf | 2894 8150 | c563 0000 | ff87 e00d | 0000 e919 | 0200 0048 | 8b84 2468 | 0100 0048 
  0x0000707278bf2820: 8b94 24f0 | 0000 0048 

  0x0000707278bf2828: ;   {metadata(method data for {method} {0x000063c55055b330} 'transformSelectedNodes' '(Lorg/apache/xalan/transformer/TransformerImpl;)V' in 'org/apache/xalan/templates/ElemApplyTemplates')}
  0x0000707278bf2828: 8bf0 48bf | 2894 8150 | c563 0000 | 4883 8760 | 0f00 0001 | 8bb0 f000 

  0x0000707278bf2840: ;   {metadata(method data for {method} {0x000063c55055b330} 'transformSelectedNodes' '(Lorg/apache/xalan/transformer/TransformerImpl;)V' in 'org/apache/xalan/templates/ElemApplyTemplates')}
  0x0000707278bf2840: 0000 48bf | 2894 8150 | c563 0000 | ff87 980f | 0000 e9d9 | 0100 0048 | 8bf8 488b | 8424 6801 
  0x0000707278bf2860: 0000 488b | 9424 f000 | 0000 488b 

  0x0000707278bf286c: ;   {metadata(method data for {method} {0x000063c55055b330} 'transformSelectedNodes' '(Lorg/apache/xalan/transformer/TransformerImpl;)V' in 'org/apache/xalan/templates/ElemApplyTemplates')}
  0x0000707278bf286c: f248 bb28 | 9481 50c5 | 6300 0048 | 8383 e00f 

  0x0000707278bf287c: ;   {metadata(method data for {method} {0x000063c550655d50} 'setCurrentElement' '(Lorg/apache/xalan/templates/ElemTemplateElement;)V' in 'org/apache/xalan/transformer/TransformerImpl')}
  0x0000707278bf287c: 0000 0148 | be98 fd80 | 50c5 6300 | 008b 9ef4 | 0000 0083 | c302 899e | f400 0000 | 81e3 feff 
  0x0000707278bf289c: 1f00 85db | 0f84 f680 | 0000 8b72 | 4c48 3b06 

  0x0000707278bf28ac: ;   {metadata(method data for {method} {0x000063c550655d50} 'setCurrentElement' '(Lorg/apache/xalan/templates/ElemTemplateElement;)V' in 'org/apache/xalan/transformer/TransformerImpl')}
  0x0000707278bf28ac: 488b de48 | b998 fd80 | 50c5 6300 | 0048 8381 | 5001 0000 

  0x0000707278bf28c0: ;   {metadata(method data for {method} {0x000063c55076b190} 'setTop' '(Ljava/lang/Object;)V' in 'org/apache/xml/utils/ObjectStack')}
  0x0000707278bf28c0: 0148 bb58 | fb7d 50c5 | 6300 008b | 8bf4 0000 | 0083 c102 | 898b f400 | 0000 81e1 | feff 1f00 
  0x0000707278bf28e0: 85c9 0f84 | da80 0000 | 8b5e 188b | 7610 ffce 

  0x0000707278bf28f0: ; implicit exception: dispatches to 0x0000707278bfa9e3
  0x0000707278bf28f0: 3b73 0c0f | 83f4 8000 | 0048 85ff 

  0x0000707278bf28fc: ;   {metadata(method data for {method} {0x000063c55076b190} 'setTop' '(Ljava/lang/Object;)V' in 'org/apache/xml/utils/ObjectStack')}
  0x0000707278bf28fc: 7517 49b8 | 58fb 7d50 | c563 0000 | 4180 8831 | 0100 0001 | e9fd 0000 | 008b 4b08 | 49ba 0000 
  0x0000707278bf291c: 005b c563 | 0000 4903 | ca44 8b47 | 0849 ba00 | 0000 5bc5 | 6300 004d | 03c2 488b | 89e0 0000 
  0x0000707278bf293c: 004c 3bc1 | 0f84 2b00 | 0000 448b | 4914 4b3b | 0c08 0f84 | 1d00 0000 | 4183 f920 | 0f85 9d00 
  0x0000707278bf295c: 0000 4150 

  0x0000707278bf2960: ;   {runtime_call slow_subtype_check Runtime1 stub}
  0x0000707278bf2960: 51e8 1a24 | 1207 4158 | 5985 c90f | 848a 0000 

  0x0000707278bf2970: ;   {metadata(method data for {method} {0x000063c55076b190} 'setTop' '(Ljava/lang/Object;)V' in 'org/apache/xml/utils/ObjectStack')}
  0x0000707278bf2970: 0049 b858 | fb7d 50c5 | 6300 008b | 4f08 49ba | 0000 005b | c563 0000 | 4903 ca49 | 3b88 4801 
  0x0000707278bf2990: 0000 750d | 4983 8050 | 0100 0001 | e971 0000 | 0049 3b88 | 5801 0000 | 750d 4983 | 8060 0100 
  0x0000707278bf29b0: 0001 e95b | 0000 0049 | 83b8 4801 | 0000 0075 | 1749 8988 | 4801 0000 | 49c7 8050 | 0100 0001 
  0x0000707278bf29d0: 0000 00e9 | 3a00 0000 | 4983 b858 | 0100 0000 | 7517 4989 | 8858 0100 | 0049 c780 | 6001 0000 
  0x0000707278bf29f0: 0100 0000 | e919 0000 

  0x0000707278bf29f8: ;   {metadata(method data for {method} {0x000063c55076b190} 'setTop' '(Ljava/lang/Object;)V' in 'org/apache/xml/utils/ObjectStack')}
  0x0000707278bf29f8: 00eb 1749 | b858 fb7d | 50c5 6300 | 0049 83a8 | 3801 0000 | 01e9 ee7f | 0000 4863 | f64c 8bd7 
  0x0000707278bf2a18: 4489 54b3 

  0x0000707278bf2a1c: ;   {metadata(method data for {method} {0x000063c55076b190} 'setTop' '(Ljava/lang/Object;)V' in 'org/apache/xml/utils/ObjectStack')}
  0x0000707278bf2a1c: 1048 be58 | fb7d 50c5 | 6300 00ff | 8670 0100 | 0048 8bf7 

  0x0000707278bf2a30: ;   {metadata(method data for {method} {0x000063c55055b330} 'transformSelectedNodes' '(Lorg/apache/xalan/transformer/TransformerImpl;)V' in 'org/apache/xalan/templates/ElemApplyTemplates')}
  0x0000707278bf2a30: 488b fa48 | bb28 9481 | 50c5 6300 | 0048 8383 | 1810 0000 

  0x0000707278bf2a44: ;   {metadata(method data for {method} {0x000063c550656188} 'pushPairCurrentMatched' '(Lorg/apache/xalan/templates/ElemTemplateElement;I)V' in 'org/apache/xalan/transformer/TransformerImpl')}
  0x0000707278bf2a44: 0148 bfd0 | eb80 50c5 | 6300 008b | 9ff4 0000 | 0083 c302 | 899f f400 | 0000 81e3 | feff 1f00 
  0x0000707278bf2a64: 85db 0f84 | 9d7f 0000 | 8b7a 5048 | 3b07 488b 

  0x0000707278bf2a74: ;   {metadata(method data for {method} {0x000063c550656188} 'pushPairCurrentMatched' '(Lorg/apache/xalan/templates/ElemTemplateElement;I)V' in 'org/apache/xalan/transformer/TransformerImpl')}
  0x0000707278bf2a74: df48 b9d0 | eb80 50c5 | 6300 0048 | 8381 5001 

  0x0000707278bf2a84: ;   {metadata(method data for {method} {0x000063c5501ac148} 'push' '(Ljava/lang/Object;)Ljava/lang/Object;' in 'java/util/Stack')}
  0x0000707278bf2a84: 0000 0148 | bb98 d01e | 50c5 6300 | 008b 8bf4 | 0000 0083 | c102 898b | f400 0000 | 81e1 feff 
  0x0000707278bf2aa4: 1f00 85c9 | 0f84 817f | 0000 488b 

  0x0000707278bf2ab0: ;   {metadata(method data for {method} {0x000063c5501ac148} 'push' '(Ljava/lang/Object;)Ljava/lang/Object;' in 'java/util/Stack')}
  0x0000707278bf2ab0: df48 b998 | d01e 50c5 | 6300 008b | 5b08 49ba | 0000 005b | c563 0000 | 4903 da48 | 3b99 4801 
  0x0000707278bf2ad0: 0000 750d | 4883 8150 | 0100 0001 | e960 0000 | 0048 3b99 | 5801 0000 | 750d 4883 | 8160 0100 
  0x0000707278bf2af0: 0001 e94a | 0000 0048 | 83b9 4801 | 0000 0075 | 1748 8999 | 4801 0000 | 48c7 8150 | 0100 0001 
  0x0000707278bf2b10: 0000 00e9 | 2900 0000 | 4883 b958 | 0100 0000 | 7517 4889 | 9958 0100 | 0048 c781 | 6001 0000 
  0x0000707278bf2b30: 0100 0000 | e908 0000 | 0048 8381 | 3801 0000 | 0148 8d9c | 24d8 0300 | 0048 897b | 0848 8b07 
  0x0000707278bf2b50: 4883 c801 | 4889 03f0 | 480f b11f | 0f84 1200 | 0000 482b | c448 2507 | f0ff ff48 | 8903 0f85 
  0x0000707278bf2b70: dc7e 0000 | 49ff 8768 

  0x0000707278bf2b78: ;   {metadata(method data for {method} {0x000063c550100be8} 'addElement' '(Ljava/lang/Object;)V' in 'java/util/Vector')}
  0x0000707278bf2b78: 0800 0048 | bbe0 ce1e | 50c5 6300 | 008b 83f4 | 0000 0083 | c002 8983 | f400 0000 | 25fe ff1f 
  0x0000707278bf2b98: 0085 c00f | 84c2 7e00 | 008b 5f0c | ffc3 895f | 0c8b 5f18 | 8b47 104c 

  0x0000707278bf2bb0: ;   {metadata(method data for {method} {0x000063c550100be8} 'addElement' '(Ljava/lang/Object;)V' in 'java/util/Vector')}
  0x0000707278bf2bb0: 8bc7 49b9 | e0ce 1e50 | c563 0000 | 4983 8138 | 0100 0001 

  0x0000707278bf2bc4: ;   {metadata(method data for {method} {0x000063c5501014e0} 'add' '(Ljava/lang/Object;[Ljava/lang/Object;I)V' in 'java/util/Vector')}
  0x0000707278bf2bc4: 49b8 38c9 | 1e50 c563 | 0000 458b | 88f4 0000 | 0041 83c1 | 0245 8988 | f400 0000 | 4181 e1fe 
  0x0000707278bf2be4: ff1f 0045 | 85c9 0f84 | 947e 0000 

  0x0000707278bf2bf0: ; implicit exception: dispatches to 0x0000707278bfaaa5
  0x0000707278bf2bf0: 448b 430c 

  0x0000707278bf2bf4: ;   {metadata(method data for {method} {0x000063c5501014e0} 'add' '(Ljava/lang/Object;[Ljava/lang/Object;I)V' in 'java/util/Vector')}
  0x0000707278bf2bf4: 413b c049 | b838 c91e | 50c5 6300 | 0049 c7c1 | 3801 0000 | 7507 49c7 | c148 0100 | 004f 8b1c 
  0x0000707278bf2c14: 084d 8d5b | 014f 891c | 080f 85a3 | 0000 0048 | 89b4 24f8 | 0100 0048 

  0x0000707278bf2c2c: ;   {metadata(method data for {method} {0x000063c5501014e0} 'add' '(Ljava/lang/Object;[Ljava/lang/Object;I)V' in 'java/util/Vector')}
  0x0000707278bf2c2c: 8bcf 49b8 | 38c9 1e50 | c563 0000 | 4983 8058 | 0100 0001 

  0x0000707278bf2c40: ;   {metadata(method data for {method} {0x000063c5500ffbc0} 'grow' '()[Ljava/lang/Object;' in 'java/util/Vector')}
  0x0000707278bf2c40: 48b9 58cb | 1e50 c563 | 0000 448b | 81f4 0000 | 0041 83c0 | 0244 8981 | f400 0000 | 4181 e0fe 
  0x0000707278bf2c60: ff1f 0045 | 85c0 0f84 | 3e7e 0000 

  0x0000707278bf2c6c: ;   {metadata(method data for {method} {0x000063c5500ffbc0} 'grow' '()[Ljava/lang/Object;' in 'java/util/Vector')}
  0x0000707278bf2c6c: 488b cf49 | b858 cb1e | 50c5 6300 | 0049 8380 | 3801 0000 | 0148 8bc8 | ffc1 488b | d148 8bf7 
  0x0000707278bf2c8c: 4889 bc24 | 0002 0000 | 8984 24dc | 0100 000f 

  0x0000707278bf2c9c: ;   {optimized virtual_call}
  0x0000707278bf2c9c: 1f40 00e8 

  0x0000707278bf2ca0: ; ImmutableOopMap {[224]=Oop [232]=Oop [240]=Oop [256]=Oop [280]=Oop [312]=Oop [344]=Oop [360]=Oop [368]=Oop [424]=Oop [432]=Oop [448]=Oop [504]=Oop [512]=Oop [992]=Oop }
                      ;*invokevirtual grow {reexecute=0 rethrow=0 return_oop=0}
                      ; - java.util.Vector::grow@7 (line 266)
                      ; - java.util.Vector::add@7 (line 782)
                      ; - java.util.Vector::addElement@20 (line 617)
                      ; - java.util.Stack::push@2 (line 68)
                      ; - org.apache.xalan.transformer.TransformerImpl::pushPairCurrentMatched@5 (line 2729)
                      ; - org.apache.xalan.templates.ElemApplyTemplates::transformSelectedNodes@553 (line 335)
  0x0000707278bf2ca0: dc23 0707 

  0x0000707278bf2ca4: ;   {other}
  0x0000707278bf2ca4: 0f1f 8400 | 9449 001d | 488b d88b | 8424 dc01 | 0000 488b | bc24 0002 | 0000 488b | b424 f801 
  0x0000707278bf2cc4: 0000 3b43 | 0c0f 8306 | 7e00 0048 | 85f6 7516 

  0x0000707278bf2cd4: ;   {metadata(method data for {method} {0x000063c5501014e0} 'add' '(Ljava/lang/Object;[Ljava/lang/Object;I)V' in 'java/util/Vector')}
  0x0000707278bf2cd4: 48b9 38c9 | 1e50 c563 | 0000 8089 | 8901 0000 | 01e9 fa00 | 0000 8b53 | 0849 ba00 | 0000 5bc5 
  0x0000707278bf2cf4: 6300 0049 | 03d2 8b4e | 0849 ba00 | 0000 5bc5 | 6300 0049 | 03ca 488b | 92e0 0000 | 0048 3bca 
  0x0000707278bf2d14: 0f84 2900 | 0000 448b | 4214 4a3b | 1401 0f84 | 1b00 0000 | 4183 f820 | 0f85 9b00 | 0000 5152 
  0x0000707278bf2d34: ;   {runtime_call slow_subtype_check Runtime1 stub}
  0x0000707278bf2d34: e847 2012 | 0759 5a85 | d20f 848a 

  0x0000707278bf2d40: ;   {metadata(method data for {method} {0x000063c5501014e0} 'add' '(Ljava/lang/Object;[Ljava/lang/Object;I)V' in 'java/util/Vector')}
  0x0000707278bf2d40: 0000 0048 | b938 c91e | 50c5 6300 | 008b 5608 | 49ba 0000 | 005b c563 | 0000 4903 | d248 3b91 
  0x0000707278bf2d60: a001 0000 | 750d 4883 | 81a8 0100 | 0001 e971 | 0000 0048 | 3b91 b001 | 0000 750d | 4883 81b8 
  0x0000707278bf2d80: 0100 0001 | e95b 0000 | 0048 83b9 | a001 0000 | 0075 1748 | 8991 a001 | 0000 48c7 | 81a8 0100 
  0x0000707278bf2da0: 0001 0000 | 00e9 3a00 | 0000 4883 | b9b0 0100 | 0000 7517 | 4889 91b0 | 0100 0048 | c781 b801 
  0x0000707278bf2dc0: 0000 0100 | 0000 e919 | 0000 00eb 

  0x0000707278bf2dcc: ;   {metadata(method data for {method} {0x000063c5501014e0} 'add' '(Ljava/lang/Object;[Ljava/lang/Object;I)V' in 'java/util/Vector')}
  0x0000707278bf2dcc: 1748 b938 | c91e 50c5 | 6300 0048 | 83a9 9001 | 0000 01e9 | 047d 0000 | 4863 d04c | 8bd6 4489 
  0x0000707278bf2dec: 5493 10ff | c089 4710 | 488d 8424 | d803 0000 | 488b 1048 | 85d2 0f84 | 0f00 0000 | 488b 7808 
  0x0000707278bf2e0c: f048 0fb1 | 170f 85da | 7c00 0049 | ff8f 6808 | 0000 4889 | b424 f801 | 0000 488b | 9424 f000 
  0x0000707278bf2e2c: 0000 8b7a | 5448 3b07 

  0x0000707278bf2e34: ;   {metadata(method data for {method} {0x000063c550656188} 'pushPairCurrentMatched' '(Lorg/apache/xalan/templates/ElemTemplateElement;I)V' in 'org/apache/xalan/transformer/TransformerImpl')}
  0x0000707278bf2e34: 488b df48 | b8d0 eb80 | 50c5 6300 | 0048 8380 | 7001 0000 | 018b 9424 | a401 0000 | 488b f70f 
  0x0000707278bf2e54: ;   {optimized virtual_call}
  0x0000707278bf2e54: 1f40 00e8 

  0x0000707278bf2e58: ; ImmutableOopMap {[224]=Oop [232]=Oop [240]=Oop [256]=Oop [280]=Oop [312]=Oop [344]=Oop [360]=Oop [368]=Oop [424]=Oop [432]=Oop [448]=Oop [504]=Oop }
                      ;*invokevirtual push {reexecute=0 rethrow=0 return_oop=0}
                      ; - org.apache.xalan.transformer.TransformerImpl::pushPairCurrentMatched@14 (line 2730)
                      ; - org.apache.xalan.templates.ElemApplyTemplates::transformSelectedNodes@553 (line 335)
  0x0000707278bf2e58: 8473 8a07 

  0x0000707278bf2e5c: ;   {other}
  0x0000707278bf2e5c: 0f1f 8400 | 4c4b 001e | 448b 9c24 | 1401 0000 

  0x0000707278bf2e6c: ;   {metadata(method data for {method} {0x000063c55055b330} 'transformSelectedNodes' '(Lorg/apache/xalan/transformer/TransformerImpl;)V' in 'org/apache/xalan/templates/ElemApplyTemplates')}
  0x0000707278bf2e6c: 4585 db48 | be28 9481 | 50c5 6300 | 0048 c7c7 | 4810 0000 | 7507 48c7 | c738 1000 | 0048 8b1c 
  0x0000707278bf2e8c: 3e48 8d5b | 0148 891c | 3e0f 8515 | 0000 0048 | 8bb4 24f8 | 0100 0044 | 899c 2414 | 0100 00e9 
  0x0000707278bf2eac: 5400 0000 | 4489 9c24 | 1401 0000 | 4c8b 8c24 | 1801 0000 

  0x0000707278bf2ec0: ;   {metadata(method data for {method} {0x000063c55055b330} 'transformSelectedNodes' '(Lorg/apache/xalan/transformer/TransformerImpl;)V' in 'org/apache/xalan/templates/ElemApplyTemplates')}
  0x0000707278bf2ec0: 48be 2894 | 8150 c563 

  0x0000707278bf2ec8: ;   {metadata('org/apache/xalan/transformer/StackGuard')}
  0x0000707278bf2ec8: 0000 49ba | b0e7 0e5c | c563 0000 | 4c89 9668 | 1000 0048 | 8386 7010 | 0000 0148 | 8bb4 2418 
  0x0000707278bf2ee8: 0100 000f 

  0x0000707278bf2eec: ;   {optimized virtual_call}
  0x0000707278bf2eec: 1f40 00e8 

  0x0000707278bf2ef0: ; ImmutableOopMap {[224]=Oop [232]=Oop [240]=Oop [256]=Oop [280]=Oop [312]=Oop [344]=Oop [360]=Oop [368]=Oop [424]=Oop [432]=Oop [448]=Oop [504]=Oop }
                      ;*invokevirtual checkForInfinateLoop {reexecute=0 rethrow=0 return_oop=0}
                      ; - org.apache.xalan.templates.ElemApplyTemplates::transformSelectedNodes@563 (line 337)
  0x0000707278bf2ef0: 8c21 0707 

  0x0000707278bf2ef4: ;   {other}
  0x0000707278bf2ef4: 0f1f 8400 | e44b 001f | 488b b424 | f801 0000 

  0x0000707278bf2f04: ; implicit exception: dispatches to 0x0000707278bfab0c
  0x0000707278bf2f04: 8b56 4c85 

  0x0000707278bf2f08: ;   {metadata(method data for {method} {0x000063c55055b330} 'transformSelectedNodes' '(Lorg/apache/xalan/transformer/TransformerImpl;)V' in 'org/apache/xalan/templates/ElemApplyTemplates')}
  0x0000707278bf2f08: d248 ba28 | 9481 50c5 | 6300 0048 | c7c7 9010 | 0000 7e07 | 48c7 c7a0 | 1000 0048 | 8b1c 3a48 
  0x0000707278bf2f28: 8d5b 0148 | 891c 3a48 | 89b4 24f8 | 0100 000f | 8eec 0b00 | 0048 8bbc | 24e0 0000 | 0048 8bd7 
  0x0000707278bf2f48: ;   {metadata(method data for {method} {0x000063c55055b330} 'transformSelectedNodes' '(Lorg/apache/xalan/transformer/TransformerImpl;)V' in 'org/apache/xalan/templates/ElemApplyTemplates')}
  0x0000707278bf2f48: 48bb 2894 | 8150 c563 | 0000 4883 | 83c8 1000 

  0x0000707278bf2f58: ;   {metadata(method data for {method} {0x000063c5506acc70} 'pushRTFContext' '()V' in 'org/apache/xpath/XPathContext')}
  0x0000707278bf2f58: 0001 48ba | a893 8250 | c563 0000 | 8b9a f400 | 0000 83c3 | 0289 9af4 | 0000 0081 | e3fe ff1f 
  0x0000707278bf2f78: 0085 db0f | 8490 7b00 | 008b 5f18 | 8b57 1448 | 3b03 488b 

  0x0000707278bf2f8c: ;   {metadata(method data for {method} {0x000063c5506acc70} 'pushRTFContext' '()V' in 'org/apache/xpath/XPathContext')}
  0x0000707278bf2f8c: c348 b9a8 | 9382 50c5 

  0x0000707278bf2f94: ;   {metadata('org/apache/xml/utils/IntStack')}
  0x0000707278bf2f94: 6300 0049 | ba70 040c | 5cc5 6300 | 004c 8991 | 4801 0000 | 4883 8150 | 0100 0001 | 488b f30f 
  0x0000707278bf2fb4: ;   {optimized virtual_call}
  0x0000707278bf2fb4: 1f40 00e8 

  0x0000707278bf2fb8: ; ImmutableOopMap {[224]=Oop [232]=Oop [240]=Oop [256]=Oop [280]=Oop [312]=Oop [344]=Oop [360]=Oop [368]=Oop [424]=Oop [432]=Oop [448]=Oop [504]=Oop }
                      ;*invokevirtual push {reexecute=0 rethrow=0 return_oop=0}
                      ; - org.apache.xpath.XPathContext::pushRTFContext@8 (line 1273)
                      ; - org.apache.xalan.templates.ElemApplyTemplates::transformSelectedNodes@575 (line 342)
  0x0000707278bf2fb8: 04ca 8607 

  0x0000707278bf2fbc: ;   {other}
  0x0000707278bf2fbc: 0f1f 8400 | ac4c 0020 | 488b bc24 | e000 0000 | 8b77 1c48 

  0x0000707278bf2fd0: ;   {metadata(method data for {method} {0x000063c5506acc70} 'pushRTFContext' '()V' in 'org/apache/xpath/XPathContext')}
  0x0000707278bf2fd0: 85f6 48be | a893 8250 | c563 0000 | 48c7 c370 | 0100 0074 | 0748 c7c3 | 8001 0000 | 488b 041e 
  0x0000707278bf2ff0: 488d 4001 | 4889 041e | 0f84 ce01 | 0000 488b 

  0x0000707278bf3000: ;   {metadata(method data for {method} {0x000063c5506acc70} 'pushRTFContext' '()V' in 'org/apache/xpath/XPathContext')}
  0x0000707278bf3000: f748 bba8 | 9382 50c5 

  0x0000707278bf3008: ;   {metadata('org/apache/xpath/XPathContext')}
  0x0000707278bf3008: 6300 0049 | baa8 170d | 5cc5 6300 | 004c 8993 | a001 0000 | 4883 83a8 | 0100 0001 

  0x0000707278bf3024: ;   {optimized virtual_call}
  0x0000707278bf3024: 488b f7e8 

  0x0000707278bf3028: ; ImmutableOopMap {[224]=Oop [232]=Oop [240]=Oop [256]=Oop [280]=Oop [312]=Oop [344]=Oop [360]=Oop [368]=Oop [424]=Oop [432]=Oop [448]=Oop [504]=Oop }
                      ;*invokevirtual getRTFDTM {reexecute=0 rethrow=0 return_oop=0}
                      ; - org.apache.xpath.XPathContext::pushRTFContext@21 (line 1275)
                      ; - org.apache.xalan.templates.ElemApplyTemplates::transformSelectedNodes@575 (line 342)
  0x0000707278bf3028: 5420 0707 

  0x0000707278bf302c: ;   {other}
  0x0000707278bf302c: 0f1f 8400 | 1c4d 0021 | 4885 c075 

  0x0000707278bf3038: ;   {metadata(method data for {method} {0x000063c5506acc70} 'pushRTFContext' '()V' in 'org/apache/xpath/XPathContext')}
  0x0000707278bf3038: 1648 bba8 | 9382 50c5 | 6300 0080 | 8bc1 0100 | 0001 e9cc 

  0x0000707278bf304c: ;   {metadata('org/apache/xml/dtm/ref/sax2dtm/SAX2RTFDTM')}
  0x0000707278bf304c: 0000 0048 | be58 c90e | 5cc5 6300 | 008b 7808 | 49ba 0000 | 005b c563 | 0000 4903 | fa48 3bf7 
  0x0000707278bf306c: 0f85 8d00 

  0x0000707278bf3070: ;   {metadata(method data for {method} {0x000063c5506acc70} 'pushRTFContext' '()V' in 'org/apache/xpath/XPathContext')}
  0x0000707278bf3070: 0000 48bb | a893 8250 | c563 0000 | 8b70 0849 | ba00 0000 | 5bc5 6300 | 0049 03f2 | 483b b3d8 
  0x0000707278bf3090: 0100 0075 | 0d48 8383 | e001 0000 | 01e9 7900 | 0000 483b | b3e8 0100 | 0075 0d48 | 8383 f001 
  0x0000707278bf30b0: 0000 01e9 | 6300 0000 | 4883 bbd8 | 0100 0000 | 7517 4889 | b3d8 0100 | 0048 c783 | e001 0000 
  0x0000707278bf30d0: 0100 0000 | e942 0000 | 0048 83bb | e801 0000 | 0075 1748 | 89b3 e801 | 0000 48c7 | 83f0 0100 
  0x0000707278bf30f0: 0001 0000 | 00e9 2100 | 0000 e91c 

  0x0000707278bf30fc: ;   {metadata(method data for {method} {0x000063c5506acc70} 'pushRTFContext' '()V' in 'org/apache/xpath/XPathContext')}
  0x0000707278bf30fc: 0000 0048 | bba8 9382 | 50c5 6300 | 0048 83ab | c801 0000 | 01e9 217a | 0000 e900 | 0000 0048 
  0x0000707278bf311c: 8bf0 483b | 0648 8bfe 

  0x0000707278bf3124: ;   {metadata(method data for {method} {0x000063c5506acc70} 'pushRTFContext' '()V' in 'org/apache/xpath/XPathContext')}
  0x0000707278bf3124: 48bb a893 | 8250 c563 | 0000 8b7f | 0849 ba00 | 0000 5bc5 | 6300 0049 | 03fa 483b | bb48 0200 
  0x0000707278bf3144: 0075 0d48 | 8383 5002 | 0000 01e9 | 6000 0000 | 483b bb58 | 0200 0075 | 0d48 8383 | 6002 0000 
  0x0000707278bf3164: 01e9 4a00 | 0000 4883 | bb48 0200 | 0000 7517 | 4889 bb48 | 0200 0048 | c783 5002 | 0000 0100 
  0x0000707278bf3184: 0000 e929 | 0000 0048 | 83bb 5802 | 0000 0075 | 1748 89bb | 5802 0000 | 48c7 8360 | 0200 0001 
  0x0000707278bf31a4: 0000 00e9 | 0800 0000 | 4883 8338 | 0200 0001 | 9048 b8ff | ffff ffff 

  0x0000707278bf31bc: ;   {virtual_call}
  0x0000707278bf31bc: ffff ffe8 

  0x0000707278bf31c0: ; ImmutableOopMap {[224]=Oop [232]=Oop [240]=Oop [256]=Oop [280]=Oop [312]=Oop [344]=Oop [360]=Oop [368]=Oop [424]=Oop [432]=Oop [448]=Oop [504]=Oop }
                      ;*invokevirtual pushRewindMark {reexecute=0 rethrow=0 return_oop=0}
                      ; - org.apache.xpath.XPathContext::pushRTFContext@30 (line 1275)
                      ; - org.apache.xalan.templates.ElemApplyTemplates::transformSelectedNodes@575 (line 342)
  0x0000707278bf31c0: bc21 0707 

  0x0000707278bf31c4: ;   {other}
  0x0000707278bf31c4: 0f1f 8400 | b44e 0022 | 488b b424 | f801 0000 | 488b 9c24 | 0001 0000 

  0x0000707278bf31dc: ;   {metadata(method data for {method} {0x000063c55055b330} 'transformSelectedNodes' '(Lorg/apache/xalan/transformer/TransformerImpl;)V' in 'org/apache/xalan/templates/ElemApplyTemplates')}
  0x0000707278bf31dc: 488b d348 | bf28 9481 | 50c5 6300 | 0048 8387 | 0011 0000 | 018b 7b10 | 8b56 4c48 

  0x0000707278bf31f8: ;   {metadata(method data for {method} {0x000063c55055b330} 'transformSelectedNodes' '(Lorg/apache/xalan/transformer/TransformerImpl;)V' in 'org/apache/xalan/templates/ElemApplyTemplates')}
  0x0000707278bf31f8: 8bc3 48b9 | 2894 8150 | c563 0000 | 4883 8138 | 1100 0001 | 4889 b424 | f801 0000 | 488b f389 
  0x0000707278bf3218: bc24 0802 

  0x0000707278bf321c: ;   {optimized virtual_call}
  0x0000707278bf321c: 0000 90e8 

  0x0000707278bf3220: ; ImmutableOopMap {[224]=Oop [232]=Oop [240]=Oop [256]=Oop [280]=Oop [312]=Oop [344]=Oop [360]=Oop [368]=Oop [424]=Oop [432]=Oop [448]=Oop [504]=Oop }
                      ;*invokevirtual link {reexecute=0 rethrow=0 return_oop=0}
                      ; - org.apache.xalan.templates.ElemApplyTemplates::transformSelectedNodes@592 (line 344)
  0x0000707278bf3220: 5c45 0600 

  0x0000707278bf3224: ;   {other}
  0x0000707278bf3224: 0f1f 8400 | 144f 0023 | 488b b424 | f801 0000 | 8b7e 5885 

  0x0000707278bf3238: ;   {metadata(method data for {method} {0x000063c55055b330} 'transformSelectedNodes' '(Lorg/apache/xalan/transformer/TransformerImpl;)V' in 'org/apache/xalan/templates/ElemApplyTemplates')}
  0x0000707278bf3238: ff48 bf28 | 9481 50c5 | 6300 0048 | c7c3 6811 | 0000 7f07 | 48c7 c358 | 1100 0048 | 8b04 1f48 
  0x0000707278bf3258: 8d40 0148 | 8904 1f0f | 8f2c 0000 | 008b bc24 | 0802 0000 | 4889 b424 | f801 0000 | 488b 8424 
  0x0000707278bf3278: 0001 0000 | 488b 9424 | f000 0000 | 488b 9c24 | e800 0000 | e9b5 0800 | 0048 8bfe 

  0x0000707278bf3294: ;   {metadata(method data for {method} {0x000063c55055b330} 'transformSelectedNodes' '(Lorg/apache/xalan/transformer/TransformerImpl;)V' in 'org/apache/xalan/templates/ElemApplyTemplates')}
  0x0000707278bf3294: 48bb 2894 | 8150 c563 | 0000 8b7f | 0849 ba00 | 0000 5bc5 | 6300 0049 | 03fa 483b | bb88 1100 
  0x0000707278bf32b4: 0075 0d48 | 8383 9011 | 0000 01e9 | 6000 0000 | 483b bb98 | 1100 0075 | 0d48 8383 | a011 0000 
  0x0000707278bf32d4: 01e9 4a00 | 0000 4883 | bb88 1100 | 0000 7517 | 4889 bb88 | 1100 0048 | c783 9011 | 0000 0100 
  0x0000707278bf32f4: 0000 e929 | 0000 0048 | 83bb 9811 | 0000 0075 | 1748 89bb | 9811 0000 | 48c7 83a0 | 1100 0001 
  0x0000707278bf3314: 0000 00e9 | 0800 0000 | 4883 8378 | 1100 0001 | 8b7e 44bb | 0000 0000 | 899c 240c | 0200 0048 
  0x0000707278bf3334: 89b4 24f8 | 0100 000f | 1f44 0000 

  0x0000707278bf3340: ;   {metadata(method data for {method} {0x000063c55055b330} 'transformSelectedNodes' '(Lorg/apache/xalan/transformer/TransformerImpl;)V' in 'org/apache/xalan/templates/ElemApplyTemplates')}
  0x0000707278bf3340: 4885 ff49 | b828 9481 | 50c5 6300 | 0049 c7c1 | b011 0000 | 7407 49c7 | c1c0 1100 | 004f 8b1c 
  0x0000707278bf3360: 084d 8d5b | 014f 891c | 080f 8486 | 0700 0048 | 3b07 4c8b 

  0x0000707278bf3374: ;   {metadata(method data for {method} {0x000063c55055b330} 'transformSelectedNodes' '(Lorg/apache/xalan/transformer/TransformerImpl;)V' in 'org/apache/xalan/templates/ElemApplyTemplates')}
  0x0000707278bf3374: c749 b928 | 9481 50c5 | 6300 0045 | 8b40 0849 | ba00 0000 | 5bc5 6300 | 004d 03c2 | 4d3b 81e0 
  0x0000707278bf3394: 1100 0075 | 0d49 8381 | e811 0000 | 01e9 6000 | 0000 4d3b | 81f0 1100 | 0075 0d49 | 8381 f811 
  0x0000707278bf33b4: 0000 01e9 | 4a00 0000 | 4983 b9e0 | 1100 0000 | 7517 4d89 | 81e0 1100 | 0049 c781 | e811 0000 
  0x0000707278bf33d4: 0100 0000 | e929 0000 | 0049 83b9 | f011 0000 | 0075 174d | 8981 f011 | 0000 49c7 | 81f8 1100 
  0x0000707278bf33f4: 0001 0000 | 00e9 0800 | 0000 4983 | 81d0 1100 | 0001 488b | f748 89bc | 2410 0200 | 000f 1f40 
  0x0000707278bf3414: 0048 b8ff | ffff ffff 

  0x0000707278bf341c: ;   {virtual_call}
  0x0000707278bf341c: ffff ffe8 

  0x0000707278bf3420: ; ImmutableOopMap {[224]=Oop [232]=Oop [240]=Oop [256]=Oop [280]=Oop [312]=Oop [344]=Oop [360]=Oop [368]=Oop [424]=Oop [432]=Oop [448]=Oop [504]=Oop [528]=Oop }
                      ;*invokevirtual getXSLToken {reexecute=0 rethrow=0 return_oop=0}
                      ; - org.apache.xalan.templates.ElemApplyTemplates::transformSelectedNodes@624 (line 353)
  0x0000707278bf3420: 5c1f 0707 

  0x0000707278bf3424: ;   {other}
  0x0000707278bf3424: 0f1f 8400 | 1451 0024 

  0x0000707278bf342c: ;   {metadata(method data for {method} {0x000063c55055b330} 'transformSelectedNodes' '(Lorg/apache/xalan/transformer/TransformerImpl;)V' in 'org/apache/xalan/templates/ElemApplyTemplates')}
  0x0000707278bf342c: 83f8 2948 | ba28 9481 | 50c5 6300 | 0048 c7c6 | 0812 0000 | 7507 48c7 | c618 1200 | 0048 8b3c 
  0x0000707278bf344c: 3248 8d7f | 0148 893c | 320f 859a | 0600 0048 | 8bbc 2410 | 0200 0048 | 85ff 7516 

  0x0000707278bf3468: ;   {metadata(method data for {method} {0x000063c55055b330} 'transformSelectedNodes' '(Lorg/apache/xalan/transformer/TransformerImpl;)V' in 'org/apache/xalan/templates/ElemApplyTemplates')}
  0x0000707278bf3468: 48bb 2894 | 8150 c563 | 0000 808b | 2112 0000 | 01e9 cc00 

  0x0000707278bf347c: ;   {metadata('org/apache/xalan/templates/ElemParam')}
  0x0000707278bf347c: 0000 48b8 | 383f 095c | c563 0000 | 8b77 0849 | ba00 0000 | 5bc5 6300 | 0049 03f2 | 483b c60f 
  0x0000707278bf349c: 858d 0000 

  0x0000707278bf34a0: ;   {metadata(method data for {method} {0x000063c55055b330} 'transformSelectedNodes' '(Lorg/apache/xalan/transformer/TransformerImpl;)V' in 'org/apache/xalan/templates/ElemApplyTemplates')}
  0x0000707278bf34a0: 0048 bb28 | 9481 50c5 | 6300 008b | 4708 49ba | 0000 005b | c563 0000 | 4903 c248 | 3b83 3812 
  0x0000707278bf34c0: 0000 750d | 4883 8340 | 1200 0001 | e979 0000 | 0048 3b83 | 4812 0000 | 750d 4883 | 8350 1200 
  0x0000707278bf34e0: 0001 e963 | 0000 0048 | 83bb 3812 | 0000 0075 | 1748 8983 | 3812 0000 | 48c7 8340 | 1200 0001 
  0x0000707278bf3500: 0000 00e9 | 4200 0000 | 4883 bb48 | 1200 0000 | 7517 4889 | 8348 1200 | 0048 c783 | 5012 0000 
  0x0000707278bf3520: 0100 0000 | e921 0000 | 00e9 1c00 

  0x0000707278bf352c: ;   {metadata(method data for {method} {0x000063c55055b330} 'transformSelectedNodes' '(Lorg/apache/xalan/transformer/TransformerImpl;)V' in 'org/apache/xalan/templates/ElemApplyTemplates')}
  0x0000707278bf352c: 0000 48bb | 2894 8150 | c563 0000 | 4883 ab28 | 1200 0001 | e905 7600 | 00e9 0000 | 0000 488b 
  0x0000707278bf354c: d7be 0000 | 0000 488b | 9c24 e800 | 0000 e98b | 0000 0090 | 8b43 643b | 700c 0f83 | f175 0000 
  0x0000707278bf356c: 4863 ce8b | 4488 108b | 4050 8b4a 

  0x0000707278bf3578: ;   {metadata(method data for {method} {0x000063c55055b330} 'transformSelectedNodes' '(Lorg/apache/xalan/transformer/TransformerImpl;)V' in 'org/apache/xalan/templates/ElemApplyTemplates')}
  0x0000707278bf3578: 603b c148 | b828 9481 | 50c5 6300 | 0048 c7c1 | 9012 0000 | 7407 48c7 | c180 1200 | 004c 8b04 
  0x0000707278bf3598: 084d 8d40 | 014c 8904 | 080f 8483 | 0000 00ff 

  0x0000707278bf35a8: ;   {metadata(method data for {method} {0x000063c55055b330} 'transformSelectedNodes' '(Lorg/apache/xalan/transformer/TransformerImpl;)V' in 'org/apache/xalan/templates/ElemApplyTemplates')}
  0x0000707278bf35a8: c648 b828 | 9481 50c5 | 6300 008b | 88f8 0000 | 0083 c102 | 8988 f800 | 0000 81e1 | fe3f 0000 
  0x0000707278bf35c8: 85c9 0f84 | a575 0000 | 4d8b 9770 

  0x0000707278bf35d4: ; ImmutableOopMap {rdi=Oop rdx=Oop rbx=Oop [224]=Oop [232]=Oop [240]=Oop [256]=Oop [280]=Oop [312]=Oop [344]=Oop [360]=Oop [368]=Oop [424]=Oop [432]=Oop [448]=Oop [504]=Oop }
                      ;*goto {reexecute=1 rethrow=0 return_oop=0}
                      ; - (reexecute) org.apache.xalan.templates.ElemApplyTemplates::transformSelectedNodes@695 (line 358)
                      ;   {poll}
  0x0000707278bf35d4: 0700 0041 

  0x0000707278bf35d8: ;   {metadata(method data for {method} {0x000063c55055b330} 'transformSelectedNodes' '(Lorg/apache/xalan/transformer/TransformerImpl;)V' in 'org/apache/xalan/templates/ElemApplyTemplates')}
  0x0000707278bf35d8: 8502 48b8 | 2894 8150 | c563 0000 | ff80 2813 | 0000 3bb4 | 24fc 0000 

  0x0000707278bf35f0: ;   {metadata(method data for {method} {0x000063c55055b330} 'transformSelectedNodes' '(Lorg/apache/xalan/transformer/TransformerImpl;)V' in 'org/apache/xalan/templates/ElemApplyTemplates')}
  0x0000707278bf35f0: 0048 b828 | 9481 50c5 | 6300 0048 | c7c1 7012 | 0000 7c07 | 48c7 c160 | 1200 004c | 8b04 084d 
  0x0000707278bf3610: 8d40 014c | 8904 080f | 8c43 ffff | ff48 8b84 | 2400 0100 | 00e9 1302 | 0000 488b | 8424 0001 
  0x0000707278bf3630: 0000 488b 

  0x0000707278bf3634: ;   {metadata(method data for {method} {0x000063c55055b330} 'transformSelectedNodes' '(Lorg/apache/xalan/transformer/TransformerImpl;)V' in 'org/apache/xalan/templates/ElemApplyTemplates')}
  0x0000707278bf3634: d048 b928 | 9481 50c5 

  0x0000707278bf363c: ;   {metadata('org/apache/xpath/VariableStack')}
  0x0000707278bf363c: 6300 0049 | baa8 de0e | 5cc5 6300 | 004c 8991 | b012 0000 | 4883 81b8 | 1200 0001 

  0x0000707278bf3658: ;   {metadata(method data for {method} {0x000063c550791e60} 'getLocalVariable' '(II)Lorg/apache/xpath/objects/XObject;' in 'org/apache/xpath/VariableStack')}
  0x0000707278bf3658: 48ba e09b | 8250 c563 | 0000 8b8a | f400 0000 | 83c1 0289 | 8af4 0000 | 0081 e1fe | ff1f 0085 
  0x0000707278bf3678: c90f 8417 | 7500 008b | 5018 488b | ce03 8c24 | a001 0000 

  0x0000707278bf368c: ; implicit exception: dispatches to 0x0000707278bfabb7
  0x0000707278bf368c: 3b4a 0c0f | 832c 7500 | 0048 63c9 | 8b4c 8a10 

  0x0000707278bf369c: ;   {metadata(method data for {method} {0x000063c55055b330} 'transformSelectedNodes' '(Lorg/apache/xalan/transformer/TransformerImpl;)V' in 'org/apache/xalan/templates/ElemApplyTemplates')}
  0x0000707278bf369c: 4c8b c049 | b928 9481 | 50c5 6300 

  0x0000707278bf36a8: ;   {metadata('org/apache/xpath/VariableStack')}
  0x0000707278bf36a8: 0049 baa8 | de0e 5cc5 | 6300 004d | 8991 e812 | 0000 4983 | 81f0 1200 

  0x0000707278bf36c0: ;   {metadata(method data for {method} {0x000063c550791b98} 'setLocalVariable' '(ILorg/apache/xpath/objects/XObject;)V' in 'org/apache/xpath/VariableStack')}
  0x0000707278bf36c0: 0001 49b8 | 589d 8250 | c563 0000 | 458b 88f4 | 0000 0041 | 83c1 0245 | 8988 f400 | 0000 4181 
  0x0000707278bf36e0: e1fe ff1f | 0045 85c9 | 0f84 e174 | 0000 448b | 4010 4403 | 8424 0c02 | 0000 443b | 420c 0f83 
  0x0000707278bf3700: ec74 0000 | 4885 c975 

  0x0000707278bf3708: ;   {metadata(method data for {method} {0x000063c550791b98} 'setLocalVariable' '(ILorg/apache/xpath/objects/XObject;)V' in 'org/apache/xpath/VariableStack')}
  0x0000707278bf3708: 1749 bb58 | 9d82 50c5 | 6300 0041 | 808b 3101 | 0000 01e9 | 0201 0000 

  0x0000707278bf3720: ; implicit exception: dispatches to 0x0000707278bfabfe
  0x0000707278bf3720: 448b 4a08 | 49ba 0000 | 005b c563 | 0000 4d03 | ca44 8b59 | 0849 ba00 | 0000 5bc5 | 6300 004d 
  0x0000707278bf3740: 03da 4d8b | 89e0 0000 | 004d 3bd9 | 0f84 2e00 | 0000 458b | 6914 4f3b | 0c2b 0f84 | 2000 0000 
  0x0000707278bf3760: 4183 fd20 | 0f85 a100 | 0000 4153 

  0x0000707278bf376c: ;   {runtime_call slow_subtype_check Runtime1 stub}
  0x0000707278bf376c: 4151 e80d | 1612 0741 | 5b41 5945 | 85c9 0f84 | 8b00 0000 

  0x0000707278bf3780: ;   {metadata(method data for {method} {0x000063c550791b98} 'setLocalVariable' '(ILorg/apache/xpath/objects/XObject;)V' in 'org/apache/xpath/VariableStack')}
  0x0000707278bf3780: 49bb 589d | 8250 c563 | 0000 448b | 4908 49ba | 0000 005b | c563 0000 | 4d03 ca4d | 3b8b 4801 
  0x0000707278bf37a0: 0000 750d | 4983 8350 | 0100 0001 | e971 0000 | 004d 3b8b | 5801 0000 | 750d 4983 | 8360 0100 
  0x0000707278bf37c0: 0001 e95b | 0000 0049 | 83bb 4801 | 0000 0075 | 174d 898b | 4801 0000 | 49c7 8350 | 0100 0001 
  0x0000707278bf37e0: 0000 00e9 | 3a00 0000 | 4983 bb58 | 0100 0000 | 7517 4d89 | 8b58 0100 | 0049 c783 | 6001 0000 
  0x0000707278bf3800: 0100 0000 | e919 0000 

  0x0000707278bf3808: ;   {metadata(method data for {method} {0x000063c550791b98} 'setLocalVariable' '(ILorg/apache/xpath/objects/XObject;)V' in 'org/apache/xpath/VariableStack')}
  0x0000707278bf3808: 00eb 1749 | bb58 9d82 | 50c5 6300 | 0049 83ab | 3801 0000 | 01e9 e173 | 0000 4d63 | c04c 8bd1 
  0x0000707278bf3828: 4689 5482 

  0x0000707278bf382c: ;   {metadata(method data for {method} {0x000063c55055b330} 'transformSelectedNodes' '(Lorg/apache/xalan/transformer/TransformerImpl;)V' in 'org/apache/xalan/templates/ElemApplyTemplates')}
  0x0000707278bf382c: 1048 ba28 | 9481 50c5 | 6300 00ff | 8210 1300 | 003b b424 | fc00 0000 

  0x0000707278bf3844: ;   {metadata(method data for {method} {0x000063c55055b330} 'transformSelectedNodes' '(Lorg/apache/xalan/transformer/TransformerImpl;)V' in 'org/apache/xalan/templates/ElemApplyTemplates')}
  0x0000707278bf3844: 48ba 2894 | 8150 c563 | 0000 48c7 | c640 1300 | 0075 0748 | c7c6 5013 | 0000 488b | 0c32 488d 
  0x0000707278bf3864: 4901 4889 | 0c32 0f85 | 9601 0000 

  0x0000707278bf3870: ;   {metadata(method data for {method} {0x000063c55055b330} 'transformSelectedNodes' '(Lorg/apache/xalan/transformer/TransformerImpl;)V' in 'org/apache/xalan/templates/ElemApplyTemplates')}
  0x0000707278bf3870: 488b d048 | be28 9481 | 50c5 6300 

  0x0000707278bf387c: ;   {metadata('org/apache/xpath/VariableStack')}
  0x0000707278bf387c: 0049 baa8 | de0e 5cc5 | 6300 004c | 8996 7013 | 0000 4883 | 8678 1300 

  0x0000707278bf3894: ;   {metadata(method data for {method} {0x000063c550791b98} 'setLocalVariable' '(ILorg/apache/xpath/objects/XObject;)V' in 'org/apache/xpath/VariableStack')}
  0x0000707278bf3894: 0001 48ba | 589d 8250 | c563 0000 | 8bb2 f400 | 0000 83c6 | 0289 b2f4 | 0000 0081 | e6fe ff1f 
  0x0000707278bf38b4: 0085 f60f | 844f 7300 | 008b 5018 | 8b70 1003 | b424 0c02 

  0x0000707278bf38c8: ;   {oop(nullptr)}
  0x0000707278bf38c8: 0000 48b9 | 0000 0000 | 0000 0000 

  0x0000707278bf38d4: ; implicit exception: dispatches to 0x0000707278bfac2d
  0x0000707278bf38d4: 3b72 0c0f | 835a 7300 | 0048 85c9 

  0x0000707278bf38e0: ;   {metadata(method data for {method} {0x000063c550791b98} 'setLocalVariable' '(ILorg/apache/xpath/objects/XObject;)V' in 'org/apache/xpath/VariableStack')}
  0x0000707278bf38e0: 7517 49b9 | 589d 8250 | c563 0000 | 4180 8931 | 0100 0001 | e902 0100 | 0044 8b42 | 0849 ba00 
  0x0000707278bf3900: 0000 5bc5 | 6300 004d | 03c2 448b | 4908 49ba | 0000 005b | c563 0000 | 4d03 ca4d | 8b80 e000 
  0x0000707278bf3920: 0000 4d3b | c80f 842e | 0000 0045 | 8b58 144f | 3b04 190f | 8420 0000 | 0041 83fb | 200f 85a1 
  0x0000707278bf3940: 0000 0041 

  0x0000707278bf3944: ;   {runtime_call slow_subtype_check Runtime1 stub}
  0x0000707278bf3944: 5141 50e8 | 3414 1207 | 4159 4158 | 4585 c00f | 848b 0000 

  0x0000707278bf3958: ;   {metadata(method data for {method} {0x000063c550791b98} 'setLocalVariable' '(ILorg/apache/xpath/objects/XObject;)V' in 'org/apache/xpath/VariableStack')}
  0x0000707278bf3958: 0049 b958 | 9d82 50c5 | 6300 0044 | 8b41 0849 | ba00 0000 | 5bc5 6300 | 004d 03c2 | 4d3b 8148 
  0x0000707278bf3978: 0100 0075 | 0d49 8381 | 5001 0000 | 01e9 7100 | 0000 4d3b | 8158 0100 | 0075 0d49 | 8381 6001 
  0x0000707278bf3998: 0000 01e9 | 5b00 0000 | 4983 b948 | 0100 0000 | 7517 4d89 | 8148 0100 | 0049 c781 | 5001 0000 
  0x0000707278bf39b8: 0100 0000 | e93a 0000 | 0049 83b9 | 5801 0000 | 0075 174d | 8981 5801 | 0000 49c7 | 8160 0100 
  0x0000707278bf39d8: 0001 0000 | 00e9 1900 | 0000 eb17 

  0x0000707278bf39e4: ;   {metadata(method data for {method} {0x000063c550791b98} 'setLocalVariable' '(ILorg/apache/xpath/objects/XObject;)V' in 'org/apache/xpath/VariableStack')}
  0x0000707278bf39e4: 49b9 589d | 8250 c563 | 0000 4983 | a938 0100 | 0001 e94f | 7200 0048 | 63f6 4c8b | d144 8954 
  0x0000707278bf3a04: b210 8b94 | 240c 0200 | 00ff c248 

  0x0000707278bf3a10: ;   {metadata(method data for {method} {0x000063c55055b330} 'transformSelectedNodes' '(Lorg/apache/xalan/transformer/TransformerImpl;)V' in 'org/apache/xalan/templates/ElemApplyTemplates')}
  0x0000707278bf3a10: 8bf7 48b9 | 2894 8150 | c563 0000 | 8b76 0849 | ba00 0000 | 5bc5 6300 | 0049 03f2 | 483b b1a8 
  0x0000707278bf3a30: 1300 0075 | 0d48 8381 | b013 0000 | 01e9 6000 | 0000 483b | b1b8 1300 | 0075 0d48 | 8381 c013 
  0x0000707278bf3a50: 0000 01e9 | 4a00 0000 | 4883 b9a8 | 1300 0000 | 7517 4889 | b1a8 1300 | 0048 c781 | b013 0000 
  0x0000707278bf3a70: 0100 0000 | e929 0000 | 0048 83b9 | b813 0000 | 0075 1748 | 89b1 b813 | 0000 48c7 | 81c0 1300 
  0x0000707278bf3a90: 0001 0000 | 00e9 0800 | 0000 4883 | 8198 1300 | 0001 8b77 

  0x0000707278bf3aa4: ;   {metadata(method data for {method} {0x000063c55055b330} 'transformSelectedNodes' '(Lorg/apache/xalan/transformer/TransformerImpl;)V' in 'org/apache/xalan/templates/ElemApplyTemplates')}
  0x0000707278bf3aa4: 4048 bf28 | 9481 50c5 | 6300 008b | 8ff8 0000 | 0083 c102 | 898f f800 | 0000 81e1 | fe3f 0000 
  0x0000707278bf3ac4: 85c9 0f84 | 8771 0000 | 4d8b 9770 

  0x0000707278bf3ad0: ; ImmutableOopMap {rbx=Oop rax=Oop rsi=Oop [224]=Oop [232]=Oop [240]=Oop [256]=Oop [280]=Oop [312]=Oop [344]=Oop [360]=Oop [368]=Oop [424]=Oop [432]=Oop [448]=Oop [504]=Oop }
                      ;*goto {reexecute=1 rethrow=0 return_oop=0}
                      ; - (reexecute) org.apache.xalan.templates.ElemApplyTemplates::transformSelectedNodes@723 (line 351)
                      ;   {poll}
  0x0000707278bf3ad0: 0700 0041 

  0x0000707278bf3ad4: ;   {metadata(method data for {method} {0x000063c55055b330} 'transformSelectedNodes' '(Lorg/apache/xalan/transformer/TransformerImpl;)V' in 'org/apache/xalan/templates/ElemApplyTemplates')}
  0x0000707278bf3ad4: 8502 48bf | 2894 8150 | c563 0000 | ff87 d013 | 0000 488b | fe89 9424 | 0c02 0000 | e94b f8ff 
  0x0000707278bf3af4: ff8b bc24 | 0802 0000 | 488b 8424 | 0001 0000 | 488b 9c24 | e800 0000 

  0x0000707278bf3b0c: ;   {metadata(method data for {method} {0x000063c55055b330} 'transformSelectedNodes' '(Lorg/apache/xalan/transformer/TransformerImpl;)V' in 'org/apache/xalan/templates/ElemApplyTemplates')}
  0x0000707278bf3b0c: 48ba 2894 | 8150 c563 | 0000 ff82 | e813 0000 | 488b 9424 | f000 0000 | e91d 0000 | 0048 8b84 
  0x0000707278bf3b2c: 2400 0100 | 0048 8b9c | 24e8 0000 | 00bf 0000 | 0000 488b | 9424 f000 | 0000 488b 

  0x0000707278bf3b48: ;   {metadata(method data for {method} {0x000063c55055b330} 'transformSelectedNodes' '(Lorg/apache/xalan/transformer/TransformerImpl;)V' in 'org/apache/xalan/templates/ElemApplyTemplates')}
  0x0000707278bf3b48: f248 b928 | 9481 50c5 | 6300 0048 | 8381 1814 | 0000 010f | be72 1583 | e601 85f6 

  0x0000707278bf3b64: ;   {metadata(method data for {method} {0x000063c55055b330} 'transformSelectedNodes' '(Lorg/apache/xalan/transformer/TransformerImpl;)V' in 'org/apache/xalan/templates/ElemApplyTemplates')}
  0x0000707278bf3b64: 48be 2894 | 8150 c563 | 0000 48c7 | c138 1400 | 0074 0748 | c7c1 4814 | 0000 4c8b | 040e 4d8d 
  0x0000707278bf3b84: 4001 4c89 | 040e 89bc | 2418 0200 | 000f 846d | 0000 0048 

  0x0000707278bf3b98: ;   {metadata(method data for {method} {0x000063c55055b330} 'transformSelectedNodes' '(Lorg/apache/xalan/transformer/TransformerImpl;)V' in 'org/apache/xalan/templates/ElemApplyTemplates')}
  0x0000707278bf3b98: 8bc2 48b9 | 2894 8150 | c563 0000 

  0x0000707278bf3ba4: ;   {metadata('org/apache/xalan/transformer/TransformerImpl')}
  0x0000707278bf3ba4: 49ba c80c | 0c5c c563 | 0000 4c89 | 9168 1400 | 0048 8381 | 7014 0000 | 018b 8284 | 0000 0048 
  0x0000707278bf3bc4: 3b00 488b 

  0x0000707278bf3bc8: ;   {metadata(method data for {method} {0x000063c55055b330} 'transformSelectedNodes' '(Lorg/apache/xalan/transformer/TransformerImpl;)V' in 'org/apache/xalan/templates/ElemApplyTemplates')}
  0x0000707278bf3bc8: c849 b828 | 9481 50c5 

  0x0000707278bf3bd0: ;   {metadata('org/apache/xalan/trace/TraceManager')}
  0x0000707278bf3bd0: 6300 0049 | ba78 840e | 5cc5 6300 | 004d 8990 | a014 0000 | 4983 80a8 | 1400 0001 | 488b 9424 
  0x0000707278bf3bf0: f801 0000 

  0x0000707278bf3bf4: ;   {optimized virtual_call}
  0x0000707278bf3bf4: 488b f0e8 

  0x0000707278bf3bf8: ; ImmutableOopMap {[224]=Oop [232]=Oop [240]=Oop [256]=Oop [280]=Oop [312]=Oop [344]=Oop [360]=Oop [368]=Oop [424]=Oop [432]=Oop [448]=Oop [504]=Oop }
                      ;*invokevirtual fireTraceEvent {reexecute=0 rethrow=0 return_oop=0}
                      ; - org.apache.xalan.templates.ElemApplyTemplates::transformSelectedNodes@745 (line 383)
  0x0000707278bf3bf8: 8414 0707 

  0x0000707278bf3bfc: ;   {other}
  0x0000707278bf3bfc: 0f1f 8400 | ec58 0027 | 488b b424 | f801 0000 | 8b56 4448 | 89b4 24f8 | 0100 0090 | 488b bc24 
  0x0000707278bf3c1c: e000 0000 | 488b 9c24 | f000 0000 

  0x0000707278bf3c28: ;   {metadata(method data for {method} {0x000063c55055b330} 'transformSelectedNodes' '(Lorg/apache/xalan/transformer/TransformerImpl;)V' in 'org/apache/xalan/templates/ElemApplyTemplates')}
  0x0000707278bf3c28: 4885 d248 | b828 9481 | 50c5 6300 | 0048 c7c1 | c814 0000 | 7407 48c7 | c1d8 1400 | 004c 8b04 
  0x0000707278bf3c48: 084d 8d40 | 014c 8904 | 080f 84e6 | 0300 0048 

  0x0000707278bf3c58: ;   {metadata(method data for {method} {0x000063c55055b330} 'transformSelectedNodes' '(Lorg/apache/xalan/transformer/TransformerImpl;)V' in 'org/apache/xalan/templates/ElemApplyTemplates')}
  0x0000707278bf3c58: 8bc7 48b9 | 2894 8150 | c563 0000 | 4883 8100 | 1500 0001 

  0x0000707278bf3c6c: ;   {metadata(method data for {method} {0x000063c5506aa048} 'setSAXLocator' '(Ljavax/xml/transform/SourceLocator;)V' in 'org/apache/xpath/XPathContext')}
  0x0000707278bf3c6c: 48b8 8879 | 8050 c563 | 0000 8b88 | f400 0000 | 83c1 0289 | 88f4 0000 | 0081 e1fe | ff1f 0085 
  0x0000707278bf3c8c: c90f 84e6 | 6f00 008b | 472c 483b | 0048 8bc8 

  0x0000707278bf3c9c: ;   {metadata(method data for {method} {0x000063c5506aa048} 'setSAXLocator' '(Ljavax/xml/transform/SourceLocator;)V' in 'org/apache/xpath/XPathContext')}
  0x0000707278bf3c9c: 49b8 8879 | 8050 c563 | 0000 4983 | 8050 0100 

  0x0000707278bf3cac: ;   {metadata(method data for {method} {0x000063c55076b190} 'setTop' '(Ljava/lang/Object;)V' in 'org/apache/xml/utils/ObjectStack')}
  0x0000707278bf3cac: 0001 48b9 | 58fb 7d50 | c563 0000 | 448b 81f4 | 0000 0041 | 83c0 0244 | 8981 f400 | 0000 4181 
  0x0000707278bf3ccc: e0fe ff1f | 0045 85c0 | 0f84 c56f | 0000 8b48 | 188b 4010 | ffc8 3b41 | 0c0f 83df | 6f00 0048 
  0x0000707278bf3cec: 85d2 7517 

  0x0000707278bf3cf0: ;   {metadata(method data for {method} {0x000063c55076b190} 'setTop' '(Ljava/lang/Object;)V' in 'org/apache/xml/utils/ObjectStack')}
  0x0000707278bf3cf0: 49b9 58fb | 7d50 c563 | 0000 4180 | 8931 0100 | 0001 e902 | 0100 0044 | 8b41 0849 | ba00 0000 
  0x0000707278bf3d10: 5bc5 6300 | 004d 03c2 | 448b 4a08 | 49ba 0000 | 005b c563 | 0000 4d03 | ca4d 8b80 | e000 0000 
  0x0000707278bf3d30: 4d3b c80f | 842e 0000 | 0045 8b58 | 144f 3b04 | 190f 8420 | 0000 0041 | 83fb 200f | 85a1 0000 
  0x0000707278bf3d50: 0041 5141 

  0x0000707278bf3d54: ;   {runtime_call slow_subtype_check Runtime1 stub}
  0x0000707278bf3d54: 50e8 2610 | 1207 4159 | 4158 4585 | c00f 848b 

  0x0000707278bf3d64: ;   {metadata(method data for {method} {0x000063c55076b190} 'setTop' '(Ljava/lang/Object;)V' in 'org/apache/xml/utils/ObjectStack')}
  0x0000707278bf3d64: 0000 0049 | b958 fb7d | 50c5 6300 | 0044 8b42 | 0849 ba00 | 0000 5bc5 | 6300 004d | 03c2 4d3b 
  0x0000707278bf3d84: 8148 0100 | 0075 0d49 | 8381 5001 | 0000 01e9 | 7100 0000 | 4d3b 8158 | 0100 0075 | 0d49 8381 
  0x0000707278bf3da4: 6001 0000 | 01e9 5b00 | 0000 4983 | b948 0100 | 0000 7517 | 4d89 8148 | 0100 0049 | c781 5001 
  0x0000707278bf3dc4: 0000 0100 | 0000 e93a | 0000 0049 | 83b9 5801 | 0000 0075 | 174d 8981 | 5801 0000 | 49c7 8160 
  0x0000707278bf3de4: 0100 0001 | 0000 00e9 | 1900 0000 

  0x0000707278bf3df0: ;   {metadata(method data for {method} {0x000063c55076b190} 'setTop' '(Ljava/lang/Object;)V' in 'org/apache/xml/utils/ObjectStack')}
  0x0000707278bf3df0: eb17 49b9 | 58fb 7d50 | c563 0000 | 4983 a938 | 0100 0001 | e9d4 6e00 | 0048 63c0 | 4c8b d244 
  0x0000707278bf3e10: 8954 8110 

  0x0000707278bf3e14: ;   {metadata(method data for {method} {0x000063c55076b190} 'setTop' '(Ljava/lang/Object;)V' in 'org/apache/xml/utils/ObjectStack')}
  0x0000707278bf3e14: 48b8 58fb | 7d50 c563 | 0000 ff80 | 7001 0000 

  0x0000707278bf3e24: ;   {metadata(method data for {method} {0x000063c55055b330} 'transformSelectedNodes' '(Lorg/apache/xalan/transformer/TransformerImpl;)V' in 'org/apache/xalan/templates/ElemApplyTemplates')}
  0x0000707278bf3e24: 488b c348 | b928 9481 | 50c5 6300 | 0048 8381 | 3815 0000 

  0x0000707278bf3e38: ;   {metadata(method data for {method} {0x000063c550655be0} 'pushElemTemplateElement' '(Lorg/apache/xalan/templates/ElemTemplateElement;)V' in 'org/apache/xalan/transformer/TransformerImpl')}
  0x0000707278bf3e38: 0148 b808 | 9580 50c5 | 6300 008b | 88f4 0000 | 0083 c102 | 8988 f400 | 0000 81e1 | feff 1f00 
  0x0000707278bf3e58: 85c9 0f84 | 866e 0000 | 8b43 4c48 | 3b00 488b 

  0x0000707278bf3e68: ;   {metadata(method data for {method} {0x000063c550655be0} 'pushElemTemplateElement' '(Lorg/apache/xalan/templates/ElemTemplateElement;)V' in 'org/apache/xalan/transformer/TransformerImpl')}
  0x0000707278bf3e68: c849 b808 | 9580 50c5 | 6300 0049 | 8380 5001 | 0000 0148 | 8bca 488b | d148 8bf0 | 4889 8c24 
  0x0000707278bf3e88: 2002 0000 

  0x0000707278bf3e8c: ;   {optimized virtual_call}
  0x0000707278bf3e8c: 6666 90e8 

  0x0000707278bf3e90: ; ImmutableOopMap {[224]=Oop [232]=Oop [240]=Oop [256]=Oop [280]=Oop [312]=Oop [344]=Oop [360]=Oop [368]=Oop [424]=Oop [432]=Oop [448]=Oop [504]=Oop [544]=Oop }
                      ;*invokevirtual push {reexecute=0 rethrow=0 return_oop=0}
                      ; - org.apache.xalan.transformer.TransformerImpl::pushElemTemplateElement@5 (line 2624)
                      ; - org.apache.xalan.templates.ElemApplyTemplates::transformSelectedNodes@769 (line 394)
  0x0000707278bf3e90: 2cd3 8707 

  0x0000707278bf3e94: ;   {other}
  0x0000707278bf3e94: 0f1f 8400 | 845b 0028 | 488b 9424 | 2002 0000 

  0x0000707278bf3ea4: ; implicit exception: dispatches to 0x0000707278bfad0c
  0x0000707278bf3ea4: 483b 0248 

  0x0000707278bf3ea8: ;   {metadata(method data for {method} {0x000063c55055b330} 'transformSelectedNodes' '(Lorg/apache/xalan/transformer/TransformerImpl;)V' in 'org/apache/xalan/templates/ElemApplyTemplates')}
  0x0000707278bf3ea8: 8bf2 48bf | 2894 8150 | c563 0000 | 8b76 0849 | ba00 0000 | 5bc5 6300 | 0049 03f2 | 483b b768 
  0x0000707278bf3ec8: 1500 0075 | 0d48 8387 | 7015 0000 | 01e9 6000 | 0000 483b | b778 1500 | 0075 0d48 | 8387 8015 
  0x0000707278bf3ee8: 0000 01e9 | 4a00 0000 | 4883 bf68 | 1500 0000 | 7517 4889 | b768 1500 | 0048 c787 | 7015 0000 
  0x0000707278bf3f08: 0100 0000 | e929 0000 | 0048 83bf | 7815 0000 | 0075 1748 | 89b7 7815 | 0000 48c7 | 8780 1500 
  0x0000707278bf3f28: 0001 0000 | 00e9 0800 | 0000 4883 | 8758 1500 | 0001 488b | fa48 8b94 | 24f0 0000 | 0048 8bf7 
  0x0000707278bf3f48: 4889 bc24 | 2002 0000 | 0f1f 4400 | 0048 b8ff | ffff ffff 

  0x0000707278bf3f5c: ;   {virtual_call}
  0x0000707278bf3f5c: ffff ffe8 

  0x0000707278bf3f60: ; ImmutableOopMap {[224]=Oop [232]=Oop [240]=Oop [256]=Oop [280]=Oop [312]=Oop [344]=Oop [360]=Oop [368]=Oop [424]=Oop [432]=Oop [448]=Oop [504]=Oop [544]=Oop }
                      ;*invokevirtual execute {reexecute=0 rethrow=0 return_oop=0}
                      ; - org.apache.xalan.templates.ElemApplyTemplates::transformSelectedNodes@775 (line 395)
  0x0000707278bf3f60: fce0 0607 

  0x0000707278bf3f64: ;   {other}
  0x0000707278bf3f64: 0f1f 8400 | 545c 0029 | 488b 9424 | f000 0000 

  0x0000707278bf3f74: ;   {metadata(method data for {method} {0x000063c55055b330} 'transformSelectedNodes' '(Lorg/apache/xalan/transformer/TransformerImpl;)V' in 'org/apache/xalan/templates/ElemApplyTemplates')}
  0x0000707278bf3f74: 488b f248 | bf28 9481 | 50c5 6300 | 0048 8387 | f015 0000 

  0x0000707278bf3f88: ;   {metadata(method data for {method} {0x000063c550655c90} 'popElemTemplateElement' '()V' in 'org/apache/xalan/transformer/TransformerImpl')}
  0x0000707278bf3f88: 0148 be50 | 0381 50c5 | 6300 008b | bef4 0000 | 0083 c702 | 89be f400 | 0000 81e7 | feff 1f00 
  0x0000707278bf3fa8: 85ff 0f84 | 616d 0000 | 8b72 4c48 | 3b06 488b 

  0x0000707278bf3fb8: ;   {metadata(method data for {method} {0x000063c550655c90} 'popElemTemplateElement' '()V' in 'org/apache/xalan/transformer/TransformerImpl')}
  0x0000707278bf3fb8: fe48 bb50 | 0381 50c5 | 6300 0048 | 8383 5001 | 0000 010f 

  0x0000707278bf3fcc: ;   {optimized virtual_call}
  0x0000707278bf3fcc: 1f40 00e8 

  0x0000707278bf3fd0: ; ImmutableOopMap {[224]=Oop [232]=Oop [240]=Oop [256]=Oop [280]=Oop [312]=Oop [344]=Oop [360]=Oop [368]=Oop [424]=Oop [432]=Oop [448]=Oop [504]=Oop [544]=Oop }
                      ;*invokevirtual pop {reexecute=0 rethrow=0 return_oop=0}
                      ; - org.apache.xalan.transformer.TransformerImpl::popElemTemplateElement@4 (line 2632)
                      ; - org.apache.xalan.templates.ElemApplyTemplates::transformSelectedNodes@795 (line 399)
  0x0000707278bf3fd0: 6cd9 8707 

  0x0000707278bf3fd4: ;   {other}
  0x0000707278bf3fd4: 0f1f 8400 | c45c 002a 

  0x0000707278bf3fdc: ;   {metadata(method data for {method} {0x000063c55055b330} 'transformSelectedNodes' '(Lorg/apache/xalan/transformer/TransformerImpl;)V' in 'org/apache/xalan/templates/ElemApplyTemplates')}
  0x0000707278bf3fdc: 48ba 2894 | 8150 c563 | 0000 ff82 | a815 0000 | 488b 9424 | 2002 0000 

  0x0000707278bf3ff4: ;   {metadata(method data for {method} {0x000063c55055b330} 'transformSelectedNodes' '(Lorg/apache/xalan/transformer/TransformerImpl;)V' in 'org/apache/xalan/templates/ElemApplyTemplates')}
  0x0000707278bf3ff4: 8b52 4048 | be28 9481 | 50c5 6300 | 008b bef8 | 0000 0083 | c702 89be | f800 0000 | 81e7 fe3f 
  0x0000707278bf4014: 0000 85ff | 0f84 196d | 0000 4d8b | 9770 0700 

  0x0000707278bf4024: ; ImmutableOopMap {rdx=Oop [224]=Oop [232]=Oop [240]=Oop [256]=Oop [280]=Oop [312]=Oop [344]=Oop [360]=Oop [368]=Oop [424]=Oop [432]=Oop [448]=Oop [504]=Oop }
                      ;*goto {reexecute=1 rethrow=0 return_oop=0}
                      ; - (reexecute) org.apache.xalan.templates.ElemApplyTemplates::transformSelectedNodes@807 (line 389)
                      ;   {poll}
  0x0000707278bf4024: 0041 8502 

  0x0000707278bf4028: ;   {metadata(method data for {method} {0x000063c55055b330} 'transformSelectedNodes' '(Lorg/apache/xalan/transformer/TransformerImpl;)V' in 'org/apache/xalan/templates/ElemApplyTemplates')}
  0x0000707278bf4028: 48be 2894 | 8150 c563 | 0000 ff86 | 5016 0000 | e9db fbff | ff48 8bfb 

  0x0000707278bf4040: ;   {metadata(method data for {method} {0x000063c55055b330} 'transformSelectedNodes' '(Lorg/apache/xalan/transformer/TransformerImpl;)V' in 'org/apache/xalan/templates/ElemApplyTemplates')}
  0x0000707278bf4040: 488b f748 | bb28 9481 | 50c5 6300 | 0048 8383 | 8016 0000 | 010f be77 | 1583 e601 

  0x0000707278bf405c: ;   {metadata(method data for {method} {0x000063c55055b330} 'transformSelectedNodes' '(Lorg/apache/xalan/transformer/TransformerImpl;)V' in 'org/apache/xalan/templates/ElemApplyTemplates')}
  0x0000707278bf405c: 85f6 48be | 2894 8150 | c563 0000 | 48c7 c3a0 | 1600 0074 | 0748 c7c3 | b016 0000 | 488b 041e 
  0x0000707278bf407c: 488d 4001 | 4889 041e | 4889 9424 | 2002 0000 | 0f84 6a00 | 0000 488b 

  0x0000707278bf4094: ;   {metadata(method data for {method} {0x000063c55055b330} 'transformSelectedNodes' '(Lorg/apache/xalan/transformer/TransformerImpl;)V' in 'org/apache/xalan/templates/ElemApplyTemplates')}
  0x0000707278bf4094: f748 bb28 | 9481 50c5 

  0x0000707278bf409c: ;   {metadata('org/apache/xalan/transformer/TransformerImpl')}
  0x0000707278bf409c: 6300 0049 | bac8 0c0c | 5cc5 6300 | 004c 8993 | d016 0000 | 4883 83d8 | 1600 0001 | 8bb7 8400 
  0x0000707278bf40bc: 0000 483b | 0648 8bde 

  0x0000707278bf40c4: ;   {metadata(method data for {method} {0x000063c55055b330} 'transformSelectedNodes' '(Lorg/apache/xalan/transformer/TransformerImpl;)V' in 'org/apache/xalan/templates/ElemApplyTemplates')}
  0x0000707278bf40c4: 48b8 2894 | 8150 c563 

  0x0000707278bf40cc: ;   {metadata('org/apache/xalan/trace/TraceManager')}
  0x0000707278bf40cc: 0000 49ba | 7884 0e5c | c563 0000 | 4c89 9008 | 1700 0048 | 8380 1017 | 0000 0148 | 8b94 24f8 
  0x0000707278bf40ec: ;   {optimized virtual_call}
  0x0000707278bf40ec: 0100 00e8 

  0x0000707278bf40f0: ; ImmutableOopMap {[224]=Oop [232]=Oop [240]=Oop [256]=Oop [280]=Oop [312]=Oop [344]=Oop [360]=Oop [368]=Oop [424]=Oop [432]=Oop [448]=Oop [504]=Oop [544]=Oop }
                      ;*invokevirtual fireTraceEndEvent {reexecute=0 rethrow=0 return_oop=0}
                      ; - org.apache.xalan.templates.ElemApplyTemplates::transformSelectedNodes@823 (line 404)
  0x0000707278bf40f0: 8c0f 0707 

  0x0000707278bf40f4: ;   {other}
  0x0000707278bf40f4: 0f1f 8400 | e45d 002c | 488b b424 | f801 0000 | 8b56 4c85 

  0x0000707278bf4108: ;   {metadata(method data for {method} {0x000063c55055b330} 'transformSelectedNodes' '(Lorg/apache/xalan/transformer/TransformerImpl;)V' in 'org/apache/xalan/templates/ElemApplyTemplates')}
  0x0000707278bf4108: d248 ba28 | 9481 50c5 | 6300 0048 | c7c7 3017 | 0000 7e07 | 48c7 c740 | 1700 0048 | 8b1c 3a48 
  0x0000707278bf4128: 8d5b 0148 | 891c 3a48 | 89b4 24f8 | 0100 000f | 8e67 0000 | 0048 8b9c | 2400 0100 

  0x0000707278bf4144: ;   {metadata(method data for {method} {0x000063c55055b330} 'transformSelectedNodes' '(Lorg/apache/xalan/transformer/TransformerImpl;)V' in 'org/apache/xalan/templates/ElemApplyTemplates')}
  0x0000707278bf4144: 0048 ba28 | 9481 50c5 | 6300 0048 | 8382 6817 | 0000 018b | 9424 1802 | 0000 488b | b424 0001 
  0x0000707278bf4164: ;   {optimized virtual_call}
  0x0000707278bf4164: 0000 90e8 

  0x0000707278bf4168: ; ImmutableOopMap {[224]=Oop [232]=Oop [240]=Oop [256]=Oop [280]=Oop [312]=Oop [344]=Oop [360]=Oop [368]=Oop [424]=Oop [432]=Oop [448]=Oop [504]=Oop [544]=Oop }
                      ;*invokevirtual unlink {reexecute=0 rethrow=0 return_oop=0}
                      ; - org.apache.xalan.templates.ElemApplyTemplates::transformSelectedNodes@838 (line 423)
  0x0000707278bf4168: d474 8e07 

  0x0000707278bf416c: ;   {other}
  0x0000707278bf416c: 0f1f 8400 | 5c5e 002d | 488b bc24 | e000 0000 

  0x0000707278bf417c: ;   {metadata(method data for {method} {0x000063c55055b330} 'transformSelectedNodes' '(Lorg/apache/xalan/transformer/TransformerImpl;)V' in 'org/apache/xalan/templates/ElemApplyTemplates')}
  0x0000707278bf417c: 48be 2894 | 8150 c563 | 0000 4883 | 86a0 1700 | 0001 488b | b424 e000 

  0x0000707278bf4194: ;   {optimized virtual_call}
  0x0000707278bf4194: 0000 90e8 

  0x0000707278bf4198: ; ImmutableOopMap {[224]=Oop [232]=Oop [240]=Oop [256]=Oop [280]=Oop [312]=Oop [344]=Oop [360]=Oop [368]=Oop [424]=Oop [432]=Oop [448]=Oop [504]=Oop [544]=Oop }
                      ;*invokevirtual popRTFContext {reexecute=0 rethrow=0 return_oop=0}
                      ; - org.apache.xalan.templates.ElemApplyTemplates::transformSelectedNodes@842 (line 424)
  0x0000707278bf4198: 24bd 0b00 

  0x0000707278bf419c: ;   {other}
  0x0000707278bf419c: 0f1f 8400 | 8c5e 002e | 488b 9424 | f000 0000 

  0x0000707278bf41ac: ;   {metadata(method data for {method} {0x000063c55055b330} 'transformSelectedNodes' '(Lorg/apache/xalan/transformer/TransformerImpl;)V' in 'org/apache/xalan/templates/ElemApplyTemplates')}
  0x0000707278bf41ac: 488b f248 | bf28 9481 | 50c5 6300 | 0048 8387 | d817 0000 

  0x0000707278bf41c0: ;   {metadata(method data for {method} {0x000063c550656240} 'popCurrentMatched' '()V' in 'org/apache/xalan/transformer/TransformerImpl')}
  0x0000707278bf41c0: 0148 be30 | 1d81 50c5 | 6300 008b | bef4 0000 | 0083 c702 | 89be f400 | 0000 81e7 | feff 1f00 
  0x0000707278bf41e0: 85ff 0f84 | 756b 0000 | 8b72 5048 | 3b06 488b 

  0x0000707278bf41f0: ;   {metadata(method data for {method} {0x000063c550656240} 'popCurrentMatched' '()V' in 'org/apache/xalan/transformer/TransformerImpl')}
  0x0000707278bf41f0: fe48 bb30 | 1d81 50c5 | 6300 0048 | 8383 5001 | 0000 010f 

  0x0000707278bf4204: ;   {optimized virtual_call}
  0x0000707278bf4204: 1f40 00e8 

  0x0000707278bf4208: ; ImmutableOopMap {[224]=Oop [232]=Oop [240]=Oop [256]=Oop [280]=Oop [312]=Oop [344]=Oop [360]=Oop [368]=Oop [424]=Oop [432]=Oop [448]=Oop [504]=Oop [544]=Oop }
                      ;*invokevirtual pop {reexecute=0 rethrow=0 return_oop=0}
                      ; - org.apache.xalan.transformer.TransformerImpl::popCurrentMatched@4 (line 2738)
                      ; - org.apache.xalan.templates.ElemApplyTemplates::transformSelectedNodes@846 (line 427)
  0x0000707278bf4208: b44e 8807 

  0x0000707278bf420c: ;   {other}
  0x0000707278bf420c: 0f1f 8400 | fc5e 002f | 488b 9424 | f000 0000 | 8b72 5448 | 3b06 488b 

  0x0000707278bf4224: ;   {metadata(method data for {method} {0x000063c550656240} 'popCurrentMatched' '()V' in 'org/apache/xalan/transformer/TransformerImpl')}
  0x0000707278bf4224: fe48 bb30 | 1d81 50c5 | 6300 0048 | 8383 7001 

  0x0000707278bf4234: ;   {optimized virtual_call}
  0x0000707278bf4234: 0000 01e8 

  0x0000707278bf4238: ; ImmutableOopMap {[224]=Oop [232]=Oop [240]=Oop [256]=Oop [280]=Oop [312]=Oop [344]=Oop [360]=Oop [368]=Oop [424]=Oop [432]=Oop [448]=Oop [504]=Oop [544]=Oop }
                      ;*invokevirtual pop {reexecute=0 rethrow=0 return_oop=0}
                      ; - org.apache.xalan.transformer.TransformerImpl::popCurrentMatched@12 (line 2739)
                      ; - org.apache.xalan.templates.ElemApplyTemplates::transformSelectedNodes@846 (line 427)
  0x0000707278bf4238: 8499 8a07 

  0x0000707278bf423c: ;   {other}
  0x0000707278bf423c: 0f1f 8400 | 2c5f 0030 

  0x0000707278bf4244: ;   {metadata(method data for {method} {0x000063c55055b330} 'transformSelectedNodes' '(Lorg/apache/xalan/transformer/TransformerImpl;)V' in 'org/apache/xalan/templates/ElemApplyTemplates')}
  0x0000707278bf4244: 48ba 2894 | 8150 c563 | 0000 8b8a | f800 0000 | 83c1 0289 | 8af8 0000 | 0081 e1fe | 3f00 0085 
  0x0000707278bf4264: c90f 841d | 6b00 004d | 8b97 7007 

  0x0000707278bf4270: ; ImmutableOopMap {[224]=Oop [232]=Oop [240]=Oop [256]=Oop [280]=Oop [312]=Oop [344]=Oop [360]=Oop [368]=Oop [424]=Oop [432]=Oop [448]=Oop [504]=Oop [544]=Oop }
                      ;*goto {reexecute=1 rethrow=0 return_oop=0}
                      ; - (reexecute) org.apache.xalan.templates.ElemApplyTemplates::transformSelectedNodes@849 (line 429)
                      ;   {poll}
  0x0000707278bf4270: 0000 4185 

  0x0000707278bf4274: ;   {metadata(method data for {method} {0x000063c55055b330} 'transformSelectedNodes' '(Lorg/apache/xalan/transformer/TransformerImpl;)V' in 'org/apache/xalan/templates/ElemApplyTemplates')}
  0x0000707278bf4274: 0248 ba28 | 9481 50c5 | 6300 00ff | 82f8 1700 | 0048 8b8c | 24c0 0100 | 0048 898c | 24b8 0100 
  0x0000707278bf4294: 0048 8bbc | 2438 0100 | 00e9 8ece | ffff 4885 | c90f 8429 

  0x0000707278bf42a8: ;   {metadata('org/apache/xml/dtm/ref/sax2dtm/SAX2DTM')}
  0x0000707278bf42a8: 0000 0048 | bb48 bf0e | 5cc5 6300 | 008b 7908 | 49ba 0000 | 005b c563 | 0000 4903 | fa48 3b5f 
  0x0000707278bf42c8: 500f 85da | 6a00 00e9 | 0000 0000 | 4c8b c14c 

  0x0000707278bf42d8: ;   {metadata(method data for {method} {0x000063c55055b330} 'transformSelectedNodes' '(Lorg/apache/xalan/transformer/TransformerImpl;)V' in 'org/apache/xalan/templates/ElemApplyTemplates')}
  0x0000707278bf42d8: 8bc1 48be | 2894 8150 | c563 0000 | 458b 4008 | 49ba 0000 | 005b c563 | 0000 4d03 | c24c 3b86 
  0x0000707278bf42f8: e80e 0000 | 750d 4883 | 86f0 0e00 | 0001 e960 | 0000 004c | 3b86 f80e | 0000 750d | 4883 8600 
  0x0000707278bf4318: 0f00 0001 | e94a 0000 | 0048 83be | e80e 0000 | 0075 174c | 8986 e80e | 0000 48c7 | 86f0 0e00 
  0x0000707278bf4338: 0001 0000 | 00e9 2900 | 0000 4883 | bef8 0e00 | 0000 7517 | 4c89 86f8 | 0e00 0048 | c786 000f 
  0x0000707278bf4358: 0000 0100 | 0000 e908 | 0000 0048 | 8386 d80e | 0000 018b | 9424 a401 | 0000 488b | d948 8b8c 
  0x0000707278bf4378: 2470 0100 | 0041 b800 | 0000 0048 | 8bf3 4889 | 9c24 c001 

  0x0000707278bf438c: ;   {optimized virtual_call}
  0x0000707278bf438c: 0000 90e8 

  0x0000707278bf4390: ; ImmutableOopMap {[224]=Oop [232]=Oop [240]=Oop [256]=Oop [280]=Oop [312]=Oop [344]=Oop [360]=Oop [368]=Oop [424]=Oop [432]=Oop [448]=Oop [496]=Oop }
                      ;*invokeinterface dispatchCharactersEvents {reexecute=0 rethrow=0 return_oop=0}
                      ; - org.apache.xalan.templates.ElemApplyTemplates::transformSelectedNodes@517 (line 318)
  0x0000707278bf4390: 4c42 9007 

  0x0000707278bf4394: ;   {other}
  0x0000707278bf4394: 0f1f 8400 | 8460 0032 | 488b 9424 | f000 0000 

  0x0000707278bf43a4: ;   {metadata(method data for {method} {0x000063c55055b330} 'transformSelectedNodes' '(Lorg/apache/xalan/transformer/TransformerImpl;)V' in 'org/apache/xalan/templates/ElemApplyTemplates')}
  0x0000707278bf43a4: 48be 2894 | 8150 c563 | 0000 4883 | 8628 0f00 

  0x0000707278bf43b4: ;   {metadata(method data for {method} {0x000063c550656240} 'popCurrentMatched' '()V' in 'org/apache/xalan/transformer/TransformerImpl')}
  0x0000707278bf43b4: 0001 48be | 301d 8150 | c563 0000 | 8bbe f400 | 0000 83c7 | 0289 bef4 | 0000 0081 | e7fe ff1f 
  0x0000707278bf43d4: 0085 ff0f | 84d1 6900 | 0048 8b94 | 24f0 0000 | 008b 7250 

  0x0000707278bf43e8: ; implicit exception: dispatches to 0x0000707278bfadcf
  0x0000707278bf43e8: 483b 0648 

  0x0000707278bf43ec: ;   {metadata(method data for {method} {0x000063c550656240} 'popCurrentMatched' '()V' in 'org/apache/xalan/transformer/TransformerImpl')}
  0x0000707278bf43ec: 8bfe 48bb | 301d 8150 | c563 0000 | 4883 8350 | 0100 0001 | 0f1f 8000 

  0x0000707278bf4404: ;   {optimized virtual_call}
  0x0000707278bf4404: 0000 00e8 

  0x0000707278bf4408: ; ImmutableOopMap {[224]=Oop [232]=Oop [240]=Oop [256]=Oop [280]=Oop [312]=Oop [344]=Oop [360]=Oop [368]=Oop [424]=Oop [432]=Oop [448]=Oop [496]=Oop }
                      ;*invokevirtual pop {reexecute=0 rethrow=0 return_oop=0}
                      ; - org.apache.xalan.transformer.TransformerImpl::popCurrentMatched@4 (line 2738)
                      ; - org.apache.xalan.templates.ElemApplyTemplates::transformSelectedNodes@523 (line 319)
  0x0000707278bf4408: b44c 8807 

  0x0000707278bf440c: ;   {other}
  0x0000707278bf440c: 0f1f 8400 | fc60 0033 | 488b 9424 | f000 0000 | 8b72 5448 | 3b06 488b 

  0x0000707278bf4424: ;   {metadata(method data for {method} {0x000063c550656240} 'popCurrentMatched' '()V' in 'org/apache/xalan/transformer/TransformerImpl')}
  0x0000707278bf4424: fe48 bb30 | 1d81 50c5 | 6300 0048 | 8383 7001 

  0x0000707278bf4434: ;   {optimized virtual_call}
  0x0000707278bf4434: 0000 01e8 

  0x0000707278bf4438: ; ImmutableOopMap {[224]=Oop [232]=Oop [240]=Oop [256]=Oop [280]=Oop [312]=Oop [344]=Oop [360]=Oop [368]=Oop [424]=Oop [432]=Oop [448]=Oop [496]=Oop }
                      ;*invokevirtual pop {reexecute=0 rethrow=0 return_oop=0}
                      ; - org.apache.xalan.transformer.TransformerImpl::popCurrentMatched@12 (line 2739)
                      ; - org.apache.xalan.templates.ElemApplyTemplates::transformSelectedNodes@523 (line 319)
  0x0000707278bf4438: 8497 8a07 

  0x0000707278bf443c: ;   {other}
  0x0000707278bf443c: 0f1f 8400 | 2c61 0034 

  0x0000707278bf4444: ;   {metadata(method data for {method} {0x000063c55055b330} 'transformSelectedNodes' '(Lorg/apache/xalan/transformer/TransformerImpl;)V' in 'org/apache/xalan/templates/ElemApplyTemplates')}
  0x0000707278bf4444: 48ba 2894 | 8150 c563 | 0000 8bb2 | f800 0000 | 83c6 0289 | b2f8 0000 | 0081 e6fe | 3f00 0085 
  0x0000707278bf4464: f60f 846e | 6900 004d | 8b97 7007 

  0x0000707278bf4470: ; ImmutableOopMap {[224]=Oop [232]=Oop [240]=Oop [256]=Oop [280]=Oop [312]=Oop [344]=Oop [360]=Oop [368]=Oop [424]=Oop [432]=Oop [448]=Oop [496]=Oop }
                      ;*goto {reexecute=1 rethrow=0 return_oop=0}
                      ; - (reexecute) org.apache.xalan.templates.ElemApplyTemplates::transformSelectedNodes@526 (line 320)
                      ;   {poll}
  0x0000707278bf4470: 0000 4185 

  0x0000707278bf4474: ;   {metadata(method data for {method} {0x000063c55055b330} 'transformSelectedNodes' '(Lorg/apache/xalan/transformer/TransformerImpl;)V' in 'org/apache/xalan/templates/ElemApplyTemplates')}
  0x0000707278bf4474: 0248 ba28 | 9481 50c5 | 6300 00ff | 8248 0f00 | 0048 8b8c | 24c0 0100 | 0048 898c | 24b8 0100 
  0x0000707278bf4494: 0048 8bbc | 2438 0100 | 00e9 8ecc 

  0x0000707278bf44a0: ;   {metadata(method data for {method} {0x000063c55055b330} 'transformSelectedNodes' '(Lorg/apache/xalan/transformer/TransformerImpl;)V' in 'org/apache/xalan/templates/ElemApplyTemplates')}
  0x0000707278bf44a0: ffff 48ba | 2894 8150 | c563 0000 | 8bb2 f800 | 0000 83c6 | 0289 b2f8 | 0000 0081 | e6fe 3f00 
  0x0000707278bf44c0: 0085 f60f | 8431 6900 | 004d 8b97 

  0x0000707278bf44cc: ; ImmutableOopMap {[224]=Oop [232]=Oop [240]=Oop [256]=Oop [280]=Oop [312]=Oop [344]=Oop [360]=Oop [368]=Oop [424]=Oop [432]=Oop [448]=Oop [496]=Oop }
                      ;*goto {reexecute=1 rethrow=0 return_oop=0}
                      ; - (reexecute) org.apache.xalan.templates.ElemApplyTemplates::transformSelectedNodes@539 (line 327)
  0x0000707278bf44cc: 7007 0000 

  0x0000707278bf44d0: ;   {poll}
  0x0000707278bf44d0: 4185 0248 | ba28 9481 | 50c5 6300 | 00ff 82b0 | 0f00 0048 | 8b8c 24c0 | 0100 0048 | 898c 24b8 
  0x0000707278bf44f0: 0100 0048 | 8bbc 2438 | 0100 00e9 | 30cc ffff | 488b 8c24 | b801 0000 | 488b 9424 | f000 0000 
  0x0000707278bf4510: ;   {metadata(method data for {method} {0x000063c55055b330} 'transformSelectedNodes' '(Lorg/apache/xalan/transformer/TransformerImpl;)V' in 'org/apache/xalan/templates/ElemApplyTemplates')}
  0x0000707278bf4510: 488b f248 | bf28 9481 | 50c5 6300 | 0048 8387 | 2019 0000 | 010f be72 | 1583 e601 

  0x0000707278bf452c: ;   {metadata(method data for {method} {0x000063c55055b330} 'transformSelectedNodes' '(Lorg/apache/xalan/transformer/TransformerImpl;)V' in 'org/apache/xalan/templates/ElemApplyTemplates')}
  0x0000707278bf452c: 85f6 48be | 2894 8150 | c563 0000 | 48c7 c740 | 1900 0074 | 0748 c7c7 | 5019 0000 | 488b 043e 
  0x0000707278bf454c: 488d 4001 | 4889 043e | 4889 8c24 | b801 0000 | 0f84 0a07 | 0000 488b | b424 e800 | 0000 488b 
  0x0000707278bf456c: ;   {metadata(method data for {method} {0x000063c55055b330} 'transformSelectedNodes' '(Lorg/apache/xalan/transformer/TransformerImpl;)V' in 'org/apache/xalan/templates/ElemApplyTemplates')}
  0x0000707278bf456c: fa48 b828 | 9481 50c5 

  0x0000707278bf4574: ;   {metadata('org/apache/xalan/transformer/TransformerImpl')}
  0x0000707278bf4574: 6300 0049 | bac8 0c0c | 5cc5 6300 | 004c 8990 | 7019 0000 | 4883 8078 | 1900 0001 | 8b9a 8400 
  0x0000707278bf4594: 0000 4889 | 9c24 4002 | 0000 6690 

  0x0000707278bf45a0: ;   {no_reloc}
  0x0000707278bf45a0: e985 6800 | 0000 0000 | 0000 4c8b | ce49 8b87 | b804 0000 | 488d 4818 | 483b c80f | 8273 6800 
  0x0000707278bf45c0: 0049 3b8f | c004 0000 | 0f87 6668 | 0000 4989 | 8fb8 0400 | 0048 8bf8 | 48c1 ef06 | 49ba 0000 
  0x0000707278bf45e0: 40d4 c563 | 0000 458a | 143a 488b | c848 c1e9 | 0348 83e1 | 0748 c7c7 | 0100 0000 | 48d3 e74c 
  0x0000707278bf4600: 0bd7 488b | f848 c1ef | 0648 b900 | 0040 d4c5 | 6300 0044 | 8814 3949 | 8387 2802 | 0000 1849 
  0x0000707278bf4620: 8387 2802 | 0000 0048 | c700 0100 | 0000 488b | ca49 ba00 | 0000 5bc5 | 6300 0049 | 2bca 8948 
  0x0000707278bf4640: 0848 33c9 | 8948 0c48 | 33c9 4889 | 4810 4889 | 8424 3802 | 0000 418b | 7950 488b 

  0x0000707278bf465c: ;   {metadata(method data for {method} {0x000063c55055b330} 'transformSelectedNodes' '(Lorg/apache/xalan/transformer/TransformerImpl;)V' in 'org/apache/xalan/templates/ElemApplyTemplates')}
  0x0000707278bf465c: d048 b928 | 9481 50c5 | 6300 0048 | 8381 9819 

  0x0000707278bf466c: ;   {metadata(method data for {method} {0x000063c55065bd48} '<init>' '(Lorg/apache/xpath/Expression;)V' in 'org/apache/xpath/XPath')}
  0x0000707278bf466c: 0000 0148 | bae0 7882 | 50c5 6300 | 008b 8af4 | 0000 0083 | c102 898a | f400 0000 | 81e1 feff 
  0x0000707278bf468c: 1f00 85c9 | 0f84 ab67 | 0000 488b 

  0x0000707278bf4698: ;   {metadata(method data for {method} {0x000063c55065bd48} '<init>' '(Lorg/apache/xpath/Expression;)V' in 'org/apache/xpath/XPath')}
  0x0000707278bf4698: d048 b9e0 | 7882 50c5 | 6300 0048 | 8381 3801 

  0x0000707278bf46a8: ;   {metadata(method data for {method} {0x000063c55b4791f0} '<init>' '()V' in 'java/lang/Object')}
  0x0000707278bf46a8: 0000 0148 | bae0 7100 | 50c5 6300 | 008b 8af4 | 0000 0083 | c102 898a | f400 0000 | 81e1 feff 
  0x0000707278bf46c8: 1f00 85c9 | 0f84 9067 | 0000 488b 

  0x0000707278bf46d4: ;   {metadata(method data for {method} {0x000063c55065bd48} '<init>' '(Lorg/apache/xpath/Expression;)V' in 'org/apache/xpath/XPath')}
  0x0000707278bf46d4: d048 b9e0 | 7882 50c5 

  0x0000707278bf46dc: ;   {metadata('org/apache/xpath/XPath')}
  0x0000707278bf46dc: 6300 0049 | ba88 130c | 5cc5 6300 | 004c 8991 | 5801 0000 | 4883 8160 | 0100 0001 

  0x0000707278bf46f8: ;   {metadata(method data for {method} {0x000063c55065b6b0} 'setExpression' '(Lorg/apache/xpath/Expression;)V' in 'org/apache/xpath/XPath')}
  0x0000707278bf46f8: 48ba 2093 | 7050 c563 | 0000 8b8a | f400 0000 | 83c1 0289 | 8af4 0000 | 0081 e1fe | ff1f 0085 
  0x0000707278bf4718: c90f 8464 | 6700 008b | 500c 4885 

  0x0000707278bf4724: ;   {metadata(method data for {method} {0x000063c55065b6b0} 'setExpression' '(Lorg/apache/xpath/Expression;)V' in 'org/apache/xpath/XPath')}
  0x0000707278bf4724: d248 b920 | 9370 50c5 | 6300 0048 | c7c6 3801 | 0000 7407 | 48c7 c648 | 0100 004c | 8b2c 314d 
  0x0000707278bf4744: 8d6d 014c | 892c 310f | 8482 0200 | 0048 3b02 

  0x0000707278bf4754: ;   {metadata(method data for {method} {0x000063c55065b6b0} 'setExpression' '(Lorg/apache/xpath/Expression;)V' in 'org/apache/xpath/XPath')}
  0x0000707278bf4754: 488b ca48 | be20 9370 | 50c5 6300 | 008b 4908 | 49ba 0000 | 005b c563 | 0000 4903 | ca48 3b8e 
  0x0000707278bf4774: 6801 0000 | 750d 4883 | 8670 0100 | 0001 e960 | 0000 0048 | 3b8e 7801 | 0000 750d | 4883 8680 
  0x0000707278bf4794: 0100 0001 | e94a 0000 | 0048 83be | 6801 0000 | 0075 1748 | 898e 6801 | 0000 48c7 | 8670 0100 
  0x0000707278bf47b4: 0001 0000 | 00e9 2900 | 0000 4883 | be78 0100 | 0000 7517 | 4889 8e78 | 0100 0048 | c786 8001 
  0x0000707278bf47d4: 0000 0100 | 0000 e908 | 0000 0048 | 8386 5801 | 0000 0144 | 8b6a 0c48 | 3b07 488b 

  0x0000707278bf47f0: ;   {metadata(method data for {method} {0x000063c55065b6b0} 'setExpression' '(Lorg/apache/xpath/Expression;)V' in 'org/apache/xpath/XPath')}
  0x0000707278bf47f0: d748 b920 | 9370 50c5 | 6300 008b | 5208 49ba | 0000 005b | c563 0000 | 4903 d248 | 3b91 a001 
  0x0000707278bf4810: 0000 750d | 4883 81a8 | 0100 0001 | e960 0000 | 0048 3b91 | b001 0000 | 750d 4883 | 81b8 0100 
  0x0000707278bf4830: 0001 e94a | 0000 0048 | 83b9 a001 | 0000 0075 | 1748 8991 | a001 0000 | 48c7 81a8 | 0100 0001 
  0x0000707278bf4850: 0000 00e9 | 2900 0000 | 4883 b9b0 | 0100 0000 | 7517 4889 | 91b0 0100 | 0048 c781 | b801 0000 
  0x0000707278bf4870: 0100 0000 | e908 0000 | 0048 8381 | 9001 0000 

  0x0000707278bf4880: ;   {metadata(method data for {method} {0x000063c5504cf1d0} 'exprSetParent' '(Lorg/apache/xpath/ExpressionNode;)V' in 'org/apache/xpath/Expression')}
  0x0000707278bf4880: 0148 ba00 | be6f 50c5 | 6300 008b | 8af4 0000 | 0083 c102 | 898a f400 | 0000 81e1 | feff 1f00 
  0x0000707278bf48a0: 85c9 0f84 | 0666 0000 

  0x0000707278bf48a8: ;   {metadata(method data for {method} {0x000063c5504cf1d0} 'exprSetParent' '(Lorg/apache/xpath/ExpressionNode;)V' in 'org/apache/xpath/Expression')}
  0x0000707278bf48a8: 4c3b ef48 | ba00 be6f | 50c5 6300 | 0048 c7c1 | 3801 0000 | 7407 48c7 | c148 0100 | 0048 8b34 
  0x0000707278bf48c8: 0a48 8d76 | 0148 8934 | 0a0f 841a 

  0x0000707278bf48d4: ;   {metadata(method data for {method} {0x000063c5504cf1d0} 'exprSetParent' '(Lorg/apache/xpath/ExpressionNode;)V' in 'org/apache/xpath/Expression')}
  0x0000707278bf48d4: 0000 0048 | ba00 be6f | 50c5 6300 | 00ff 8258 | 0100 00ba | 0100 0000 | e905 0000 | 00ba 0000 
  0x0000707278bf48f4: 0000 4c89 | ac24 2802 | 0000 4c8b 

  0x0000707278bf4900: ;   {metadata(method data for {method} {0x000063c5504cf1d0} 'exprSetParent' '(Lorg/apache/xpath/ExpressionNode;)V' in 'org/apache/xpath/Expression')}
  0x0000707278bf4900: cf49 bb00 | be6f 50c5 | 6300 0045 | 8b49 0849 | ba00 0000 | 5bc5 6300 | 004d 03ca | 4d3b 8b80 
  0x0000707278bf4920: 0100 0075 | 0d49 8383 | 8801 0000 | 01e9 6000 | 0000 4d3b | 8b90 0100 | 0075 0d49 | 8383 9801 
  0x0000707278bf4940: 0000 01e9 | 4a00 0000 | 4983 bb80 | 0100 0000 | 7517 4d89 | 8b80 0100 | 0049 c783 | 8801 0000 
  0x0000707278bf4960: 0100 0000 | e929 0000 | 0049 83bb | 9001 0000 | 0075 174d | 898b 9001 | 0000 49c7 | 8398 0100 
  0x0000707278bf4980: 0001 0000 | 00e9 0800 | 0000 4983 | 8370 0100 

  0x0000707278bf4990: ;   {oop("Can not parent an expression to itself!"{0x0000000040f1c030})}
  0x0000707278bf4990: 0001 48b9 | 30c0 f140 | 0000 0000 | 488b f748 | 89bc 2430 

  0x0000707278bf49a4: ;   {optimized virtual_call}
  0x0000707278bf49a4: 0200 00e8 

  0x0000707278bf49a8: ; ImmutableOopMap {[224]=Oop [232]=Oop [240]=Oop [256]=Oop [280]=Oop [312]=Oop [344]=Oop [360]=Oop [368]=Oop [424]=Oop [432]=Oop [440]=Oop [552]=Oop [560]=Oop [568]=Oop [576]=Oop }
                      ;*invokevirtual assertion {reexecute=0 rethrow=0 return_oop=0}
                      ; - org.apache.xpath.Expression::exprSetParent@13 (line 476)
                      ; - org.apache.xpath.XPath::setExpression@16 (line 100)
                      ; - org.apache.xpath.XPath::<init>@11 (line 278)
                      ; - org.apache.xalan.templates.ElemApplyTemplates::transformSelectedNodes@917 (line 438)
  0x0000707278bf49a8: d406 0707 

  0x0000707278bf49ac: ;   {other}
  0x0000707278bf49ac: 0f1f 8400 | 9c66 0037 | 4c8b ac24 | 2802 0000 | 488b bc24 | 3002 0000 | 4d8b d544 | 8957 0c48 
  0x0000707278bf49cc: 8b84 2438 | 0200 004c | 8bd7 4489 | 500c 488b 

  0x0000707278bf49dc: ;   {metadata(method data for {method} {0x000063c55065bd48} '<init>' '(Lorg/apache/xpath/Expression;)V' in 'org/apache/xpath/XPath')}
  0x0000707278bf49dc: d048 bee0 | 7882 50c5 | 6300 0048 | 8386 8001 

  0x0000707278bf49ec: ;   {metadata(method data for {method} {0x000063c55065b470} 'initFunctionTable' '()V' in 'org/apache/xpath/XPath')}
  0x0000707278bf49ec: 0000 0148 | ba50 7c82 | 50c5 6300 | 008b b2f4 | 0000 0083 | c602 89b2 | f400 0000 | 81e6 feff 
  0x0000707278bf4a0c: 1f00 85f6 | 0f84 b964 

  0x0000707278bf4a14: ;   {metadata('org/apache/xpath/compiler/FunctionTable')}
  0x0000707278bf4a14: 0000 48ba | 58d2 015c | c563 0000 | 498b 87b8 | 0400 0048 | 8d48 1848 | 3bc8 0f82 | bc64 0000 
  0x0000707278bf4a34: 493b 8fc0 | 0400 000f | 87af 6400 | 0049 898f | b804 0000 | 488b f848 | c1ef 0649 | ba00 0040 
  0x0000707278bf4a54: d4c5 6300 | 0045 8a14 | 3a48 8bc8 | 48c1 e903 | 4883 e107 | 48c7 c701 | 0000 0048 | d3e7 4c0b 
  0x0000707278bf4a74: d748 8bf8 | 48c1 ef06 | 48b9 0000 | 40d4 c563 | 0000 4488 | 1439 4983 | 8728 0200 | 0018 4983 
  0x0000707278bf4a94: 8728 0200 | 0000 48c7 | 0001 0000 | 0048 8bca | 49ba 0000 | 005b c563 | 0000 492b | ca89 4808 
  0x0000707278bf4ab4: 4833 c989 | 480c 4833 | c948 8948 | 1048 8bf0 

  0x0000707278bf4ac4: ;   {metadata(method data for {method} {0x000063c55065b470} 'initFunctionTable' '()V' in 'org/apache/xpath/XPath')}
  0x0000707278bf4ac4: 48bf 507c | 8250 c563 | 0000 4883 | 8738 0100 | 0001 488b | f048 8984 | 2448 0200 | 0066 0f1f 
  0x0000707278bf4ae4: ;   {optimized virtual_call}
  0x0000707278bf4ae4: 4400 00e8 

  0x0000707278bf4ae8: ; ImmutableOopMap {[224]=Oop [232]=Oop [240]=Oop [256]=Oop [280]=Oop [312]=Oop [344]=Oop [360]=Oop [368]=Oop [424]=Oop [432]=Oop [440]=Oop [568]=Oop [576]=Oop [584]=Oop }
                      ;*invokespecial <init> {reexecute=0 rethrow=0 return_oop=0}
                      ; - org.apache.xpath.XPath::initFunctionTable@5 (line 62)
                      ; - org.apache.xpath.XPath::<init>@15 (line 279)
                      ; - org.apache.xalan.templates.ElemApplyTemplates::transformSelectedNodes@917 (line 438)
  0x0000707278bf4ae8: 9405 0707 

  0x0000707278bf4aec: ;   {other}
  0x0000707278bf4aec: 0f1f 8400 | dc67 0038 | 488b 9424 | 4802 0000 | 488b 8424 | 3802 0000 | 4c8b d244 | 8950 100f 
  0x0000707278bf4b0c: 1f44 0000 

  0x0000707278bf4b10: ;   {no_reloc}
  0x0000707278bf4b10: e9f7 6300 | 0000 0000 | 0000 498b | 87b8 0400 | 0048 8d48 | 2848 3bc8 | 0f82 e863 | 0000 493b 
  0x0000707278bf4b30: 8fc0 0400 | 000f 87db | 6300 0049 | 898f b804 | 0000 488b | f848 c1ef | 0649 ba00 | 0040 d4c5 
  0x0000707278bf4b50: 6300 0045 | 8a14 3a48 | 8bc8 48c1 | e903 4883 | e107 48c7 | c701 0000 | 0048 d3e7 | 4c0b d748 
  0x0000707278bf4b70: 8bf8 48c1 | ef06 48b9 | 0000 40d4 | c563 0000 | 4488 1439 | 4983 8728 | 0200 0028 | 4983 8728 
  0x0000707278bf4b90: 0200 0000 | 48c7 0001 | 0000 0048 | 8bca 49ba | 0000 005b | c563 0000 | 492b ca89 | 4808 4833 
  0x0000707278bf4bb0: c989 480c | 4833 c948 | 8948 1048 | 8948 1848 | 8948 2048 

  0x0000707278bf4bc4: ;   {metadata(method data for {method} {0x000063c55055b330} 'transformSelectedNodes' '(Lorg/apache/xalan/transformer/TransformerImpl;)V' in 'org/apache/xalan/templates/ElemApplyTemplates')}
  0x0000707278bf4bc4: 8bd0 48be | 2894 8150 | c563 0000 | 4883 86a8 | 1900 0001 | 488b 9424 | 3801 0000 | 488b f048 
  0x0000707278bf4be4: 8984 2450 | 0200 000f 

  0x0000707278bf4bec: ;   {optimized virtual_call}
  0x0000707278bf4bec: 1f40 00e8 

  0x0000707278bf4bf0: ; ImmutableOopMap {[224]=Oop [232]=Oop [240]=Oop [256]=Oop [280]=Oop [312]=Oop [344]=Oop [360]=Oop [368]=Oop [424]=Oop [432]=Oop [440]=Oop [568]=Oop [576]=Oop [592]=Oop }
                      ;*invokespecial <init> {reexecute=0 rethrow=0 return_oop=0}
                      ; - org.apache.xalan.templates.ElemApplyTemplates::transformSelectedNodes@926 (line 438)
  0x0000707278bf4bf0: 8c04 0707 

  0x0000707278bf4bf4: ;   {other}
  0x0000707278bf4bf4: 0f1f 8400 | e468 0039 | 488b 9c24 | 4002 0000 

  0x0000707278bf4c04: ; implicit exception: dispatches to 0x0000707278bfaf23
  0x0000707278bf4c04: 483b 0348 

  0x0000707278bf4c08: ;   {metadata(method data for {method} {0x000063c55055b330} 'transformSelectedNodes' '(Lorg/apache/xalan/transformer/TransformerImpl;)V' in 'org/apache/xalan/templates/ElemApplyTemplates')}
  0x0000707278bf4c08: 8bd3 48b9 | 2894 8150 | c563 0000 

  0x0000707278bf4c14: ;   {metadata('org/apache/xalan/trace/TraceManager')}
  0x0000707278bf4c14: 49ba 7884 | 0e5c c563 | 0000 4c89 | 91c8 1900 | 0048 8381 | d019 0000 

  0x0000707278bf4c2c: ;   {oop("select"{0x0000000040aa87b8})}
  0x0000707278bf4c2c: 0149 b8b8 | 87aa 4000 | 0000 008b | 9424 f800 | 0000 488b | 8c24 e800 | 0000 4c8b | 8c24 3802 
  0x0000707278bf4c4c: 0000 488b | bc24 5002 | 0000 488b | f366 0f1f 

  0x0000707278bf4c5c: ;   {optimized virtual_call}
  0x0000707278bf4c5c: 4400 00e8 

  0x0000707278bf4c60: ; ImmutableOopMap {[224]=Oop [232]=Oop [240]=Oop [256]=Oop [280]=Oop [312]=Oop [344]=Oop [360]=Oop [368]=Oop [424]=Oop [432]=Oop [440]=Oop }
                      ;*invokevirtual fireSelectedEndEvent {reexecute=0 rethrow=0 return_oop=0}
                      ; - org.apache.xalan.templates.ElemApplyTemplates::transformSelectedNodes@929 (line 438)
  0x0000707278bf4c60: 1c04 0707 

  0x0000707278bf4c64: ;   {other}
  0x0000707278bf4c64: 0f1f 8400 | 5469 003a | 8b8c 24fc | 0000 0085 

  0x0000707278bf4c74: ;   {metadata(method data for {method} {0x000063c55055b330} 'transformSelectedNodes' '(Lorg/apache/xalan/transformer/TransformerImpl;)V' in 'org/apache/xalan/templates/ElemApplyTemplates')}
  0x0000707278bf4c74: c948 ba28 | 9481 50c5 | 6300 0048 | c7c6 f019 | 0000 7e07 | 48c7 c600 | 1a00 0048 | 8b3c 3248 
  0x0000707278bf4c94: 8d7f 0148 | 893c 3289 | 8c24 fc00 | 0000 0f8e | 4c00 0000 | 488b 9c24 | 0001 0000 

  0x0000707278bf4cb0: ;   {metadata(method data for {method} {0x000063c55055b330} 'transformSelectedNodes' '(Lorg/apache/xalan/transformer/TransformerImpl;)V' in 'org/apache/xalan/templates/ElemApplyTemplates')}
  0x0000707278bf4cb0: 48ba 2894 | 8150 c563 

  0x0000707278bf4cb8: ;   {metadata('org/apache/xpath/VariableStack')}
  0x0000707278bf4cb8: 0000 49ba | a8de 0e5c | c563 0000 | 4c89 9220 | 1a00 0048 | 8382 281a | 0000 018b | 9424 1001 
  0x0000707278bf4cd8: 0000 488b | b424 0001 | 0000 0f1f 

  0x0000707278bf4ce4: ;   {optimized virtual_call}
  0x0000707278bf4ce4: 4400 00e8 

  0x0000707278bf4ce8: ; ImmutableOopMap {[224]=Oop [232]=Oop [240]=Oop [256]=Oop [280]=Oop [312]=Oop [344]=Oop [360]=Oop [368]=Oop [424]=Oop [432]=Oop [440]=Oop }
                      ;*invokevirtual unlink {reexecute=0 rethrow=0 return_oop=0}
                      ; - org.apache.xalan.templates.ElemApplyTemplates::transformSelectedNodes@941 (line 444)
  0x0000707278bf4ce8: 9403 0707 

  0x0000707278bf4cec: ;   {other}
  0x0000707278bf4cec: 0f1f 8400 | dc69 003b | 488b bc24 | e000 0000 

  0x0000707278bf4cfc: ;   {metadata(method data for {method} {0x000063c55055b330} 'transformSelectedNodes' '(Lorg/apache/xalan/transformer/TransformerImpl;)V' in 'org/apache/xalan/templates/ElemApplyTemplates')}
  0x0000707278bf4cfc: 488b f748 | bb28 9481 | 50c5 6300 | 0048 8383 | 601a 0000 

  0x0000707278bf4d10: ;   {metadata(method data for {method} {0x000063c5506aa268} 'popSAXLocator' '()V' in 'org/apache/xpath/XPathContext')}
  0x0000707278bf4d10: 0148 be50 | 1b81 50c5 | 6300 008b | 9ef4 0000 | 0083 c302 | 899e f400 | 0000 81e3 | feff 1f00 
  0x0000707278bf4d30: 85db 0f84 | f061 0000 | 8b77 2c48 | 3b06 488b 

  0x0000707278bf4d40: ;   {metadata(method data for {method} {0x000063c5506aa268} 'popSAXLocator' '()V' in 'org/apache/xpath/XPathContext')}
  0x0000707278bf4d40: de48 b850 | 1b81 50c5 | 6300 0048 | 8380 5001 | 0000 010f 

  0x0000707278bf4d54: ;   {optimized virtual_call}
  0x0000707278bf4d54: 1f40 00e8 

  0x0000707278bf4d58: ; ImmutableOopMap {[224]=Oop [232]=Oop [240]=Oop [256]=Oop [280]=Oop [312]=Oop [344]=Oop [360]=Oop [368]=Oop [424]=Oop [432]=Oop [440]=Oop }
                      ;*invokevirtual pop {reexecute=0 rethrow=0 return_oop=0}
                      ; - org.apache.xpath.XPathContext::popSAXLocator@4 (line 434)
                      ; - org.apache.xalan.templates.ElemApplyTemplates::transformSelectedNodes@945 (line 445)
  0x0000707278bf4d58: e4cb 8707 

  0x0000707278bf4d5c: ;   {other}
  0x0000707278bf4d5c: 0f1f 8400 | 4c6a 003c 

  0x0000707278bf4d64: ;   {metadata(method data for {method} {0x000063c55055b330} 'transformSelectedNodes' '(Lorg/apache/xalan/transformer/TransformerImpl;)V' in 'org/apache/xalan/templates/ElemApplyTemplates')}
  0x0000707278bf4d64: 48b8 2894 | 8150 c563 | 0000 ff80 | 901a 0000 | 488b bc24 | e000 0000 

  0x0000707278bf4d7c: ;   {metadata(method data for {method} {0x000063c55055b330} 'transformSelectedNodes' '(Lorg/apache/xalan/transformer/TransformerImpl;)V' in 'org/apache/xalan/templates/ElemApplyTemplates')}
  0x0000707278bf4d7c: 488b c748 | ba28 9481 | 50c5 6300 | 0048 8382 | a01a 0000 

  0x0000707278bf4d90: ;   {metadata(method data for {method} {0x000063c5506aafd0} 'popContextNodeList' '()V' in 'org/apache/xpath/XPathContext')}
  0x0000707278bf4d90: 0148 b868 | fc81 50c5 | 6300 008b | 90f4 0000 | 0083 c202 | 8990 f400 | 0000 81e2 | feff 1f00 
  0x0000707278bf4db0: 85d2 0f84 | 9661 0000 | 8b57 5048 | 3b02 488b 

  0x0000707278bf4dc0: ;   {metadata(method data for {method} {0x000063c5506aafd0} 'popContextNodeList' '()V' in 'org/apache/xpath/XPathContext')}
  0x0000707278bf4dc0: c248 be68 | fc81 50c5 | 6300 008b | 4008 49ba | 0000 005b | c563 0000 | 4903 c248 | 3b86 4801 
  0x0000707278bf4de0: 0000 750d | 4883 8650 | 0100 0001 | e960 0000 | 0048 3b86 | 5801 0000 | 750d 4883 | 8660 0100 
  0x0000707278bf4e00: 0001 e94a | 0000 0048 | 83be 4801 | 0000 0075 | 1748 8986 | 4801 0000 | 48c7 8650 | 0100 0001 
  0x0000707278bf4e20: 0000 00e9 | 2900 0000 | 4883 be58 | 0100 0000 | 7517 4889 | 8658 0100 | 0048 c786 | 6001 0000 
  0x0000707278bf4e40: 0100 0000 | e908 0000 | 0048 8386 | 3801 0000 | 0148 8db4 | 24d8 0300 | 0048 8956 | 0848 8b02 
  0x0000707278bf4e60: 4883 c801 | 4889 06f0 | 480f b132 | 0f84 1200 | 0000 482b | c448 2507 | f0ff ff48 | 8906 0f85 
  0x0000707278bf4e80: f060 0000 | 49ff 8768 

  0x0000707278bf4e88: ;   {metadata(method data for {method} {0x000063c5500fff00} 'isEmpty' '()Z' in 'java/util/Vector')}
  0x0000707278bf4e88: 0800 0048 | b858 fd1e | 50c5 6300 | 008b b0f4 | 0000 0083 | c602 89b0 | f400 0000 | 81e6 feff 
  0x0000707278bf4ea8: 1f00 85f6 | 0f84 d560 | 0000 8b42 

  0x0000707278bf4eb4: ;   {metadata(method data for {method} {0x000063c5500fff00} 'isEmpty' '()Z' in 'java/util/Vector')}
  0x0000707278bf4eb4: 1085 c048 | b858 fd1e | 50c5 6300 | 0048 c7c2 | 3801 0000 | 7507 48c7 | c248 0100 | 0048 8b34 
  0x0000707278bf4ed4: 1048 8d76 | 0148 8934 | 100f 851a 

  0x0000707278bf4ee0: ;   {metadata(method data for {method} {0x000063c5500fff00} 'isEmpty' '()Z' in 'java/util/Vector')}
  0x0000707278bf4ee0: 0000 0048 | b858 fd1e | 50c5 6300 | 00ff 8058 | 0100 00b8 | 0100 0000 | e905 0000 | 00b8 0000 
  0x0000707278bf4f00: 0000 488b | d083 e201 | 488d 8424 | d803 0000 | 488b 3048 | 85f6 0f84 | 0f00 0000 | 488b 5808 
  0x0000707278bf4f20: f048 0fb1 | 330f 857d | 6000 0049 | ff8f 6808 | 0000 85d2 

  0x0000707278bf4f34: ;   {metadata(method data for {method} {0x000063c5506aafd0} 'popContextNodeList' '()V' in 'org/apache/xpath/XPathContext')}
  0x0000707278bf4f34: 48ba 68fc | 8150 c563 | 0000 48c7 | c670 0100 | 0074 0748 | c7c6 8001 | 0000 488b | 1c32 488d 
  0x0000707278bf4f54: 5b01 4889 | 1c32 0f84 | d100 0000 

  0x0000707278bf4f60: ;   {oop(a 'java/lang/Class'{0x0000000040001608} = 'java/lang/System')}
  0x0000707278bf4f60: 48ba 0816 | 0040 0000 | 0000 8b72 | 7848 3b06 

  0x0000707278bf4f70: ;   {metadata(method data for {method} {0x000063c5506aafd0} 'popContextNodeList' '()V' in 'org/apache/xpath/XPathContext')}
  0x0000707278bf4f70: 488b d648 | bb68 fc81 | 50c5 6300 | 008b 5208 | 49ba 0000 | 005b c563 | 0000 4903 | d248 3b93 
  0x0000707278bf4f90: a001 0000 | 750d 4883 | 83a8 0100 | 0001 e960 | 0000 0048 | 3b93 b001 | 0000 750d | 4883 83b8 
  0x0000707278bf4fb0: 0100 0001 | e94a 0000 | 0048 83bb | a001 0000 | 0075 1748 | 8993 a001 | 0000 48c7 | 83a8 0100 
  0x0000707278bf4fd0: 0001 0000 | 00e9 2900 | 0000 4883 | bbb0 0100 | 0000 7517 | 4889 93b0 | 0100 0048 | c783 b801 
  0x0000707278bf4ff0: 0000 0100 | 0000 e908 | 0000 0048 | 8383 9001 

  0x0000707278bf5000: ;   {oop("Warning: popContextNodeList when stack is empty!"{0x0000000040a88d48})}
  0x0000707278bf5000: 0000 0148 | ba48 8da8 | 4000 0000 

  0x0000707278bf500c: ;   {optimized virtual_call}
  0x0000707278bf500c: 0066 90e8 

  0x0000707278bf5010: ; ImmutableOopMap {[224]=Oop [232]=Oop [240]=Oop [256]=Oop [280]=Oop [312]=Oop [344]=Oop [360]=Oop [368]=Oop [424]=Oop [432]=Oop [440]=Oop }
                      ;*invokevirtual println {reexecute=0 rethrow=0 return_oop=0}
                      ; - org.apache.xpath.XPathContext::popContextNodeList@15 (line 707)
                      ; - org.apache.xalan.templates.ElemApplyTemplates::transformSelectedNodes@954 (line 446)
  0x0000707278bf5010: 6c00 0707 

  0x0000707278bf5014: ;   {other}
  0x0000707278bf5014: 0f1f 8400 | 046d 003d 

  0x0000707278bf501c: ;   {metadata(method data for {method} {0x000063c5506aafd0} 'popContextNodeList' '()V' in 'org/apache/xpath/XPathContext')}
  0x0000707278bf501c: 48be 68fc | 8150 c563 | 0000 ff86 | c801 0000 | e92b 0000 | 008b 7750 

  0x0000707278bf5034: ; implicit exception: dispatches to 0x0000707278bfafc3
  0x0000707278bf5034: 483b 0648 

  0x0000707278bf5038: ;   {metadata(method data for {method} {0x000063c5506aafd0} 'popContextNodeList' '()V' in 'org/apache/xpath/XPathContext')}
  0x0000707278bf5038: 8bde 48b8 | 68fc 8150 | c563 0000 | 4883 80f8 | 0100 0001 

  0x0000707278bf504c: ;   {optimized virtual_call}
  0x0000707278bf504c: 6666 90e8 

  0x0000707278bf5050: ; ImmutableOopMap {[224]=Oop [232]=Oop [240]=Oop [256]=Oop [280]=Oop [312]=Oop [344]=Oop [360]=Oop [368]=Oop [424]=Oop [432]=Oop [440]=Oop }
                      ;*invokevirtual pop {reexecute=0 rethrow=0 return_oop=0}
                      ; - org.apache.xpath.XPathContext::popContextNodeList@25 (line 709)
                      ; - org.apache.xalan.templates.ElemApplyTemplates::transformSelectedNodes@954 (line 446)
  0x0000707278bf5050: 6c40 8807 

  0x0000707278bf5054: ;   {other}
  0x0000707278bf5054: 0f1f 8400 | 446d 003e | 488b 9424 | f000 0000 

  0x0000707278bf5064: ;   {metadata(method data for {method} {0x000063c55055b330} 'transformSelectedNodes' '(Lorg/apache/xalan/transformer/TransformerImpl;)V' in 'org/apache/xalan/templates/ElemApplyTemplates')}
  0x0000707278bf5064: 488b f248 | bb28 9481 | 50c5 6300 | 0048 8383 | f01a 0000 

  0x0000707278bf5078: ;   {metadata(method data for {method} {0x000063c550655c90} 'popElemTemplateElement' '()V' in 'org/apache/xalan/transformer/TransformerImpl')}
  0x0000707278bf5078: 0148 be50 | 0381 50c5 | 6300 008b | 9ef4 0000 | 0083 c302 | 899e f400 | 0000 81e3 | feff 1f00 
  0x0000707278bf5098: 85db 0f84 | 285f 0000 | 8b72 4c48 | 3b06 488b 

  0x0000707278bf50a8: ;   {metadata(method data for {method} {0x000063c550655c90} 'popElemTemplateElement' '()V' in 'org/apache/xalan/transformer/TransformerImpl')}
  0x0000707278bf50a8: de48 b850 | 0381 50c5 | 6300 0048 | 8380 5001 | 0000 010f 

  0x0000707278bf50bc: ;   {optimized virtual_call}
  0x0000707278bf50bc: 1f40 00e8 

  0x0000707278bf50c0: ; ImmutableOopMap {[224]=Oop [232]=Oop [240]=Oop [256]=Oop [280]=Oop [312]=Oop [344]=Oop [360]=Oop [368]=Oop [424]=Oop [432]=Oop [440]=Oop }
                      ;*invokevirtual pop {reexecute=0 rethrow=0 return_oop=0}
                      ; - org.apache.xalan.transformer.TransformerImpl::popElemTemplateElement@4 (line 2632)
                      ; - org.apache.xalan.templates.ElemApplyTemplates::transformSelectedNodes@958 (line 447)
  0x0000707278bf50c0: 7cc8 8707 

  0x0000707278bf50c4: ;   {other}
  0x0000707278bf50c4: 0f1f 8400 | b46d 003f | 488b bc24 | e000 0000 

  0x0000707278bf50d4: ;   {metadata(method data for {method} {0x000063c55055b330} 'transformSelectedNodes' '(Lorg/apache/xalan/transformer/TransformerImpl;)V' in 'org/apache/xalan/templates/ElemApplyTemplates')}
  0x0000707278bf50d4: 48be 2894 | 8150 c563 | 0000 4883 | 8610 1b00 

  0x0000707278bf50e4: ;   {metadata(method data for {method} {0x000063c5506ac060} 'popCurrentExpressionNode' '()V' in 'org/apache/xpath/XPathContext')}
  0x0000707278bf50e4: 0001 48be | 985e 8150 | c563 0000 | 8bbe f400 | 0000 83c7 | 0289 bef4 | 0000 0081 | e7fe ff1f 
  0x0000707278bf5104: 0085 ff0f | 84e1 5e00 | 0048 8bbc | 24e0 0000 | 008b 7760 

  0x0000707278bf5118: ; implicit exception: dispatches to 0x0000707278bfb00f
  0x0000707278bf5118: 483b 0648 

  0x0000707278bf511c: ;   {metadata(method data for {method} {0x000063c5506ac060} 'popCurrentExpressionNode' '()V' in 'org/apache/xpath/XPathContext')}
  0x0000707278bf511c: 8bde 48b8 | 985e 8150 | c563 0000 | 4883 8038 | 0100 0001 

  0x0000707278bf5130: ;   {metadata(method data for {method} {0x000063c550648710} 'quickPop' '(I)V' in 'org/apache/xml/utils/IntStack')}
  0x0000707278bf5130: 48bb 680f | 7e50 c563 | 0000 8b83 | f400 0000 | 83c0 0289 | 83f4 0000 | 0025 feff | 1f00 85c0 
  0x0000707278bf5150: 0f84 be5e | 0000 8b5e | 10ff cb89 | 5e10 488b 

  0x0000707278bf5160: ;   {metadata(method data for {method} {0x000063c55055b330} 'transformSelectedNodes' '(Lorg/apache/xalan/transformer/TransformerImpl;)V' in 'org/apache/xalan/templates/ElemApplyTemplates')}
  0x0000707278bf5160: f748 bb28 | 9481 50c5 | 6300 0048 | 8383 481b 

  0x0000707278bf5170: ;   {metadata(method data for {method} {0x000063c5506ab680} 'popCurrentNode' '()V' in 'org/apache/xpath/XPathContext')}
  0x0000707278bf5170: 0000 0148 | be60 5280 | 50c5 6300 | 008b 9ef4 | 0000 0083 | c302 899e | f400 0000 | 81e3 feff 
  0x0000707278bf5190: 1f00 85db | 0f84 9b5e | 0000 8b77 | 5448 3b06 

  0x0000707278bf51a0: ;   {metadata(method data for {method} {0x000063c5506ab680} 'popCurrentNode' '()V' in 'org/apache/xpath/XPathContext')}
  0x0000707278bf51a0: 488b de48 | b860 5280 | 50c5 6300 | 0048 8380 | 3801 0000 

  0x0000707278bf51b4: ;   {metadata(method data for {method} {0x000063c550648710} 'quickPop' '(I)V' in 'org/apache/xml/utils/IntStack')}
  0x0000707278bf51b4: 0148 bb68 | 0f7e 50c5 | 6300 008b | 83f4 0000 | 0083 c002 | 8983 f400 | 0000 25fe | ff1f 0085 
  0x0000707278bf51d4: c00f 8480 | 5e00 008b | 5e10 ffcb | 895e 1048 | 8b84 2438 

  0x0000707278bf51e8: ;   {metadata(method data for {method} {0x000063c55055b330} 'transformSelectedNodes' '(Lorg/apache/xalan/transformer/TransformerImpl;)V' in 'org/apache/xalan/templates/ElemApplyTemplates')}
  0x0000707278bf51e8: 0100 0048 | be28 9481 | 50c5 6300 | 008b 4008 | 49ba 0000 | 005b c563 | 0000 4903 | c248 3b86 
  0x0000707278bf5208: 901b 0000 | 750d 4883 | 8698 1b00 | 0001 e960 | 0000 0048 | 3b86 a01b | 0000 750d | 4883 86a8 
  0x0000707278bf5228: 1b00 0001 | e94a 0000 | 0048 83be | 901b 0000 | 0075 1748 | 8986 901b | 0000 48c7 | 8698 1b00 
  0x0000707278bf5248: 0001 0000 | 00e9 2900 | 0000 4883 | bea0 1b00 | 0000 7517 | 4889 86a0 | 1b00 0048 | c786 a81b 
  0x0000707278bf5268: 0000 0100 | 0000 e908 | 0000 0048 | 8386 801b | 0000 0148 | 8bb4 2438 | 0100 0066 | 9048 b808 
  0x0000707278bf5288: f501 5cc5 

  0x0000707278bf528c: ;   {virtual_call}
  0x0000707278bf528c: 6300 00e8 

  0x0000707278bf5290: ; ImmutableOopMap {[224]=Oop [232]=Oop [240]=Oop [256]=Oop [280]=Oop [312]=Oop [344]=Oop [360]=Oop [368]=Oop [424]=Oop [432]=Oop [440]=Oop }
                      ;*invokeinterface detach {reexecute=0 rethrow=0 return_oop=0}
                      ; - org.apache.xalan.templates.ElemApplyTemplates::transformSelectedNodes@971 (line 450)
  0x0000707278bf5290: cc84 9207 

  0x0000707278bf5294: ;   {other}
  0x0000707278bf5294: 0f1f 8400 | 846f 0040 | e96e 1000 | 0048 8b94 | 24f0 0000 | 0049 8b87 | 1808 0000 | 4d33 d24d 
  0x0000707278bf52b4: 8997 1808 | 0000 4d33 | d24d 8997 | 2008 0000 | 488b d848 

  0x0000707278bf52c8: ;   {metadata(method data for {method} {0x000063c55055b330} 'transformSelectedNodes' '(Lorg/apache/xalan/transformer/TransformerImpl;)V' in 'org/apache/xalan/templates/ElemApplyTemplates')}
  0x0000707278bf52c8: 8bf2 48bf | 2894 8150 | c563 0000 

  0x0000707278bf52d4: ;   {metadata('org/apache/xalan/transformer/TransformerImpl')}
  0x0000707278bf52d4: 49ba c80c | 0c5c c563 | 0000 4c89 | 9750 1800 | 0048 8387 | 5818 0000 | 0144 8b82 | 8000 0000 
  0x0000707278bf52f4: ;   {metadata('javax/xml/transform/TransformerException')}
  0x0000707278bf52f4: 48ba 9030 | 015c c563 | 0000 498b | 87b8 0400 | 0048 8d48 | 3048 3bc8 | 0f82 6a5d | 0000 493b 
  0x0000707278bf5314: 8fc0 0400 | 000f 875d | 5d00 0049 | 898f b804 | 0000 488b | f848 c1ef | 0649 ba00 | 0040 d4c5 
  0x0000707278bf5334: 6300 0045 | 8a14 3a48 | 8bc8 48c1 | e903 4883 | e107 48c7 | c701 0000 | 0048 d3e7 | 4c0b d748 
  0x0000707278bf5354: 8bf8 48c1 | ef06 48b9 | 0000 40d4 | c563 0000 | 4488 1439 | 4983 8728 | 0200 0030 | 4983 8728 
  0x0000707278bf5374: 0200 0000 | 48c7 0001 | 0000 0048 | 8bca 49ba | 0000 005b | c563 0000 | 492b ca89 | 4808 4833 
  0x0000707278bf5394: c989 480c | 4833 c948 | 8948 1048 | 8948 1848 | 8948 2048 | 8948 2848 

  0x0000707278bf53ac: ;   {metadata(method data for {method} {0x000063c55055b330} 'transformSelectedNodes' '(Lorg/apache/xalan/transformer/TransformerImpl;)V' in 'org/apache/xalan/templates/ElemApplyTemplates')}
  0x0000707278bf53ac: 8bd0 48be | 2894 8150 | c563 0000 | 4883 8678 | 1800 0001 | 488b d348 | 8bf0 4889 | 8424 6002 
  0x0000707278bf53cc: 0000 4c89 | 8424 5802 

  0x0000707278bf53d4: ;   {optimized virtual_call}
  0x0000707278bf53d4: 0000 90e8 

  0x0000707278bf53d8: ; ImmutableOopMap {[224]=Oop [232]=Oop [240]=Oop [256]=Oop [280]=Oop [312]=Oop [344]=Oop [360]=Oop [368]=Oop [424]=Oop [432]=Oop [448]=Oop [504]=Oop [544]=Oop [600]=Oop [608]=Oop }
                      ;*invokespecial <init> {reexecute=0 rethrow=0 return_oop=0}
                      ; - org.apache.xalan.templates.ElemApplyTemplates::transformSelectedNodes@870 (line 433)
  0x0000707278bf53d8: a4fc 0607 

  0x0000707278bf53dc: ;   {other}
  0x0000707278bf53dc: 0f1f 8400 | cc70 0041 | 4c8b 8424 | 5802 0000 

  0x0000707278bf53ec: ; implicit exception: dispatches to 0x0000707278bfb089
  0x0000707278bf53ec: 493b 0049 

  0x0000707278bf53f0: ;   {metadata(method data for {method} {0x000063c55055b330} 'transformSelectedNodes' '(Lorg/apache/xalan/transformer/TransformerImpl;)V' in 'org/apache/xalan/templates/ElemApplyTemplates')}
  0x0000707278bf53f0: 8bd0 48be | 2894 8150 | c563 0000 | 8b52 0849 | ba00 0000 | 5bc5 6300 | 0049 03d2 | 483b 9698 
  0x0000707278bf5410: 1800 0075 | 0d48 8386 | a018 0000 | 01e9 6000 | 0000 483b | 96a8 1800 | 0075 0d48 | 8386 b018 
  0x0000707278bf5430: 0000 01e9 | 4a00 0000 | 4883 be98 | 1800 0000 | 7517 4889 | 9698 1800 | 0048 c786 | a018 0000 
  0x0000707278bf5450: 0100 0000 | e929 0000 | 0048 83be | a818 0000 | 0075 1748 | 8996 a818 | 0000 48c7 | 86b0 1800 
  0x0000707278bf5470: 0001 0000 | 00e9 0800 | 0000 4883 | 8688 1800 | 0001 488b | 9424 6002 | 0000 498b | f048 b8ff 
  0x0000707278bf5490: ffff ffff 

  0x0000707278bf5494: ;   {virtual_call}
  0x0000707278bf5494: ffff ffe8 

  0x0000707278bf5498: ; ImmutableOopMap {[224]=Oop [232]=Oop [240]=Oop [256]=Oop [280]=Oop [312]=Oop [344]=Oop [360]=Oop [368]=Oop [424]=Oop [432]=Oop [448]=Oop [504]=Oop [544]=Oop }
                      ;*invokeinterface fatalError {reexecute=0 rethrow=0 return_oop=0}
                      ; - org.apache.xalan.templates.ElemApplyTemplates::transformSelectedNodes@873 (line 433)
  0x0000707278bf5498: e4fe 0607 

  0x0000707278bf549c: ;   {other}
  0x0000707278bf549c: 0f1f 8400 | 8c71 0042 | 488b 9424 | f000 0000 

  0x0000707278bf54ac: ;   {metadata(method data for {method} {0x000063c55055b330} 'transformSelectedNodes' '(Lorg/apache/xalan/transformer/TransformerImpl;)V' in 'org/apache/xalan/templates/ElemApplyTemplates')}
  0x0000707278bf54ac: 488b f248 | bf28 9481 | 50c5 6300 | 0048 8387 | 2019 0000 | 010f be72 | 1583 e601 

  0x0000707278bf54c8: ;   {metadata(method data for {method} {0x000063c55055b330} 'transformSelectedNodes' '(Lorg/apache/xalan/transformer/TransformerImpl;)V' in 'org/apache/xalan/templates/ElemApplyTemplates')}
  0x0000707278bf54c8: 85f6 48be | 2894 8150 | c563 0000 | 48c7 c740 | 1900 0074 | 0748 c7c7 | 5019 0000 | 488b 043e 
  0x0000707278bf54e8: 488d 4001 | 4889 043e | 0f84 4604 | 0000 488b | b424 e800 | 0000 488b 

  0x0000707278bf5500: ;   {metadata(method data for {method} {0x000063c55055b330} 'transformSelectedNodes' '(Lorg/apache/xalan/transformer/TransformerImpl;)V' in 'org/apache/xalan/templates/ElemApplyTemplates')}
  0x0000707278bf5500: fa48 b828 | 9481 50c5 

  0x0000707278bf5508: ;   {metadata('org/apache/xalan/transformer/TransformerImpl')}
  0x0000707278bf5508: 6300 0049 | bac8 0c0c | 5cc5 6300 | 004c 8990 | 7019 0000 | 4883 8078 | 1900 0001 | 8b9a 8400 
  0x0000707278bf5528: 0000 660f | 1f44 0000 

  0x0000707278bf5530: ;   {no_reloc}
  0x0000707278bf5530: e968 5b00 | 0000 0000 | 0000 4c8b | ce49 8b87 | b804 0000 | 488d 4818 | 483b c80f | 8256 5b00 
  0x0000707278bf5550: 0049 3b8f | c004 0000 | 0f87 495b | 0000 4989 | 8fb8 0400 | 0048 8bf8 | 48c1 ef06 | 49ba 0000 
  0x0000707278bf5570: 40d4 c563 | 0000 458a | 143a 488b | c848 c1e9 | 0348 83e1 | 0748 c7c7 | 0100 0000 | 48d3 e74c 
  0x0000707278bf5590: 0bd7 488b | f848 c1ef | 0648 b900 | 0040 d4c5 | 6300 0044 | 8814 3949 | 8387 2802 | 0000 1849 
  0x0000707278bf55b0: 8387 2802 | 0000 0048 | c700 0100 | 0000 488b | ca49 ba00 | 0000 5bc5 | 6300 0049 | 2bca 8948 
  0x0000707278bf55d0: 0848 33c9 | 8948 0c48 | 33c9 4889 | 4810 4889 | 8424 6802 | 0000 418b | 5150 488b 

  0x0000707278bf55ec: ;   {metadata(method data for {method} {0x000063c55055b330} 'transformSelectedNodes' '(Lorg/apache/xalan/transformer/TransformerImpl;)V' in 'org/apache/xalan/templates/ElemApplyTemplates')}
  0x0000707278bf55ec: f048 bf28 | 9481 50c5 | 6300 0048 | 8387 9819 

  0x0000707278bf55fc: ;   {metadata(method data for {method} {0x000063c55065bd48} '<init>' '(Lorg/apache/xpath/Expression;)V' in 'org/apache/xpath/XPath')}
  0x0000707278bf55fc: 0000 0148 | bee0 7882 | 50c5 6300 | 008b bef4 | 0000 0083 | c702 89be | f400 0000 | 81e7 feff 
  0x0000707278bf561c: 1f00 85ff | 0f84 8e5a | 0000 488b 

  0x0000707278bf5628: ;   {metadata(method data for {method} {0x000063c55065bd48} '<init>' '(Lorg/apache/xpath/Expression;)V' in 'org/apache/xpath/XPath')}
  0x0000707278bf5628: f048 bfe0 | 7882 50c5 | 6300 0048 | 8387 3801 

  0x0000707278bf5638: ;   {metadata(method data for {method} {0x000063c55b4791f0} '<init>' '()V' in 'java/lang/Object')}
  0x0000707278bf5638: 0000 0148 | bee0 7100 | 50c5 6300 | 008b bef4 | 0000 0083 | c702 89be | f400 0000 | 81e7 feff 
  0x0000707278bf5658: 1f00 85ff | 0f84 735a | 0000 488b 

  0x0000707278bf5664: ;   {metadata(method data for {method} {0x000063c55065bd48} '<init>' '(Lorg/apache/xpath/Expression;)V' in 'org/apache/xpath/XPath')}
  0x0000707278bf5664: f048 bfe0 | 7882 50c5 

  0x0000707278bf566c: ;   {metadata('org/apache/xpath/XPath')}
  0x0000707278bf566c: 6300 0049 | ba88 130c | 5cc5 6300 | 004c 8997 | 5801 0000 | 4883 8760 | 0100 0001 | 488b f048 
  0x0000707278bf568c: 899c 2470 | 0200 000f 

  0x0000707278bf5694: ;   {optimized virtual_call}
  0x0000707278bf5694: 1f40 00e8 

  0x0000707278bf5698: ; ImmutableOopMap {[224]=Oop [232]=Oop [240]=Oop [256]=Oop [280]=Oop [312]=Oop [344]=Oop [360]=Oop [368]=Oop [424]=Oop [432]=Oop [448]=Oop [504]=Oop [544]=Oop [616]=Oop [624]=Oop }
                      ;*invokevirtual setExpression {reexecute=0 rethrow=0 return_oop=0}
                      ; - org.apache.xpath.XPath::<init>@11 (line 278)
                      ; - org.apache.xalan.templates.ElemApplyTemplates::transformSelectedNodes@917 (line 438)
  0x0000707278bf5698: e4f9 0607 

  0x0000707278bf569c: ;   {other}
  0x0000707278bf569c: 0f1f 8400 | 8c73 0043 | 488b 8424 | 6802 0000 

  0x0000707278bf56ac: ;   {metadata(method data for {method} {0x000063c55065bd48} '<init>' '(Lorg/apache/xpath/Expression;)V' in 'org/apache/xpath/XPath')}
  0x0000707278bf56ac: 48ba e078 | 8250 c563 | 0000 4883 | 8280 0100 

  0x0000707278bf56bc: ;   {metadata(method data for {method} {0x000063c55065b470} 'initFunctionTable' '()V' in 'org/apache/xpath/XPath')}
  0x0000707278bf56bc: 0001 48ba | 507c 8250 | c563 0000 | 8bb2 f400 | 0000 83c6 | 0289 b2f4 | 0000 0081 | e6fe ff1f 
  0x0000707278bf56dc: 0085 f60f | 8411 5a00 

  0x0000707278bf56e4: ;   {metadata('org/apache/xpath/compiler/FunctionTable')}
  0x0000707278bf56e4: 0048 ba58 | d201 5cc5 | 6300 0049 | 8b87 b804 | 0000 488d | 4818 483b | c80f 8214 | 5a00 0049 
  0x0000707278bf5704: 3b8f c004 | 0000 0f87 | 075a 0000 | 4989 8fb8 | 0400 0048 | 8bf8 48c1 | ef06 49ba | 0000 40d4 
  0x0000707278bf5724: c563 0000 | 458a 143a | 488b c848 | c1e9 0348 | 83e1 0748 | c7c7 0100 | 0000 48d3 | e74c 0bd7 
  0x0000707278bf5744: 488b f848 | c1ef 0648 | b900 0040 | d4c5 6300 | 0044 8814 | 3949 8387 | 2802 0000 | 1849 8387 
  0x0000707278bf5764: 2802 0000 | 0048 c700 | 0100 0000 | 488b ca49 | ba00 0000 | 5bc5 6300 | 0049 2bca | 8948 0848 
  0x0000707278bf5784: 33c9 8948 | 0c48 33c9 | 4889 4810 

  0x0000707278bf5790: ;   {metadata(method data for {method} {0x000063c55065b470} 'initFunctionTable' '()V' in 'org/apache/xpath/XPath')}
  0x0000707278bf5790: 488b f048 | bf50 7c82 | 50c5 6300 | 0048 8387 | 3801 0000 | 0148 8bf0 | 4889 8424 | 7802 0000 
  0x0000707278bf57b0: 0f1f 8000 

  0x0000707278bf57b4: ;   {optimized virtual_call}
  0x0000707278bf57b4: 0000 00e8 

  0x0000707278bf57b8: ; ImmutableOopMap {[224]=Oop [232]=Oop [240]=Oop [256]=Oop [280]=Oop [312]=Oop [344]=Oop [360]=Oop [368]=Oop [424]=Oop [432]=Oop [448]=Oop [504]=Oop [544]=Oop [616]=Oop [624]=Oop [632]=Oop }
                      ;*invokespecial <init> {reexecute=0 rethrow=0 return_oop=0}
                      ; - org.apache.xpath.XPath::initFunctionTable@5 (line 62)
                      ; - org.apache.xpath.XPath::<init>@15 (line 279)
                      ; - org.apache.xalan.templates.ElemApplyTemplates::transformSelectedNodes@917 (line 438)
  0x0000707278bf57b8: c4f8 0607 

  0x0000707278bf57bc: ;   {other}
  0x0000707278bf57bc: 0f1f 8400 | ac74 0044 | 488b 9c24 | 6802 0000 | 488b 8424 | 7802 0000 | 4c8b d044 | 8953 100f 
  0x0000707278bf57dc: 1f44 0000 

  0x0000707278bf57e0: ;   {no_reloc}
  0x0000707278bf57e0: e94e 5900 | 0000 0000 | 0000 498b | 87b8 0400 | 0048 8d48 | 2848 3bc8 | 0f82 3f59 | 0000 493b 
  0x0000707278bf5800: 8fc0 0400 | 000f 8732 | 5900 0049 | 898f b804 | 0000 488b | f848 c1ef | 0649 ba00 | 0040 d4c5 
  0x0000707278bf5820: 6300 0045 | 8a14 3a48 | 8bc8 48c1 | e903 4883 | e107 48c7 | c701 0000 | 0048 d3e7 | 4c0b d748 
  0x0000707278bf5840: 8bf8 48c1 | ef06 48b9 | 0000 40d4 | c563 0000 | 4488 1439 | 4983 8728 | 0200 0028 | 4983 8728 
  0x0000707278bf5860: 0200 0000 | 48c7 0001 | 0000 0048 | 8bca 49ba | 0000 005b | c563 0000 | 492b ca89 | 4808 4833 
  0x0000707278bf5880: c989 480c | 4833 c948 | 8948 1048 | 8948 1848 | 8948 2048 

  0x0000707278bf5894: ;   {metadata(method data for {method} {0x000063c55055b330} 'transformSelectedNodes' '(Lorg/apache/xalan/transformer/TransformerImpl;)V' in 'org/apache/xalan/templates/ElemApplyTemplates')}
  0x0000707278bf5894: 8bd0 48be | 2894 8150 | c563 0000 | 4883 86a8 | 1900 0001 | 488b 9424 | 3801 0000 | 488b f048 
  0x0000707278bf58b4: 8984 2480 | 0200 000f 

  0x0000707278bf58bc: ;   {optimized virtual_call}
  0x0000707278bf58bc: 1f40 00e8 

  0x0000707278bf58c0: ; ImmutableOopMap {[224]=Oop [232]=Oop [240]=Oop [256]=Oop [280]=Oop [312]=Oop [344]=Oop [360]=Oop [368]=Oop [424]=Oop [432]=Oop [448]=Oop [504]=Oop [544]=Oop [616]=Oop [624]=Oop [640]=Oop }
                      ;*invokespecial <init> {reexecute=0 rethrow=0 return_oop=0}
                      ; - org.apache.xalan.templates.ElemApplyTemplates::transformSelectedNodes@926 (line 438)
  0x0000707278bf58c0: bcf7 0607 

  0x0000707278bf58c4: ;   {other}
  0x0000707278bf58c4: 0f1f 8400 | b475 0045 | 488b 9c24 | 7002 0000 

  0x0000707278bf58d4: ; implicit exception: dispatches to 0x0000707278bfb14a
  0x0000707278bf58d4: 483b 0348 

  0x0000707278bf58d8: ;   {metadata(method data for {method} {0x000063c55055b330} 'transformSelectedNodes' '(Lorg/apache/xalan/transformer/TransformerImpl;)V' in 'org/apache/xalan/templates/ElemApplyTemplates')}
  0x0000707278bf58d8: 8bd3 48b9 | 2894 8150 | c563 0000 

  0x0000707278bf58e4: ;   {metadata('org/apache/xalan/trace/TraceManager')}
  0x0000707278bf58e4: 49ba 7884 | 0e5c c563 | 0000 4c89 | 91c8 1900 | 0048 8381 | d019 0000 | 018b 9424 | f800 0000 
  0x0000707278bf5904: 488b 8c24 | e800 0000 

  0x0000707278bf590c: ;   {oop("select"{0x0000000040aa87b8})}
  0x0000707278bf590c: 49b8 b887 | aa40 0000 | 0000 4c8b | 8c24 6802 | 0000 488b | bc24 8002 | 0000 488b | f366 0f1f 
  0x0000707278bf592c: ;   {optimized virtual_call}
  0x0000707278bf592c: 4400 00e8 

  0x0000707278bf5930: ; ImmutableOopMap {[224]=Oop [232]=Oop [240]=Oop [256]=Oop [280]=Oop [312]=Oop [344]=Oop [360]=Oop [368]=Oop [424]=Oop [432]=Oop [448]=Oop [504]=Oop [544]=Oop }
                      ;*invokevirtual fireSelectedEndEvent {reexecute=0 rethrow=0 return_oop=0}
                      ; - org.apache.xalan.templates.ElemApplyTemplates::transformSelectedNodes@929 (line 438)
  0x0000707278bf5930: 4cf7 0607 

  0x0000707278bf5934: ;   {other}
  0x0000707278bf5934: 0f1f 8400 | 2476 0046 | 8b8c 24fc | 0000 0085 

  0x0000707278bf5944: ;   {metadata(method data for {method} {0x000063c55055b330} 'transformSelectedNodes' '(Lorg/apache/xalan/transformer/TransformerImpl;)V' in 'org/apache/xalan/templates/ElemApplyTemplates')}
  0x0000707278bf5944: c948 ba28 | 9481 50c5 | 6300 0048 | c7c6 f019 | 0000 7e07 | 48c7 c600 | 1a00 0048 | 8b3c 3248 
  0x0000707278bf5964: 8d7f 0148 | 893c 3289 | 8c24 fc00 | 0000 0f8e | 4c00 0000 | 488b 9c24 | 0001 0000 

  0x0000707278bf5980: ;   {metadata(method data for {method} {0x000063c55055b330} 'transformSelectedNodes' '(Lorg/apache/xalan/transformer/TransformerImpl;)V' in 'org/apache/xalan/templates/ElemApplyTemplates')}
  0x0000707278bf5980: 48ba 2894 | 8150 c563 

  0x0000707278bf5988: ;   {metadata('org/apache/xpath/VariableStack')}
  0x0000707278bf5988: 0000 49ba | a8de 0e5c | c563 0000 | 4c89 9220 | 1a00 0048 | 8382 281a | 0000 018b | 9424 1001 
  0x0000707278bf59a8: 0000 488b | b424 0001 | 0000 0f1f 

  0x0000707278bf59b4: ;   {optimized virtual_call}
  0x0000707278bf59b4: 4400 00e8 

  0x0000707278bf59b8: ; ImmutableOopMap {[224]=Oop [232]=Oop [240]=Oop [256]=Oop [280]=Oop [312]=Oop [344]=Oop [360]=Oop [368]=Oop [424]=Oop [432]=Oop [448]=Oop [504]=Oop [544]=Oop }
                      ;*invokevirtual unlink {reexecute=0 rethrow=0 return_oop=0}
                      ; - org.apache.xalan.templates.ElemApplyTemplates::transformSelectedNodes@941 (line 444)
  0x0000707278bf59b8: c4f6 0607 

  0x0000707278bf59bc: ;   {other}
  0x0000707278bf59bc: 0f1f 8400 | ac76 0047 | 488b bc24 | e000 0000 

  0x0000707278bf59cc: ;   {metadata(method data for {method} {0x000063c55055b330} 'transformSelectedNodes' '(Lorg/apache/xalan/transformer/TransformerImpl;)V' in 'org/apache/xalan/templates/ElemApplyTemplates')}
  0x0000707278bf59cc: 488b f748 | bb28 9481 | 50c5 6300 | 0048 8383 | 601a 0000 

  0x0000707278bf59e0: ;   {metadata(method data for {method} {0x000063c5506aa268} 'popSAXLocator' '()V' in 'org/apache/xpath/XPathContext')}
  0x0000707278bf59e0: 0148 be50 | 1b81 50c5 | 6300 008b | 9ef4 0000 | 0083 c302 | 899e f400 | 0000 81e3 | feff 1f00 
  0x0000707278bf5a00: 85db 0f84 | 4757 0000 | 8b77 2c48 | 3b06 488b 

  0x0000707278bf5a10: ;   {metadata(method data for {method} {0x000063c5506aa268} 'popSAXLocator' '()V' in 'org/apache/xpath/XPathContext')}
  0x0000707278bf5a10: de48 b850 | 1b81 50c5 | 6300 0048 | 8380 5001 | 0000 010f 

  0x0000707278bf5a24: ;   {optimized virtual_call}
  0x0000707278bf5a24: 1f40 00e8 

  0x0000707278bf5a28: ; ImmutableOopMap {[224]=Oop [232]=Oop [240]=Oop [256]=Oop [280]=Oop [312]=Oop [344]=Oop [360]=Oop [368]=Oop [424]=Oop [432]=Oop [448]=Oop [504]=Oop [544]=Oop }
                      ;*invokevirtual pop {reexecute=0 rethrow=0 return_oop=0}
                      ; - org.apache.xpath.XPathContext::popSAXLocator@4 (line 434)
                      ; - org.apache.xalan.templates.ElemApplyTemplates::transformSelectedNodes@945 (line 445)
  0x0000707278bf5a28: 54f6 0607 

  0x0000707278bf5a2c: ;   {other}
  0x0000707278bf5a2c: 0f1f 8400 | 1c77 0048 

  0x0000707278bf5a34: ;   {metadata(method data for {method} {0x000063c55055b330} 'transformSelectedNodes' '(Lorg/apache/xalan/transformer/TransformerImpl;)V' in 'org/apache/xalan/templates/ElemApplyTemplates')}
  0x0000707278bf5a34: 48be 2894 | 8150 c563 | 0000 ff86 | 901a 0000 | 488b bc24 | e000 0000 

  0x0000707278bf5a4c: ;   {metadata(method data for {method} {0x000063c55055b330} 'transformSelectedNodes' '(Lorg/apache/xalan/transformer/TransformerImpl;)V' in 'org/apache/xalan/templates/ElemApplyTemplates')}
  0x0000707278bf5a4c: 48be 2894 | 8150 c563 | 0000 4883 | 86a0 1a00 | 0001 488b | b424 e000 

  0x0000707278bf5a64: ;   {optimized virtual_call}
  0x0000707278bf5a64: 0000 90e8 

  0x0000707278bf5a68: ; ImmutableOopMap {[224]=Oop [232]=Oop [240]=Oop [256]=Oop [280]=Oop [312]=Oop [344]=Oop [360]=Oop [368]=Oop [424]=Oop [432]=Oop [448]=Oop [504]=Oop [544]=Oop }
                      ;*invokevirtual popContextNodeList {reexecute=0 rethrow=0 return_oop=0}
                      ; - org.apache.xalan.templates.ElemApplyTemplates::transformSelectedNodes@954 (line 446)
  0x0000707278bf5a68: 14f6 0607 

  0x0000707278bf5a6c: ;   {other}
  0x0000707278bf5a6c: 0f1f 8400 | 5c77 0049 | 488b 9424 | f000 0000 

  0x0000707278bf5a7c: ;   {metadata(method data for {method} {0x000063c55055b330} 'transformSelectedNodes' '(Lorg/apache/xalan/transformer/TransformerImpl;)V' in 'org/apache/xalan/templates/ElemApplyTemplates')}
  0x0000707278bf5a7c: 488b f248 | bb28 9481 | 50c5 6300 | 0048 8383 | f01a 0000 

  0x0000707278bf5a90: ;   {metadata(method data for {method} {0x000063c550655c90} 'popElemTemplateElement' '()V' in 'org/apache/xalan/transformer/TransformerImpl')}
  0x0000707278bf5a90: 0148 be50 | 0381 50c5 | 6300 008b | 9ef4 0000 | 0083 c302 | 899e f400 | 0000 81e3 | feff 1f00 
  0x0000707278bf5ab0: 85db 0f84 | bd56 0000 | 8b72 4c48 | 3b06 488b 

  0x0000707278bf5ac0: ;   {metadata(method data for {method} {0x000063c550655c90} 'popElemTemplateElement' '()V' in 'org/apache/xalan/transformer/TransformerImpl')}
  0x0000707278bf5ac0: de48 b850 | 0381 50c5 | 6300 0048 | 8380 5001 | 0000 010f 

  0x0000707278bf5ad4: ;   {optimized virtual_call}
  0x0000707278bf5ad4: 1f40 00e8 

  0x0000707278bf5ad8: ; ImmutableOopMap {[224]=Oop [232]=Oop [240]=Oop [256]=Oop [280]=Oop [312]=Oop [344]=Oop [360]=Oop [368]=Oop [424]=Oop [432]=Oop [448]=Oop [504]=Oop [544]=Oop }
                      ;*invokevirtual pop {reexecute=0 rethrow=0 return_oop=0}
                      ; - org.apache.xalan.transformer.TransformerImpl::popElemTemplateElement@4 (line 2632)
                      ; - org.apache.xalan.templates.ElemApplyTemplates::transformSelectedNodes@958 (line 447)
  0x0000707278bf5ad8: a4f5 0607 

  0x0000707278bf5adc: ;   {other}
  0x0000707278bf5adc: 0f1f 8400 | cc77 004a | 488b bc24 | e000 0000 

  0x0000707278bf5aec: ;   {metadata(method data for {method} {0x000063c55055b330} 'transformSelectedNodes' '(Lorg/apache/xalan/transformer/TransformerImpl;)V' in 'org/apache/xalan/templates/ElemApplyTemplates')}
  0x0000707278bf5aec: 48be 2894 | 8150 c563 | 0000 4883 | 8610 1b00 

  0x0000707278bf5afc: ;   {metadata(method data for {method} {0x000063c5506ac060} 'popCurrentExpressionNode' '()V' in 'org/apache/xpath/XPathContext')}
  0x0000707278bf5afc: 0001 48be | 985e 8150 | c563 0000 | 8bbe f400 | 0000 83c7 | 0289 bef4 | 0000 0081 | e7fe ff1f 
  0x0000707278bf5b1c: 0085 ff0f | 8476 5600 | 0048 8bbc | 24e0 0000 | 008b 7760 

  0x0000707278bf5b30: ; implicit exception: dispatches to 0x0000707278bfb1bc
  0x0000707278bf5b30: 483b 0648 

  0x0000707278bf5b34: ;   {metadata(method data for {method} {0x000063c5506ac060} 'popCurrentExpressionNode' '()V' in 'org/apache/xpath/XPathContext')}
  0x0000707278bf5b34: 8bde 48b8 | 985e 8150 | c563 0000 | 4883 8038 | 0100 0001 

  0x0000707278bf5b48: ;   {metadata(method data for {method} {0x000063c550648710} 'quickPop' '(I)V' in 'org/apache/xml/utils/IntStack')}
  0x0000707278bf5b48: 48bb 680f | 7e50 c563 | 0000 8b83 | f400 0000 | 83c0 0289 | 83f4 0000 | 0025 feff | 1f00 85c0 
  0x0000707278bf5b68: 0f84 5356 | 0000 8b5e | 10ff cb89 | 5e10 488b 

  0x0000707278bf5b78: ;   {metadata(method data for {method} {0x000063c55055b330} 'transformSelectedNodes' '(Lorg/apache/xalan/transformer/TransformerImpl;)V' in 'org/apache/xalan/templates/ElemApplyTemplates')}
  0x0000707278bf5b78: f748 bb28 | 9481 50c5 | 6300 0048 | 8383 481b 

  0x0000707278bf5b88: ;   {metadata(method data for {method} {0x000063c5506ab680} 'popCurrentNode' '()V' in 'org/apache/xpath/XPathContext')}
  0x0000707278bf5b88: 0000 0148 | be60 5280 | 50c5 6300 | 008b 9ef4 | 0000 0083 | c302 899e | f400 0000 | 81e3 feff 
  0x0000707278bf5ba8: 1f00 85db | 0f84 3056 | 0000 8b77 | 5448 3b06 

  0x0000707278bf5bb8: ;   {metadata(method data for {method} {0x000063c5506ab680} 'popCurrentNode' '()V' in 'org/apache/xpath/XPathContext')}
  0x0000707278bf5bb8: 488b de48 | b860 5280 | 50c5 6300 | 0048 8380 | 3801 0000 

  0x0000707278bf5bcc: ;   {metadata(method data for {method} {0x000063c550648710} 'quickPop' '(I)V' in 'org/apache/xml/utils/IntStack')}
  0x0000707278bf5bcc: 0148 bb68 | 0f7e 50c5 | 6300 008b | 83f4 0000 | 0083 c002 | 8983 f400 | 0000 25fe | ff1f 0085 
  0x0000707278bf5bec: c00f 8415 | 5600 008b | 5e10 ffcb | 895e 1048 | 8b84 2438 

  0x0000707278bf5c00: ;   {metadata(method data for {method} {0x000063c55055b330} 'transformSelectedNodes' '(Lorg/apache/xalan/transformer/TransformerImpl;)V' in 'org/apache/xalan/templates/ElemApplyTemplates')}
  0x0000707278bf5c00: 0100 0048 | be28 9481 | 50c5 6300 | 008b 4008 | 49ba 0000 | 005b c563 | 0000 4903 | c248 3b86 
  0x0000707278bf5c20: 901b 0000 | 750d 4883 | 8698 1b00 | 0001 e960 | 0000 0048 | 3b86 a01b | 0000 750d | 4883 86a8 
  0x0000707278bf5c40: 1b00 0001 | e94a 0000 | 0048 83be | 901b 0000 | 0075 1748 | 8986 901b | 0000 48c7 | 8698 1b00 
  0x0000707278bf5c60: 0001 0000 | 00e9 2900 | 0000 4883 | bea0 1b00 | 0000 7517 | 4889 86a0 | 1b00 0048 | c786 a81b 
  0x0000707278bf5c80: 0000 0100 | 0000 e908 | 0000 0048 | 8386 801b | 0000 0148 | 8bb4 2438 | 0100 0066 | 9048 b8ff 
  0x0000707278bf5ca0: ffff ffff 

  0x0000707278bf5ca4: ;   {virtual_call}
  0x0000707278bf5ca4: ffff ffe8 

  0x0000707278bf5ca8: ; ImmutableOopMap {[224]=Oop [232]=Oop [240]=Oop [256]=Oop [280]=Oop [312]=Oop [344]=Oop [360]=Oop [368]=Oop [424]=Oop [432]=Oop [448]=Oop [504]=Oop [544]=Oop }
                      ;*invokeinterface detach {reexecute=0 rethrow=0 return_oop=0}
                      ; - org.apache.xalan.templates.ElemApplyTemplates::transformSelectedNodes@971 (line 450)
  0x0000707278bf5ca8: d4f6 0607 

  0x0000707278bf5cac: ;   {other}
  0x0000707278bf5cac: 0f1f 8400 | 9c79 004b | e930 0600 | 0049 8b87 | 1808 0000 | 4d33 d24d | 8997 1808 | 0000 4d33 
  0x0000707278bf5ccc: d24d 8997 | 2008 0000 | 488b 9424 | f000 0000 

  0x0000707278bf5cdc: ;   {metadata(method data for {method} {0x000063c55055b330} 'transformSelectedNodes' '(Lorg/apache/xalan/transformer/TransformerImpl;)V' in 'org/apache/xalan/templates/ElemApplyTemplates')}
  0x0000707278bf5cdc: 488b f248 | bf28 9481 | 50c5 6300 | 0048 8387 | 2019 0000 | 010f be72 | 1583 e601 

  0x0000707278bf5cf8: ;   {metadata(method data for {method} {0x000063c55055b330} 'transformSelectedNodes' '(Lorg/apache/xalan/transformer/TransformerImpl;)V' in 'org/apache/xalan/templates/ElemApplyTemplates')}
  0x0000707278bf5cf8: 85f6 48be | 2894 8150 | c563 0000 | 48c7 c740 | 1900 0074 | 0748 c7c7 | 5019 0000 | 488b 0c3e 
  0x0000707278bf5d18: 488d 4901 | 4889 0c3e | 4889 8424 | 9802 0000 | 0f84 4604 | 0000 488b | b424 e800 | 0000 488b 
  0x0000707278bf5d38: ;   {metadata(method data for {method} {0x000063c55055b330} 'transformSelectedNodes' '(Lorg/apache/xalan/transformer/TransformerImpl;)V' in 'org/apache/xalan/templates/ElemApplyTemplates')}
  0x0000707278bf5d38: fa48 b928 | 9481 50c5 

  0x0000707278bf5d40: ;   {metadata('org/apache/xalan/transformer/TransformerImpl')}
  0x0000707278bf5d40: 6300 0049 | bac8 0c0c | 5cc5 6300 | 004c 8991 | 7019 0000 | 4883 8178 | 1900 0001 | 8b9a 8400 
  0x0000707278bf5d60: 0000 660f | 1f44 0000 

  0x0000707278bf5d68: ;   {no_reloc}
  0x0000707278bf5d68: e9cb 5400 | 0000 0000 | 0000 4c8b | ce49 8b87 | b804 0000 | 488d 4818 | 483b c80f | 82b9 5400 
  0x0000707278bf5d88: 0049 3b8f | c004 0000 | 0f87 ac54 | 0000 4989 | 8fb8 0400 | 0048 8bf8 | 48c1 ef06 | 49ba 0000 
  0x0000707278bf5da8: 40d4 c563 | 0000 458a | 143a 488b | c848 c1e9 | 0348 83e1 | 0748 c7c7 | 0100 0000 | 48d3 e74c 
  0x0000707278bf5dc8: 0bd7 488b | f848 c1ef | 0648 b900 | 0040 d4c5 | 6300 0044 | 8814 3949 | 8387 2802 | 0000 1849 
  0x0000707278bf5de8: 8387 2802 | 0000 0048 | c700 0100 | 0000 488b | ca49 ba00 | 0000 5bc5 | 6300 0049 | 2bca 8948 
  0x0000707278bf5e08: 0848 33c9 | 8948 0c48 | 33c9 4889 | 4810 4889 | 8424 8802 | 0000 418b | 5150 488b 

  0x0000707278bf5e24: ;   {metadata(method data for {method} {0x000063c55055b330} 'transformSelectedNodes' '(Lorg/apache/xalan/transformer/TransformerImpl;)V' in 'org/apache/xalan/templates/ElemApplyTemplates')}
  0x0000707278bf5e24: f048 bf28 | 9481 50c5 | 6300 0048 | 8387 9819 

  0x0000707278bf5e34: ;   {metadata(method data for {method} {0x000063c55065bd48} '<init>' '(Lorg/apache/xpath/Expression;)V' in 'org/apache/xpath/XPath')}
  0x0000707278bf5e34: 0000 0148 | bee0 7882 | 50c5 6300 | 008b bef4 | 0000 0083 | c702 89be | f400 0000 | 81e7 feff 
  0x0000707278bf5e54: 1f00 85ff | 0f84 f153 | 0000 488b 

  0x0000707278bf5e60: ;   {metadata(method data for {method} {0x000063c55065bd48} '<init>' '(Lorg/apache/xpath/Expression;)V' in 'org/apache/xpath/XPath')}
  0x0000707278bf5e60: f048 bfe0 | 7882 50c5 | 6300 0048 | 8387 3801 

  0x0000707278bf5e70: ;   {metadata(method data for {method} {0x000063c55b4791f0} '<init>' '()V' in 'java/lang/Object')}
  0x0000707278bf5e70: 0000 0148 | bee0 7100 | 50c5 6300 | 008b bef4 | 0000 0083 | c702 89be | f400 0000 | 81e7 feff 
  0x0000707278bf5e90: 1f00 85ff | 0f84 d653 | 0000 488b 

  0x0000707278bf5e9c: ;   {metadata(method data for {method} {0x000063c55065bd48} '<init>' '(Lorg/apache/xpath/Expression;)V' in 'org/apache/xpath/XPath')}
  0x0000707278bf5e9c: f048 bfe0 | 7882 50c5 

  0x0000707278bf5ea4: ;   {metadata('org/apache/xpath/XPath')}
  0x0000707278bf5ea4: 6300 0049 | ba88 130c | 5cc5 6300 | 004c 8997 | 5801 0000 | 4883 8760 | 0100 0001 | 488b f048 
  0x0000707278bf5ec4: 899c 2490 | 0200 000f 

  0x0000707278bf5ecc: ;   {optimized virtual_call}
  0x0000707278bf5ecc: 1f40 00e8 

  0x0000707278bf5ed0: ; ImmutableOopMap {[224]=Oop [232]=Oop [240]=Oop [256]=Oop [280]=Oop [312]=Oop [344]=Oop [360]=Oop [368]=Oop [424]=Oop [432]=Oop [448]=Oop [504]=Oop [544]=Oop [648]=Oop [656]=Oop [664]=Oop }
                      ;*invokevirtual setExpression {reexecute=0 rethrow=0 return_oop=0}
                      ; - org.apache.xpath.XPath::<init>@11 (line 278)
                      ; - org.apache.xalan.templates.ElemApplyTemplates::transformSelectedNodes@917 (line 438)
  0x0000707278bf5ed0: acf1 0607 

  0x0000707278bf5ed4: ;   {other}
  0x0000707278bf5ed4: 0f1f 8400 | c47b 004c | 488b 8424 | 8802 0000 

  0x0000707278bf5ee4: ;   {metadata(method data for {method} {0x000063c55065bd48} '<init>' '(Lorg/apache/xpath/Expression;)V' in 'org/apache/xpath/XPath')}
  0x0000707278bf5ee4: 48ba e078 | 8250 c563 | 0000 4883 | 8280 0100 

  0x0000707278bf5ef4: ;   {metadata(method data for {method} {0x000063c55065b470} 'initFunctionTable' '()V' in 'org/apache/xpath/XPath')}
  0x0000707278bf5ef4: 0001 48ba | 507c 8250 | c563 0000 | 8bb2 f400 | 0000 83c6 | 0289 b2f4 | 0000 0081 | e6fe ff1f 
  0x0000707278bf5f14: 0085 f60f | 8474 5300 

  0x0000707278bf5f1c: ;   {metadata('org/apache/xpath/compiler/FunctionTable')}
  0x0000707278bf5f1c: 0048 ba58 | d201 5cc5 | 6300 0049 | 8b87 b804 | 0000 488d | 4818 483b | c80f 8277 | 5300 0049 
  0x0000707278bf5f3c: 3b8f c004 | 0000 0f87 | 6a53 0000 | 4989 8fb8 | 0400 0048 | 8bf8 48c1 | ef06 49ba | 0000 40d4 
  0x0000707278bf5f5c: c563 0000 | 458a 143a | 488b c848 | c1e9 0348 | 83e1 0748 | c7c7 0100 | 0000 48d3 | e74c 0bd7 
  0x0000707278bf5f7c: 488b f848 | c1ef 0648 | b900 0040 | d4c5 6300 | 0044 8814 | 3949 8387 | 2802 0000 | 1849 8387 
  0x0000707278bf5f9c: 2802 0000 | 0048 c700 | 0100 0000 | 488b ca49 | ba00 0000 | 5bc5 6300 | 0049 2bca | 8948 0848 
  0x0000707278bf5fbc: 33c9 8948 | 0c48 33c9 | 4889 4810 

  0x0000707278bf5fc8: ;   {metadata(method data for {method} {0x000063c55065b470} 'initFunctionTable' '()V' in 'org/apache/xpath/XPath')}
  0x0000707278bf5fc8: 488b f048 | bf50 7c82 | 50c5 6300 | 0048 8387 | 3801 0000 | 0148 8bf0 | 4889 8424 | a002 0000 
  0x0000707278bf5fe8: 0f1f 8000 

  0x0000707278bf5fec: ;   {optimized virtual_call}
  0x0000707278bf5fec: 0000 00e8 

  0x0000707278bf5ff0: ; ImmutableOopMap {[224]=Oop [232]=Oop [240]=Oop [256]=Oop [280]=Oop [312]=Oop [344]=Oop [360]=Oop [368]=Oop [424]=Oop [432]=Oop [448]=Oop [504]=Oop [544]=Oop [648]=Oop [656]=Oop [664]=Oop [672]=Oop }
                      ;*invokespecial <init> {reexecute=0 rethrow=0 return_oop=0}
                      ; - org.apache.xpath.XPath::initFunctionTable@5 (line 62)
                      ; - org.apache.xpath.XPath::<init>@15 (line 279)
                      ; - org.apache.xalan.templates.ElemApplyTemplates::transformSelectedNodes@917 (line 438)
  0x0000707278bf5ff0: 8cf0 0607 

  0x0000707278bf5ff4: ;   {other}
  0x0000707278bf5ff4: 0f1f 8400 | e47c 004d | 488b 9c24 | 8802 0000 | 488b 8424 | a002 0000 | 4c8b d044 | 8953 100f 
  0x0000707278bf6014: 1f44 0000 

  0x0000707278bf6018: ;   {no_reloc}
  0x0000707278bf6018: e9b1 5200 | 0000 0000 | 0000 498b | 87b8 0400 | 0048 8d48 | 2848 3bc8 | 0f82 a252 | 0000 493b 
  0x0000707278bf6038: 8fc0 0400 | 000f 8795 | 5200 0049 | 898f b804 | 0000 488b | f848 c1ef | 0649 ba00 | 0040 d4c5 
  0x0000707278bf6058: 6300 0045 | 8a14 3a48 | 8bc8 48c1 | e903 4883 | e107 48c7 | c701 0000 | 0048 d3e7 | 4c0b d748 
  0x0000707278bf6078: 8bf8 48c1 | ef06 48b9 | 0000 40d4 | c563 0000 | 4488 1439 | 4983 8728 | 0200 0028 | 4983 8728 
  0x0000707278bf6098: 0200 0000 | 48c7 0001 | 0000 0048 | 8bca 49ba | 0000 005b | c563 0000 | 492b ca89 | 4808 4833 
  0x0000707278bf60b8: c989 480c | 4833 c948 | 8948 1048 | 8948 1848 | 8948 2048 

  0x0000707278bf60cc: ;   {metadata(method data for {method} {0x000063c55055b330} 'transformSelectedNodes' '(Lorg/apache/xalan/transformer/TransformerImpl;)V' in 'org/apache/xalan/templates/ElemApplyTemplates')}
  0x0000707278bf60cc: 8bd0 48be | 2894 8150 | c563 0000 | 4883 86a8 | 1900 0001 | 488b 9424 | 3801 0000 | 488b f048 
  0x0000707278bf60ec: 8984 24a8 | 0200 000f 

  0x0000707278bf60f4: ;   {optimized virtual_call}
  0x0000707278bf60f4: 1f40 00e8 

  0x0000707278bf60f8: ; ImmutableOopMap {[224]=Oop [232]=Oop [240]=Oop [256]=Oop [280]=Oop [312]=Oop [344]=Oop [360]=Oop [368]=Oop [424]=Oop [432]=Oop [448]=Oop [504]=Oop [544]=Oop [648]=Oop [656]=Oop [664]=Oop [680]=Oop }
                      ;*invokespecial <init> {reexecute=0 rethrow=0 return_oop=0}
                      ; - org.apache.xalan.templates.ElemApplyTemplates::transformSelectedNodes@926 (line 438)
  0x0000707278bf60f8: 84ef 0607 

  0x0000707278bf60fc: ;   {other}
  0x0000707278bf60fc: 0f1f 8400 | ec7d 004e | 488b 9c24 | 9002 0000 

  0x0000707278bf610c: ; implicit exception: dispatches to 0x0000707278bfb2e5
  0x0000707278bf610c: 483b 0348 

  0x0000707278bf6110: ;   {metadata(method data for {method} {0x000063c55055b330} 'transformSelectedNodes' '(Lorg/apache/xalan/transformer/TransformerImpl;)V' in 'org/apache/xalan/templates/ElemApplyTemplates')}
  0x0000707278bf6110: 8bd3 48b9 | 2894 8150 | c563 0000 

  0x0000707278bf611c: ;   {metadata('org/apache/xalan/trace/TraceManager')}
  0x0000707278bf611c: 49ba 7884 | 0e5c c563 | 0000 4c89 | 91c8 1900 | 0048 8381 | d019 0000 | 018b 9424 | f800 0000 
  0x0000707278bf613c: 488b 8c24 | e800 0000 

  0x0000707278bf6144: ;   {oop("select"{0x0000000040aa87b8})}
  0x0000707278bf6144: 49b8 b887 | aa40 0000 | 0000 4c8b | 8c24 8802 | 0000 488b | bc24 a802 | 0000 488b | f366 0f1f 
  0x0000707278bf6164: ;   {optimized virtual_call}
  0x0000707278bf6164: 4400 00e8 

  0x0000707278bf6168: ; ImmutableOopMap {[224]=Oop [232]=Oop [240]=Oop [256]=Oop [280]=Oop [312]=Oop [344]=Oop [360]=Oop [368]=Oop [424]=Oop [432]=Oop [448]=Oop [504]=Oop [544]=Oop [664]=Oop }
                      ;*invokevirtual fireSelectedEndEvent {reexecute=0 rethrow=0 return_oop=0}
                      ; - org.apache.xalan.templates.ElemApplyTemplates::transformSelectedNodes@929 (line 438)
  0x0000707278bf6168: 14ef 0607 

  0x0000707278bf616c: ;   {other}
  0x0000707278bf616c: 0f1f 8400 | 5c7e 004f | 8b8c 24fc | 0000 0085 

  0x0000707278bf617c: ;   {metadata(method data for {method} {0x000063c55055b330} 'transformSelectedNodes' '(Lorg/apache/xalan/transformer/TransformerImpl;)V' in 'org/apache/xalan/templates/ElemApplyTemplates')}
  0x0000707278bf617c: c948 ba28 | 9481 50c5 | 6300 0048 | c7c6 f019 | 0000 7e07 | 48c7 c600 | 1a00 0048 | 8b3c 3248 
  0x0000707278bf619c: 8d7f 0148 | 893c 3289 | 8c24 fc00 | 0000 0f8e | 4c00 0000 | 488b 9c24 | 0001 0000 

  0x0000707278bf61b8: ;   {metadata(method data for {method} {0x000063c55055b330} 'transformSelectedNodes' '(Lorg/apache/xalan/transformer/TransformerImpl;)V' in 'org/apache/xalan/templates/ElemApplyTemplates')}
  0x0000707278bf61b8: 48ba 2894 | 8150 c563 

  0x0000707278bf61c0: ;   {metadata('org/apache/xpath/VariableStack')}
  0x0000707278bf61c0: 0000 49ba | a8de 0e5c | c563 0000 | 4c89 9220 | 1a00 0048 | 8382 281a | 0000 018b | 9424 1001 
  0x0000707278bf61e0: 0000 488b | b424 0001 | 0000 0f1f 

  0x0000707278bf61ec: ;   {optimized virtual_call}
  0x0000707278bf61ec: 4400 00e8 

  0x0000707278bf61f0: ; ImmutableOopMap {[224]=Oop [232]=Oop [240]=Oop [256]=Oop [280]=Oop [312]=Oop [344]=Oop [360]=Oop [368]=Oop [424]=Oop [432]=Oop [448]=Oop [504]=Oop [544]=Oop [664]=Oop }
                      ;*invokevirtual unlink {reexecute=0 rethrow=0 return_oop=0}
                      ; - org.apache.xalan.templates.ElemApplyTemplates::transformSelectedNodes@941 (line 444)
  0x0000707278bf61f0: 8cee 0607 

  0x0000707278bf61f4: ;   {other}
  0x0000707278bf61f4: 0f1f 8400 | e47e 0050 | 488b bc24 | e000 0000 

  0x0000707278bf6204: ;   {metadata(method data for {method} {0x000063c55055b330} 'transformSelectedNodes' '(Lorg/apache/xalan/transformer/TransformerImpl;)V' in 'org/apache/xalan/templates/ElemApplyTemplates')}
  0x0000707278bf6204: 488b f748 | bb28 9481 | 50c5 6300 | 0048 8383 | 601a 0000 

  0x0000707278bf6218: ;   {metadata(method data for {method} {0x000063c5506aa268} 'popSAXLocator' '()V' in 'org/apache/xpath/XPathContext')}
  0x0000707278bf6218: 0148 be50 | 1b81 50c5 | 6300 008b | 9ef4 0000 | 0083 c302 | 899e f400 | 0000 81e3 | feff 1f00 
  0x0000707278bf6238: 85db 0f84 | aa50 0000 | 8b77 2c48 | 3b06 488b 

  0x0000707278bf6248: ;   {metadata(method data for {method} {0x000063c5506aa268} 'popSAXLocator' '()V' in 'org/apache/xpath/XPathContext')}
  0x0000707278bf6248: de48 b850 | 1b81 50c5 | 6300 0048 | 8380 5001 | 0000 010f 

  0x0000707278bf625c: ;   {optimized virtual_call}
  0x0000707278bf625c: 1f40 00e8 

  0x0000707278bf6260: ; ImmutableOopMap {[224]=Oop [232]=Oop [240]=Oop [256]=Oop [280]=Oop [312]=Oop [344]=Oop [360]=Oop [368]=Oop [424]=Oop [432]=Oop [448]=Oop [504]=Oop [544]=Oop [664]=Oop }
                      ;*invokevirtual pop {reexecute=0 rethrow=0 return_oop=0}
                      ; - org.apache.xpath.XPathContext::popSAXLocator@4 (line 434)
                      ; - org.apache.xalan.templates.ElemApplyTemplates::transformSelectedNodes@945 (line 445)
  0x0000707278bf6260: 1cee 0607 

  0x0000707278bf6264: ;   {other}
  0x0000707278bf6264: 0f1f 8400 | 547f 0051 

  0x0000707278bf626c: ;   {metadata(method data for {method} {0x000063c55055b330} 'transformSelectedNodes' '(Lorg/apache/xalan/transformer/TransformerImpl;)V' in 'org/apache/xalan/templates/ElemApplyTemplates')}
  0x0000707278bf626c: 48be 2894 | 8150 c563 | 0000 ff86 | 901a 0000 | 488b bc24 | e000 0000 

  0x0000707278bf6284: ;   {metadata(method data for {method} {0x000063c55055b330} 'transformSelectedNodes' '(Lorg/apache/xalan/transformer/TransformerImpl;)V' in 'org/apache/xalan/templates/ElemApplyTemplates')}
  0x0000707278bf6284: 48be 2894 | 8150 c563 | 0000 4883 | 86a0 1a00 | 0001 488b | b424 e000 

  0x0000707278bf629c: ;   {optimized virtual_call}
  0x0000707278bf629c: 0000 90e8 

  0x0000707278bf62a0: ; ImmutableOopMap {[224]=Oop [232]=Oop [240]=Oop [256]=Oop [280]=Oop [312]=Oop [344]=Oop [360]=Oop [368]=Oop [424]=Oop [432]=Oop [448]=Oop [504]=Oop [544]=Oop [664]=Oop }
                      ;*invokevirtual popContextNodeList {reexecute=0 rethrow=0 return_oop=0}
                      ; - org.apache.xalan.templates.ElemApplyTemplates::transformSelectedNodes@954 (line 446)
  0x0000707278bf62a0: dced 0607 

  0x0000707278bf62a4: ;   {other}
  0x0000707278bf62a4: 0f1f 8400 | 947f 0052 | 488b 9424 | f000 0000 | e983 1300 | 0049 8b87 | 1808 0000 | 4d33 d24d 
  0x0000707278bf62c4: 8997 1808 | 0000 4d33 | d24d 8997 | 2008 0000 | 4889 8424 | b002 0000 | 488b 9424 | f000 0000 
  0x0000707278bf62e4: e94c 0000 

  0x0000707278bf62e8: ;   {metadata(method data for {method} {0x000063c55055b330} 'transformSelectedNodes' '(Lorg/apache/xalan/transformer/TransformerImpl;)V' in 'org/apache/xalan/templates/ElemApplyTemplates')}
  0x0000707278bf62e8: 0048 be28 | 9481 50c5 | 6300 00ff | 86d8 1800 | 0048 81c4 | 0004 0000 

  0x0000707278bf6300: ;   {poll_return}
  0x0000707278bf6300: 5d49 3ba7 | 6807 0000 | 0f87 0250 

  0x0000707278bf630c: ;   {metadata(method data for {method} {0x000063c55055b330} 'transformSelectedNodes' '(Lorg/apache/xalan/transformer/TransformerImpl;)V' in 'org/apache/xalan/templates/ElemApplyTemplates')}
  0x0000707278bf630c: 0000 c348 | be28 9481 | 50c5 6300 | 00ff 8628 | 1800 0048 | 81c4 0004 

  0x0000707278bf6324: ;   {poll_return}
  0x0000707278bf6324: 0000 5d49 | 3ba7 6807 | 0000 0f87 | f24f 0000 | c348 8bf2 

  0x0000707278bf6338: ;   {metadata(method data for {method} {0x000063c55055b330} 'transformSelectedNodes' '(Lorg/apache/xalan/transformer/TransformerImpl;)V' in 'org/apache/xalan/templates/ElemApplyTemplates')}
  0x0000707278bf6338: 48bf 2894 | 8150 c563 | 0000 4883 | 87f0 1500 

  0x0000707278bf6348: ;   {metadata(method data for {method} {0x000063c550655c90} 'popElemTemplateElement' '()V' in 'org/apache/xalan/transformer/TransformerImpl')}
  0x0000707278bf6348: 0001 48be | 5003 8150 | c563 0000 | 8bbe f400 | 0000 83c7 | 0289 bef4 | 0000 0081 | e7fe ff1f 
  0x0000707278bf6368: 0085 ff0f | 84cb 4f00 | 008b 724c 

  0x0000707278bf6374: ; implicit exception: dispatches to 0x0000707278bfb35d
  0x0000707278bf6374: 483b 0648 

  0x0000707278bf6378: ;   {metadata(method data for {method} {0x000063c550655c90} 'popElemTemplateElement' '()V' in 'org/apache/xalan/transformer/TransformerImpl')}
  0x0000707278bf6378: 8bfe 48bb | 5003 8150 | c563 0000 | 4883 8350 | 0100 0001 

  0x0000707278bf638c: ;   {optimized virtual_call}
  0x0000707278bf638c: 6666 90e8 

  0x0000707278bf6390: ; ImmutableOopMap {[224]=Oop [232]=Oop [240]=Oop [256]=Oop [280]=Oop [312]=Oop [344]=Oop [360]=Oop [368]=Oop [424]=Oop [432]=Oop [448]=Oop [504]=Oop [544]=Oop [688]=Oop }
                      ;*invokevirtual pop {reexecute=0 rethrow=0 return_oop=0}
                      ; - org.apache.xalan.transformer.TransformerImpl::popElemTemplateElement@4 (line 2632)
                      ; - org.apache.xalan.templates.ElemApplyTemplates::transformSelectedNodes@795 (line 399)
  0x0000707278bf6390: acb5 8707 

  0x0000707278bf6394: ;   {other}
  0x0000707278bf6394: 0f1f 8400 | 8480 0053 | 488b b424 | b002 0000 | e980 1200 | 0048 8b94 | 24f0 0000 | 0049 8b87 
  0x0000707278bf63b4: 1808 0000 | 4d33 d24d | 8997 1808 | 0000 4d33 | d24d 8997 | 2008 0000 | 488b d848 

  0x0000707278bf63d0: ;   {metadata(method data for {method} {0x000063c55055b330} 'transformSelectedNodes' '(Lorg/apache/xalan/transformer/TransformerImpl;)V' in 'org/apache/xalan/templates/ElemApplyTemplates')}
  0x0000707278bf63d0: 8bf2 48bf | 2894 8150 | c563 0000 

  0x0000707278bf63dc: ;   {metadata('org/apache/xalan/transformer/TransformerImpl')}
  0x0000707278bf63dc: 49ba c80c | 0c5c c563 | 0000 4c89 | 9750 1800 | 0048 8387 | 5818 0000 | 0144 8b82 | 8000 0000 
  0x0000707278bf63fc: ;   {metadata('javax/xml/transform/TransformerException')}
  0x0000707278bf63fc: 48ba 9030 | 015c c563 | 0000 498b | 87b8 0400 | 0048 8d48 | 3048 3bc8 | 0f82 484f | 0000 493b 
  0x0000707278bf641c: 8fc0 0400 | 000f 873b | 4f00 0049 | 898f b804 | 0000 488b | f848 c1ef | 0649 ba00 | 0040 d4c5 
  0x0000707278bf643c: 6300 0045 | 8a14 3a48 | 8bc8 48c1 | e903 4883 | e107 48c7 | c701 0000 | 0048 d3e7 | 4c0b d748 
  0x0000707278bf645c: 8bf8 48c1 | ef06 48b9 | 0000 40d4 | c563 0000 | 4488 1439 | 4983 8728 | 0200 0030 | 4983 8728 
  0x0000707278bf647c: 0200 0000 | 48c7 0001 | 0000 0048 | 8bca 49ba | 0000 005b | c563 0000 | 492b ca89 | 4808 4833 
  0x0000707278bf649c: c989 480c | 4833 c948 | 8948 1048 | 8948 1848 | 8948 2048 | 8948 2848 

  0x0000707278bf64b4: ;   {metadata(method data for {method} {0x000063c55055b330} 'transformSelectedNodes' '(Lorg/apache/xalan/transformer/TransformerImpl;)V' in 'org/apache/xalan/templates/ElemApplyTemplates')}
  0x0000707278bf64b4: 8bd0 48be | 2894 8150 | c563 0000 | 4883 8678 | 1800 0001 | 488b d348 | 8bf0 4889 | 8424 c002 
  0x0000707278bf64d4: 0000 4c89 | 8424 b802 

  0x0000707278bf64dc: ;   {optimized virtual_call}
  0x0000707278bf64dc: 0000 90e8 

  0x0000707278bf64e0: ; ImmutableOopMap {[224]=Oop [232]=Oop [240]=Oop [256]=Oop [280]=Oop [312]=Oop [344]=Oop [360]=Oop [368]=Oop [424]=Oop [432]=Oop [448]=Oop [504]=Oop [544]=Oop [688]=Oop [696]=Oop [704]=Oop }
                      ;*invokespecial <init> {reexecute=0 rethrow=0 return_oop=0}
                      ; - org.apache.xalan.templates.ElemApplyTemplates::transformSelectedNodes@870 (line 433)
  0x0000707278bf64e0: 9ceb 0607 

  0x0000707278bf64e4: ;   {other}
  0x0000707278bf64e4: 0f1f 8400 | d481 0054 | 4c8b 8424 | b802 0000 

  0x0000707278bf64f4: ; implicit exception: dispatches to 0x0000707278bfb36f
  0x0000707278bf64f4: 493b 0049 

  0x0000707278bf64f8: ;   {metadata(method data for {method} {0x000063c55055b330} 'transformSelectedNodes' '(Lorg/apache/xalan/transformer/TransformerImpl;)V' in 'org/apache/xalan/templates/ElemApplyTemplates')}
  0x0000707278bf64f8: 8bd0 48be | 2894 8150 | c563 0000 | 8b52 0849 | ba00 0000 | 5bc5 6300 | 0049 03d2 | 483b 9698 
  0x0000707278bf6518: 1800 0075 | 0d48 8386 | a018 0000 | 01e9 6000 | 0000 483b | 96a8 1800 | 0075 0d48 | 8386 b018 
  0x0000707278bf6538: 0000 01e9 | 4a00 0000 | 4883 be98 | 1800 0000 | 7517 4889 | 9698 1800 | 0048 c786 | a018 0000 
  0x0000707278bf6558: 0100 0000 | e929 0000 | 0048 83be | a818 0000 | 0075 1748 | 8996 a818 | 0000 48c7 | 86b0 1800 
  0x0000707278bf6578: 0001 0000 | 00e9 0800 | 0000 4883 | 8688 1800 | 0001 488b | 9424 c002 | 0000 498b | f048 b8ff 
  0x0000707278bf6598: ffff ffff 

  0x0000707278bf659c: ;   {virtual_call}
  0x0000707278bf659c: ffff ffe8 

  0x0000707278bf65a0: ; ImmutableOopMap {[224]=Oop [232]=Oop [240]=Oop [256]=Oop [280]=Oop [312]=Oop [344]=Oop [360]=Oop [368]=Oop [424]=Oop [432]=Oop [448]=Oop [504]=Oop [544]=Oop [688]=Oop }
                      ;*invokeinterface fatalError {reexecute=0 rethrow=0 return_oop=0}
                      ; - org.apache.xalan.templates.ElemApplyTemplates::transformSelectedNodes@873 (line 433)
  0x0000707278bf65a0: dced 0607 

  0x0000707278bf65a4: ;   {other}
  0x0000707278bf65a4: 0f1f 8400 | 9482 0055 | 488b 9424 | f000 0000 

  0x0000707278bf65b4: ;   {metadata(method data for {method} {0x000063c55055b330} 'transformSelectedNodes' '(Lorg/apache/xalan/transformer/TransformerImpl;)V' in 'org/apache/xalan/templates/ElemApplyTemplates')}
  0x0000707278bf65b4: 488b f248 | bf28 9481 | 50c5 6300 | 0048 8387 | 2019 0000 | 010f be72 | 1583 e601 

  0x0000707278bf65d0: ;   {metadata(method data for {method} {0x000063c55055b330} 'transformSelectedNodes' '(Lorg/apache/xalan/transformer/TransformerImpl;)V' in 'org/apache/xalan/templates/ElemApplyTemplates')}
  0x0000707278bf65d0: 85f6 48be | 2894 8150 | c563 0000 | 48c7 c740 | 1900 0074 | 0748 c7c7 | 5019 0000 | 488b 043e 
  0x0000707278bf65f0: 488d 4001 | 4889 043e | 0f84 4604 | 0000 488b | b424 e800 | 0000 488b 

  0x0000707278bf6608: ;   {metadata(method data for {method} {0x000063c55055b330} 'transformSelectedNodes' '(Lorg/apache/xalan/transformer/TransformerImpl;)V' in 'org/apache/xalan/templates/ElemApplyTemplates')}
  0x0000707278bf6608: fa48 b828 | 9481 50c5 

  0x0000707278bf6610: ;   {metadata('org/apache/xalan/transformer/TransformerImpl')}
  0x0000707278bf6610: 6300 0049 | bac8 0c0c | 5cc5 6300 | 004c 8990 | 7019 0000 | 4883 8078 | 1900 0001 | 8b9a 8400 
  0x0000707278bf6630: 0000 660f | 1f44 0000 

  0x0000707278bf6638: ;   {no_reloc}
  0x0000707278bf6638: e946 4d00 | 0000 0000 | 0000 4c8b | ce49 8b87 | b804 0000 | 488d 4818 | 483b c80f | 8234 4d00 
  0x0000707278bf6658: 0049 3b8f | c004 0000 | 0f87 274d | 0000 4989 | 8fb8 0400 | 0048 8bf8 | 48c1 ef06 | 49ba 0000 
  0x0000707278bf6678: 40d4 c563 | 0000 458a | 143a 488b | c848 c1e9 | 0348 83e1 | 0748 c7c7 | 0100 0000 | 48d3 e74c 
  0x0000707278bf6698: 0bd7 488b | f848 c1ef | 0648 b900 | 0040 d4c5 | 6300 0044 | 8814 3949 | 8387 2802 | 0000 1849 
  0x0000707278bf66b8: 8387 2802 | 0000 0048 | c700 0100 | 0000 488b | ca49 ba00 | 0000 5bc5 | 6300 0049 | 2bca 8948 
  0x0000707278bf66d8: 0848 33c9 | 8948 0c48 | 33c9 4889 | 4810 4889 | 8424 c802 | 0000 418b | 5150 488b 

  0x0000707278bf66f4: ;   {metadata(method data for {method} {0x000063c55055b330} 'transformSelectedNodes' '(Lorg/apache/xalan/transformer/TransformerImpl;)V' in 'org/apache/xalan/templates/ElemApplyTemplates')}
  0x0000707278bf66f4: f048 bf28 | 9481 50c5 | 6300 0048 | 8387 9819 

  0x0000707278bf6704: ;   {metadata(method data for {method} {0x000063c55065bd48} '<init>' '(Lorg/apache/xpath/Expression;)V' in 'org/apache/xpath/XPath')}
  0x0000707278bf6704: 0000 0148 | bee0 7882 | 50c5 6300 | 008b bef4 | 0000 0083 | c702 89be | f400 0000 | 81e7 feff 
  0x0000707278bf6724: 1f00 85ff | 0f84 6c4c | 0000 488b 

  0x0000707278bf6730: ;   {metadata(method data for {method} {0x000063c55065bd48} '<init>' '(Lorg/apache/xpath/Expression;)V' in 'org/apache/xpath/XPath')}
  0x0000707278bf6730: f048 bfe0 | 7882 50c5 | 6300 0048 | 8387 3801 

  0x0000707278bf6740: ;   {metadata(method data for {method} {0x000063c55b4791f0} '<init>' '()V' in 'java/lang/Object')}
  0x0000707278bf6740: 0000 0148 | bee0 7100 | 50c5 6300 | 008b bef4 | 0000 0083 | c702 89be | f400 0000 | 81e7 feff 
  0x0000707278bf6760: 1f00 85ff | 0f84 514c | 0000 488b 

  0x0000707278bf676c: ;   {metadata(method data for {method} {0x000063c55065bd48} '<init>' '(Lorg/apache/xpath/Expression;)V' in 'org/apache/xpath/XPath')}
  0x0000707278bf676c: f048 bfe0 | 7882 50c5 

  0x0000707278bf6774: ;   {metadata('org/apache/xpath/XPath')}
  0x0000707278bf6774: 6300 0049 | ba88 130c | 5cc5 6300 | 004c 8997 | 5801 0000 | 4883 8760 | 0100 0001 | 488b f048 
  0x0000707278bf6794: 899c 24d0 | 0200 000f 

  0x0000707278bf679c: ;   {optimized virtual_call}
  0x0000707278bf679c: 1f40 00e8 

  0x0000707278bf67a0: ; ImmutableOopMap {[224]=Oop [232]=Oop [240]=Oop [256]=Oop [280]=Oop [312]=Oop [344]=Oop [360]=Oop [368]=Oop [424]=Oop [432]=Oop [448]=Oop [504]=Oop [544]=Oop [688]=Oop [712]=Oop [720]=Oop }
                      ;*invokevirtual setExpression {reexecute=0 rethrow=0 return_oop=0}
                      ; - org.apache.xpath.XPath::<init>@11 (line 278)
                      ; - org.apache.xalan.templates.ElemApplyTemplates::transformSelectedNodes@917 (line 438)
  0x0000707278bf67a0: dce8 0607 

  0x0000707278bf67a4: ;   {other}
  0x0000707278bf67a4: 0f1f 8400 | 9484 0056 | 488b 8424 | c802 0000 

  0x0000707278bf67b4: ;   {metadata(method data for {method} {0x000063c55065bd48} '<init>' '(Lorg/apache/xpath/Expression;)V' in 'org/apache/xpath/XPath')}
  0x0000707278bf67b4: 48ba e078 | 8250 c563 | 0000 4883 | 8280 0100 

  0x0000707278bf67c4: ;   {metadata(method data for {method} {0x000063c55065b470} 'initFunctionTable' '()V' in 'org/apache/xpath/XPath')}
  0x0000707278bf67c4: 0001 48ba | 507c 8250 | c563 0000 | 8bb2 f400 | 0000 83c6 | 0289 b2f4 | 0000 0081 | e6fe ff1f 
  0x0000707278bf67e4: 0085 f60f | 84ef 4b00 

  0x0000707278bf67ec: ;   {metadata('org/apache/xpath/compiler/FunctionTable')}
  0x0000707278bf67ec: 0048 ba58 | d201 5cc5 | 6300 0049 | 8b87 b804 | 0000 488d | 4818 483b | c80f 82f2 | 4b00 0049 
  0x0000707278bf680c: 3b8f c004 | 0000 0f87 | e54b 0000 | 4989 8fb8 | 0400 0048 | 8bf8 48c1 | ef06 49ba | 0000 40d4 
  0x0000707278bf682c: c563 0000 | 458a 143a | 488b c848 | c1e9 0348 | 83e1 0748 | c7c7 0100 | 0000 48d3 | e74c 0bd7 
  0x0000707278bf684c: 488b f848 | c1ef 0648 | b900 0040 | d4c5 6300 | 0044 8814 | 3949 8387 | 2802 0000 | 1849 8387 
  0x0000707278bf686c: 2802 0000 | 0048 c700 | 0100 0000 | 488b ca49 | ba00 0000 | 5bc5 6300 | 0049 2bca | 8948 0848 
  0x0000707278bf688c: 33c9 8948 | 0c48 33c9 | 4889 4810 

  0x0000707278bf6898: ;   {metadata(method data for {method} {0x000063c55065b470} 'initFunctionTable' '()V' in 'org/apache/xpath/XPath')}
  0x0000707278bf6898: 488b f048 | bf50 7c82 | 50c5 6300 | 0048 8387 | 3801 0000 | 0148 8bf0 | 4889 8424 | d802 0000 
  0x0000707278bf68b8: 0f1f 8000 

  0x0000707278bf68bc: ;   {optimized virtual_call}
  0x0000707278bf68bc: 0000 00e8 

  0x0000707278bf68c0: ; ImmutableOopMap {[224]=Oop [232]=Oop [240]=Oop [256]=Oop [280]=Oop [312]=Oop [344]=Oop [360]=Oop [368]=Oop [424]=Oop [432]=Oop [448]=Oop [504]=Oop [544]=Oop [688]=Oop [712]=Oop [720]=Oop [728]=Oop }
                      ;*invokespecial <init> {reexecute=0 rethrow=0 return_oop=0}
                      ; - org.apache.xpath.XPath::initFunctionTable@5 (line 62)
                      ; - org.apache.xpath.XPath::<init>@15 (line 279)
                      ; - org.apache.xalan.templates.ElemApplyTemplates::transformSelectedNodes@917 (line 438)
  0x0000707278bf68c0: bce7 0607 

  0x0000707278bf68c4: ;   {other}
  0x0000707278bf68c4: 0f1f 8400 | b485 0057 | 488b 9c24 | c802 0000 | 488b 8424 | d802 0000 | 4c8b d044 | 8953 100f 
  0x0000707278bf68e4: 1f44 0000 

  0x0000707278bf68e8: ;   {no_reloc}
  0x0000707278bf68e8: e92c 4b00 | 0000 0000 | 0000 498b | 87b8 0400 | 0048 8d48 | 2848 3bc8 | 0f82 1d4b | 0000 493b 
  0x0000707278bf6908: 8fc0 0400 | 000f 8710 | 4b00 0049 | 898f b804 | 0000 488b | f848 c1ef | 0649 ba00 | 0040 d4c5 
  0x0000707278bf6928: 6300 0045 | 8a14 3a48 | 8bc8 48c1 | e903 4883 | e107 48c7 | c701 0000 | 0048 d3e7 | 4c0b d748 
  0x0000707278bf6948: 8bf8 48c1 | ef06 48b9 | 0000 40d4 | c563 0000 | 4488 1439 | 4983 8728 | 0200 0028 | 4983 8728 
  0x0000707278bf6968: 0200 0000 | 48c7 0001 | 0000 0048 | 8bca 49ba | 0000 005b | c563 0000 | 492b ca89 | 4808 4833 
  0x0000707278bf6988: c989 480c | 4833 c948 | 8948 1048 | 8948 1848 | 8948 2048 

  0x0000707278bf699c: ;   {metadata(method data for {method} {0x000063c55055b330} 'transformSelectedNodes' '(Lorg/apache/xalan/transformer/TransformerImpl;)V' in 'org/apache/xalan/templates/ElemApplyTemplates')}
  0x0000707278bf699c: 8bd0 48be | 2894 8150 | c563 0000 | 4883 86a8 | 1900 0001 | 488b 9424 | 3801 0000 | 488b f048 
  0x0000707278bf69bc: 8984 24e0 | 0200 000f 

  0x0000707278bf69c4: ;   {optimized virtual_call}
  0x0000707278bf69c4: 1f40 00e8 

  0x0000707278bf69c8: ; ImmutableOopMap {[224]=Oop [232]=Oop [240]=Oop [256]=Oop [280]=Oop [312]=Oop [344]=Oop [360]=Oop [368]=Oop [424]=Oop [432]=Oop [448]=Oop [504]=Oop [544]=Oop [688]=Oop [712]=Oop [720]=Oop [736]=Oop }
                      ;*invokespecial <init> {reexecute=0 rethrow=0 return_oop=0}
                      ; - org.apache.xalan.templates.ElemApplyTemplates::transformSelectedNodes@926 (line 438)
  0x0000707278bf69c8: b4e6 0607 

  0x0000707278bf69cc: ;   {other}
  0x0000707278bf69cc: 0f1f 8400 | bc86 0058 | 488b 9c24 | d002 0000 

  0x0000707278bf69dc: ; implicit exception: dispatches to 0x0000707278bfb430
  0x0000707278bf69dc: 483b 0348 

  0x0000707278bf69e0: ;   {metadata(method data for {method} {0x000063c55055b330} 'transformSelectedNodes' '(Lorg/apache/xalan/transformer/TransformerImpl;)V' in 'org/apache/xalan/templates/ElemApplyTemplates')}
  0x0000707278bf69e0: 8bd3 48b9 | 2894 8150 | c563 0000 

  0x0000707278bf69ec: ;   {metadata('org/apache/xalan/trace/TraceManager')}
  0x0000707278bf69ec: 49ba 7884 | 0e5c c563 | 0000 4c89 | 91c8 1900 | 0048 8381 | d019 0000 | 018b 9424 | f800 0000 
  0x0000707278bf6a0c: 488b 8c24 | e800 0000 

  0x0000707278bf6a14: ;   {oop("select"{0x0000000040aa87b8})}
  0x0000707278bf6a14: 49b8 b887 | aa40 0000 | 0000 4c8b | 8c24 c802 | 0000 488b | bc24 e002 | 0000 488b | f366 0f1f 
  0x0000707278bf6a34: ;   {optimized virtual_call}
  0x0000707278bf6a34: 4400 00e8 

  0x0000707278bf6a38: ; ImmutableOopMap {[224]=Oop [232]=Oop [240]=Oop [256]=Oop [280]=Oop [312]=Oop [344]=Oop [360]=Oop [368]=Oop [424]=Oop [432]=Oop [448]=Oop [504]=Oop [544]=Oop [688]=Oop }
                      ;*invokevirtual fireSelectedEndEvent {reexecute=0 rethrow=0 return_oop=0}
                      ; - org.apache.xalan.templates.ElemApplyTemplates::transformSelectedNodes@929 (line 438)
  0x0000707278bf6a38: 44e6 0607 

  0x0000707278bf6a3c: ;   {other}
  0x0000707278bf6a3c: 0f1f 8400 | 2c87 0059 | 8b8c 24fc | 0000 0085 

  0x0000707278bf6a4c: ;   {metadata(method data for {method} {0x000063c55055b330} 'transformSelectedNodes' '(Lorg/apache/xalan/transformer/TransformerImpl;)V' in 'org/apache/xalan/templates/ElemApplyTemplates')}
  0x0000707278bf6a4c: c948 ba28 | 9481 50c5 | 6300 0048 | c7c6 f019 | 0000 7e07 | 48c7 c600 | 1a00 0048 | 8b3c 3248 
  0x0000707278bf6a6c: 8d7f 0148 | 893c 3289 | 8c24 fc00 | 0000 0f8e | 4c00 0000 | 488b 9c24 | 0001 0000 

  0x0000707278bf6a88: ;   {metadata(method data for {method} {0x000063c55055b330} 'transformSelectedNodes' '(Lorg/apache/xalan/transformer/TransformerImpl;)V' in 'org/apache/xalan/templates/ElemApplyTemplates')}
  0x0000707278bf6a88: 48ba 2894 | 8150 c563 

  0x0000707278bf6a90: ;   {metadata('org/apache/xpath/VariableStack')}
  0x0000707278bf6a90: 0000 49ba | a8de 0e5c | c563 0000 | 4c89 9220 | 1a00 0048 | 8382 281a | 0000 018b | 9424 1001 
  0x0000707278bf6ab0: 0000 488b | b424 0001 | 0000 0f1f 

  0x0000707278bf6abc: ;   {optimized virtual_call}
  0x0000707278bf6abc: 4400 00e8 

  0x0000707278bf6ac0: ; ImmutableOopMap {[224]=Oop [232]=Oop [240]=Oop [256]=Oop [280]=Oop [312]=Oop [344]=Oop [360]=Oop [368]=Oop [424]=Oop [432]=Oop [448]=Oop [504]=Oop [544]=Oop [688]=Oop }
                      ;*invokevirtual unlink {reexecute=0 rethrow=0 return_oop=0}
                      ; - org.apache.xalan.templates.ElemApplyTemplates::transformSelectedNodes@941 (line 444)
  0x0000707278bf6ac0: bce5 0607 

  0x0000707278bf6ac4: ;   {other}
  0x0000707278bf6ac4: 0f1f 8400 | b487 005a | 488b bc24 | e000 0000 

  0x0000707278bf6ad4: ;   {metadata(method data for {method} {0x000063c55055b330} 'transformSelectedNodes' '(Lorg/apache/xalan/transformer/TransformerImpl;)V' in 'org/apache/xalan/templates/ElemApplyTemplates')}
  0x0000707278bf6ad4: 488b f748 | bb28 9481 | 50c5 6300 | 0048 8383 | 601a 0000 

  0x0000707278bf6ae8: ;   {metadata(method data for {method} {0x000063c5506aa268} 'popSAXLocator' '()V' in 'org/apache/xpath/XPathContext')}
  0x0000707278bf6ae8: 0148 be50 | 1b81 50c5 | 6300 008b | 9ef4 0000 | 0083 c302 | 899e f400 | 0000 81e3 | feff 1f00 
  0x0000707278bf6b08: 85db 0f84 | 2549 0000 | 8b77 2c48 | 3b06 488b 

  0x0000707278bf6b18: ;   {metadata(method data for {method} {0x000063c5506aa268} 'popSAXLocator' '()V' in 'org/apache/xpath/XPathContext')}
  0x0000707278bf6b18: de48 b850 | 1b81 50c5 | 6300 0048 | 8380 5001 | 0000 010f 

  0x0000707278bf6b2c: ;   {optimized virtual_call}
  0x0000707278bf6b2c: 1f40 00e8 

  0x0000707278bf6b30: ; ImmutableOopMap {[224]=Oop [232]=Oop [240]=Oop [256]=Oop [280]=Oop [312]=Oop [344]=Oop [360]=Oop [368]=Oop [424]=Oop [432]=Oop [448]=Oop [504]=Oop [544]=Oop [688]=Oop }
                      ;*invokevirtual pop {reexecute=0 rethrow=0 return_oop=0}
                      ; - org.apache.xpath.XPathContext::popSAXLocator@4 (line 434)
                      ; - org.apache.xalan.templates.ElemApplyTemplates::transformSelectedNodes@945 (line 445)
  0x0000707278bf6b30: 4ce5 0607 

  0x0000707278bf6b34: ;   {other}
  0x0000707278bf6b34: 0f1f 8400 | 2488 005b 

  0x0000707278bf6b3c: ;   {metadata(method data for {method} {0x000063c55055b330} 'transformSelectedNodes' '(Lorg/apache/xalan/transformer/TransformerImpl;)V' in 'org/apache/xalan/templates/ElemApplyTemplates')}
  0x0000707278bf6b3c: 48be 2894 | 8150 c563 | 0000 ff86 | 901a 0000 | 488b bc24 | e000 0000 

  0x0000707278bf6b54: ;   {metadata(method data for {method} {0x000063c55055b330} 'transformSelectedNodes' '(Lorg/apache/xalan/transformer/TransformerImpl;)V' in 'org/apache/xalan/templates/ElemApplyTemplates')}
  0x0000707278bf6b54: 48be 2894 | 8150 c563 | 0000 4883 | 86a0 1a00 | 0001 488b | b424 e000 

  0x0000707278bf6b6c: ;   {optimized virtual_call}
  0x0000707278bf6b6c: 0000 90e8 

  0x0000707278bf6b70: ; ImmutableOopMap {[224]=Oop [232]=Oop [240]=Oop [256]=Oop [280]=Oop [312]=Oop [344]=Oop [360]=Oop [368]=Oop [424]=Oop [432]=Oop [448]=Oop [504]=Oop [544]=Oop [688]=Oop }
                      ;*invokevirtual popContextNodeList {reexecute=0 rethrow=0 return_oop=0}
                      ; - org.apache.xalan.templates.ElemApplyTemplates::transformSelectedNodes@954 (line 446)
  0x0000707278bf6b70: 0ce5 0607 

  0x0000707278bf6b74: ;   {other}
  0x0000707278bf6b74: 0f1f 8400 | 6488 005c | 488b 9424 | f000 0000 

  0x0000707278bf6b84: ;   {metadata(method data for {method} {0x000063c55055b330} 'transformSelectedNodes' '(Lorg/apache/xalan/transformer/TransformerImpl;)V' in 'org/apache/xalan/templates/ElemApplyTemplates')}
  0x0000707278bf6b84: 488b f248 | bb28 9481 | 50c5 6300 | 0048 8383 | f01a 0000 

  0x0000707278bf6b98: ;   {metadata(method data for {method} {0x000063c550655c90} 'popElemTemplateElement' '()V' in 'org/apache/xalan/transformer/TransformerImpl')}
  0x0000707278bf6b98: 0148 be50 | 0381 50c5 | 6300 008b | 9ef4 0000 | 0083 c302 | 899e f400 | 0000 81e3 | feff 1f00 
  0x0000707278bf6bb8: 85db 0f84 | 9b48 0000 | 8b72 4c48 | 3b06 488b 

  0x0000707278bf6bc8: ;   {metadata(method data for {method} {0x000063c550655c90} 'popElemTemplateElement' '()V' in 'org/apache/xalan/transformer/TransformerImpl')}
  0x0000707278bf6bc8: de48 b850 | 0381 50c5 | 6300 0048 | 8380 5001 | 0000 010f 

  0x0000707278bf6bdc: ;   {optimized virtual_call}
  0x0000707278bf6bdc: 1f40 00e8 

  0x0000707278bf6be0: ; ImmutableOopMap {[224]=Oop [232]=Oop [240]=Oop [256]=Oop [280]=Oop [312]=Oop [344]=Oop [360]=Oop [368]=Oop [424]=Oop [432]=Oop [448]=Oop [504]=Oop [544]=Oop [688]=Oop }
                      ;*invokevirtual pop {reexecute=0 rethrow=0 return_oop=0}
                      ; - org.apache.xalan.transformer.TransformerImpl::popElemTemplateElement@4 (line 2632)
                      ; - org.apache.xalan.templates.ElemApplyTemplates::transformSelectedNodes@958 (line 447)
  0x0000707278bf6be0: 9ce4 0607 

  0x0000707278bf6be4: ;   {other}
  0x0000707278bf6be4: 0f1f 8400 | d488 005d | 488b bc24 | e000 0000 

  0x0000707278bf6bf4: ;   {metadata(method data for {method} {0x000063c55055b330} 'transformSelectedNodes' '(Lorg/apache/xalan/transformer/TransformerImpl;)V' in 'org/apache/xalan/templates/ElemApplyTemplates')}
  0x0000707278bf6bf4: 48be 2894 | 8150 c563 | 0000 4883 | 8610 1b00 

  0x0000707278bf6c04: ;   {metadata(method data for {method} {0x000063c5506ac060} 'popCurrentExpressionNode' '()V' in 'org/apache/xpath/XPathContext')}
  0x0000707278bf6c04: 0001 48be | 985e 8150 | c563 0000 | 8bbe f400 | 0000 83c7 | 0289 bef4 | 0000 0081 | e7fe ff1f 
  0x0000707278bf6c24: 0085 ff0f | 8454 4800 | 0048 8bbc | 24e0 0000 | 008b 7760 

  0x0000707278bf6c38: ; implicit exception: dispatches to 0x0000707278bfb4a2
  0x0000707278bf6c38: 483b 0648 

  0x0000707278bf6c3c: ;   {metadata(method data for {method} {0x000063c5506ac060} 'popCurrentExpressionNode' '()V' in 'org/apache/xpath/XPathContext')}
  0x0000707278bf6c3c: 8bde 48b8 | 985e 8150 | c563 0000 | 4883 8038 | 0100 0001 

  0x0000707278bf6c50: ;   {metadata(method data for {method} {0x000063c550648710} 'quickPop' '(I)V' in 'org/apache/xml/utils/IntStack')}
  0x0000707278bf6c50: 48bb 680f | 7e50 c563 | 0000 8b83 | f400 0000 | 83c0 0289 | 83f4 0000 | 0025 feff | 1f00 85c0 
  0x0000707278bf6c70: 0f84 3148 | 0000 8b5e | 10ff cb89 | 5e10 488b 

  0x0000707278bf6c80: ;   {metadata(method data for {method} {0x000063c55055b330} 'transformSelectedNodes' '(Lorg/apache/xalan/transformer/TransformerImpl;)V' in 'org/apache/xalan/templates/ElemApplyTemplates')}
  0x0000707278bf6c80: f748 bb28 | 9481 50c5 | 6300 0048 | 8383 481b 

  0x0000707278bf6c90: ;   {metadata(method data for {method} {0x000063c5506ab680} 'popCurrentNode' '()V' in 'org/apache/xpath/XPathContext')}
  0x0000707278bf6c90: 0000 0148 | be60 5280 | 50c5 6300 | 008b 9ef4 | 0000 0083 | c302 899e | f400 0000 | 81e3 feff 
  0x0000707278bf6cb0: 1f00 85db | 0f84 0e48 | 0000 8b77 | 5448 3b06 

  0x0000707278bf6cc0: ;   {metadata(method data for {method} {0x000063c5506ab680} 'popCurrentNode' '()V' in 'org/apache/xpath/XPathContext')}
  0x0000707278bf6cc0: 488b de48 | b860 5280 | 50c5 6300 | 0048 8380 | 3801 0000 

  0x0000707278bf6cd4: ;   {metadata(method data for {method} {0x000063c550648710} 'quickPop' '(I)V' in 'org/apache/xml/utils/IntStack')}
  0x0000707278bf6cd4: 0148 bb68 | 0f7e 50c5 | 6300 008b | 83f4 0000 | 0083 c002 | 8983 f400 | 0000 25fe | ff1f 0085 
  0x0000707278bf6cf4: c00f 84f3 | 4700 008b | 5e10 ffcb | 895e 1048 | 8b84 2438 

  0x0000707278bf6d08: ;   {metadata(method data for {method} {0x000063c55055b330} 'transformSelectedNodes' '(Lorg/apache/xalan/transformer/TransformerImpl;)V' in 'org/apache/xalan/templates/ElemApplyTemplates')}
  0x0000707278bf6d08: 0100 0048 | be28 9481 | 50c5 6300 | 008b 4008 | 49ba 0000 | 005b c563 | 0000 4903 | c248 3b86 
  0x0000707278bf6d28: 901b 0000 | 750d 4883 | 8698 1b00 | 0001 e960 | 0000 0048 | 3b86 a01b | 0000 750d | 4883 86a8 
  0x0000707278bf6d48: 1b00 0001 | e94a 0000 | 0048 83be | 901b 0000 | 0075 1748 | 8986 901b | 0000 48c7 | 8698 1b00 
  0x0000707278bf6d68: 0001 0000 | 00e9 2900 | 0000 4883 | bea0 1b00 | 0000 7517 | 4889 86a0 | 1b00 0048 | c786 a81b 
  0x0000707278bf6d88: 0000 0100 | 0000 e908 | 0000 0048 | 8386 801b | 0000 0148 | 8bb4 2438 | 0100 0066 | 9048 b8ff 
  0x0000707278bf6da8: ffff ffff 

  0x0000707278bf6dac: ;   {virtual_call}
  0x0000707278bf6dac: ffff ffe8 

  0x0000707278bf6db0: ; ImmutableOopMap {[224]=Oop [232]=Oop [240]=Oop [256]=Oop [280]=Oop [312]=Oop [344]=Oop [360]=Oop [368]=Oop [424]=Oop [432]=Oop [448]=Oop [504]=Oop [544]=Oop [688]=Oop }
                      ;*invokeinterface detach {reexecute=0 rethrow=0 return_oop=0}
                      ; - org.apache.xalan.templates.ElemApplyTemplates::transformSelectedNodes@971 (line 450)
  0x0000707278bf6db0: cce5 0607 

  0x0000707278bf6db4: ;   {other}
  0x0000707278bf6db4: 0f1f 8400 | a48a 005e | e900 0600 | 0049 8b87 | 1808 0000 | 4d33 d24d | 8997 1808 | 0000 4d33 
  0x0000707278bf6dd4: d24d 8997 | 2008 0000 | 488b 9424 | f000 0000 

  0x0000707278bf6de4: ;   {metadata(method data for {method} {0x000063c55055b330} 'transformSelectedNodes' '(Lorg/apache/xalan/transformer/TransformerImpl;)V' in 'org/apache/xalan/templates/ElemApplyTemplates')}
  0x0000707278bf6de4: 488b f248 | bf28 9481 | 50c5 6300 | 0048 8387 | 2019 0000 | 010f be72 | 1583 e601 

  0x0000707278bf6e00: ;   {metadata(method data for {method} {0x000063c55055b330} 'transformSelectedNodes' '(Lorg/apache/xalan/transformer/TransformerImpl;)V' in 'org/apache/xalan/templates/ElemApplyTemplates')}
  0x0000707278bf6e00: 85f6 48be | 2894 8150 | c563 0000 | 48c7 c740 | 1900 0074 | 0748 c7c7 | 5019 0000 | 488b 0c3e 
  0x0000707278bf6e20: 488d 4901 | 4889 0c3e | 4889 8424 | f802 0000 | 0f84 4604 | 0000 488b | b424 e800 | 0000 488b 
  0x0000707278bf6e40: ;   {metadata(method data for {method} {0x000063c55055b330} 'transformSelectedNodes' '(Lorg/apache/xalan/transformer/TransformerImpl;)V' in 'org/apache/xalan/templates/ElemApplyTemplates')}
  0x0000707278bf6e40: fa48 b928 | 9481 50c5 

  0x0000707278bf6e48: ;   {metadata('org/apache/xalan/transformer/TransformerImpl')}
  0x0000707278bf6e48: 6300 0049 | bac8 0c0c | 5cc5 6300 | 004c 8991 | 7019 0000 | 4883 8178 | 1900 0001 | 8b9a 8400 
  0x0000707278bf6e68: 0000 660f | 1f44 0000 

  0x0000707278bf6e70: ;   {no_reloc}
  0x0000707278bf6e70: e9a9 4600 | 0000 0000 | 0000 4c8b | ce49 8b87 | b804 0000 | 488d 4818 | 483b c80f | 8297 4600 
  0x0000707278bf6e90: 0049 3b8f | c004 0000 | 0f87 8a46 | 0000 4989 | 8fb8 0400 | 0048 8bf8 | 48c1 ef06 | 49ba 0000 
  0x0000707278bf6eb0: 40d4 c563 | 0000 458a | 143a 488b | c848 c1e9 | 0348 83e1 | 0748 c7c7 | 0100 0000 | 48d3 e74c 
  0x0000707278bf6ed0: 0bd7 488b | f848 c1ef | 0648 b900 | 0040 d4c5 | 6300 0044 | 8814 3949 | 8387 2802 | 0000 1849 
  0x0000707278bf6ef0: 8387 2802 | 0000 0048 | c700 0100 | 0000 488b | ca49 ba00 | 0000 5bc5 | 6300 0049 | 2bca 8948 
  0x0000707278bf6f10: 0848 33c9 | 8948 0c48 | 33c9 4889 | 4810 4889 | 8424 e802 | 0000 418b | 5150 488b 

  0x0000707278bf6f2c: ;   {metadata(method data for {method} {0x000063c55055b330} 'transformSelectedNodes' '(Lorg/apache/xalan/transformer/TransformerImpl;)V' in 'org/apache/xalan/templates/ElemApplyTemplates')}
  0x0000707278bf6f2c: f048 bf28 | 9481 50c5 | 6300 0048 | 8387 9819 

  0x0000707278bf6f3c: ;   {metadata(method data for {method} {0x000063c55065bd48} '<init>' '(Lorg/apache/xpath/Expression;)V' in 'org/apache/xpath/XPath')}
  0x0000707278bf6f3c: 0000 0148 | bee0 7882 | 50c5 6300 | 008b bef4 | 0000 0083 | c702 89be | f400 0000 | 81e7 feff 
  0x0000707278bf6f5c: 1f00 85ff | 0f84 cf45 | 0000 488b 

  0x0000707278bf6f68: ;   {metadata(method data for {method} {0x000063c55065bd48} '<init>' '(Lorg/apache/xpath/Expression;)V' in 'org/apache/xpath/XPath')}
  0x0000707278bf6f68: f048 bfe0 | 7882 50c5 | 6300 0048 | 8387 3801 

  0x0000707278bf6f78: ;   {metadata(method data for {method} {0x000063c55b4791f0} '<init>' '()V' in 'java/lang/Object')}
  0x0000707278bf6f78: 0000 0148 | bee0 7100 | 50c5 6300 | 008b bef4 | 0000 0083 | c702 89be | f400 0000 | 81e7 feff 
  0x0000707278bf6f98: 1f00 85ff | 0f84 b445 | 0000 488b 

  0x0000707278bf6fa4: ;   {metadata(method data for {method} {0x000063c55065bd48} '<init>' '(Lorg/apache/xpath/Expression;)V' in 'org/apache/xpath/XPath')}
  0x0000707278bf6fa4: f048 bfe0 | 7882 50c5 

  0x0000707278bf6fac: ;   {metadata('org/apache/xpath/XPath')}
  0x0000707278bf6fac: 6300 0049 | ba88 130c | 5cc5 6300 | 004c 8997 | 5801 0000 | 4883 8760 | 0100 0001 | 488b f048 
  0x0000707278bf6fcc: 899c 24f0 | 0200 000f 

  0x0000707278bf6fd4: ;   {optimized virtual_call}
  0x0000707278bf6fd4: 1f40 00e8 

  0x0000707278bf6fd8: ; ImmutableOopMap {[224]=Oop [232]=Oop [240]=Oop [256]=Oop [280]=Oop [312]=Oop [344]=Oop [360]=Oop [368]=Oop [424]=Oop [432]=Oop [448]=Oop [504]=Oop [544]=Oop [688]=Oop [744]=Oop [752]=Oop [760]=Oop }
                      ;*invokevirtual setExpression {reexecute=0 rethrow=0 return_oop=0}
                      ; - org.apache.xpath.XPath::<init>@11 (line 278)
                      ; - org.apache.xalan.templates.ElemApplyTemplates::transformSelectedNodes@917 (line 438)
  0x0000707278bf6fd8: a4e0 0607 

  0x0000707278bf6fdc: ;   {other}
  0x0000707278bf6fdc: 0f1f 8400 | cc8c 005f | 488b 8424 | e802 0000 

  0x0000707278bf6fec: ;   {metadata(method data for {method} {0x000063c55065bd48} '<init>' '(Lorg/apache/xpath/Expression;)V' in 'org/apache/xpath/XPath')}
  0x0000707278bf6fec: 48ba e078 | 8250 c563 | 0000 4883 | 8280 0100 

  0x0000707278bf6ffc: ;   {metadata(method data for {method} {0x000063c55065b470} 'initFunctionTable' '()V' in 'org/apache/xpath/XPath')}
  0x0000707278bf6ffc: 0001 48ba | 507c 8250 | c563 0000 | 8bb2 f400 | 0000 83c6 | 0289 b2f4 | 0000 0081 | e6fe ff1f 
  0x0000707278bf701c: 0085 f60f | 8452 4500 

  0x0000707278bf7024: ;   {metadata('org/apache/xpath/compiler/FunctionTable')}
  0x0000707278bf7024: 0048 ba58 | d201 5cc5 | 6300 0049 | 8b87 b804 | 0000 488d | 4818 483b | c80f 8255 | 4500 0049 
  0x0000707278bf7044: 3b8f c004 | 0000 0f87 | 4845 0000 | 4989 8fb8 | 0400 0048 | 8bf8 48c1 | ef06 49ba | 0000 40d4 
  0x0000707278bf7064: c563 0000 | 458a 143a | 488b c848 | c1e9 0348 | 83e1 0748 | c7c7 0100 | 0000 48d3 | e74c 0bd7 
  0x0000707278bf7084: 488b f848 | c1ef 0648 | b900 0040 | d4c5 6300 | 0044 8814 | 3949 8387 | 2802 0000 | 1849 8387 
  0x0000707278bf70a4: 2802 0000 | 0048 c700 | 0100 0000 | 488b ca49 | ba00 0000 | 5bc5 6300 | 0049 2bca | 8948 0848 
  0x0000707278bf70c4: 33c9 8948 | 0c48 33c9 | 4889 4810 

  0x0000707278bf70d0: ;   {metadata(method data for {method} {0x000063c55065b470} 'initFunctionTable' '()V' in 'org/apache/xpath/XPath')}
  0x0000707278bf70d0: 488b f048 | bf50 7c82 | 50c5 6300 | 0048 8387 | 3801 0000 | 0148 8bf0 | 4889 8424 | 0003 0000 
  0x0000707278bf70f0: 0f1f 8000 

  0x0000707278bf70f4: ;   {optimized virtual_call}
  0x0000707278bf70f4: 0000 00e8 

  0x0000707278bf70f8: ; ImmutableOopMap {[224]=Oop [232]=Oop [240]=Oop [256]=Oop [280]=Oop [312]=Oop [344]=Oop [360]=Oop [368]=Oop [424]=Oop [432]=Oop [448]=Oop [504]=Oop [544]=Oop [688]=Oop [744]=Oop [752]=Oop [760]=Oop [768]=Oop }
                      ;*invokespecial <init> {reexecute=0 rethrow=0 return_oop=0}
                      ; - org.apache.xpath.XPath::initFunctionTable@5 (line 62)
                      ; - org.apache.xpath.XPath::<init>@15 (line 279)
                      ; - org.apache.xalan.templates.ElemApplyTemplates::transformSelectedNodes@917 (line 438)
  0x0000707278bf70f8: 84df 0607 

  0x0000707278bf70fc: ;   {other}
  0x0000707278bf70fc: 0f1f 8400 | ec8d 0060 | 488b 9c24 | e802 0000 | 488b 8424 | 0003 0000 | 4c8b d044 | 8953 100f 
  0x0000707278bf711c: 1f44 0000 

  0x0000707278bf7120: ;   {no_reloc}
  0x0000707278bf7120: e98f 4400 | 0000 0000 | 0000 498b | 87b8 0400 | 0048 8d48 | 2848 3bc8 | 0f82 8044 | 0000 493b 
  0x0000707278bf7140: 8fc0 0400 | 000f 8773 | 4400 0049 | 898f b804 | 0000 488b | f848 c1ef | 0649 ba00 | 0040 d4c5 
  0x0000707278bf7160: 6300 0045 | 8a14 3a48 | 8bc8 48c1 | e903 4883 | e107 48c7 | c701 0000 | 0048 d3e7 | 4c0b d748 
  0x0000707278bf7180: 8bf8 48c1 | ef06 48b9 | 0000 40d4 | c563 0000 | 4488 1439 | 4983 8728 | 0200 0028 | 4983 8728 
  0x0000707278bf71a0: 0200 0000 | 48c7 0001 | 0000 0048 | 8bca 49ba | 0000 005b | c563 0000 | 492b ca89 | 4808 4833 
  0x0000707278bf71c0: c989 480c | 4833 c948 | 8948 1048 | 8948 1848 | 8948 2048 

  0x0000707278bf71d4: ;   {metadata(method data for {method} {0x000063c55055b330} 'transformSelectedNodes' '(Lorg/apache/xalan/transformer/TransformerImpl;)V' in 'org/apache/xalan/templates/ElemApplyTemplates')}
  0x0000707278bf71d4: 8bd0 48be | 2894 8150 | c563 0000 | 4883 86a8 | 1900 0001 | 488b 9424 | 3801 0000 | 488b f048 
  0x0000707278bf71f4: 8984 2408 | 0300 000f 

  0x0000707278bf71fc: ;   {optimized virtual_call}
  0x0000707278bf71fc: 1f40 00e8 

  0x0000707278bf7200: ; ImmutableOopMap {[224]=Oop [232]=Oop [240]=Oop [256]=Oop [280]=Oop [312]=Oop [344]=Oop [360]=Oop [368]=Oop [424]=Oop [432]=Oop [448]=Oop [504]=Oop [544]=Oop [688]=Oop [744]=Oop [752]=Oop [760]=Oop [776]=Oop }
                      ;*invokespecial <init> {reexecute=0 rethrow=0 return_oop=0}
                      ; - org.apache.xalan.templates.ElemApplyTemplates::transformSelectedNodes@926 (line 438)
  0x0000707278bf7200: 7cde 0607 

  0x0000707278bf7204: ;   {other}
  0x0000707278bf7204: 0f1f 8400 | f48e 0061 | 488b 9c24 | f002 0000 

  0x0000707278bf7214: ; implicit exception: dispatches to 0x0000707278bfb5cb
  0x0000707278bf7214: 483b 0348 

  0x0000707278bf7218: ;   {metadata(method data for {method} {0x000063c55055b330} 'transformSelectedNodes' '(Lorg/apache/xalan/transformer/TransformerImpl;)V' in 'org/apache/xalan/templates/ElemApplyTemplates')}
  0x0000707278bf7218: 8bd3 48b9 | 2894 8150 | c563 0000 

  0x0000707278bf7224: ;   {metadata('org/apache/xalan/trace/TraceManager')}
  0x0000707278bf7224: 49ba 7884 | 0e5c c563 | 0000 4c89 | 91c8 1900 | 0048 8381 | d019 0000 | 018b 9424 | f800 0000 
  0x0000707278bf7244: 488b 8c24 | e800 0000 

  0x0000707278bf724c: ;   {oop("select"{0x0000000040aa87b8})}
  0x0000707278bf724c: 49b8 b887 | aa40 0000 | 0000 4c8b | 8c24 e802 | 0000 488b | bc24 0803 | 0000 488b | f366 0f1f 
  0x0000707278bf726c: ;   {optimized virtual_call}
  0x0000707278bf726c: 4400 00e8 

  0x0000707278bf7270: ; ImmutableOopMap {[224]=Oop [232]=Oop [240]=Oop [256]=Oop [280]=Oop [312]=Oop [344]=Oop [360]=Oop [368]=Oop [424]=Oop [432]=Oop [448]=Oop [504]=Oop [544]=Oop [688]=Oop [760]=Oop }
                      ;*invokevirtual fireSelectedEndEvent {reexecute=0 rethrow=0 return_oop=0}
                      ; - org.apache.xalan.templates.ElemApplyTemplates::transformSelectedNodes@929 (line 438)
  0x0000707278bf7270: 0cde 0607 

  0x0000707278bf7274: ;   {other}
  0x0000707278bf7274: 0f1f 8400 | 648f 0062 | 8b8c 24fc | 0000 0085 

  0x0000707278bf7284: ;   {metadata(method data for {method} {0x000063c55055b330} 'transformSelectedNodes' '(Lorg/apache/xalan/transformer/TransformerImpl;)V' in 'org/apache/xalan/templates/ElemApplyTemplates')}
  0x0000707278bf7284: c948 ba28 | 9481 50c5 | 6300 0048 | c7c6 f019 | 0000 7e07 | 48c7 c600 | 1a00 0048 | 8b3c 3248 
  0x0000707278bf72a4: 8d7f 0148 | 893c 3289 | 8c24 fc00 | 0000 0f8e | 4c00 0000 | 488b 9c24 | 0001 0000 

  0x0000707278bf72c0: ;   {metadata(method data for {method} {0x000063c55055b330} 'transformSelectedNodes' '(Lorg/apache/xalan/transformer/TransformerImpl;)V' in 'org/apache/xalan/templates/ElemApplyTemplates')}
  0x0000707278bf72c0: 48ba 2894 | 8150 c563 

  0x0000707278bf72c8: ;   {metadata('org/apache/xpath/VariableStack')}
  0x0000707278bf72c8: 0000 49ba | a8de 0e5c | c563 0000 | 4c89 9220 | 1a00 0048 | 8382 281a | 0000 018b | 9424 1001 
  0x0000707278bf72e8: 0000 488b | b424 0001 | 0000 0f1f 

  0x0000707278bf72f4: ;   {optimized virtual_call}
  0x0000707278bf72f4: 4400 00e8 

  0x0000707278bf72f8: ; ImmutableOopMap {[224]=Oop [232]=Oop [240]=Oop [256]=Oop [280]=Oop [312]=Oop [344]=Oop [360]=Oop [368]=Oop [424]=Oop [432]=Oop [448]=Oop [504]=Oop [544]=Oop [688]=Oop [760]=Oop }
                      ;*invokevirtual unlink {reexecute=0 rethrow=0 return_oop=0}
                      ; - org.apache.xalan.templates.ElemApplyTemplates::transformSelectedNodes@941 (line 444)
  0x0000707278bf72f8: 84dd 0607 

  0x0000707278bf72fc: ;   {other}
  0x0000707278bf72fc: 0f1f 8400 | ec8f 0063 | 488b bc24 | e000 0000 

  0x0000707278bf730c: ;   {metadata(method data for {method} {0x000063c55055b330} 'transformSelectedNodes' '(Lorg/apache/xalan/transformer/TransformerImpl;)V' in 'org/apache/xalan/templates/ElemApplyTemplates')}
  0x0000707278bf730c: 488b f748 | bb28 9481 | 50c5 6300 | 0048 8383 | 601a 0000 

  0x0000707278bf7320: ;   {metadata(method data for {method} {0x000063c5506aa268} 'popSAXLocator' '()V' in 'org/apache/xpath/XPathContext')}
  0x0000707278bf7320: 0148 be50 | 1b81 50c5 | 6300 008b | 9ef4 0000 | 0083 c302 | 899e f400 | 0000 81e3 | feff 1f00 
  0x0000707278bf7340: 85db 0f84 | 8842 0000 | 8b77 2c48 | 3b06 488b 

  0x0000707278bf7350: ;   {metadata(method data for {method} {0x000063c5506aa268} 'popSAXLocator' '()V' in 'org/apache/xpath/XPathContext')}
  0x0000707278bf7350: de48 b850 | 1b81 50c5 | 6300 0048 | 8380 5001 | 0000 010f 

  0x0000707278bf7364: ;   {optimized virtual_call}
  0x0000707278bf7364: 1f40 00e8 

  0x0000707278bf7368: ; ImmutableOopMap {[224]=Oop [232]=Oop [240]=Oop [256]=Oop [280]=Oop [312]=Oop [344]=Oop [360]=Oop [368]=Oop [424]=Oop [432]=Oop [448]=Oop [504]=Oop [544]=Oop [688]=Oop [760]=Oop }
                      ;*invokevirtual pop {reexecute=0 rethrow=0 return_oop=0}
                      ; - org.apache.xpath.XPathContext::popSAXLocator@4 (line 434)
                      ; - org.apache.xalan.templates.ElemApplyTemplates::transformSelectedNodes@945 (line 445)
  0x0000707278bf7368: 14dd 0607 

  0x0000707278bf736c: ;   {other}
  0x0000707278bf736c: 0f1f 8400 | 5c90 0064 

  0x0000707278bf7374: ;   {metadata(method data for {method} {0x000063c55055b330} 'transformSelectedNodes' '(Lorg/apache/xalan/transformer/TransformerImpl;)V' in 'org/apache/xalan/templates/ElemApplyTemplates')}
  0x0000707278bf7374: 48be 2894 | 8150 c563 | 0000 ff86 | 901a 0000 | 488b bc24 | e000 0000 

  0x0000707278bf738c: ;   {metadata(method data for {method} {0x000063c55055b330} 'transformSelectedNodes' '(Lorg/apache/xalan/transformer/TransformerImpl;)V' in 'org/apache/xalan/templates/ElemApplyTemplates')}
  0x0000707278bf738c: 48be 2894 | 8150 c563 | 0000 4883 | 86a0 1a00 | 0001 488b | b424 e000 

  0x0000707278bf73a4: ;   {optimized virtual_call}
  0x0000707278bf73a4: 0000 90e8 

  0x0000707278bf73a8: ; ImmutableOopMap {[224]=Oop [232]=Oop [240]=Oop [256]=Oop [280]=Oop [312]=Oop [344]=Oop [360]=Oop [368]=Oop [424]=Oop [432]=Oop [448]=Oop [504]=Oop [544]=Oop [688]=Oop [760]=Oop }
                      ;*invokevirtual popContextNodeList {reexecute=0 rethrow=0 return_oop=0}
                      ; - org.apache.xalan.templates.ElemApplyTemplates::transformSelectedNodes@954 (line 446)
  0x0000707278bf73a8: d4dc 0607 

  0x0000707278bf73ac: ;   {other}
  0x0000707278bf73ac: 0f1f 8400 | 9c90 0065 | 488b 9424 | f000 0000 | e926 0000 

  0x0000707278bf73c0: ;   {metadata(method data for {method} {0x000063c55055b330} 'transformSelectedNodes' '(Lorg/apache/xalan/transformer/TransformerImpl;)V' in 'org/apache/xalan/templates/ElemApplyTemplates')}
  0x0000707278bf73c0: 0048 be28 | 9481 50c5 | 6300 00ff | 86d8 1800 | 0048 81c4 | 0004 0000 

  0x0000707278bf73d8: ;   {poll_return}
  0x0000707278bf73d8: 5d49 3ba7 | 6807 0000 | 0f87 1042 | 0000 c348 

  0x0000707278bf73e8: ;   {metadata(method data for {method} {0x000063c55055b330} 'transformSelectedNodes' '(Lorg/apache/xalan/transformer/TransformerImpl;)V' in 'org/apache/xalan/templates/ElemApplyTemplates')}
  0x0000707278bf73e8: 8bf2 48bb | 2894 8150 | c563 0000 | 4883 83f0 | 1a00 0001 

  0x0000707278bf73fc: ;   {metadata(method data for {method} {0x000063c550655c90} 'popElemTemplateElement' '()V' in 'org/apache/xalan/transformer/TransformerImpl')}
  0x0000707278bf73fc: 48be 5003 | 8150 c563 | 0000 8b9e | f400 0000 | 83c3 0289 | 9ef4 0000 | 0081 e3fe | ff1f 0085 
  0x0000707278bf741c: db0f 84e9 | 4100 008b | 724c 483b | 0648 8bde 

  0x0000707278bf742c: ;   {metadata(method data for {method} {0x000063c550655c90} 'popElemTemplateElement' '()V' in 'org/apache/xalan/transformer/TransformerImpl')}
  0x0000707278bf742c: 48b8 5003 | 8150 c563 | 0000 4883 | 8050 0100 

  0x0000707278bf743c: ;   {optimized virtual_call}
  0x0000707278bf743c: 0001 90e8 

  0x0000707278bf7440: ; ImmutableOopMap {[224]=Oop [232]=Oop [240]=Oop [256]=Oop [280]=Oop [312]=Oop [344]=Oop [360]=Oop [368]=Oop [424]=Oop [432]=Oop [448]=Oop [504]=Oop [544]=Oop [688]=Oop [760]=Oop }
                      ;*invokevirtual pop {reexecute=0 rethrow=0 return_oop=0}
                      ; - org.apache.xalan.transformer.TransformerImpl::popElemTemplateElement@4 (line 2632)
                      ; - org.apache.xalan.templates.ElemApplyTemplates::transformSelectedNodes@958 (line 447)
  0x0000707278bf7440: 3cdc 0607 

  0x0000707278bf7444: ;   {other}
  0x0000707278bf7444: 0f1f 8400 | 3491 0066 | 488b bc24 | e000 0000 

  0x0000707278bf7454: ;   {metadata(method data for {method} {0x000063c55055b330} 'transformSelectedNodes' '(Lorg/apache/xalan/transformer/TransformerImpl;)V' in 'org/apache/xalan/templates/ElemApplyTemplates')}
  0x0000707278bf7454: 48be 2894 | 8150 c563 | 0000 4883 | 8610 1b00 

  0x0000707278bf7464: ;   {metadata(method data for {method} {0x000063c5506ac060} 'popCurrentExpressionNode' '()V' in 'org/apache/xpath/XPathContext')}
  0x0000707278bf7464: 0001 48be | 985e 8150 | c563 0000 | 8bbe f400 | 0000 83c7 | 0289 bef4 | 0000 0081 | e7fe ff1f 
  0x0000707278bf7484: 0085 ff0f | 84a5 4100 | 0048 8bbc | 24e0 0000 | 008b 7760 

  0x0000707278bf7498: ; implicit exception: dispatches to 0x0000707278bfb653
  0x0000707278bf7498: 483b 0648 

  0x0000707278bf749c: ;   {metadata(method data for {method} {0x000063c5506ac060} 'popCurrentExpressionNode' '()V' in 'org/apache/xpath/XPathContext')}
  0x0000707278bf749c: 8bde 48b8 | 985e 8150 | c563 0000 | 4883 8038 | 0100 0001 

  0x0000707278bf74b0: ;   {metadata(method data for {method} {0x000063c550648710} 'quickPop' '(I)V' in 'org/apache/xml/utils/IntStack')}
  0x0000707278bf74b0: 48bb 680f | 7e50 c563 | 0000 8b83 | f400 0000 | 83c0 0289 | 83f4 0000 | 0025 feff | 1f00 85c0 
  0x0000707278bf74d0: 0f84 8241 | 0000 8b5e | 10ff cb89 | 5e10 488b 

  0x0000707278bf74e0: ;   {metadata(method data for {method} {0x000063c55055b330} 'transformSelectedNodes' '(Lorg/apache/xalan/transformer/TransformerImpl;)V' in 'org/apache/xalan/templates/ElemApplyTemplates')}
  0x0000707278bf74e0: f748 bb28 | 9481 50c5 | 6300 0048 | 8383 481b 

  0x0000707278bf74f0: ;   {metadata(method data for {method} {0x000063c5506ab680} 'popCurrentNode' '()V' in 'org/apache/xpath/XPathContext')}
  0x0000707278bf74f0: 0000 0148 | be60 5280 | 50c5 6300 | 008b 9ef4 | 0000 0083 | c302 899e | f400 0000 | 81e3 feff 
  0x0000707278bf7510: 1f00 85db | 0f84 5f41 | 0000 8b77 | 5448 3b06 

  0x0000707278bf7520: ;   {metadata(method data for {method} {0x000063c5506ab680} 'popCurrentNode' '()V' in 'org/apache/xpath/XPathContext')}
  0x0000707278bf7520: 488b de48 | b860 5280 | 50c5 6300 | 0048 8380 | 3801 0000 

  0x0000707278bf7534: ;   {metadata(method data for {method} {0x000063c550648710} 'quickPop' '(I)V' in 'org/apache/xml/utils/IntStack')}
  0x0000707278bf7534: 0148 bb68 | 0f7e 50c5 | 6300 008b | 83f4 0000 | 0083 c002 | 8983 f400 | 0000 25fe | ff1f 0085 
  0x0000707278bf7554: c00f 8444 | 4100 008b | 5e10 ffcb | 895e 1048 | 8b84 2438 

  0x0000707278bf7568: ;   {metadata(method data for {method} {0x000063c55055b330} 'transformSelectedNodes' '(Lorg/apache/xalan/transformer/TransformerImpl;)V' in 'org/apache/xalan/templates/ElemApplyTemplates')}
  0x0000707278bf7568: 0100 0048 | be28 9481 | 50c5 6300 | 008b 4008 | 49ba 0000 | 005b c563 | 0000 4903 | c248 3b86 
  0x0000707278bf7588: 901b 0000 | 750d 4883 | 8698 1b00 | 0001 e960 | 0000 0048 | 3b86 a01b | 0000 750d | 4883 86a8 
  0x0000707278bf75a8: 1b00 0001 | e94a 0000 | 0048 83be | 901b 0000 | 0075 1748 | 8986 901b | 0000 48c7 | 8698 1b00 
  0x0000707278bf75c8: 0001 0000 | 00e9 2900 | 0000 4883 | bea0 1b00 | 0000 7517 | 4889 86a0 | 1b00 0048 | c786 a81b 
  0x0000707278bf75e8: 0000 0100 | 0000 e908 | 0000 0048 | 8386 801b | 0000 0148 | 8bb4 2438 | 0100 0066 | 9048 b8ff 
  0x0000707278bf7608: ffff ffff 

  0x0000707278bf760c: ;   {virtual_call}
  0x0000707278bf760c: ffff ffe8 

  0x0000707278bf7610: ; ImmutableOopMap {[224]=Oop [232]=Oop [240]=Oop [256]=Oop [280]=Oop [312]=Oop [344]=Oop [360]=Oop [368]=Oop [424]=Oop [432]=Oop [448]=Oop [504]=Oop [544]=Oop [688]=Oop [760]=Oop }
                      ;*invokeinterface detach {reexecute=0 rethrow=0 return_oop=0}
                      ; - org.apache.xalan.templates.ElemApplyTemplates::transformSelectedNodes@971 (line 450)
  0x0000707278bf7610: 6cdd 0607 

  0x0000707278bf7614: ;   {other}
  0x0000707278bf7614: 0f1f 8400 | 0493 0067 | 488b 8424 | f802 0000 | e9f0 6e00 

  0x0000707278bf7628: ; ImmutableOopMap {rsi=Oop rax=Oop [224]=Oop [232]=Oop [240]=Oop [256]=Oop [280]=Oop [312]=Oop [344]=Oop [360]=Oop [368]=Oop [424]=Oop [432]=Oop [448]=Oop [504]=Oop [544]=Oop }
                      ;*athrow {reexecute=1 rethrow=0 return_oop=0}
                      ; - (reexecute) org.apache.xalan.templates.ElemApplyTemplates::transformSelectedNodes@791 (line 400)
  0x0000707278bf7628: 0048 8bc6 

  0x0000707278bf762c: ;   {section_word}
  0x0000707278bf762c: 48ba 2c76 | bf78 7270 

  0x0000707278bf7634: ;   {runtime_call handle_exception_nofpu Runtime1 stub}
  0x0000707278bf7634: 0000 e845 | c211 0790 

  0x0000707278bf763c: ;   {metadata(method data for {method} {0x000063c55055b330} 'transformSelectedNodes' '(Lorg/apache/xalan/transformer/TransformerImpl;)V' in 'org/apache/xalan/templates/ElemApplyTemplates')}
  0x0000707278bf763c: 488b f248 | bb28 9481 | 50c5 6300 | 0048 8383 | f01a 0000 

  0x0000707278bf7650: ;   {metadata(method data for {method} {0x000063c550655c90} 'popElemTemplateElement' '()V' in 'org/apache/xalan/transformer/TransformerImpl')}
  0x0000707278bf7650: 0148 be50 | 0381 50c5 | 6300 008b | 9ef4 0000 | 0083 c302 | 899e f400 | 0000 81e3 | feff 1f00 
  0x0000707278bf7670: 85db 0f84 | 4840 0000 | 8b72 4c48 | 3b06 488b 

  0x0000707278bf7680: ;   {metadata(method data for {method} {0x000063c550655c90} 'popElemTemplateElement' '()V' in 'org/apache/xalan/transformer/TransformerImpl')}
  0x0000707278bf7680: de48 b850 | 0381 50c5 | 6300 0048 | 8380 5001 | 0000 010f 

  0x0000707278bf7694: ;   {optimized virtual_call}
  0x0000707278bf7694: 1f40 00e8 

  0x0000707278bf7698: ; ImmutableOopMap {[224]=Oop [232]=Oop [240]=Oop [256]=Oop [280]=Oop [312]=Oop [344]=Oop [360]=Oop [368]=Oop [424]=Oop [432]=Oop [448]=Oop [504]=Oop [544]=Oop [664]=Oop }
                      ;*invokevirtual pop {reexecute=0 rethrow=0 return_oop=0}
                      ; - org.apache.xalan.transformer.TransformerImpl::popElemTemplateElement@4 (line 2632)
                      ; - org.apache.xalan.templates.ElemApplyTemplates::transformSelectedNodes@958 (line 447)
  0x0000707278bf7698: e4d9 0607 

  0x0000707278bf769c: ;   {other}
  0x0000707278bf769c: 0f1f 8400 | 8c93 0069 | 488b bc24 | e000 0000 

  0x0000707278bf76ac: ;   {metadata(method data for {method} {0x000063c55055b330} 'transformSelectedNodes' '(Lorg/apache/xalan/transformer/TransformerImpl;)V' in 'org/apache/xalan/templates/ElemApplyTemplates')}
  0x0000707278bf76ac: 48be 2894 | 8150 c563 | 0000 4883 | 8610 1b00 

  0x0000707278bf76bc: ;   {metadata(method data for {method} {0x000063c5506ac060} 'popCurrentExpressionNode' '()V' in 'org/apache/xpath/XPathContext')}
  0x0000707278bf76bc: 0001 48be | 985e 8150 | c563 0000 | 8bbe f400 | 0000 83c7 | 0289 bef4 | 0000 0081 | e7fe ff1f 
  0x0000707278bf76dc: 0085 ff0f | 8401 4000 | 0048 8bbc | 24e0 0000 | 008b 7760 

  0x0000707278bf76f0: ; implicit exception: dispatches to 0x0000707278bfb707
  0x0000707278bf76f0: 483b 0648 

  0x0000707278bf76f4: ;   {metadata(method data for {method} {0x000063c5506ac060} 'popCurrentExpressionNode' '()V' in 'org/apache/xpath/XPathContext')}
  0x0000707278bf76f4: 8bde 48b8 | 985e 8150 | c563 0000 | 4883 8038 | 0100 0001 

  0x0000707278bf7708: ;   {metadata(method data for {method} {0x000063c550648710} 'quickPop' '(I)V' in 'org/apache/xml/utils/IntStack')}
  0x0000707278bf7708: 48bb 680f | 7e50 c563 | 0000 8b83 | f400 0000 | 83c0 0289 | 83f4 0000 | 0025 feff | 1f00 85c0 
  0x0000707278bf7728: 0f84 de3f | 0000 8b5e | 10ff cb89 | 5e10 488b 

  0x0000707278bf7738: ;   {metadata(method data for {method} {0x000063c55055b330} 'transformSelectedNodes' '(Lorg/apache/xalan/transformer/TransformerImpl;)V' in 'org/apache/xalan/templates/ElemApplyTemplates')}
  0x0000707278bf7738: f748 bb28 | 9481 50c5 | 6300 0048 | 8383 481b 

  0x0000707278bf7748: ;   {metadata(method data for {method} {0x000063c5506ab680} 'popCurrentNode' '()V' in 'org/apache/xpath/XPathContext')}
  0x0000707278bf7748: 0000 0148 | be60 5280 | 50c5 6300 | 008b 9ef4 | 0000 0083 | c302 899e | f400 0000 | 81e3 feff 
  0x0000707278bf7768: 1f00 85db | 0f84 bb3f | 0000 8b77 | 5448 3b06 

  0x0000707278bf7778: ;   {metadata(method data for {method} {0x000063c5506ab680} 'popCurrentNode' '()V' in 'org/apache/xpath/XPathContext')}
  0x0000707278bf7778: 488b de48 | b860 5280 | 50c5 6300 | 0048 8380 | 3801 0000 

  0x0000707278bf778c: ;   {metadata(method data for {method} {0x000063c550648710} 'quickPop' '(I)V' in 'org/apache/xml/utils/IntStack')}
  0x0000707278bf778c: 0148 bb68 | 0f7e 50c5 | 6300 008b | 83f4 0000 | 0083 c002 | 8983 f400 | 0000 25fe | ff1f 0085 
  0x0000707278bf77ac: c00f 84a0 | 3f00 008b | 5e10 ffcb | 895e 1048 | 8b84 2438 

  0x0000707278bf77c0: ;   {metadata(method data for {method} {0x000063c55055b330} 'transformSelectedNodes' '(Lorg/apache/xalan/transformer/TransformerImpl;)V' in 'org/apache/xalan/templates/ElemApplyTemplates')}
  0x0000707278bf77c0: 0100 0048 | be28 9481 | 50c5 6300 | 008b 4008 | 49ba 0000 | 005b c563 | 0000 4903 | c248 3b86 
  0x0000707278bf77e0: 901b 0000 | 750d 4883 | 8698 1b00 | 0001 e960 | 0000 0048 | 3b86 a01b | 0000 750d | 4883 86a8 
  0x0000707278bf7800: 1b00 0001 | e94a 0000 | 0048 83be | 901b 0000 | 0075 1748 | 8986 901b | 0000 48c7 | 8698 1b00 
  0x0000707278bf7820: 0001 0000 | 00e9 2900 | 0000 4883 | bea0 1b00 | 0000 7517 | 4889 86a0 | 1b00 0048 | c786 a81b 
  0x0000707278bf7840: 0000 0100 | 0000 e908 | 0000 0048 | 8386 801b | 0000 0148 | 8bb4 2438 | 0100 0066 | 9048 b8ff 
  0x0000707278bf7860: ffff ffff 

  0x0000707278bf7864: ;   {virtual_call}
  0x0000707278bf7864: ffff ffe8 

  0x0000707278bf7868: ; ImmutableOopMap {[224]=Oop [232]=Oop [240]=Oop [256]=Oop [280]=Oop [312]=Oop [344]=Oop [360]=Oop [368]=Oop [424]=Oop [432]=Oop [448]=Oop [504]=Oop [544]=Oop [664]=Oop }
                      ;*invokeinterface detach {reexecute=0 rethrow=0 return_oop=0}
                      ; - org.apache.xalan.templates.ElemApplyTemplates::transformSelectedNodes@971 (line 450)
  0x0000707278bf7868: 14db 0607 

  0x0000707278bf786c: ;   {other}
  0x0000707278bf786c: 0f1f 8400 | 5c95 006a | 488b 8424 | 9802 0000 | e998 6c00 | 000f 1f80 | 0000 0000 

  0x0000707278bf7888: ;   {no_reloc}
  0x0000707278bf7888: e9f6 3e00 | 0000 0000 | 0000 80ba | 3901 0000 | 040f 85f3 | 3e00 0049 | 8b87 b804 | 0000 488d 
  0x0000707278bf78a8: 4828 483b | c80f 82df | 3e00 0049 | 3b8f c004 | 0000 0f87 | d23e 0000 | 4989 8fb8 | 0400 0048 
  0x0000707278bf78c8: 8bf8 48c1 | ef06 49ba | 0000 40d4 | c563 0000 | 458a 143a | 488b c848 | c1e9 0348 | 83e1 0748 
  0x0000707278bf78e8: c7c7 0100 | 0000 48d3 | e74c 0bd7 | 488b f848 | c1ef 0648 | b900 0040 | d4c5 6300 | 0044 8814 
  0x0000707278bf7908: 3949 8387 | 2802 0000 | 2849 8387 | 2802 0000 | 0048 c700 | 0100 0000 | 488b ca49 | ba00 0000 
  0x0000707278bf7928: 5bc5 6300 | 0049 2bca | 8948 0848 | 33c9 8948 | 0c48 33c9 | 4889 4810 | 4889 4818 | 4889 4820 
  0x0000707278bf7948: ;   {metadata(method data for {method} {0x000063c5501ac2f0} 'peek' '()Ljava/lang/Object;' in 'java/util/Stack')}
  0x0000707278bf7948: 488b f048 | bf70 bc1e | 50c5 6300 | 0048 8387 | 9001 0000 | 0148 8bf0 | 4889 8424 | 1003 0000 
  0x0000707278bf7968: 0f1f 8000 

  0x0000707278bf796c: ;   {optimized virtual_call}
  0x0000707278bf796c: 0000 00e8 

  0x0000707278bf7970: ; ImmutableOopMap {[224]=Oop [232]=Oop [240]=Oop [256]=Oop [280]=Oop [312]=Oop [344]=Oop [360]=Oop [368]=Oop [424]=Oop [432]=Oop [448]=Oop [784]=Oop [992]=Oop }
                      ;*invokespecial <init> {reexecute=0 rethrow=0 return_oop=0}
                      ; - java.util.Stack::peek@13 (line 103)
                      ; - org.apache.xalan.transformer.TransformerImpl::getMode@18 (line 3195)
                      ; - org.apache.xalan.templates.ElemApplyTemplates::transformSelectedNodes@389 (line 294)
  0x0000707278bf7970: 0cd7 0607 

  0x0000707278bf7974: ;   {other}
  0x0000707278bf7974: 0f1f 8400 | 6496 006b | 488b 8424 

  0x0000707278bf7980: ; ImmutableOopMap {rax=Oop [224]=Oop [232]=Oop [240]=Oop [256]=Oop [280]=Oop [312]=Oop [344]=Oop [360]=Oop [368]=Oop [424]=Oop [432]=Oop [448]=Oop [992]=Oop }
                      ;*athrow {reexecute=1 rethrow=0 return_oop=0}
                      ; - (reexecute) java.util.Stack::peek@16 (line 103)
                      ; - org.apache.xalan.transformer.TransformerImpl::getMode@18 (line 3195)
                      ; - org.apache.xalan.templates.ElemApplyTemplates::transformSelectedNodes@389 (line 294)
  0x0000707278bf7980: 1003 0000 

  0x0000707278bf7984: ;   {section_word}
  0x0000707278bf7984: 48ba 8479 | bf78 7270 

  0x0000707278bf798c: ;   {runtime_call handle_exception_nofpu Runtime1 stub}
  0x0000707278bf798c: 0000 e8ed | be11 0790 | 498b 8718 | 0800 004d | 33d2 4d89 | 9718 0800 | 004d 33d2 | 4d89 9720 
  0x0000707278bf79ac: 0800 0048 | 8bd0 488d | 8424 d803 | 0000 488b | 3048 85f6 | 0f84 0f00 | 0000 488b | 7808 f048 
  0x0000707278bf79cc: 0fb1 370f | 85ca 3d00 | 0049 ff8f | 6808 0000 | 488b c2e9 | 356b 0000 | 498b 8718 | 0800 004d 
  0x0000707278bf79ec: 33d2 4d89 | 9718 0800 | 004d 33d2 | 4d89 9720 | 0800 0090 

  0x0000707278bf7a00: ;   {no_reloc}
  0x0000707278bf7a00: e9bf 3d00 | 0000 0000 | 0000 80ba | 3901 0000 | 040f 85bc | 3d00 0049 | 8b87 b804 | 0000 488d 
  0x0000707278bf7a20: 4828 483b | c80f 82a8 | 3d00 0049 | 3b8f c004 | 0000 0f87 | 9b3d 0000 | 4989 8fb8 | 0400 0048 
  0x0000707278bf7a40: 8bf8 48c1 | ef06 49ba | 0000 40d4 | c563 0000 | 458a 143a | 488b c848 | c1e9 0348 | 83e1 0748 
  0x0000707278bf7a60: c7c7 0100 | 0000 48d3 | e74c 0bd7 | 488b f848 | c1ef 0648 | b900 0040 | d4c5 6300 | 0044 8814 
  0x0000707278bf7a80: 3949 8387 | 2802 0000 | 2849 8387 | 2802 0000 | 0048 c700 | 0100 0000 | 488b ca49 | ba00 0000 
  0x0000707278bf7aa0: 5bc5 6300 | 0049 2bca | 8948 0848 | 33c9 8948 | 0c48 33c9 | 4889 4810 | 4889 4818 | 4889 4820 
  0x0000707278bf7ac0: ;   {metadata(method data for {method} {0x000063c55076b190} 'setTop' '(Ljava/lang/Object;)V' in 'org/apache/xml/utils/ObjectStack')}
  0x0000707278bf7ac0: 488b f048 | bf58 fb7d | 50c5 6300 | 0048 8387 | 8801 0000 | 0148 8bf0 | 4889 8424 | 1803 0000 
  0x0000707278bf7ae0: 0f1f 8000 

  0x0000707278bf7ae4: ;   {optimized virtual_call}
  0x0000707278bf7ae4: 0000 00e8 

  0x0000707278bf7ae8: ; ImmutableOopMap {[224]=Oop [232]=Oop [240]=Oop [256]=Oop [280]=Oop [312]=Oop [344]=Oop [360]=Oop [368]=Oop [424]=Oop [432]=Oop [448]=Oop [504]=Oop [544]=Oop [792]=Oop }
                      ;*invokespecial <init> {reexecute=0 rethrow=0 return_oop=0}
                      ; - org.apache.xml.utils.ObjectStack::setTop@20 (line 166)
                      ; - org.apache.xpath.XPathContext::setSAXLocator@5 (line 405)
                      ; - org.apache.xalan.templates.ElemApplyTemplates::transformSelectedNodes@763 (line 391)
  0x0000707278bf7ae8: 94d5 0607 

  0x0000707278bf7aec: ;   {other}
  0x0000707278bf7aec: 0f1f 8400 | dc97 006d | 488b 8424 

  0x0000707278bf7af8: ; ImmutableOopMap {rax=Oop [224]=Oop [232]=Oop [240]=Oop [256]=Oop [280]=Oop [312]=Oop [344]=Oop [360]=Oop [368]=Oop [424]=Oop [432]=Oop [448]=Oop [504]=Oop [544]=Oop }
                      ;*athrow {reexecute=1 rethrow=0 return_oop=0}
                      ; - (reexecute) org.apache.xml.utils.ObjectStack::setTop@23 (line 166)
                      ; - org.apache.xpath.XPathContext::setSAXLocator@5 (line 405)
                      ; - org.apache.xalan.templates.ElemApplyTemplates::transformSelectedNodes@763 (line 391)
  0x0000707278bf7af8: 1803 0000 

  0x0000707278bf7afc: ;   {section_word}
  0x0000707278bf7afc: 48ba fc7a | bf78 7270 

  0x0000707278bf7b04: ;   {runtime_call handle_exception_nofpu Runtime1 stub}
  0x0000707278bf7b04: 0000 e875 | bd11 0790 | 498b 8718 | 0800 004d | 33d2 4d89 | 9718 0800 | 004d 33d2 | 4d89 9720 
  0x0000707278bf7b24: 0800 0048 | 8bd0 488d | 8424 d803 | 0000 488b | 3848 85ff | 0f84 0f00 | 0000 488b | 4808 f048 
  0x0000707278bf7b44: 0fb1 390f | 8593 3c00 | 0049 ff8f | 6808 0000 

  0x0000707278bf7b54: ; ImmutableOopMap {rsi=Oop rax=Oop [224]=Oop [232]=Oop [240]=Oop [256]=Oop [280]=Oop [312]=Oop [344]=Oop [360]=Oop [368]=Oop [424]=Oop [432]=Oop [448]=Oop }
                      ;*invokevirtual addElement {reexecute=0 rethrow=0 return_oop=0}
                      ; - java.util.Stack::push@2 (line 68)
                      ; - org.apache.xalan.transformer.TransformerImpl::pushPairCurrentMatched@5 (line 2729)
                      ; - org.apache.xalan.templates.ElemApplyTemplates::transformSelectedNodes@553 (line 335)
                      ;   {section_word}
  0x0000707278bf7b54: 488b c248 | ba57 7bbf | 7872 7000 

  0x0000707278bf7b60: ;   {runtime_call handle_exception_nofpu Runtime1 stub}
  0x0000707278bf7b60: 00e8 1abd | 1107 9049 | 8b87 1808 | 0000 4d33 | d24d 8997 | 1808 0000 | 4d33 d24d | 8997 2008 
  0x0000707278bf7b80: 0000 660f | 1f44 0000 

  0x0000707278bf7b88: ;   {no_reloc}
  0x0000707278bf7b88: e978 3c00 | 0000 0000 | 0000 80ba | 3901 0000 | 040f 8575 | 3c00 0049 | 8b87 b804 | 0000 488d 
  0x0000707278bf7ba8: 4828 483b | c80f 8261 | 3c00 0049 | 3b8f c004 | 0000 0f87 | 543c 0000 | 4989 8fb8 | 0400 0048 
  0x0000707278bf7bc8: 8bf8 48c1 | ef06 49ba | 0000 40d4 | c563 0000 | 458a 143a | 488b c848 | c1e9 0348 | 83e1 0748 
  0x0000707278bf7be8: c7c7 0100 | 0000 48d3 | e74c 0bd7 | 488b f848 | c1ef 0648 | b900 0040 | d4c5 6300 | 0044 8814 
  0x0000707278bf7c08: 3949 8387 | 2802 0000 | 2849 8387 | 2802 0000 | 0048 c700 | 0100 0000 | 488b ca49 | ba00 0000 
  0x0000707278bf7c28: 5bc5 6300 | 0049 2bca | 8948 0848 | 33c9 8948 | 0c48 33c9 | 4889 4810 | 4889 4818 | 4889 4820 
  0x0000707278bf7c48: ;   {metadata(method data for {method} {0x000063c55076b190} 'setTop' '(Ljava/lang/Object;)V' in 'org/apache/xml/utils/ObjectStack')}
  0x0000707278bf7c48: 488b f048 | bf58 fb7d | 50c5 6300 | 0048 8387 | 8801 0000 | 0148 8bf0 | 4889 8424 | 2003 0000 
  0x0000707278bf7c68: 0f1f 8000 

  0x0000707278bf7c6c: ;   {optimized virtual_call}
  0x0000707278bf7c6c: 0000 00e8 

  0x0000707278bf7c70: ; ImmutableOopMap {[224]=Oop [232]=Oop [240]=Oop [256]=Oop [280]=Oop [312]=Oop [344]=Oop [360]=Oop [368]=Oop [424]=Oop [432]=Oop [448]=Oop [496]=Oop [800]=Oop }
                      ;*invokespecial <init> {reexecute=0 rethrow=0 return_oop=0}
                      ; - org.apache.xml.utils.ObjectStack::setTop@20 (line 166)
                      ; - org.apache.xalan.transformer.TransformerImpl::setCurrentElement@5 (line 2644)
                      ; - org.apache.xalan.templates.ElemApplyTemplates::transformSelectedNodes@545 (line 332)
  0x0000707278bf7c70: 0cd4 0607 

  0x0000707278bf7c74: ;   {other}
  0x0000707278bf7c74: 0f1f 8400 | 6499 0070 | 488b 8424 

  0x0000707278bf7c80: ; ImmutableOopMap {rax=Oop [224]=Oop [232]=Oop [240]=Oop [256]=Oop [280]=Oop [312]=Oop [344]=Oop [360]=Oop [368]=Oop [424]=Oop [432]=Oop [448]=Oop [496]=Oop }
                      ;*athrow {reexecute=1 rethrow=0 return_oop=0}
                      ; - (reexecute) org.apache.xml.utils.ObjectStack::setTop@23 (line 166)
                      ; - org.apache.xalan.transformer.TransformerImpl::setCurrentElement@5 (line 2644)
                      ; - org.apache.xalan.templates.ElemApplyTemplates::transformSelectedNodes@545 (line 332)
  0x0000707278bf7c80: 2003 0000 

  0x0000707278bf7c84: ;   {section_word}
  0x0000707278bf7c84: 48ba 847c | bf78 7270 

  0x0000707278bf7c8c: ;   {runtime_call handle_exception_nofpu Runtime1 stub}
  0x0000707278bf7c8c: 0000 e8ed | bb11 0790 | 498b 8718 | 0800 004d | 33d2 4d89 | 9718 0800 | 004d 33d2 | 4d89 9720 
  0x0000707278bf7cac: 0800 0090 

  0x0000707278bf7cb0: ;   {no_reloc}
  0x0000707278bf7cb0: e97b 3b00 | 0000 0000 | 0000 80ba | 3901 0000 | 040f 8578 | 3b00 0049 | 8b87 b804 | 0000 488d 
  0x0000707278bf7cd0: 4828 483b | c80f 8264 | 3b00 0049 | 3b8f c004 | 0000 0f87 | 573b 0000 | 4989 8fb8 | 0400 0048 
  0x0000707278bf7cf0: 8bf8 48c1 | ef06 49ba | 0000 40d4 | c563 0000 | 458a 143a | 488b c848 | c1e9 0348 | 83e1 0748 
  0x0000707278bf7d10: c7c7 0100 | 0000 48d3 | e74c 0bd7 | 488b f848 | c1ef 0648 | b900 0040 | d4c5 6300 | 0044 8814 
  0x0000707278bf7d30: 3949 8387 | 2802 0000 | 2849 8387 | 2802 0000 | 0048 c700 | 0100 0000 | 488b ca49 | ba00 0000 
  0x0000707278bf7d50: 5bc5 6300 | 0049 2bca | 8948 0848 | 33c9 8948 | 0c48 33c9 | 4889 4810 | 4889 4818 | 4889 4820 
  0x0000707278bf7d70: ;   {metadata(method data for {method} {0x000063c55076b190} 'setTop' '(Ljava/lang/Object;)V' in 'org/apache/xml/utils/ObjectStack')}
  0x0000707278bf7d70: 488b f048 | bf58 fb7d | 50c5 6300 | 0048 8387 | 8801 0000 | 0148 8bf0 | 4889 8424 | 2803 0000 
  0x0000707278bf7d90: 0f1f 8000 

  0x0000707278bf7d94: ;   {optimized virtual_call}
  0x0000707278bf7d94: 0000 00e8 

  0x0000707278bf7d98: ; ImmutableOopMap {[224]=Oop [232]=Oop [240]=Oop [256]=Oop [280]=Oop [312]=Oop [344]=Oop [360]=Oop [368]=Oop [424]=Oop [432]=Oop [448]=Oop [496]=Oop [808]=Oop }
                      ;*invokespecial <init> {reexecute=0 rethrow=0 return_oop=0}
                      ; - org.apache.xml.utils.ObjectStack::setTop@20 (line 166)
                      ; - org.apache.xalan.transformer.TransformerImpl::setCurrentElement@5 (line 2644)
                      ; - org.apache.xalan.templates.ElemApplyTemplates::transformSelectedNodes@507 (line 316)
  0x0000707278bf7d98: e4d2 0607 

  0x0000707278bf7d9c: ;   {other}
  0x0000707278bf7d9c: 0f1f 8400 | 8c9a 0072 | 488b 8424 

  0x0000707278bf7da8: ; ImmutableOopMap {rax=Oop [224]=Oop [232]=Oop [240]=Oop [256]=Oop [280]=Oop [312]=Oop [344]=Oop [360]=Oop [368]=Oop [424]=Oop [432]=Oop [448]=Oop [496]=Oop }
                      ;*athrow {reexecute=1 rethrow=0 return_oop=0}
                      ; - (reexecute) org.apache.xml.utils.ObjectStack::setTop@23 (line 166)
                      ; - org.apache.xalan.transformer.TransformerImpl::setCurrentElement@5 (line 2644)
                      ; - org.apache.xalan.templates.ElemApplyTemplates::transformSelectedNodes@507 (line 316)
  0x0000707278bf7da8: 2803 0000 

  0x0000707278bf7dac: ;   {section_word}
  0x0000707278bf7dac: 48ba ac7d | bf78 7270 

  0x0000707278bf7db4: ;   {runtime_call handle_exception_nofpu Runtime1 stub}
  0x0000707278bf7db4: 0000 e8c5 | ba11 0790 | 488b b424 | f001 0000 | 498b 8718 | 0800 004d | 33d2 4d89 | 9718 0800 
  0x0000707278bf7dd4: 004d 33d2 | 4d89 9720 | 0800 0048 | 8bd0 488d | 8424 d803 | 0000 488b | 3848 85ff | 0f84 0f00 
  0x0000707278bf7df4: 0000 488b | 4808 f048 | 0fb1 390f | 8547 3a00 | 0049 ff8f | 6808 0000 

  0x0000707278bf7e0c: ; ImmutableOopMap {rbx=Oop rsi=Oop rax=Oop [224]=Oop [232]=Oop [240]=Oop [256]=Oop [280]=Oop [312]=Oop [344]=Oop [360]=Oop [368]=Oop [424]=Oop [432]=Oop [448]=Oop [496]=Oop }
                      ;*invokevirtual addElement {reexecute=0 rethrow=0 return_oop=0}
                      ; - java.util.Stack::push@2 (line 68)
                      ; - org.apache.xalan.transformer.TransformerImpl::pushPairCurrentMatched@5 (line 2729)
                      ; - org.apache.xalan.templates.ElemApplyTemplates::transformSelectedNodes@498 (line 315)
                      ;   {section_word}
  0x0000707278bf7e0c: 488b c248 | ba0f 7ebf | 7872 7000 

  0x0000707278bf7e18: ;   {runtime_call handle_exception_nofpu Runtime1 stub}
  0x0000707278bf7e18: 00e8 62ba | 1107 9049 | 8b87 1808 | 0000 4d33 | d24d 8997 | 1808 0000 | 4d33 d24d | 8997 2008 
  0x0000707278bf7e38: 0000 488b | d048 8d84 | 24e8 0300 | 0048 8b38 | 4885 ff0f | 840f 0000 | 0048 8b48 | 08f0 480f 
  0x0000707278bf7e58: b139 0f85 | 023a 0000 | 49ff 8f68 | 0800 0048 

  0x0000707278bf7e68: ; ImmutableOopMap {rsi=Oop rax=Oop [224]=Oop [232]=Oop [240]=Oop [256]=Oop [280]=Oop [312]=Oop [344]=Oop [360]=Oop [368]=Oop [424]=Oop [432]=Oop [448]=Oop [992]=Oop }
                      ;*invokevirtual size {reexecute=0 rethrow=0 return_oop=0}
                      ; - java.util.Stack::peek@1 (line 100)
                      ; - org.apache.xalan.transformer.TransformerImpl::getMode@18 (line 3195)
                      ; - org.apache.xalan.templates.ElemApplyTemplates::transformSelectedNodes@389 (line 294)
                      ;   {section_word}
  0x0000707278bf7e68: 8bc2 48ba | 6a7e bf78 | 7270 0000 

  0x0000707278bf7e74: ;   {runtime_call handle_exception_nofpu Runtime1 stub}
  0x0000707278bf7e74: e807 ba11 | 0790 498b | 8718 0800 | 004d 33d2 | 4d89 9718 | 0800 004d | 33d2 4d89 | 9720 0800 
  0x0000707278bf7e94: 0048 8bd0 | 488d 8424 | d803 0000 | 488b 3048 | 85f6 0f84 | 0f00 0000 | 488b 7808 | f048 0fb1 
  0x0000707278bf7eb4: 370f 85bd | 3900 0049 | ff8f 6808 | 0000 488b 

  0x0000707278bf7ec4: ; ImmutableOopMap {rax=Oop [224]=Oop [232]=Oop [240]=Oop [256]=Oop [280]=Oop [312]=Oop [344]=Oop [360]=Oop [368]=Oop [424]=Oop [432]=Oop [448]=Oop }
                      ;*invokevirtual peek {reexecute=0 rethrow=0 return_oop=0}
                      ; - org.apache.xalan.transformer.TransformerImpl::getMode@18 (line 3195)
                      ; - org.apache.xalan.templates.ElemApplyTemplates::transformSelectedNodes@389 (line 294)
                      ;   {section_word}
  0x0000707278bf7ec4: c248 bac5 | 7ebf 7872 

  0x0000707278bf7ecc: ;   {runtime_call handle_exception_nofpu Runtime1 stub}
  0x0000707278bf7ecc: 7000 00e8 | acb9 1107 | 9049 8b87 | 1808 0000 | 4d33 d24d | 8997 1808 | 0000 4d33 | d24d 8997 
  0x0000707278bf7eec: 2008 0000 | 488b d048 | 8d84 24d8 | 0300 0048 | 8b30 4885 | f60f 840f | 0000 004c | 8b40 08f0 
  0x0000707278bf7f0c: 490f b130 | 0f85 7839 | 0000 49ff | 8f68 0800 

  0x0000707278bf7f1c: ; ImmutableOopMap {rcx=Oop rax=Oop [224]=Oop [232]=Oop [240]=Oop [256]=Oop [280]=Oop [312]=Oop [344]=Oop [360]=Oop [368]=Oop [424]=Oop [432]=Oop }
                      ;*invokevirtual isEmpty {reexecute=0 rethrow=0 return_oop=0}
                      ; - org.apache.xalan.transformer.TransformerImpl::getMode@4 (line 3195)
                      ; - org.apache.xalan.templates.ElemApplyTemplates::transformSelectedNodes@389 (line 294)
  0x0000707278bf7f1c: 0048 8bc2 

  0x0000707278bf7f20: ;   {section_word}
  0x0000707278bf7f20: 48ba 207f | bf78 7270 

  0x0000707278bf7f28: ;   {runtime_call handle_exception_nofpu Runtime1 stub}
  0x0000707278bf7f28: 0000 e851 | b911 0790 | 498b 8718 | 0800 004d | 33d2 4d89 | 9718 0800 | 004d 33d2 | 4d89 9720 
  0x0000707278bf7f48: 0800 000f | 1f44 0000 

  0x0000707278bf7f50: ;   {no_reloc}
  0x0000707278bf7f50: e95e 3900 | 0000 0000 | 0000 80ba | 3901 0000 | 040f 855b | 3900 0049 | 8b87 b804 | 0000 488d 
  0x0000707278bf7f70: 4828 483b | c80f 8247 | 3900 0049 | 3b8f c004 | 0000 0f87 | 3a39 0000 | 4989 8fb8 | 0400 0048 
  0x0000707278bf7f90: 8bf8 48c1 | ef06 49ba | 0000 40d4 | c563 0000 | 458a 143a | 488b c848 | c1e9 0348 | 83e1 0748 
  0x0000707278bf7fb0: c7c7 0100 | 0000 48d3 | e74c 0bd7 | 488b f848 | c1ef 0648 | b900 0040 | d4c5 6300 | 0044 8814 
  0x0000707278bf7fd0: 3949 8387 | 2802 0000 | 2849 8387 | 2802 0000 | 0048 c700 | 0100 0000 | 488b ca49 | ba00 0000 
  0x0000707278bf7ff0: 5bc5 6300 | 0049 2bca | 8948 0848 | 33c9 8948 | 0c48 33c9 | 4889 4810 | 4889 4818 | 4889 4820 
  0x0000707278bf8010: ;   {metadata(method data for {method} {0x000063c5506489a8} 'setTop' '(I)V' in 'org/apache/xml/utils/IntStack')}
  0x0000707278bf8010: 488b f048 | bf00 7e80 | 50c5 6300 | 0048 8387 | 5001 0000 | 0148 8bf0 | 4889 8424 | 3003 0000 
  0x0000707278bf8030: 0f1f 8000 

  0x0000707278bf8034: ;   {optimized virtual_call}
  0x0000707278bf8034: 0000 00e8 

  0x0000707278bf8038: ; ImmutableOopMap {[224]=Oop [232]=Oop [240]=Oop [256]=Oop [280]=Oop [312]=Oop [344]=Oop [360]=Oop [368]=Oop [424]=Oop [432]=Oop [440]=Oop [816]=Oop }
                      ;*invokespecial <init> {reexecute=0 rethrow=0 return_oop=0}
                      ; - org.apache.xml.utils.IntStack::setTop@20 (line 163)
                      ; - org.apache.xalan.templates.ElemApplyTemplates::transformSelectedNodes@344 (line 283)
  0x0000707278bf8038: 44d0 0607 

  0x0000707278bf803c: ;   {other}
  0x0000707278bf803c: 0f1f 8400 | 2c9d 0078 | 488b 8424 

  0x0000707278bf8048: ; ImmutableOopMap {rax=Oop [224]=Oop [232]=Oop [240]=Oop [256]=Oop [280]=Oop [312]=Oop [344]=Oop [360]=Oop [368]=Oop [424]=Oop [432]=Oop [440]=Oop }
                      ;*athrow {reexecute=1 rethrow=0 return_oop=0}
                      ; - (reexecute) org.apache.xml.utils.IntStack::setTop@23 (line 163)
                      ; - org.apache.xalan.templates.ElemApplyTemplates::transformSelectedNodes@344 (line 283)
  0x0000707278bf8048: 3003 0000 

  0x0000707278bf804c: ;   {section_word}
  0x0000707278bf804c: 48ba 4c80 | bf78 7270 

  0x0000707278bf8054: ;   {runtime_call handle_exception_nofpu Runtime1 stub}
  0x0000707278bf8054: 0000 e825 | b811 0790 | 498b 8718 | 0800 004d | 33d2 4d89 | 9718 0800 | 004d 33d2 | 4d89 9720 
  0x0000707278bf8074: 0800 0090 

  0x0000707278bf8078: ;   {no_reloc}
  0x0000707278bf8078: e961 3800 | 0000 0000 | 0000 80ba | 3901 0000 | 040f 855e | 3800 0049 | 8b87 b804 | 0000 488d 
  0x0000707278bf8098: 4828 483b | c80f 824a | 3800 0049 | 3b8f c004 | 0000 0f87 | 3d38 0000 | 4989 8fb8 | 0400 0048 
  0x0000707278bf80b8: 8bf8 48c1 | ef06 49ba | 0000 40d4 | c563 0000 | 458a 143a | 488b c848 | c1e9 0348 | 83e1 0748 
  0x0000707278bf80d8: c7c7 0100 | 0000 48d3 | e74c 0bd7 | 488b f848 | c1ef 0648 | b900 0040 | d4c5 6300 | 0044 8814 
  0x0000707278bf80f8: 3949 8387 | 2802 0000 | 2849 8387 | 2802 0000 | 0048 c700 | 0100 0000 | 488b ca49 | ba00 0000 
  0x0000707278bf8118: 5bc5 6300 | 0049 2bca | 8948 0848 | 33c9 8948 | 0c48 33c9 | 4889 4810 | 4889 4818 | 4889 4820 
  0x0000707278bf8138: ;   {metadata(method data for {method} {0x000063c5506489a8} 'setTop' '(I)V' in 'org/apache/xml/utils/IntStack')}
  0x0000707278bf8138: 488b f048 | bf00 7e80 | 50c5 6300 | 0048 8387 | 5001 0000 | 0148 8bf0 | 4889 8424 | 3803 0000 
  0x0000707278bf8158: 0f1f 8000 

  0x0000707278bf815c: ;   {optimized virtual_call}
  0x0000707278bf815c: 0000 00e8 

  0x0000707278bf8160: ; ImmutableOopMap {[224]=Oop [232]=Oop [240]=Oop [256]=Oop [280]=Oop [312]=Oop [344]=Oop [360]=Oop [368]=Oop [424]=Oop [432]=Oop [440]=Oop [824]=Oop }
                      ;*invokespecial <init> {reexecute=0 rethrow=0 return_oop=0}
                      ; - org.apache.xml.utils.IntStack::setTop@20 (line 163)
                      ; - org.apache.xalan.templates.ElemApplyTemplates::transformSelectedNodes@337 (line 282)
  0x0000707278bf8160: 1ccf 0607 

  0x0000707278bf8164: ;   {other}
  0x0000707278bf8164: 0f1f 8400 | 549e 007a | 488b 8424 

  0x0000707278bf8170: ; ImmutableOopMap {rax=Oop [224]=Oop [232]=Oop [240]=Oop [256]=Oop [280]=Oop [312]=Oop [344]=Oop [360]=Oop [368]=Oop [424]=Oop [432]=Oop [440]=Oop }
                      ;*athrow {reexecute=1 rethrow=0 return_oop=0}
                      ; - (reexecute) org.apache.xml.utils.IntStack::setTop@23 (line 163)
                      ; - org.apache.xalan.templates.ElemApplyTemplates::transformSelectedNodes@337 (line 282)
  0x0000707278bf8170: 3803 0000 

  0x0000707278bf8174: ;   {section_word}
  0x0000707278bf8174: 48ba 7481 | bf78 7270 

  0x0000707278bf817c: ;   {runtime_call handle_exception_nofpu Runtime1 stub}
  0x0000707278bf817c: 0000 e8fd | b611 0790 | 8b8c 2460 | 0100 004c | 8b84 2458 | 0100 0048 | 8bb4 2468 | 0100 004c 
  0x0000707278bf819c: 8b8c 2470 | 0100 0049 | 8b87 1808 | 0000 4d33 | d24d 8997 | 1808 0000 | 4d33 d24d | 8997 2008 
  0x0000707278bf81bc: 0000 488b | d048 8d84 | 24d8 0300 | 004c 8b28 | 4d85 ed0f | 840f 0000 | 004c 8b70 | 08f0 4d0f 
  0x0000707278bf81dc: b12e 0f85 | 1637 0000 | 49ff 8f68 | 0800 0048 

  0x0000707278bf81ec: ; ImmutableOopMap {rbx=Oop r11=Oop rsi=Oop r8=Oop r9=Oop rax=Oop [224]=Oop [232]=Oop [240]=Oop [256]=Oop [280]=Oop [344]=Oop [360]=Oop [368]=Oop }
                      ;*invokevirtual addElement {reexecute=0 rethrow=0 return_oop=0}
                      ; - java.util.Stack::push@2 (line 68)
                      ; - org.apache.xpath.XPathContext::pushContextNodeList@5 (line 697)
                      ; - org.apache.xalan.templates.ElemApplyTemplates::transformSelectedNodes@301 (line 270)
                      ;   {section_word}
  0x0000707278bf81ec: 8bc2 48ba | ee81 bf78 | 7270 0000 

  0x0000707278bf81f8: ;   {runtime_call handle_exception_nofpu Runtime1 stub}
  0x0000707278bf81f8: e883 b611 | 0790 488b | 9424 f000 | 0000 498b | 8718 0800 | 004d 33d2 | 4d89 9718 | 0800 004d 
  0x0000707278bf8218: 33d2 4d89 | 9720 0800 | 004c 8bc8 

  0x0000707278bf8224: ;   {metadata(method data for {method} {0x000063c55055b330} 'transformSelectedNodes' '(Lorg/apache/xalan/transformer/TransformerImpl;)V' in 'org/apache/xalan/templates/ElemApplyTemplates')}
  0x0000707278bf8224: 488b f248 | bf28 9481 | 50c5 6300 

  0x0000707278bf8230: ;   {metadata('org/apache/xalan/transformer/TransformerImpl')}
  0x0000707278bf8230: 0049 bac8 | 0c0c 5cc5 | 6300 004c | 8997 5018 | 0000 4883 | 8758 1800 | 0001 448b | 9a80 0000 
  0x0000707278bf8250: ;   {metadata('javax/xml/transform/TransformerException')}
  0x0000707278bf8250: 0048 ba90 | 3001 5cc5 | 6300 0049 | 8b87 b804 | 0000 488d | 4830 483b | c80f 82a1 | 3600 0049 
  0x0000707278bf8270: 3b8f c004 | 0000 0f87 | 9436 0000 | 4989 8fb8 | 0400 0048 | 8bf8 48c1 | ef06 49ba | 0000 40d4 
  0x0000707278bf8290: c563 0000 | 458a 143a | 488b c848 | c1e9 0348 | 83e1 0748 | c7c7 0100 | 0000 48d3 | e74c 0bd7 
  0x0000707278bf82b0: 488b f848 | c1ef 0648 | b900 0040 | d4c5 6300 | 0044 8814 | 3949 8387 | 2802 0000 | 3049 8387 
  0x0000707278bf82d0: 2802 0000 | 0048 c700 | 0100 0000 | 488b ca49 | ba00 0000 | 5bc5 6300 | 0049 2bca | 8948 0848 
  0x0000707278bf82f0: 33c9 8948 | 0c48 33c9 | 4889 4810 | 4889 4818 | 4889 4820 | 4889 4828 

  0x0000707278bf8308: ;   {metadata(method data for {method} {0x000063c55055b330} 'transformSelectedNodes' '(Lorg/apache/xalan/transformer/TransformerImpl;)V' in 'org/apache/xalan/templates/ElemApplyTemplates')}
  0x0000707278bf8308: 488b d048 | be28 9481 | 50c5 6300 | 0048 8386 | 7818 0000 | 0149 8bd1 | 488b f048 | 8984 2448 
  0x0000707278bf8328: 0300 004c | 899c 2440 | 0300 000f 

  0x0000707278bf8334: ;   {optimized virtual_call}
  0x0000707278bf8334: 1f40 00e8 

  0x0000707278bf8338: ; ImmutableOopMap {[224]=Oop [232]=Oop [240]=Oop [256]=Oop [280]=Oop [832]=Oop [840]=Oop [848]=Oop }
                      ;*invokespecial <init> {reexecute=0 rethrow=0 return_oop=0}
                      ; - org.apache.xalan.templates.ElemApplyTemplates::transformSelectedNodes@870 (line 433)
  0x0000707278bf8338: 44cd 0607 

  0x0000707278bf833c: ;   {other}
  0x0000707278bf833c: 0f1f 8400 | 2ca0 007d | 4c8b 9c24 | 4003 0000 

  0x0000707278bf834c: ; implicit exception: dispatches to 0x0000707278bfb91d
  0x0000707278bf834c: 493b 0349 

  0x0000707278bf8350: ;   {metadata(method data for {method} {0x000063c55055b330} 'transformSelectedNodes' '(Lorg/apache/xalan/transformer/TransformerImpl;)V' in 'org/apache/xalan/templates/ElemApplyTemplates')}
  0x0000707278bf8350: 8bd3 48be | 2894 8150 | c563 0000 | 8b52 0849 | ba00 0000 | 5bc5 6300 | 0049 03d2 | 483b 9698 
  0x0000707278bf8370: 1800 0075 | 0d48 8386 | a018 0000 | 01e9 6000 | 0000 483b | 96a8 1800 | 0075 0d48 | 8386 b018 
  0x0000707278bf8390: 0000 01e9 | 4a00 0000 | 4883 be98 | 1800 0000 | 7517 4889 | 9698 1800 | 0048 c786 | a018 0000 
  0x0000707278bf83b0: 0100 0000 | e929 0000 | 0048 83be | a818 0000 | 0075 1748 | 8996 a818 | 0000 48c7 | 86b0 1800 
  0x0000707278bf83d0: 0001 0000 | 00e9 0800 | 0000 4883 | 8688 1800 | 0001 488b | 9424 4803 | 0000 498b | f348 b8ff 
  0x0000707278bf83f0: ffff ffff 

  0x0000707278bf83f4: ;   {virtual_call}
  0x0000707278bf83f4: ffff ffe8 

  0x0000707278bf83f8: ; ImmutableOopMap {[224]=Oop [232]=Oop [240]=Oop [256]=Oop [280]=Oop [848]=Oop }
                      ;*invokeinterface fatalError {reexecute=0 rethrow=0 return_oop=0}
                      ; - org.apache.xalan.templates.ElemApplyTemplates::transformSelectedNodes@873 (line 433)
  0x0000707278bf83f8: 84cf 0607 

  0x0000707278bf83fc: ;   {other}
  0x0000707278bf83fc: 0f1f 8400 | eca0 007e | 488b 9424 | f000 0000 

  0x0000707278bf840c: ;   {metadata(method data for {method} {0x000063c55055b330} 'transformSelectedNodes' '(Lorg/apache/xalan/transformer/TransformerImpl;)V' in 'org/apache/xalan/templates/ElemApplyTemplates')}
  0x0000707278bf840c: 488b f248 | bf28 9481 | 50c5 6300 | 0048 8387 | 2019 0000 | 010f be72 | 1583 e601 

  0x0000707278bf8428: ;   {metadata(method data for {method} {0x000063c55055b330} 'transformSelectedNodes' '(Lorg/apache/xalan/transformer/TransformerImpl;)V' in 'org/apache/xalan/templates/ElemApplyTemplates')}
  0x0000707278bf8428: 85f6 48be | 2894 8150 | c563 0000 | 48c7 c740 | 1900 0074 | 0748 c7c7 | 5019 0000 | 488b 043e 
  0x0000707278bf8448: 488d 4001 | 4889 043e | 0f84 0e07 | 0000 488b | b424 e800 | 0000 488b 

  0x0000707278bf8460: ;   {metadata(method data for {method} {0x000063c55055b330} 'transformSelectedNodes' '(Lorg/apache/xalan/transformer/TransformerImpl;)V' in 'org/apache/xalan/templates/ElemApplyTemplates')}
  0x0000707278bf8460: fa48 b828 | 9481 50c5 

  0x0000707278bf8468: ;   {metadata('org/apache/xalan/transformer/TransformerImpl')}
  0x0000707278bf8468: 6300 0049 | bac8 0c0c | 5cc5 6300 | 004c 8990 | 7019 0000 | 4883 8078 | 1900 0001 | 8b9a 8400 
  0x0000707278bf8488: 0000 4889 | 9c24 7003 | 0000 660f | 1f44 0000 

  0x0000707278bf8498: ;   {no_reloc}
  0x0000707278bf8498: e994 3400 | 0000 0000 | 0000 4c8b | ce49 8b87 | b804 0000 | 488d 4818 | 483b c80f | 8282 3400 
  0x0000707278bf84b8: 0049 3b8f | c004 0000 | 0f87 7534 | 0000 4989 | 8fb8 0400 | 0048 8bf8 | 48c1 ef06 | 49ba 0000 
  0x0000707278bf84d8: 40d4 c563 | 0000 458a | 143a 488b | c848 c1e9 | 0348 83e1 | 0748 c7c7 | 0100 0000 | 48d3 e74c 
  0x0000707278bf84f8: 0bd7 488b | f848 c1ef | 0648 b900 | 0040 d4c5 | 6300 0044 | 8814 3949 | 8387 2802 | 0000 1849 
  0x0000707278bf8518: 8387 2802 | 0000 0048 | c700 0100 | 0000 488b | ca49 ba00 | 0000 5bc5 | 6300 0049 | 2bca 8948 
  0x0000707278bf8538: 0848 33c9 | 8948 0c48 | 33c9 4889 | 4810 4889 | 8424 6803 | 0000 418b | 7950 488b 

  0x0000707278bf8554: ;   {metadata(method data for {method} {0x000063c55055b330} 'transformSelectedNodes' '(Lorg/apache/xalan/transformer/TransformerImpl;)V' in 'org/apache/xalan/templates/ElemApplyTemplates')}
  0x0000707278bf8554: d048 b928 | 9481 50c5 | 6300 0048 | 8381 9819 

  0x0000707278bf8564: ;   {metadata(method data for {method} {0x000063c55065bd48} '<init>' '(Lorg/apache/xpath/Expression;)V' in 'org/apache/xpath/XPath')}
  0x0000707278bf8564: 0000 0148 | bae0 7882 | 50c5 6300 | 008b 8af4 | 0000 0083 | c102 898a | f400 0000 | 81e1 feff 
  0x0000707278bf8584: 1f00 85c9 | 0f84 ba33 | 0000 488b 

  0x0000707278bf8590: ;   {metadata(method data for {method} {0x000063c55065bd48} '<init>' '(Lorg/apache/xpath/Expression;)V' in 'org/apache/xpath/XPath')}
  0x0000707278bf8590: d048 b9e0 | 7882 50c5 | 6300 0048 | 8381 3801 

  0x0000707278bf85a0: ;   {metadata(method data for {method} {0x000063c55b4791f0} '<init>' '()V' in 'java/lang/Object')}
  0x0000707278bf85a0: 0000 0148 | bae0 7100 | 50c5 6300 | 008b 8af4 | 0000 0083 | c102 898a | f400 0000 | 81e1 feff 
  0x0000707278bf85c0: 1f00 85c9 | 0f84 9f33 | 0000 488b 

  0x0000707278bf85cc: ;   {metadata(method data for {method} {0x000063c55065bd48} '<init>' '(Lorg/apache/xpath/Expression;)V' in 'org/apache/xpath/XPath')}
  0x0000707278bf85cc: d048 b9e0 | 7882 50c5 

  0x0000707278bf85d4: ;   {metadata('org/apache/xpath/XPath')}
  0x0000707278bf85d4: 6300 0049 | ba88 130c | 5cc5 6300 | 004c 8991 | 5801 0000 | 4883 8160 | 0100 0001 

  0x0000707278bf85f0: ;   {metadata(method data for {method} {0x000063c55065b6b0} 'setExpression' '(Lorg/apache/xpath/Expression;)V' in 'org/apache/xpath/XPath')}
  0x0000707278bf85f0: 48ba 2093 | 7050 c563 | 0000 8b8a | f400 0000 | 83c1 0289 | 8af4 0000 | 0081 e1fe | ff1f 0085 
  0x0000707278bf8610: c90f 8473 | 3300 008b | 500c 4885 

  0x0000707278bf861c: ;   {metadata(method data for {method} {0x000063c55065b6b0} 'setExpression' '(Lorg/apache/xpath/Expression;)V' in 'org/apache/xpath/XPath')}
  0x0000707278bf861c: d248 b920 | 9370 50c5 | 6300 0048 | c7c6 3801 | 0000 7407 | 48c7 c648 | 0100 004c | 8b1c 314d 
  0x0000707278bf863c: 8d5b 014c | 891c 310f | 8482 0200 | 0048 3b02 

  0x0000707278bf864c: ;   {metadata(method data for {method} {0x000063c55065b6b0} 'setExpression' '(Lorg/apache/xpath/Expression;)V' in 'org/apache/xpath/XPath')}
  0x0000707278bf864c: 488b ca48 | be20 9370 | 50c5 6300 | 008b 4908 | 49ba 0000 | 005b c563 | 0000 4903 | ca48 3b8e 
  0x0000707278bf866c: 6801 0000 | 750d 4883 | 8670 0100 | 0001 e960 | 0000 0048 | 3b8e 7801 | 0000 750d | 4883 8680 
  0x0000707278bf868c: 0100 0001 | e94a 0000 | 0048 83be | 6801 0000 | 0075 1748 | 898e 6801 | 0000 48c7 | 8670 0100 
  0x0000707278bf86ac: 0001 0000 | 00e9 2900 | 0000 4883 | be78 0100 | 0000 7517 | 4889 8e78 | 0100 0048 | c786 8001 
  0x0000707278bf86cc: 0000 0100 | 0000 e908 | 0000 0048 | 8386 5801 | 0000 0144 | 8b5a 0c48 | 3b07 488b 

  0x0000707278bf86e8: ;   {metadata(method data for {method} {0x000063c55065b6b0} 'setExpression' '(Lorg/apache/xpath/Expression;)V' in 'org/apache/xpath/XPath')}
  0x0000707278bf86e8: d748 b920 | 9370 50c5 | 6300 008b | 5208 49ba | 0000 005b | c563 0000 | 4903 d248 | 3b91 a001 
  0x0000707278bf8708: 0000 750d | 4883 81a8 | 0100 0001 | e960 0000 | 0048 3b91 | b001 0000 | 750d 4883 | 81b8 0100 
  0x0000707278bf8728: 0001 e94a | 0000 0048 | 83b9 a001 | 0000 0075 | 1748 8991 | a001 0000 | 48c7 81a8 | 0100 0001 
  0x0000707278bf8748: 0000 00e9 | 2900 0000 | 4883 b9b0 | 0100 0000 | 7517 4889 | 91b0 0100 | 0048 c781 | b801 0000 
  0x0000707278bf8768: 0100 0000 | e908 0000 | 0048 8381 | 9001 0000 

  0x0000707278bf8778: ;   {metadata(method data for {method} {0x000063c5504cf1d0} 'exprSetParent' '(Lorg/apache/xpath/ExpressionNode;)V' in 'org/apache/xpath/Expression')}
  0x0000707278bf8778: 0148 ba00 | be6f 50c5 | 6300 008b | 8af4 0000 | 0083 c102 | 898a f400 | 0000 81e1 | feff 1f00 
  0x0000707278bf8798: 85c9 0f84 | 1532 0000 

  0x0000707278bf87a0: ;   {metadata(method data for {method} {0x000063c5504cf1d0} 'exprSetParent' '(Lorg/apache/xpath/ExpressionNode;)V' in 'org/apache/xpath/Expression')}
  0x0000707278bf87a0: 4c3b df48 | ba00 be6f | 50c5 6300 | 0048 c7c1 | 3801 0000 | 7407 48c7 | c148 0100 | 0048 8b34 
  0x0000707278bf87c0: 0a48 8d76 | 0148 8934 | 0a0f 841a 

  0x0000707278bf87cc: ;   {metadata(method data for {method} {0x000063c5504cf1d0} 'exprSetParent' '(Lorg/apache/xpath/ExpressionNode;)V' in 'org/apache/xpath/Expression')}
  0x0000707278bf87cc: 0000 0048 | ba00 be6f | 50c5 6300 | 00ff 8258 | 0100 00ba | 0100 0000 | e905 0000 | 00ba 0000 
  0x0000707278bf87ec: 0000 4c89 | 9c24 5803 | 0000 488b 

  0x0000707278bf87f8: ;   {metadata(method data for {method} {0x000063c5504cf1d0} 'exprSetParent' '(Lorg/apache/xpath/ExpressionNode;)V' in 'org/apache/xpath/Expression')}
  0x0000707278bf87f8: cf49 b900 | be6f 50c5 | 6300 008b | 4908 49ba | 0000 005b | c563 0000 | 4903 ca49 | 3b89 8001 
  0x0000707278bf8818: 0000 750d | 4983 8188 | 0100 0001 | e960 0000 | 0049 3b89 | 9001 0000 | 750d 4983 | 8198 0100 
  0x0000707278bf8838: 0001 e94a | 0000 0049 | 83b9 8001 | 0000 0075 | 1749 8989 | 8001 0000 | 49c7 8188 | 0100 0001 
  0x0000707278bf8858: 0000 00e9 | 2900 0000 | 4983 b990 | 0100 0000 | 7517 4989 | 8990 0100 | 0049 c781 | 9801 0000 
  0x0000707278bf8878: 0100 0000 | e908 0000 | 0049 8381 | 7001 0000 

  0x0000707278bf8888: ;   {oop("Can not parent an expression to itself!"{0x0000000040f1c030})}
  0x0000707278bf8888: 0148 b930 | c0f1 4000 | 0000 0048 | 8bf7 4889 | bc24 6003 

  0x0000707278bf889c: ;   {optimized virtual_call}
  0x0000707278bf889c: 0000 90e8 

  0x0000707278bf88a0: ; ImmutableOopMap {[224]=Oop [232]=Oop [240]=Oop [256]=Oop [280]=Oop [848]=Oop [856]=Oop [864]=Oop [872]=Oop [880]=Oop }
                      ;*invokevirtual assertion {reexecute=0 rethrow=0 return_oop=0}
                      ; - org.apache.xpath.Expression::exprSetParent@13 (line 476)
                      ; - org.apache.xpath.XPath::setExpression@16 (line 100)
                      ; - org.apache.xpath.XPath::<init>@11 (line 278)
                      ; - org.apache.xalan.templates.ElemApplyTemplates::transformSelectedNodes@917 (line 438)
  0x0000707278bf88a0: dcc7 0607 

  0x0000707278bf88a4: ;   {other}
  0x0000707278bf88a4: 0f1f 8400 | 94a5 007f | 4c8b 9c24 | 5803 0000 | 488b bc24 | 6003 0000 | 4d8b d344 | 8957 0c48 
  0x0000707278bf88c4: 8b84 2468 | 0300 004c | 8bd7 4489 | 500c 488b 

  0x0000707278bf88d4: ;   {metadata(method data for {method} {0x000063c55065bd48} '<init>' '(Lorg/apache/xpath/Expression;)V' in 'org/apache/xpath/XPath')}
  0x0000707278bf88d4: d048 bee0 | 7882 50c5 | 6300 0048 | 8386 8001 

  0x0000707278bf88e4: ;   {metadata(method data for {method} {0x000063c55065b470} 'initFunctionTable' '()V' in 'org/apache/xpath/XPath')}
  0x0000707278bf88e4: 0000 0148 | ba50 7c82 | 50c5 6300 | 008b b2f4 | 0000 0083 | c602 89b2 | f400 0000 | 81e6 feff 
  0x0000707278bf8904: 1f00 85f6 | 0f84 c830 

  0x0000707278bf890c: ;   {metadata('org/apache/xpath/compiler/FunctionTable')}
  0x0000707278bf890c: 0000 48ba | 58d2 015c | c563 0000 | 498b 87b8 | 0400 0048 | 8d48 1848 | 3bc8 0f82 | cb30 0000 
  0x0000707278bf892c: 493b 8fc0 | 0400 000f | 87be 3000 | 0049 898f | b804 0000 | 488b f848 | c1ef 0649 | ba00 0040 
  0x0000707278bf894c: d4c5 6300 | 0045 8a14 | 3a48 8bc8 | 48c1 e903 | 4883 e107 | 48c7 c701 | 0000 0048 | d3e7 4c0b 
  0x0000707278bf896c: d748 8bf8 | 48c1 ef06 | 48b9 0000 | 40d4 c563 | 0000 4488 | 1439 4983 | 8728 0200 | 0018 4983 
  0x0000707278bf898c: 8728 0200 | 0000 48c7 | 0001 0000 | 0048 8bca | 49ba 0000 | 005b c563 | 0000 492b | ca89 4808 
  0x0000707278bf89ac: 4833 c989 | 480c 4833 | c948 8948 | 1048 8bf0 

  0x0000707278bf89bc: ;   {metadata(method data for {method} {0x000063c55065b470} 'initFunctionTable' '()V' in 'org/apache/xpath/XPath')}
  0x0000707278bf89bc: 48bf 507c | 8250 c563 | 0000 4883 | 8738 0100 | 0001 488b | f048 8984 | 2478 0300 | 0066 0f1f 
  0x0000707278bf89dc: ;   {optimized virtual_call}
  0x0000707278bf89dc: 4400 00e8 

  0x0000707278bf89e0: ; ImmutableOopMap {[224]=Oop [232]=Oop [240]=Oop [256]=Oop [280]=Oop [848]=Oop [872]=Oop [880]=Oop [888]=Oop }
                      ;*invokespecial <init> {reexecute=0 rethrow=0 return_oop=0}
                      ; - org.apache.xpath.XPath::initFunctionTable@5 (line 62)
                      ; - org.apache.xpath.XPath::<init>@15 (line 279)
                      ; - org.apache.xalan.templates.ElemApplyTemplates::transformSelectedNodes@917 (line 438)
  0x0000707278bf89e0: 9cc6 0607 

  0x0000707278bf89e4: ;   {other}
  0x0000707278bf89e4: 0f1f 8400 | d4a6 0080 | 488b 9424 | 7803 0000 | 488b 8424 | 6803 0000 | 4c8b d244 | 8950 100f 
  0x0000707278bf8a04: 1f44 0000 

  0x0000707278bf8a08: ;   {no_reloc}
  0x0000707278bf8a08: e906 3000 | 0000 0000 | 0000 498b | 87b8 0400 | 0048 8d48 | 2848 3bc8 | 0f82 f72f | 0000 493b 
  0x0000707278bf8a28: 8fc0 0400 | 000f 87ea | 2f00 0049 | 898f b804 | 0000 488b | f848 c1ef | 0649 ba00 | 0040 d4c5 
  0x0000707278bf8a48: 6300 0045 | 8a14 3a48 | 8bc8 48c1 | e903 4883 | e107 48c7 | c701 0000 | 0048 d3e7 | 4c0b d748 
  0x0000707278bf8a68: 8bf8 48c1 | ef06 48b9 | 0000 40d4 | c563 0000 | 4488 1439 | 4983 8728 | 0200 0028 | 4983 8728 
  0x0000707278bf8a88: 0200 0000 | 48c7 0001 | 0000 0048 | 8bca 49ba | 0000 005b | c563 0000 | 492b ca89 | 4808 4833 
  0x0000707278bf8aa8: c989 480c | 4833 c948 | 8948 1048 | 8948 1848 | 8948 2048 

  0x0000707278bf8abc: ;   {metadata(method data for {method} {0x000063c55055b330} 'transformSelectedNodes' '(Lorg/apache/xalan/transformer/TransformerImpl;)V' in 'org/apache/xalan/templates/ElemApplyTemplates')}
  0x0000707278bf8abc: 8bd0 48be | 2894 8150 | c563 0000 | 4883 86a8 | 1900 0001 | 488b 9424 | 5003 0000 | 488b f048 
  0x0000707278bf8adc: 8984 2480 | 0300 000f 

  0x0000707278bf8ae4: ;   {optimized virtual_call}
  0x0000707278bf8ae4: 1f40 00e8 

  0x0000707278bf8ae8: ; ImmutableOopMap {[224]=Oop [232]=Oop [240]=Oop [256]=Oop [280]=Oop [848]=Oop [872]=Oop [880]=Oop [896]=Oop }
                      ;*invokespecial <init> {reexecute=0 rethrow=0 return_oop=0}
                      ; - org.apache.xalan.templates.ElemApplyTemplates::transformSelectedNodes@926 (line 438)
  0x0000707278bf8ae8: 94c5 0607 

  0x0000707278bf8aec: ;   {other}
  0x0000707278bf8aec: 0f1f 8400 | dca7 0081 | 488b 9c24 | 7003 0000 

  0x0000707278bf8afc: ; implicit exception: dispatches to 0x0000707278bfba2a
  0x0000707278bf8afc: 483b 0348 

  0x0000707278bf8b00: ;   {metadata(method data for {method} {0x000063c55055b330} 'transformSelectedNodes' '(Lorg/apache/xalan/transformer/TransformerImpl;)V' in 'org/apache/xalan/templates/ElemApplyTemplates')}
  0x0000707278bf8b00: 8bd3 48b9 | 2894 8150 | c563 0000 

  0x0000707278bf8b0c: ;   {metadata('org/apache/xalan/trace/TraceManager')}
  0x0000707278bf8b0c: 49ba 7884 | 0e5c c563 | 0000 4c89 | 91c8 1900 | 0048 8381 | d019 0000 

  0x0000707278bf8b24: ;   {oop("select"{0x0000000040aa87b8})}
  0x0000707278bf8b24: 0149 b8b8 | 87aa 4000 | 0000 008b | 9424 f800 | 0000 488b | 8c24 e800 | 0000 4c8b | 8c24 6803 
  0x0000707278bf8b44: 0000 488b | bc24 8003 | 0000 488b | f366 0f1f 

  0x0000707278bf8b54: ;   {optimized virtual_call}
  0x0000707278bf8b54: 4400 00e8 

  0x0000707278bf8b58: ; ImmutableOopMap {[224]=Oop [232]=Oop [240]=Oop [256]=Oop [280]=Oop [848]=Oop }
                      ;*invokevirtual fireSelectedEndEvent {reexecute=0 rethrow=0 return_oop=0}
                      ; - org.apache.xalan.templates.ElemApplyTemplates::transformSelectedNodes@929 (line 438)
  0x0000707278bf8b58: 24c5 0607 

  0x0000707278bf8b5c: ;   {other}
  0x0000707278bf8b5c: 0f1f 8400 | 4ca8 0082 | 8b8c 24fc | 0000 0085 

  0x0000707278bf8b6c: ;   {metadata(method data for {method} {0x000063c55055b330} 'transformSelectedNodes' '(Lorg/apache/xalan/transformer/TransformerImpl;)V' in 'org/apache/xalan/templates/ElemApplyTemplates')}
  0x0000707278bf8b6c: c948 ba28 | 9481 50c5 | 6300 0048 | c7c6 f019 | 0000 7e07 | 48c7 c600 | 1a00 0048 | 8b3c 3248 
  0x0000707278bf8b8c: 8d7f 0148 | 893c 3289 | 8c24 fc00 | 0000 0f8e | 4c00 0000 | 488b 9c24 | 0001 0000 

  0x0000707278bf8ba8: ;   {metadata(method data for {method} {0x000063c55055b330} 'transformSelectedNodes' '(Lorg/apache/xalan/transformer/TransformerImpl;)V' in 'org/apache/xalan/templates/ElemApplyTemplates')}
  0x0000707278bf8ba8: 48ba 2894 | 8150 c563 

  0x0000707278bf8bb0: ;   {metadata('org/apache/xpath/VariableStack')}
  0x0000707278bf8bb0: 0000 49ba | a8de 0e5c | c563 0000 | 4c89 9220 | 1a00 0048 | 8382 281a | 0000 018b | 9424 1001 
  0x0000707278bf8bd0: 0000 488b | b424 0001 | 0000 0f1f 

  0x0000707278bf8bdc: ;   {optimized virtual_call}
  0x0000707278bf8bdc: 4400 00e8 

  0x0000707278bf8be0: ; ImmutableOopMap {[224]=Oop [232]=Oop [240]=Oop [256]=Oop [280]=Oop [848]=Oop }
                      ;*invokevirtual unlink {reexecute=0 rethrow=0 return_oop=0}
                      ; - org.apache.xalan.templates.ElemApplyTemplates::transformSelectedNodes@941 (line 444)
  0x0000707278bf8be0: 9cc4 0607 

  0x0000707278bf8be4: ;   {other}
  0x0000707278bf8be4: 0f1f 8400 | d4a8 0083 | 488b bc24 | e000 0000 

  0x0000707278bf8bf4: ;   {metadata(method data for {method} {0x000063c55055b330} 'transformSelectedNodes' '(Lorg/apache/xalan/transformer/TransformerImpl;)V' in 'org/apache/xalan/templates/ElemApplyTemplates')}
  0x0000707278bf8bf4: 488b f748 | b828 9481 | 50c5 6300 | 0048 8380 | 601a 0000 

  0x0000707278bf8c08: ;   {metadata(method data for {method} {0x000063c5506aa268} 'popSAXLocator' '()V' in 'org/apache/xpath/XPathContext')}
  0x0000707278bf8c08: 0148 be50 | 1b81 50c5 | 6300 008b | 86f4 0000 | 0083 c002 | 8986 f400 | 0000 25fe | ff1f 0085 
  0x0000707278bf8c28: c00f 8400 | 2e00 008b | 772c 483b | 0648 8bc6 

  0x0000707278bf8c38: ;   {metadata(method data for {method} {0x000063c5506aa268} 'popSAXLocator' '()V' in 'org/apache/xpath/XPathContext')}
  0x0000707278bf8c38: 48ba 501b | 8150 c563 | 0000 4883 | 8250 0100 | 0001 0f1f 

  0x0000707278bf8c4c: ;   {optimized virtual_call}
  0x0000707278bf8c4c: 4400 00e8 

  0x0000707278bf8c50: ; ImmutableOopMap {[224]=Oop [232]=Oop [240]=Oop [256]=Oop [280]=Oop [848]=Oop }
                      ;*invokevirtual pop {reexecute=0 rethrow=0 return_oop=0}
                      ; - org.apache.xpath.XPathContext::popSAXLocator@4 (line 434)
                      ; - org.apache.xalan.templates.ElemApplyTemplates::transformSelectedNodes@945 (line 445)
  0x0000707278bf8c50: 2cc4 0607 

  0x0000707278bf8c54: ;   {other}
  0x0000707278bf8c54: 0f1f 8400 | 44a9 0084 | 8bbc 241c | 0200 0085 

  0x0000707278bf8c64: ;   {metadata(method data for {method} {0x000063c55055b330} 'transformSelectedNodes' '(Lorg/apache/xalan/transformer/TransformerImpl;)V' in 'org/apache/xalan/templates/ElemApplyTemplates')}
  0x0000707278bf8c64: ff48 b828 | 9481 50c5 | 6300 0048 | c7c2 901a | 0000 7507 | 48c7 c280 | 1a00 0048 | 8b34 1048 
  0x0000707278bf8c84: 8d76 0148 | 8934 100f | 850c 0000 | 0089 bc24 | 1c02 0000 | e9ef 0200 | 0048 8b9c | 24e0 0000 
  0x0000707278bf8ca4: 0048 8bc3 

  0x0000707278bf8ca8: ;   {metadata(method data for {method} {0x000063c55055b330} 'transformSelectedNodes' '(Lorg/apache/xalan/transformer/TransformerImpl;)V' in 'org/apache/xalan/templates/ElemApplyTemplates')}
  0x0000707278bf8ca8: 48ba 2894 | 8150 c563 | 0000 4883 | 82a0 1a00 

  0x0000707278bf8cb8: ;   {metadata(method data for {method} {0x000063c5506aafd0} 'popContextNodeList' '()V' in 'org/apache/xpath/XPathContext')}
  0x0000707278bf8cb8: 0001 48b8 | 68fc 8150 | c563 0000 | 8b90 f400 | 0000 83c2 | 0289 90f4 | 0000 0081 | e2fe ff1f 
  0x0000707278bf8cd8: 0085 d20f | 8474 2d00 | 008b 5350 

  0x0000707278bf8ce4: ; implicit exception: dispatches to 0x0000707278bfba76
  0x0000707278bf8ce4: 483b 0248 

  0x0000707278bf8ce8: ;   {metadata(method data for {method} {0x000063c5506aafd0} 'popContextNodeList' '()V' in 'org/apache/xpath/XPathContext')}
  0x0000707278bf8ce8: 8bc2 48be | 68fc 8150 | c563 0000 | 8b40 0849 | ba00 0000 | 5bc5 6300 | 0049 03c2 | 483b 8648 
  0x0000707278bf8d08: 0100 0075 | 0d48 8386 | 5001 0000 | 01e9 6000 | 0000 483b | 8658 0100 | 0075 0d48 | 8386 6001 
  0x0000707278bf8d28: 0000 01e9 | 4a00 0000 | 4883 be48 | 0100 0000 | 7517 4889 | 8648 0100 | 0048 c786 | 5001 0000 
  0x0000707278bf8d48: 0100 0000 | e929 0000 | 0048 83be | 5801 0000 | 0075 1748 | 8986 5801 | 0000 48c7 | 8660 0100 
  0x0000707278bf8d68: 0001 0000 | 00e9 0800 | 0000 4883 | 8638 0100 | 0001 488d | b424 d803 | 0000 4889 | 5608 488b 
  0x0000707278bf8d88: 0248 83c8 | 0148 8906 | f048 0fb1 | 320f 8412 | 0000 0048 | 2bc4 4825 | 07f0 ffff | 4889 060f 
  0x0000707278bf8da8: 85ce 2c00 | 0049 ff87 | 6808 0000 

  0x0000707278bf8db4: ;   {metadata(method data for {method} {0x000063c5500fff00} 'isEmpty' '()Z' in 'java/util/Vector')}
  0x0000707278bf8db4: 48b8 58fd | 1e50 c563 | 0000 8bb0 | f400 0000 | 83c6 0289 | b0f4 0000 | 0081 e6fe | ff1f 0085 
  0x0000707278bf8dd4: f60f 84b3 | 2c00 008b | 4210 85c0 

  0x0000707278bf8de0: ;   {metadata(method data for {method} {0x000063c5500fff00} 'isEmpty' '()Z' in 'java/util/Vector')}
  0x0000707278bf8de0: 48b8 58fd | 1e50 c563 | 0000 48c7 | c238 0100 | 0075 0748 | c7c2 4801 | 0000 488b | 3410 488d 
  0x0000707278bf8e00: 7601 4889 | 3410 0f85 | 1a00 0000 

  0x0000707278bf8e0c: ;   {metadata(method data for {method} {0x000063c5500fff00} 'isEmpty' '()Z' in 'java/util/Vector')}
  0x0000707278bf8e0c: 48b8 58fd | 1e50 c563 | 0000 ff80 | 5801 0000 | b801 0000 | 00e9 0500 | 0000 b800 | 0000 0048 
  0x0000707278bf8e2c: 8bd0 83e2 | 0148 8d84 | 24d8 0300 | 0048 8b30 | 4885 f60f | 840f 0000 | 0048 8b48 | 08f0 480f 
  0x0000707278bf8e4c: b131 0f85 | 5b2c 0000 | 49ff 8f68 | 0800 0085 

  0x0000707278bf8e5c: ;   {metadata(method data for {method} {0x000063c5506aafd0} 'popContextNodeList' '()V' in 'org/apache/xpath/XPathContext')}
  0x0000707278bf8e5c: d248 ba68 | fc81 50c5 | 6300 0048 | c7c6 7001 | 0000 7407 | 48c7 c680 | 0100 0048 | 8b04 3248 
  0x0000707278bf8e7c: 8d40 0148 | 8904 3289 | bc24 1c02 | 0000 0f84 | d100 0000 

  0x0000707278bf8e90: ;   {oop(a 'java/lang/Class'{0x0000000040001608} = 'java/lang/System')}
  0x0000707278bf8e90: 48ba 0816 | 0040 0000 | 0000 8b72 | 7848 3b06 

  0x0000707278bf8ea0: ;   {metadata(method data for {method} {0x000063c5506aafd0} 'popContextNodeList' '()V' in 'org/apache/xpath/XPathContext')}
  0x0000707278bf8ea0: 488b d648 | b868 fc81 | 50c5 6300 | 008b 5208 | 49ba 0000 | 005b c563 | 0000 4903 | d248 3b90 
  0x0000707278bf8ec0: a001 0000 | 750d 4883 | 80a8 0100 | 0001 e960 | 0000 0048 | 3b90 b001 | 0000 750d | 4883 80b8 
  0x0000707278bf8ee0: 0100 0001 | e94a 0000 | 0048 83b8 | a001 0000 | 0075 1748 | 8990 a001 | 0000 48c7 | 80a8 0100 
  0x0000707278bf8f00: 0001 0000 | 00e9 2900 | 0000 4883 | b8b0 0100 | 0000 7517 | 4889 90b0 | 0100 0048 | c780 b801 
  0x0000707278bf8f20: 0000 0100 | 0000 e908 | 0000 0048 | 8380 9001 

  0x0000707278bf8f30: ;   {oop("Warning: popContextNodeList when stack is empty!"{0x0000000040a88d48})}
  0x0000707278bf8f30: 0000 0148 | ba48 8da8 | 4000 0000 

  0x0000707278bf8f3c: ;   {optimized virtual_call}
  0x0000707278bf8f3c: 0066 90e8 

  0x0000707278bf8f40: ; ImmutableOopMap {[224]=Oop [232]=Oop [240]=Oop [256]=Oop [280]=Oop [848]=Oop }
                      ;*invokevirtual println {reexecute=0 rethrow=0 return_oop=0}
                      ; - org.apache.xpath.XPathContext::popContextNodeList@15 (line 707)
                      ; - org.apache.xalan.templates.ElemApplyTemplates::transformSelectedNodes@954 (line 446)
  0x0000707278bf8f40: 3cc1 0607 

  0x0000707278bf8f44: ;   {other}
  0x0000707278bf8f44: 0f1f 8400 | 34ac 0085 

  0x0000707278bf8f4c: ;   {metadata(method data for {method} {0x000063c5506aafd0} 'popContextNodeList' '()V' in 'org/apache/xpath/XPathContext')}
  0x0000707278bf8f4c: 48be 68fc | 8150 c563 | 0000 ff86 | c801 0000 | e92b 0000 | 0048 8bfb | 8b77 5048 | 3b06 488b 
  0x0000707278bf8f6c: ;   {metadata(method data for {method} {0x000063c5506aafd0} 'popContextNodeList' '()V' in 'org/apache/xpath/XPathContext')}
  0x0000707278bf8f6c: de48 b868 | fc81 50c5 | 6300 0048 | 8380 f801 

  0x0000707278bf8f7c: ;   {optimized virtual_call}
  0x0000707278bf8f7c: 0000 01e8 

  0x0000707278bf8f80: ; ImmutableOopMap {[224]=Oop [232]=Oop [240]=Oop [256]=Oop [280]=Oop [848]=Oop }
                      ;*invokevirtual pop {reexecute=0 rethrow=0 return_oop=0}
                      ; - org.apache.xpath.XPathContext::popContextNodeList@25 (line 709)
                      ; - org.apache.xalan.templates.ElemApplyTemplates::transformSelectedNodes@954 (line 446)
  0x0000707278bf8f80: fcc0 0607 

  0x0000707278bf8f84: ;   {other}
  0x0000707278bf8f84: 0f1f 8400 | 74ac 0086 | 488b 9424 | f000 0000 

  0x0000707278bf8f94: ;   {metadata(method data for {method} {0x000063c55055b330} 'transformSelectedNodes' '(Lorg/apache/xalan/transformer/TransformerImpl;)V' in 'org/apache/xalan/templates/ElemApplyTemplates')}
  0x0000707278bf8f94: 488b f248 | b928 9481 | 50c5 6300 | 0048 8381 | f01a 0000 

  0x0000707278bf8fa8: ;   {metadata(method data for {method} {0x000063c550655c90} 'popElemTemplateElement' '()V' in 'org/apache/xalan/transformer/TransformerImpl')}
  0x0000707278bf8fa8: 0148 be50 | 0381 50c5 | 6300 008b | 8ef4 0000 | 0083 c102 | 898e f400 | 0000 81e1 | feff 1f00 
  0x0000707278bf8fc8: 85c9 0f84 | ff2a 0000 | 8b72 4c48 | 3b06 488b 

  0x0000707278bf8fd8: ;   {metadata(method data for {method} {0x000063c550655c90} 'popElemTemplateElement' '()V' in 'org/apache/xalan/transformer/TransformerImpl')}
  0x0000707278bf8fd8: ce49 b850 | 0381 50c5 | 6300 0049 | 8380 5001 | 0000 010f 

  0x0000707278bf8fec: ;   {optimized virtual_call}
  0x0000707278bf8fec: 1f40 00e8 

  0x0000707278bf8ff0: ; ImmutableOopMap {[224]=Oop [232]=Oop [240]=Oop [256]=Oop [280]=Oop [848]=Oop }
                      ;*invokevirtual pop {reexecute=0 rethrow=0 return_oop=0}
                      ; - org.apache.xalan.transformer.TransformerImpl::popElemTemplateElement@4 (line 2632)
                      ; - org.apache.xalan.templates.ElemApplyTemplates::transformSelectedNodes@958 (line 447)
  0x0000707278bf8ff0: 8cc0 0607 

  0x0000707278bf8ff4: ;   {other}
  0x0000707278bf8ff4: 0f1f 8400 | e4ac 0087 | 488b bc24 | e000 0000 

  0x0000707278bf9004: ;   {metadata(method data for {method} {0x000063c55055b330} 'transformSelectedNodes' '(Lorg/apache/xalan/transformer/TransformerImpl;)V' in 'org/apache/xalan/templates/ElemApplyTemplates')}
  0x0000707278bf9004: 48be 2894 | 8150 c563 | 0000 4883 | 8610 1b00 

  0x0000707278bf9014: ;   {metadata(method data for {method} {0x000063c5506ac060} 'popCurrentExpressionNode' '()V' in 'org/apache/xpath/XPathContext')}
  0x0000707278bf9014: 0001 48be | 985e 8150 | c563 0000 | 8bbe f400 | 0000 83c7 | 0289 bef4 | 0000 0081 | e7fe ff1f 
  0x0000707278bf9034: 0085 ff0f | 84b8 2a00 | 0048 8bbc | 24e0 0000 | 008b 7760 

  0x0000707278bf9048: ; implicit exception: dispatches to 0x0000707278bfbb16
  0x0000707278bf9048: 483b 0648 

  0x0000707278bf904c: ;   {metadata(method data for {method} {0x000063c5506ac060} 'popCurrentExpressionNode' '()V' in 'org/apache/xpath/XPathContext')}
  0x0000707278bf904c: 8bde 48b8 | 985e 8150 | c563 0000 | 4883 8038 | 0100 0001 

  0x0000707278bf9060: ;   {metadata(method data for {method} {0x000063c550648710} 'quickPop' '(I)V' in 'org/apache/xml/utils/IntStack')}
  0x0000707278bf9060: 48bb 680f | 7e50 c563 | 0000 8b83 | f400 0000 | 83c0 0289 | 83f4 0000 | 0025 feff | 1f00 85c0 
  0x0000707278bf9080: 0f84 952a | 0000 8b5e | 10ff cb89 | 5e10 488b 

  0x0000707278bf9090: ;   {metadata(method data for {method} {0x000063c55055b330} 'transformSelectedNodes' '(Lorg/apache/xalan/transformer/TransformerImpl;)V' in 'org/apache/xalan/templates/ElemApplyTemplates')}
  0x0000707278bf9090: f748 bb28 | 9481 50c5 | 6300 0048 | 8383 481b 

  0x0000707278bf90a0: ;   {metadata(method data for {method} {0x000063c5506ab680} 'popCurrentNode' '()V' in 'org/apache/xpath/XPathContext')}
  0x0000707278bf90a0: 0000 0148 | be60 5280 | 50c5 6300 | 008b 9ef4 | 0000 0083 | c302 899e | f400 0000 | 81e3 feff 
  0x0000707278bf90c0: 1f00 85db | 0f84 722a | 0000 8b77 | 5448 3b06 

  0x0000707278bf90d0: ;   {metadata(method data for {method} {0x000063c5506ab680} 'popCurrentNode' '()V' in 'org/apache/xpath/XPathContext')}
  0x0000707278bf90d0: 488b de48 | b860 5280 | 50c5 6300 | 0048 8380 | 3801 0000 

  0x0000707278bf90e4: ;   {metadata(method data for {method} {0x000063c550648710} 'quickPop' '(I)V' in 'org/apache/xml/utils/IntStack')}
  0x0000707278bf90e4: 0148 bb68 | 0f7e 50c5 | 6300 008b | 83f4 0000 | 0083 c002 | 8983 f400 | 0000 25fe | ff1f 0085 
  0x0000707278bf9104: c00f 8457 | 2a00 008b | 5e10 ffcb | 895e 1048 | 8b9c 2450 | 0300 0048 | 3b03 488b 

  0x0000707278bf9120: ;   {metadata(method data for {method} {0x000063c55055b330} 'transformSelectedNodes' '(Lorg/apache/xalan/transformer/TransformerImpl;)V' in 'org/apache/xalan/templates/ElemApplyTemplates')}
  0x0000707278bf9120: f348 b828 | 9481 50c5 | 6300 008b | 7608 49ba | 0000 005b | c563 0000 | 4903 f248 | 3bb0 901b 
  0x0000707278bf9140: 0000 750d | 4883 8098 | 1b00 0001 | e960 0000 | 0048 3bb0 | a01b 0000 | 750d 4883 | 80a8 1b00 
  0x0000707278bf9160: 0001 e94a | 0000 0048 | 83b8 901b | 0000 0075 | 1748 89b0 | 901b 0000 | 48c7 8098 | 1b00 0001 
  0x0000707278bf9180: 0000 00e9 | 2900 0000 | 4883 b8a0 | 1b00 0000 | 7517 4889 | b0a0 1b00 | 0048 c780 | a81b 0000 
  0x0000707278bf91a0: 0100 0000 | e908 0000 | 0048 8380 | 801b 0000 | 0148 8bf3 | 4889 9c24 | 5003 0000 | 9048 b8ff 
  0x0000707278bf91c0: ffff ffff 

  0x0000707278bf91c4: ;   {virtual_call}
  0x0000707278bf91c4: ffff ffe8 

  0x0000707278bf91c8: ; ImmutableOopMap {[224]=Oop [232]=Oop [240]=Oop [256]=Oop [280]=Oop [848]=Oop }
                      ;*invokeinterface detach {reexecute=0 rethrow=0 return_oop=0}
                      ; - org.apache.xalan.templates.ElemApplyTemplates::transformSelectedNodes@971 (line 450)
  0x0000707278bf91c8: b4c1 0607 

  0x0000707278bf91cc: ;   {other}
  0x0000707278bf91cc: 0f1f 8400 | bcae 0088 | e9a8 0b00 | 0049 8b87 | 1808 0000 | 4d33 d24d | 8997 1808 | 0000 4d33 
  0x0000707278bf91ec: d24d 8997 | 2008 0000 | 488b 9424 | f000 0000 

  0x0000707278bf91fc: ;   {metadata(method data for {method} {0x000063c55055b330} 'transformSelectedNodes' '(Lorg/apache/xalan/transformer/TransformerImpl;)V' in 'org/apache/xalan/templates/ElemApplyTemplates')}
  0x0000707278bf91fc: 488b f248 | bf28 9481 | 50c5 6300 | 0048 8387 | 2019 0000 | 010f be72 | 1583 e601 

  0x0000707278bf9218: ;   {metadata(method data for {method} {0x000063c55055b330} 'transformSelectedNodes' '(Lorg/apache/xalan/transformer/TransformerImpl;)V' in 'org/apache/xalan/templates/ElemApplyTemplates')}
  0x0000707278bf9218: 85f6 48be | 2894 8150 | c563 0000 | 48c7 c740 | 1900 0074 | 0748 c7c7 | 5019 0000 | 488b 0c3e 
  0x0000707278bf9238: 488d 4901 | 4889 0c3e | 4889 8424 | b803 0000 | 0f84 0607 | 0000 488b | b424 e800 | 0000 488b 
  0x0000707278bf9258: ;   {metadata(method data for {method} {0x000063c55055b330} 'transformSelectedNodes' '(Lorg/apache/xalan/transformer/TransformerImpl;)V' in 'org/apache/xalan/templates/ElemApplyTemplates')}
  0x0000707278bf9258: fa48 b928 | 9481 50c5 

  0x0000707278bf9260: ;   {metadata('org/apache/xalan/transformer/TransformerImpl')}
  0x0000707278bf9260: 6300 0049 | bac8 0c0c | 5cc5 6300 | 004c 8991 | 7019 0000 | 4883 8178 | 1900 0001 | 448b 8a84 
  0x0000707278bf9280: 0000 004c | 898c 24a8 | 0300 000f | 1f44 0000 

  0x0000707278bf9290: ;   {no_reloc}
  0x0000707278bf9290: e902 2900 | 0000 0000 | 0000 4c8b | ee49 8b87 | b804 0000 | 488d 4818 | 483b c80f | 82f0 2800 
  0x0000707278bf92b0: 0049 3b8f | c004 0000 | 0f87 e328 | 0000 4989 | 8fb8 0400 | 0048 8bf8 | 48c1 ef06 | 49ba 0000 
  0x0000707278bf92d0: 40d4 c563 | 0000 458a | 143a 488b | c848 c1e9 | 0348 83e1 | 0748 c7c7 | 0100 0000 | 48d3 e74c 
  0x0000707278bf92f0: 0bd7 488b | f848 c1ef | 0648 b900 | 0040 d4c5 | 6300 0044 | 8814 3949 | 8387 2802 | 0000 1849 
  0x0000707278bf9310: 8387 2802 | 0000 0048 | c700 0100 | 0000 488b | ca49 ba00 | 0000 5bc5 | 6300 0049 | 2bca 8948 
  0x0000707278bf9330: 0848 33c9 | 8948 0c48 | 33c9 4889 | 4810 4889 | 8424 9803 | 0000 418b | 7d50 488b 

  0x0000707278bf934c: ;   {metadata(method data for {method} {0x000063c55055b330} 'transformSelectedNodes' '(Lorg/apache/xalan/transformer/TransformerImpl;)V' in 'org/apache/xalan/templates/ElemApplyTemplates')}
  0x0000707278bf934c: d048 b928 | 9481 50c5 | 6300 0048 | 8381 9819 

  0x0000707278bf935c: ;   {metadata(method data for {method} {0x000063c55065bd48} '<init>' '(Lorg/apache/xpath/Expression;)V' in 'org/apache/xpath/XPath')}
  0x0000707278bf935c: 0000 0148 | bae0 7882 | 50c5 6300 | 008b 8af4 | 0000 0083 | c102 898a | f400 0000 | 81e1 feff 
  0x0000707278bf937c: 1f00 85c9 | 0f84 2828 | 0000 488b 

  0x0000707278bf9388: ;   {metadata(method data for {method} {0x000063c55065bd48} '<init>' '(Lorg/apache/xpath/Expression;)V' in 'org/apache/xpath/XPath')}
  0x0000707278bf9388: d048 b9e0 | 7882 50c5 | 6300 0048 | 8381 3801 

  0x0000707278bf9398: ;   {metadata(method data for {method} {0x000063c55b4791f0} '<init>' '()V' in 'java/lang/Object')}
  0x0000707278bf9398: 0000 0148 | bae0 7100 | 50c5 6300 | 008b 8af4 | 0000 0083 | c102 898a | f400 0000 | 81e1 feff 
  0x0000707278bf93b8: 1f00 85c9 | 0f84 0d28 | 0000 488b 

  0x0000707278bf93c4: ;   {metadata(method data for {method} {0x000063c55065bd48} '<init>' '(Lorg/apache/xpath/Expression;)V' in 'org/apache/xpath/XPath')}
  0x0000707278bf93c4: d048 b9e0 | 7882 50c5 

  0x0000707278bf93cc: ;   {metadata('org/apache/xpath/XPath')}
  0x0000707278bf93cc: 6300 0049 | ba88 130c | 5cc5 6300 | 004c 8991 | 5801 0000 | 4883 8160 | 0100 0001 

  0x0000707278bf93e8: ;   {metadata(method data for {method} {0x000063c55065b6b0} 'setExpression' '(Lorg/apache/xpath/Expression;)V' in 'org/apache/xpath/XPath')}
  0x0000707278bf93e8: 48ba 2093 | 7050 c563 | 0000 8b8a | f400 0000 | 83c1 0289 | 8af4 0000 | 0081 e1fe | ff1f 0085 
  0x0000707278bf9408: c90f 84e1 | 2700 008b | 500c 4885 

  0x0000707278bf9414: ;   {metadata(method data for {method} {0x000063c55065b6b0} 'setExpression' '(Lorg/apache/xpath/Expression;)V' in 'org/apache/xpath/XPath')}
  0x0000707278bf9414: d248 b920 | 9370 50c5 | 6300 0048 | c7c6 3801 | 0000 7407 | 48c7 c648 | 0100 0048 | 8b1c 3148 
  0x0000707278bf9434: 8d5b 0148 | 891c 310f | 8482 0200 | 0048 3b02 

  0x0000707278bf9444: ;   {metadata(method data for {method} {0x000063c55065b6b0} 'setExpression' '(Lorg/apache/xpath/Expression;)V' in 'org/apache/xpath/XPath')}
  0x0000707278bf9444: 488b ca48 | be20 9370 | 50c5 6300 | 008b 4908 | 49ba 0000 | 005b c563 | 0000 4903 | ca48 3b8e 
  0x0000707278bf9464: 6801 0000 | 750d 4883 | 8670 0100 | 0001 e960 | 0000 0048 | 3b8e 7801 | 0000 750d | 4883 8680 
  0x0000707278bf9484: 0100 0001 | e94a 0000 | 0048 83be | 6801 0000 | 0075 1748 | 898e 6801 | 0000 48c7 | 8670 0100 
  0x0000707278bf94a4: 0001 0000 | 00e9 2900 | 0000 4883 | be78 0100 | 0000 7517 | 4889 8e78 | 0100 0048 | c786 8001 
  0x0000707278bf94c4: 0000 0100 | 0000 e908 | 0000 0048 | 8386 5801 | 0000 018b | 5a0c 4889 | 9c24 9003 | 0000 483b 
  0x0000707278bf94e4: 0748 8bd7 

  0x0000707278bf94e8: ;   {metadata(method data for {method} {0x000063c55065b6b0} 'setExpression' '(Lorg/apache/xpath/Expression;)V' in 'org/apache/xpath/XPath')}
  0x0000707278bf94e8: 48b9 2093 | 7050 c563 | 0000 8b52 | 0849 ba00 | 0000 5bc5 | 6300 0049 | 03d2 483b | 91a0 0100 
  0x0000707278bf9508: 0075 0d48 | 8381 a801 | 0000 01e9 | 6000 0000 | 483b 91b0 | 0100 0075 | 0d48 8381 | b801 0000 
  0x0000707278bf9528: 01e9 4a00 | 0000 4883 | b9a0 0100 | 0000 7517 | 4889 91a0 | 0100 0048 | c781 a801 | 0000 0100 
  0x0000707278bf9548: 0000 e929 | 0000 0048 | 83b9 b001 | 0000 0075 | 1748 8991 | b001 0000 | 48c7 81b8 | 0100 0001 
  0x0000707278bf9568: 0000 00e9 | 0800 0000 | 4883 8190 | 0100 0001 

  0x0000707278bf9578: ;   {metadata(method data for {method} {0x000063c5504cf1d0} 'exprSetParent' '(Lorg/apache/xpath/ExpressionNode;)V' in 'org/apache/xpath/Expression')}
  0x0000707278bf9578: 48ba 00be | 6f50 c563 | 0000 8b8a | f400 0000 | 83c1 0289 | 8af4 0000 | 0081 e1fe | ff1f 0085 
  0x0000707278bf9598: c90f 847c | 2600 0048 

  0x0000707278bf95a0: ;   {metadata(method data for {method} {0x000063c5504cf1d0} 'exprSetParent' '(Lorg/apache/xpath/ExpressionNode;)V' in 'org/apache/xpath/Expression')}
  0x0000707278bf95a0: 3bdf 48ba | 00be 6f50 | c563 0000 | 48c7 c138 | 0100 0074 | 0748 c7c1 | 4801 0000 | 488b 340a 
  0x0000707278bf95c0: 488d 7601 | 4889 340a | 0f84 1a00 

  0x0000707278bf95cc: ;   {metadata(method data for {method} {0x000063c5504cf1d0} 'exprSetParent' '(Lorg/apache/xpath/ExpressionNode;)V' in 'org/apache/xpath/Expression')}
  0x0000707278bf95cc: 0000 48ba | 00be 6f50 | c563 0000 | ff82 5801 | 0000 ba01 | 0000 00e9 | 0500 0000 | ba00 0000 
  0x0000707278bf95ec: 0048 8bcf 

  0x0000707278bf95f0: ;   {metadata(method data for {method} {0x000063c5504cf1d0} 'exprSetParent' '(Lorg/apache/xpath/ExpressionNode;)V' in 'org/apache/xpath/Expression')}
  0x0000707278bf95f0: 48bb 00be | 6f50 c563 | 0000 8b49 | 0849 ba00 | 0000 5bc5 | 6300 0049 | 03ca 483b | 8b80 0100 
  0x0000707278bf9610: 0075 0d48 | 8383 8801 | 0000 01e9 | 6000 0000 | 483b 8b90 | 0100 0075 | 0d48 8383 | 9801 0000 
  0x0000707278bf9630: 01e9 4a00 | 0000 4883 | bb80 0100 | 0000 7517 | 4889 8b80 | 0100 0048 | c783 8801 | 0000 0100 
  0x0000707278bf9650: 0000 e929 | 0000 0048 | 83bb 9001 | 0000 0075 | 1748 898b | 9001 0000 | 48c7 8398 | 0100 0001 
  0x0000707278bf9670: 0000 00e9 | 0800 0000 | 4883 8370 | 0100 0001 

  0x0000707278bf9680: ;   {oop("Can not parent an expression to itself!"{0x0000000040f1c030})}
  0x0000707278bf9680: 48b9 30c0 | f140 0000 | 0000 488b | f748 89bc | 24a0 0300 

  0x0000707278bf9694: ;   {optimized virtual_call}
  0x0000707278bf9694: 0066 90e8 

  0x0000707278bf9698: ; ImmutableOopMap {[224]=Oop [232]=Oop [240]=Oop [256]=Oop [280]=Oop [904]=Oop [912]=Oop [920]=Oop [928]=Oop [936]=Oop [952]=Oop }
                      ;*invokevirtual assertion {reexecute=0 rethrow=0 return_oop=0}
                      ; - org.apache.xpath.Expression::exprSetParent@13 (line 476)
                      ; - org.apache.xpath.XPath::setExpression@16 (line 100)
                      ; - org.apache.xpath.XPath::<init>@11 (line 278)
                      ; - org.apache.xalan.templates.ElemApplyTemplates::transformSelectedNodes@917 (line 438)
  0x0000707278bf9698: e4b9 0607 

  0x0000707278bf969c: ;   {other}
  0x0000707278bf969c: 0f1f 8400 | 8cb3 0089 | 488b 9c24 | 9003 0000 | 488b bc24 | a003 0000 | 4c8b d344 | 8957 0c48 
  0x0000707278bf96bc: 8b84 2498 | 0300 004c | 8bd7 4489 | 500c 488b 

  0x0000707278bf96cc: ;   {metadata(method data for {method} {0x000063c55065bd48} '<init>' '(Lorg/apache/xpath/Expression;)V' in 'org/apache/xpath/XPath')}
  0x0000707278bf96cc: d048 bee0 | 7882 50c5 | 6300 0048 | 8386 8001 

  0x0000707278bf96dc: ;   {metadata(method data for {method} {0x000063c55065b470} 'initFunctionTable' '()V' in 'org/apache/xpath/XPath')}
  0x0000707278bf96dc: 0000 0148 | ba50 7c82 | 50c5 6300 | 008b b2f4 | 0000 0083 | c602 89b2 | f400 0000 | 81e6 feff 
  0x0000707278bf96fc: 1f00 85f6 | 0f84 3625 

  0x0000707278bf9704: ;   {metadata('org/apache/xpath/compiler/FunctionTable')}
  0x0000707278bf9704: 0000 48ba | 58d2 015c | c563 0000 | 498b 87b8 | 0400 0048 | 8d48 1848 | 3bc8 0f82 | 3925 0000 
  0x0000707278bf9724: 493b 8fc0 | 0400 000f | 872c 2500 | 0049 898f | b804 0000 | 488b f848 | c1ef 0649 | ba00 0040 
  0x0000707278bf9744: d4c5 6300 | 0045 8a14 | 3a48 8bc8 | 48c1 e903 | 4883 e107 | 48c7 c701 | 0000 0048 | d3e7 4c0b 
  0x0000707278bf9764: d748 8bf8 | 48c1 ef06 | 48b9 0000 | 40d4 c563 | 0000 4488 | 1439 4983 | 8728 0200 | 0018 4983 
  0x0000707278bf9784: 8728 0200 | 0000 48c7 | 0001 0000 | 0048 8bca | 49ba 0000 | 005b c563 | 0000 492b | ca89 4808 
  0x0000707278bf97a4: 4833 c989 | 480c 4833 | c948 8948 | 1048 8bf0 

  0x0000707278bf97b4: ;   {metadata(method data for {method} {0x000063c55065b470} 'initFunctionTable' '()V' in 'org/apache/xpath/XPath')}
  0x0000707278bf97b4: 48bf 507c | 8250 c563 | 0000 4883 | 8738 0100 | 0001 488b | f048 8984 | 24c0 0300 | 0066 0f1f 
  0x0000707278bf97d4: ;   {optimized virtual_call}
  0x0000707278bf97d4: 4400 00e8 

  0x0000707278bf97d8: ; ImmutableOopMap {[224]=Oop [232]=Oop [240]=Oop [256]=Oop [280]=Oop [904]=Oop [920]=Oop [936]=Oop [952]=Oop [960]=Oop }
                      ;*invokespecial <init> {reexecute=0 rethrow=0 return_oop=0}
                      ; - org.apache.xpath.XPath::initFunctionTable@5 (line 62)
                      ; - org.apache.xpath.XPath::<init>@15 (line 279)
                      ; - org.apache.xalan.templates.ElemApplyTemplates::transformSelectedNodes@917 (line 438)
  0x0000707278bf97d8: a4b8 0607 

  0x0000707278bf97dc: ;   {other}
  0x0000707278bf97dc: 0f1f 8400 | ccb4 008a | 488b 9424 | c003 0000 | 488b 8424 | 9803 0000 | 4c8b d244 | 8950 100f 
  0x0000707278bf97fc: 1f44 0000 

  0x0000707278bf9800: ;   {no_reloc}
  0x0000707278bf9800: e974 2400 | 0000 0000 | 0000 498b | 87b8 0400 | 0048 8d48 | 2848 3bc8 | 0f82 6524 | 0000 493b 
  0x0000707278bf9820: 8fc0 0400 | 000f 8758 | 2400 0049 | 898f b804 | 0000 488b | f848 c1ef | 0649 ba00 | 0040 d4c5 
  0x0000707278bf9840: 6300 0045 | 8a14 3a48 | 8bc8 48c1 | e903 4883 | e107 48c7 | c701 0000 | 0048 d3e7 | 4c0b d748 
  0x0000707278bf9860: 8bf8 48c1 | ef06 48b9 | 0000 40d4 | c563 0000 | 4488 1439 | 4983 8728 | 0200 0028 | 4983 8728 
  0x0000707278bf9880: 0200 0000 | 48c7 0001 | 0000 0048 | 8bca 49ba | 0000 005b | c563 0000 | 492b ca89 | 4808 4833 
  0x0000707278bf98a0: c989 480c | 4833 c948 | 8948 1048 | 8948 1848 | 8948 2048 

  0x0000707278bf98b4: ;   {metadata(method data for {method} {0x000063c55055b330} 'transformSelectedNodes' '(Lorg/apache/xalan/transformer/TransformerImpl;)V' in 'org/apache/xalan/templates/ElemApplyTemplates')}
  0x0000707278bf98b4: 8bd0 48be | 2894 8150 | c563 0000 | 4883 86a8 | 1900 0001 | 488b 9424 | 8803 0000 | 488b f048 
  0x0000707278bf98d4: 8984 24c8 | 0300 000f 

  0x0000707278bf98dc: ;   {optimized virtual_call}
  0x0000707278bf98dc: 1f40 00e8 

  0x0000707278bf98e0: ; ImmutableOopMap {[224]=Oop [232]=Oop [240]=Oop [256]=Oop [280]=Oop [904]=Oop [920]=Oop [936]=Oop [952]=Oop [968]=Oop }
                      ;*invokespecial <init> {reexecute=0 rethrow=0 return_oop=0}
                      ; - org.apache.xalan.templates.ElemApplyTemplates::transformSelectedNodes@926 (line 438)
  0x0000707278bf98e0: 9cb7 0607 

  0x0000707278bf98e4: ;   {other}
  0x0000707278bf98e4: 0f1f 8400 | d4b5 008b | 488b b424 | a803 0000 

  0x0000707278bf98f4: ; implicit exception: dispatches to 0x0000707278bfbc90
  0x0000707278bf98f4: 483b 064c 

  0x0000707278bf98f8: ;   {metadata(method data for {method} {0x000063c55055b330} 'transformSelectedNodes' '(Lorg/apache/xalan/transformer/TransformerImpl;)V' in 'org/apache/xalan/templates/ElemApplyTemplates')}
  0x0000707278bf98f8: 8bce 48ba | 2894 8150 | c563 0000 

  0x0000707278bf9904: ;   {metadata('org/apache/xalan/trace/TraceManager')}
  0x0000707278bf9904: 49ba 7884 | 0e5c c563 | 0000 4c89 | 92c8 1900 | 0048 8382 | d019 0000 

  0x0000707278bf991c: ;   {oop("select"{0x0000000040aa87b8})}
  0x0000707278bf991c: 0149 b8b8 | 87aa 4000 | 0000 008b | 9424 f800 | 0000 488b | 8c24 e800 | 0000 4c8b | 8c24 9803 
  0x0000707278bf993c: 0000 488b | bc24 c803 

  0x0000707278bf9944: ;   {optimized virtual_call}
  0x0000707278bf9944: 0000 90e8 

  0x0000707278bf9948: ; ImmutableOopMap {[224]=Oop [232]=Oop [240]=Oop [256]=Oop [280]=Oop [904]=Oop [952]=Oop }
                      ;*invokevirtual fireSelectedEndEvent {reexecute=0 rethrow=0 return_oop=0}
                      ; - org.apache.xalan.templates.ElemApplyTemplates::transformSelectedNodes@929 (line 438)
  0x0000707278bf9948: 34b7 0607 

  0x0000707278bf994c: ;   {other}
  0x0000707278bf994c: 0f1f 8400 | 3cb6 008c | 8b8c 24fc | 0000 0085 

  0x0000707278bf995c: ;   {metadata(method data for {method} {0x000063c55055b330} 'transformSelectedNodes' '(Lorg/apache/xalan/transformer/TransformerImpl;)V' in 'org/apache/xalan/templates/ElemApplyTemplates')}
  0x0000707278bf995c: c948 ba28 | 9481 50c5 | 6300 0048 | c7c6 f019 | 0000 7e07 | 48c7 c600 | 1a00 0048 | 8b3c 3248 
  0x0000707278bf997c: 8d7f 0148 | 893c 3289 | 8c24 fc00 | 0000 0f8e | 4c00 0000 | 488b 9c24 | 0001 0000 

  0x0000707278bf9998: ;   {metadata(method data for {method} {0x000063c55055b330} 'transformSelectedNodes' '(Lorg/apache/xalan/transformer/TransformerImpl;)V' in 'org/apache/xalan/templates/ElemApplyTemplates')}
  0x0000707278bf9998: 48ba 2894 | 8150 c563 

  0x0000707278bf99a0: ;   {metadata('org/apache/xpath/VariableStack')}
  0x0000707278bf99a0: 0000 49ba | a8de 0e5c | c563 0000 | 4c89 9220 | 1a00 0048 | 8382 281a | 0000 018b | 9424 1001 
  0x0000707278bf99c0: 0000 488b | b424 0001 | 0000 0f1f 

  0x0000707278bf99cc: ;   {optimized virtual_call}
  0x0000707278bf99cc: 4400 00e8 

  0x0000707278bf99d0: ; ImmutableOopMap {[224]=Oop [232]=Oop [240]=Oop [256]=Oop [280]=Oop [904]=Oop [952]=Oop }
                      ;*invokevirtual unlink {reexecute=0 rethrow=0 return_oop=0}
                      ; - org.apache.xalan.templates.ElemApplyTemplates::transformSelectedNodes@941 (line 444)
  0x0000707278bf99d0: acb6 0607 

  0x0000707278bf99d4: ;   {other}
  0x0000707278bf99d4: 0f1f 8400 | c4b6 008d | 488b bc24 | e000 0000 

  0x0000707278bf99e4: ;   {metadata(method data for {method} {0x000063c55055b330} 'transformSelectedNodes' '(Lorg/apache/xalan/transformer/TransformerImpl;)V' in 'org/apache/xalan/templates/ElemApplyTemplates')}
  0x0000707278bf99e4: 488b f748 | b828 9481 | 50c5 6300 | 0048 8380 | 601a 0000 

  0x0000707278bf99f8: ;   {metadata(method data for {method} {0x000063c5506aa268} 'popSAXLocator' '()V' in 'org/apache/xpath/XPathContext')}
  0x0000707278bf99f8: 0148 be50 | 1b81 50c5 | 6300 008b | 86f4 0000 | 0083 c002 | 8986 f400 | 0000 25fe | ff1f 0085 
  0x0000707278bf9a18: c00f 8476 | 2200 008b | 772c 483b | 0648 8bc6 

  0x0000707278bf9a28: ;   {metadata(method data for {method} {0x000063c5506aa268} 'popSAXLocator' '()V' in 'org/apache/xpath/XPathContext')}
  0x0000707278bf9a28: 48ba 501b | 8150 c563 | 0000 4883 | 8250 0100 | 0001 0f1f 

  0x0000707278bf9a3c: ;   {optimized virtual_call}
  0x0000707278bf9a3c: 4400 00e8 

  0x0000707278bf9a40: ; ImmutableOopMap {[224]=Oop [232]=Oop [240]=Oop [256]=Oop [280]=Oop [904]=Oop [952]=Oop }
                      ;*invokevirtual pop {reexecute=0 rethrow=0 return_oop=0}
                      ; - org.apache.xpath.XPathContext::popSAXLocator@4 (line 434)
                      ; - org.apache.xalan.templates.ElemApplyTemplates::transformSelectedNodes@945 (line 445)
  0x0000707278bf9a40: fc7e 8707 

  0x0000707278bf9a44: ;   {other}
  0x0000707278bf9a44: 0f1f 8400 | 34b7 008e | 8bbc 24b0 | 0300 0085 

  0x0000707278bf9a54: ;   {metadata(method data for {method} {0x000063c55055b330} 'transformSelectedNodes' '(Lorg/apache/xalan/transformer/TransformerImpl;)V' in 'org/apache/xalan/templates/ElemApplyTemplates')}
  0x0000707278bf9a54: ff48 b828 | 9481 50c5 | 6300 0048 | c7c2 901a | 0000 7507 | 48c7 c280 | 1a00 0048 | 8b34 1048 
  0x0000707278bf9a74: 8d76 0148 | 8934 100f | 850c 0000 | 0089 bc24 | b003 0000 | e91a 0300 | 0048 8b9c | 24e0 0000 
  0x0000707278bf9a94: 0048 8bc3 

  0x0000707278bf9a98: ;   {metadata(method data for {method} {0x000063c55055b330} 'transformSelectedNodes' '(Lorg/apache/xalan/transformer/TransformerImpl;)V' in 'org/apache/xalan/templates/ElemApplyTemplates')}
  0x0000707278bf9a98: 48ba 2894 | 8150 c563 | 0000 4883 | 82a0 1a00 

  0x0000707278bf9aa8: ;   {metadata(method data for {method} {0x000063c5506aafd0} 'popContextNodeList' '()V' in 'org/apache/xpath/XPathContext')}
  0x0000707278bf9aa8: 0001 48b8 | 68fc 8150 | c563 0000 | 8b90 f400 | 0000 83c2 | 0289 90f4 | 0000 0081 | e2fe ff1f 
  0x0000707278bf9ac8: 0085 d20f | 84ea 2100 | 008b 5350 

  0x0000707278bf9ad4: ; implicit exception: dispatches to 0x0000707278bfbcdc
  0x0000707278bf9ad4: 483b 0248 

  0x0000707278bf9ad8: ;   {metadata(method data for {method} {0x000063c5506aafd0} 'popContextNodeList' '()V' in 'org/apache/xpath/XPathContext')}
  0x0000707278bf9ad8: 8bc2 48be | 68fc 8150 | c563 0000 | 8b40 0849 | ba00 0000 | 5bc5 6300 | 0049 03c2 | 483b 8648 
  0x0000707278bf9af8: 0100 0075 | 0d48 8386 | 5001 0000 | 01e9 6000 | 0000 483b | 8658 0100 | 0075 0d48 | 8386 6001 
  0x0000707278bf9b18: 0000 01e9 | 4a00 0000 | 4883 be48 | 0100 0000 | 7517 4889 | 8648 0100 | 0048 c786 | 5001 0000 
  0x0000707278bf9b38: 0100 0000 | e929 0000 | 0048 83be | 5801 0000 | 0075 1748 | 8986 5801 | 0000 48c7 | 8660 0100 
  0x0000707278bf9b58: 0001 0000 | 00e9 0800 | 0000 4883 | 8638 0100 | 0001 488d | b424 d803 | 0000 4889 | 5608 488b 
  0x0000707278bf9b78: 0248 83c8 | 0148 8906 | f048 0fb1 | 320f 8412 | 0000 0048 | 2bc4 4825 | 07f0 ffff | 4889 060f 
  0x0000707278bf9b98: 8544 2100 | 0049 ff87 | 6808 0000 

  0x0000707278bf9ba4: ;   {metadata(method data for {method} {0x000063c5500fff00} 'isEmpty' '()Z' in 'java/util/Vector')}
  0x0000707278bf9ba4: 48b8 58fd | 1e50 c563 | 0000 8bb0 | f400 0000 | 83c6 0289 | b0f4 0000 | 0081 e6fe | ff1f 0085 
  0x0000707278bf9bc4: f60f 8429 | 2100 008b | 4210 85c0 

  0x0000707278bf9bd0: ;   {metadata(method data for {method} {0x000063c5500fff00} 'isEmpty' '()Z' in 'java/util/Vector')}
  0x0000707278bf9bd0: 48b8 58fd | 1e50 c563 | 0000 48c7 | c238 0100 | 0075 0748 | c7c2 4801 | 0000 488b | 3410 488d 
  0x0000707278bf9bf0: 7601 4889 | 3410 0f85 | 1a00 0000 

  0x0000707278bf9bfc: ;   {metadata(method data for {method} {0x000063c5500fff00} 'isEmpty' '()Z' in 'java/util/Vector')}
  0x0000707278bf9bfc: 48b8 58fd | 1e50 c563 | 0000 ff80 | 5801 0000 | b801 0000 | 00e9 0500 | 0000 b800 | 0000 0048 
  0x0000707278bf9c1c: 8bd0 83e2 | 0148 8d84 | 24d8 0300 | 0048 8b30 | 4885 f60f | 840f 0000 | 0048 8b48 | 08f0 480f 
  0x0000707278bf9c3c: b131 0f85 | d120 0000 | 49ff 8f68 | 0800 0085 

  0x0000707278bf9c4c: ;   {metadata(method data for {method} {0x000063c5506aafd0} 'popContextNodeList' '()V' in 'org/apache/xpath/XPathContext')}
  0x0000707278bf9c4c: d248 ba68 | fc81 50c5 | 6300 0048 | c7c6 7001 | 0000 7407 | 48c7 c680 | 0100 0048 | 8b04 3248 
  0x0000707278bf9c6c: 8d40 0148 | 8904 3289 | bc24 b003 | 0000 0f84 | d100 0000 

  0x0000707278bf9c80: ;   {oop(a 'java/lang/Class'{0x0000000040001608} = 'java/lang/System')}
  0x0000707278bf9c80: 48ba 0816 | 0040 0000 | 0000 8b72 | 7848 3b06 

  0x0000707278bf9c90: ;   {metadata(method data for {method} {0x000063c5506aafd0} 'popContextNodeList' '()V' in 'org/apache/xpath/XPathContext')}
  0x0000707278bf9c90: 488b d648 | b868 fc81 | 50c5 6300 | 008b 5208 | 49ba 0000 | 005b c563 | 0000 4903 | d248 3b90 
  0x0000707278bf9cb0: a001 0000 | 750d 4883 | 80a8 0100 | 0001 e960 | 0000 0048 | 3b90 b001 | 0000 750d | 4883 80b8 
  0x0000707278bf9cd0: 0100 0001 | e94a 0000 | 0048 83b8 | a001 0000 | 0075 1748 | 8990 a001 | 0000 48c7 | 80a8 0100 
  0x0000707278bf9cf0: 0001 0000 | 00e9 2900 | 0000 4883 | b8b0 0100 | 0000 7517 | 4889 90b0 | 0100 0048 | c780 b801 
  0x0000707278bf9d10: 0000 0100 | 0000 e908 | 0000 0048 | 8380 9001 

  0x0000707278bf9d20: ;   {oop("Warning: popContextNodeList when stack is empty!"{0x0000000040a88d48})}
  0x0000707278bf9d20: 0000 0148 | ba48 8da8 | 4000 0000 

  0x0000707278bf9d2c: ;   {optimized virtual_call}
  0x0000707278bf9d2c: 0066 90e8 

  0x0000707278bf9d30: ; ImmutableOopMap {[224]=Oop [232]=Oop [240]=Oop [256]=Oop [280]=Oop [904]=Oop [952]=Oop }
                      ;*invokevirtual println {reexecute=0 rethrow=0 return_oop=0}
                      ; - org.apache.xpath.XPathContext::popContextNodeList@15 (line 707)
                      ; - org.apache.xalan.templates.ElemApplyTemplates::transformSelectedNodes@954 (line 446)
  0x0000707278bf9d30: 4cb3 0607 

  0x0000707278bf9d34: ;   {other}
  0x0000707278bf9d34: 0f1f 8400 | 24ba 008f 

  0x0000707278bf9d3c: ;   {metadata(method data for {method} {0x000063c5506aafd0} 'popContextNodeList' '()V' in 'org/apache/xpath/XPathContext')}
  0x0000707278bf9d3c: 48be 68fc | 8150 c563 | 0000 ff86 | c801 0000 | e956 0000 | 0048 8bfb | 8b77 5048 | 3b06 488b 
  0x0000707278bf9d5c: ;   {metadata(method data for {method} {0x000063c5506aafd0} 'popContextNodeList' '()V' in 'org/apache/xpath/XPathContext')}
  0x0000707278bf9d5c: de48 b868 | fc81 50c5 | 6300 0048 | 8380 f801 

  0x0000707278bf9d6c: ;   {optimized virtual_call}
  0x0000707278bf9d6c: 0000 01e8 

  0x0000707278bf9d70: ; ImmutableOopMap {[224]=Oop [232]=Oop [240]=Oop [256]=Oop [280]=Oop [904]=Oop [952]=Oop }
                      ;*invokevirtual pop {reexecute=0 rethrow=0 return_oop=0}
                      ; - org.apache.xpath.XPathContext::popContextNodeList@25 (line 709)
                      ; - org.apache.xalan.templates.ElemApplyTemplates::transformSelectedNodes@954 (line 446)
  0x0000707278bf9d70: 4cf3 8707 

  0x0000707278bf9d74: ;   {other}
  0x0000707278bf9d74: 0f1f 8400 | 64ba 0090 | e926 0000 

  0x0000707278bf9d80: ;   {metadata(method data for {method} {0x000063c55055b330} 'transformSelectedNodes' '(Lorg/apache/xalan/transformer/TransformerImpl;)V' in 'org/apache/xalan/templates/ElemApplyTemplates')}
  0x0000707278bf9d80: 0048 be28 | 9481 50c5 | 6300 00ff | 86d8 1800 | 0048 81c4 | 0004 0000 

  0x0000707278bf9d98: ;   {poll_return}
  0x0000707278bf9d98: 5d49 3ba7 | 6807 0000 | 0f87 8f1f | 0000 c348 | 8b94 24f0 | 0000 0048 

  0x0000707278bf9db0: ;   {metadata(method data for {method} {0x000063c55055b330} 'transformSelectedNodes' '(Lorg/apache/xalan/transformer/TransformerImpl;)V' in 'org/apache/xalan/templates/ElemApplyTemplates')}
  0x0000707278bf9db0: 8bf2 48bf | 2894 8150 | c563 0000 | 4883 87f0 | 1a00 0001 

  0x0000707278bf9dc4: ;   {metadata(method data for {method} {0x000063c550655c90} 'popElemTemplateElement' '()V' in 'org/apache/xalan/transformer/TransformerImpl')}
  0x0000707278bf9dc4: 48be 5003 | 8150 c563 | 0000 8bbe | f400 0000 | 83c7 0289 | bef4 0000 | 0081 e7fe | ff1f 0085 
  0x0000707278bf9de4: ff0f 8460 | 1f00 008b | 724c 483b | 0648 8bfe 

  0x0000707278bf9df4: ;   {metadata(method data for {method} {0x000063c550655c90} 'popElemTemplateElement' '()V' in 'org/apache/xalan/transformer/TransformerImpl')}
  0x0000707278bf9df4: 48bb 5003 | 8150 c563 | 0000 4883 | 8350 0100 

  0x0000707278bf9e04: ;   {optimized virtual_call}
  0x0000707278bf9e04: 0001 90e8 

  0x0000707278bf9e08: ; ImmutableOopMap {[224]=Oop [232]=Oop [240]=Oop [256]=Oop [280]=Oop [904]=Oop [952]=Oop }
                      ;*invokevirtual pop {reexecute=0 rethrow=0 return_oop=0}
                      ; - org.apache.xalan.transformer.TransformerImpl::popElemTemplateElement@4 (line 2632)
                      ; - org.apache.xalan.templates.ElemApplyTemplates::transformSelectedNodes@958 (line 447)
  0x0000707278bf9e08: 347b 8707 

  0x0000707278bf9e0c: ;   {other}
  0x0000707278bf9e0c: 0f1f 8400 | fcba 0091 | 488b bc24 | e000 0000 

  0x0000707278bf9e1c: ;   {metadata(method data for {method} {0x000063c55055b330} 'transformSelectedNodes' '(Lorg/apache/xalan/transformer/TransformerImpl;)V' in 'org/apache/xalan/templates/ElemApplyTemplates')}
  0x0000707278bf9e1c: 48be 2894 | 8150 c563 | 0000 4883 | 8610 1b00 

  0x0000707278bf9e2c: ;   {metadata(method data for {method} {0x000063c5506ac060} 'popCurrentExpressionNode' '()V' in 'org/apache/xpath/XPathContext')}
  0x0000707278bf9e2c: 0001 48be | 985e 8150 | c563 0000 | 8bbe f400 | 0000 83c7 | 0289 bef4 | 0000 0081 | e7fe ff1f 
  0x0000707278bf9e4c: 0085 ff0f | 841c 1f00 | 0048 8bbc | 24e0 0000 | 008b 7760 

  0x0000707278bf9e60: ; implicit exception: dispatches to 0x0000707278bfbd92
  0x0000707278bf9e60: 483b 0648 

  0x0000707278bf9e64: ;   {metadata(method data for {method} {0x000063c5506ac060} 'popCurrentExpressionNode' '()V' in 'org/apache/xpath/XPathContext')}
  0x0000707278bf9e64: 8bde 48b8 | 985e 8150 | c563 0000 | 4883 8038 | 0100 0001 

  0x0000707278bf9e78: ;   {metadata(method data for {method} {0x000063c550648710} 'quickPop' '(I)V' in 'org/apache/xml/utils/IntStack')}
  0x0000707278bf9e78: 48bb 680f | 7e50 c563 | 0000 8b83 | f400 0000 | 83c0 0289 | 83f4 0000 | 0025 feff | 1f00 85c0 
  0x0000707278bf9e98: 0f84 f91e | 0000 8b5e | 10ff cb89 | 5e10 488b 

  0x0000707278bf9ea8: ;   {metadata(method data for {method} {0x000063c55055b330} 'transformSelectedNodes' '(Lorg/apache/xalan/transformer/TransformerImpl;)V' in 'org/apache/xalan/templates/ElemApplyTemplates')}
  0x0000707278bf9ea8: f748 bb28 | 9481 50c5 | 6300 0048 | 8383 481b 

  0x0000707278bf9eb8: ;   {metadata(method data for {method} {0x000063c5506ab680} 'popCurrentNode' '()V' in 'org/apache/xpath/XPathContext')}
  0x0000707278bf9eb8: 0000 0148 | be60 5280 | 50c5 6300 | 008b 9ef4 | 0000 0083 | c302 899e | f400 0000 | 81e3 feff 
  0x0000707278bf9ed8: 1f00 85db | 0f84 d61e | 0000 8b77 | 5448 3b06 

  0x0000707278bf9ee8: ;   {metadata(method data for {method} {0x000063c5506ab680} 'popCurrentNode' '()V' in 'org/apache/xpath/XPathContext')}
  0x0000707278bf9ee8: 488b de48 | b860 5280 | 50c5 6300 | 0048 8380 | 3801 0000 

  0x0000707278bf9efc: ;   {metadata(method data for {method} {0x000063c550648710} 'quickPop' '(I)V' in 'org/apache/xml/utils/IntStack')}
  0x0000707278bf9efc: 0148 bb68 | 0f7e 50c5 | 6300 008b | 83f4 0000 | 0083 c002 | 8983 f400 | 0000 25fe | ff1f 0085 
  0x0000707278bf9f1c: c00f 84bb | 1e00 008b | 5e10 ffcb | 895e 1048 | 8b9c 2488 | 0300 0048 | 3b03 488b 

  0x0000707278bf9f38: ;   {metadata(method data for {method} {0x000063c55055b330} 'transformSelectedNodes' '(Lorg/apache/xalan/transformer/TransformerImpl;)V' in 'org/apache/xalan/templates/ElemApplyTemplates')}
  0x0000707278bf9f38: f348 b828 | 9481 50c5 | 6300 008b | 7608 49ba | 0000 005b | c563 0000 | 4903 f248 | 3bb0 901b 
  0x0000707278bf9f58: 0000 750d | 4883 8098 | 1b00 0001 | e960 0000 | 0048 3bb0 | a01b 0000 | 750d 4883 | 80a8 1b00 
  0x0000707278bf9f78: 0001 e94a | 0000 0048 | 83b8 901b | 0000 0075 | 1748 89b0 | 901b 0000 | 48c7 8098 | 1b00 0001 
  0x0000707278bf9f98: 0000 00e9 | 2900 0000 | 4883 b8a0 | 1b00 0000 | 7517 4889 | b0a0 1b00 | 0048 c780 | a81b 0000 
  0x0000707278bf9fb8: 0100 0000 | e908 0000 | 0048 8380 | 801b 0000 | 0148 8bf3 | 4889 9c24 | 8803 0000 | 9048 b808 
  0x0000707278bf9fd8: f501 5cc5 

  0x0000707278bf9fdc: ;   {virtual_call}
  0x0000707278bf9fdc: 6300 00e8 

  0x0000707278bf9fe0: ; ImmutableOopMap {[224]=Oop [232]=Oop [240]=Oop [256]=Oop [280]=Oop [904]=Oop [952]=Oop }
                      ;*invokeinterface detach {reexecute=0 rethrow=0 return_oop=0}
                      ; - org.apache.xalan.templates.ElemApplyTemplates::transformSelectedNodes@971 (line 450)
  0x0000707278bf9fe0: 7c37 9207 

  0x0000707278bf9fe4: ;   {other}
  0x0000707278bf9fe4: 0f1f 8400 | d4bc 0092 | 488b 8424 | b803 0000 | e920 4500 | 0049 8b87 | 1808 0000 | 4d33 d24d 
  0x0000707278bfa004: 8997 1808 | 0000 4d33 | d24d 8997 | 2008 0000 | 488b d048 | 8d84 24d8 | 0300 0048 | 8b30 4885 
  0x0000707278bfa024: f60f 840f | 0000 0048 | 8b78 08f0 | 480f b137 | 0f85 ca1d | 0000 49ff | 8f68 0800 | 0048 8bc2 
  0x0000707278bfa044: e9d0 4400 | 0049 8b87 | 1808 0000 | 4d33 d24d | 8997 1808 | 0000 4d33 | d24d 8997 | 2008 0000 
  0x0000707278bfa064: 488b d048 | 8d84 24d8 | 0300 0048 | 8b30 4885 | f60f 840f | 0000 0048 | 8b78 08f0 | 480f b137 
  0x0000707278bfa084: 0f85 901d | 0000 49ff | 8f68 0800 | 0048 8bc2 | e980 4400 | 0049 8b87 | 1808 0000 | 4d33 d24d 
  0x0000707278bfa0a4: 8997 1808 | 0000 4d33 | d24d 8997 | 2008 0000 | 0f1f 4000 

  0x0000707278bfa0b8: ;   {no_reloc}
  0x0000707278bfa0b8: e982 1d00 | 0000 0000 | 0000 80ba | 3901 0000 | 040f 857f | 1d00 0049 | 8b87 b804 | 0000 488d 
  0x0000707278bfa0d8: 4828 483b | c80f 826b | 1d00 0049 | 3b8f c004 | 0000 0f87 | 5e1d 0000 | 4989 8fb8 | 0400 0048 
  0x0000707278bfa0f8: 8bf8 48c1 | ef06 49ba | 0000 40d4 | c563 0000 | 458a 143a | 488b c848 | c1e9 0348 | 83e1 0748 
  0x0000707278bfa118: c7c7 0100 | 0000 48d3 | e74c 0bd7 | 488b f848 | c1ef 0648 | b900 0040 | d4c5 6300 | 0044 8814 
  0x0000707278bfa138: 3949 8387 | 2802 0000 | 2849 8387 | 2802 0000 | 0048 c700 | 0100 0000 | 488b ca49 | ba00 0000 
  0x0000707278bfa158: 5bc5 6300 | 0049 2bca | 8948 0848 | 33c9 8948 | 0c48 33c9 | 4889 4810 | 4889 4818 | 4889 4820 
  0x0000707278bfa178: ;   {metadata(method data for {method} {0x000063c5506487e0} 'peek' '()I' in 'org/apache/xml/utils/IntStack')}
  0x0000707278bfa178: 488b f048 | bff0 777d | 50c5 6300 | 0048 8387 | 3801 0000 | 0148 8bf0 | 4889 8424 | d003 0000 
  0x0000707278bfa198: 0f1f 8000 

  0x0000707278bfa19c: ;   {optimized virtual_call}
  0x0000707278bfa19c: 0000 00e8 

  0x0000707278bfa1a0: ; ImmutableOopMap {[224]=Oop [232]=Oop [240]=Oop [976]=Oop }
                      ;*invokespecial <init> {reexecute=0 rethrow=0 return_oop=0}
                      ; - org.apache.xml.utils.IntStack::peek@17 (line 127)
                      ; - org.apache.xpath.XPathContext::getCurrentNode@4 (line 736)
                      ; - org.apache.xalan.templates.ElemApplyTemplates::transformSelectedNodes@6 (line 206)
  0x0000707278bfa1a0: dcae 0607 

  0x0000707278bfa1a4: ;   {other}
  0x0000707278bfa1a4: 0f1f 8400 | 94be 0093 | 488b 8424 | d003 0000 | e960 4300 

  0x0000707278bfa1b8: ;   {metadata({method} {0x000063c55055b330} 'transformSelectedNodes' '(Lorg/apache/xalan/transformer/TransformerImpl;)V' in 'org/apache/xalan/templates/ElemApplyTemplates')}
  0x0000707278bfa1b8: 0049 ba30 | b355 50c5 | 6300 004c | 8954 2408 | 48c7 0424 | ffff ffff 

  0x0000707278bfa1d0: ;   {runtime_call counter_overflow Runtime1 stub}
  0x0000707278bfa1d0: e8ab e211 

  0x0000707278bfa1d4: ; ImmutableOopMap {rsi=Oop rdx=Oop [232]=Oop [240]=Oop }
                      ;*synchronization entry
                      ; - org.apache.xalan.templates.ElemApplyTemplates::transformSelectedNodes@-1 (line 205)
  0x0000707278bfa1d4: 07e9 3c55 

  0x0000707278bfa1d8: ;   {runtime_call throw_null_pointer_exception Runtime1 stub}
  0x0000707278bfa1d8: ffff e8a1 

  0x0000707278bfa1dc: ; ImmutableOopMap {rsi=Oop rdx=Oop [232]=Oop [240]=Oop }
                      ;*invokevirtual getXPathContext {reexecute=0 rethrow=0 return_oop=0}
                      ; - org.apache.xalan.templates.ElemApplyTemplates::transformSelectedNodes@1 (line 205)
                      ;   {runtime_call throw_null_pointer_exception Runtime1 stub}
  0x0000707278bfa1dc: 7811 07e8 

  0x0000707278bfa1e0: ; ImmutableOopMap {rsi=Oop rdx=Oop rdi=Oop [224]=Oop [232]=Oop [240]=Oop }
                      ;*invokevirtual getCurrentNode {reexecute=0 rethrow=0 return_oop=0}
                      ; - org.apache.xalan.templates.ElemApplyTemplates::transformSelectedNodes@6 (line 206)
  0x0000707278bfa1e0: 9c78 1107 

  0x0000707278bfa1e4: ;   {metadata({method} {0x000063c5506ab1e0} 'getCurrentNode' '()I' in 'org/apache/xpath/XPathContext')}
  0x0000707278bfa1e4: 49ba e0b1 | 6a50 c563 | 0000 4c89 | 5424 0848 | c704 24ff 

  0x0000707278bfa1f8: ;   {runtime_call counter_overflow Runtime1 stub}
  0x0000707278bfa1f8: ffff ffe8 

  0x0000707278bfa1fc: ; ImmutableOopMap {rsi=Oop rdx=Oop rdi=Oop [224]=Oop [232]=Oop [240]=Oop }
                      ;*synchronization entry
                      ; - org.apache.xpath.XPathContext::getCurrentNode@-1 (line 736)
                      ; - org.apache.xalan.templates.ElemApplyTemplates::transformSelectedNodes@6 (line 206)
  0x0000707278bfa1fc: 80e2 1107 | e973 55ff 

  0x0000707278bfa204: ;   {runtime_call throw_null_pointer_exception Runtime1 stub}
  0x0000707278bfa204: ffe8 7678 

  0x0000707278bfa208: ; ImmutableOopMap {rsi=Oop rdx=Oop rdi=Oop rcx=Oop [224]=Oop [232]=Oop [240]=Oop }
                      ;*invokevirtual peek {reexecute=0 rethrow=0 return_oop=0}
                      ; - org.apache.xpath.XPathContext::getCurrentNode@4 (line 736)
                      ; - org.apache.xalan.templates.ElemApplyTemplates::transformSelectedNodes@6 (line 206)
                      ;   {metadata({method} {0x000063c5506487e0} 'peek' '()I' in 'org/apache/xml/utils/IntStack')}
  0x0000707278bfa208: 1107 49ba | e087 6450 | c563 0000 | 4c89 5424 | 0848 c704 | 24ff ffff 

  0x0000707278bfa220: ;   {runtime_call counter_overflow Runtime1 stub}
  0x0000707278bfa220: ffe8 5ae2 

  0x0000707278bfa224: ; ImmutableOopMap {rsi=Oop rdx=Oop rdi=Oop rcx=Oop [224]=Oop [232]=Oop [240]=Oop }
                      ;*synchronization entry
                      ; - org.apache.xml.utils.IntStack::peek@-1 (line 123)
                      ; - org.apache.xpath.XPathContext::getCurrentNode@4 (line 736)
                      ; - org.apache.xalan.templates.ElemApplyTemplates::transformSelectedNodes@6 (line 206)
  0x0000707278bfa224: 1107 e98e 

  0x0000707278bfa228: ;   {runtime_call throw_null_pointer_exception Runtime1 stub}
  0x0000707278bfa228: 55ff ffe8 

  0x0000707278bfa22c: ; ImmutableOopMap {rsi=Oop rdx=Oop rdi=Oop rbx=Oop [224]=Oop [232]=Oop [240]=Oop }
                      ;*iaload {reexecute=0 rethrow=0 return_oop=0}
                      ; - org.apache.xml.utils.IntStack::peek@10 (line 123)
                      ; - org.apache.xpath.XPathContext::getCurrentNode@4 (line 736)
                      ; - org.apache.xalan.templates.ElemApplyTemplates::transformSelectedNodes@6 (line 206)
  0x0000707278bfa22c: 5078 1107 

  0x0000707278bfa230: ;   {runtime_call throw_null_pointer_exception Runtime1 stub}
  0x0000707278bfa230: e84b 7811 

  0x0000707278bfa234: ; ImmutableOopMap {rsi=Oop rdx=Oop rdi=Oop rbx=Oop [224]=Oop [232]=Oop [240]=Oop }
                      ;*iaload {reexecute=0 rethrow=0 return_oop=0}
                      ; - org.apache.xml.utils.IntStack::peek@10 (line 123)
                      ; - org.apache.xpath.XPathContext::getCurrentNode@4 (line 736)
                      ; - org.apache.xalan.templates.ElemApplyTemplates::transformSelectedNodes@6 (line 206)
  0x0000707278bfa234: 0748 890c | 2448 895c 

  0x0000707278bfa23c: ;   {runtime_call throw_range_check_failed Runtime1 stub}
  0x0000707278bfa23c: 2408 e83d 

  0x0000707278bfa240: ; ImmutableOopMap {rsi=Oop rdx=Oop rdi=Oop rbx=Oop [224]=Oop [232]=Oop [240]=Oop }
                      ;*iaload {reexecute=0 rethrow=0 return_oop=0}
                      ; - org.apache.xml.utils.IntStack::peek@10 (line 123)
                      ; - org.apache.xpath.XPathContext::getCurrentNode@4 (line 736)
                      ; - org.apache.xalan.templates.ElemApplyTemplates::transformSelectedNodes@6 (line 206)
                      ;   {runtime_call throw_null_pointer_exception Runtime1 stub}
  0x0000707278bfa240: 6f11 07e8 

  0x0000707278bfa244: ; ImmutableOopMap {rsi=Oop rdi=Oop rax=Oop [224]=Oop [232]=Oop [240]=Oop }
                      ;*invokevirtual asIterator {reexecute=0 rethrow=0 return_oop=0}
                      ; - org.apache.xalan.templates.ElemApplyTemplates::transformSelectedNodes@16 (line 207)
  0x0000707278bfa244: 3878 1107 

  0x0000707278bfa248: ;   {metadata({method} {0x000063c55055c7e0} 'getParamElemCount' '()I' in 'org/apache/xalan/templates/ElemCallTemplate')}
  0x0000707278bfa248: 49ba e0c7 | 5550 c563 | 0000 4c89 | 5424 0848 | c704 24ff 

  0x0000707278bfa25c: ;   {runtime_call counter_overflow Runtime1 stub}
  0x0000707278bfa25c: ffff ffe8 

  0x0000707278bfa260: ; ImmutableOopMap {rax=Oop rdi=Oop rbx=Oop [224]=Oop [232]=Oop [240]=Oop [256]=Oop [264]=Oop }
                      ;*synchronization entry
                      ; - org.apache.xalan.templates.ElemCallTemplate::getParamElemCount@-1 (line 287)
                      ; - org.apache.xalan.templates.ElemApplyTemplates::transformSelectedNodes@28 (line 209)
  0x0000707278bfa260: 1ce2 1107 | e91f 57ff 

  0x0000707278bfa268: ;   {runtime_call throw_null_pointer_exception Runtime1 stub}
  0x0000707278bfa268: ffe8 1278 

  0x0000707278bfa26c: ; ImmutableOopMap {rax=Oop rdi=Oop rbx=Oop rsi=Oop [224]=Oop [232]=Oop [240]=Oop [256]=Oop [264]=Oop }
                      ;*arraylength {reexecute=0 rethrow=0 return_oop=0}
                      ; - org.apache.xalan.templates.ElemCallTemplate::getParamElemCount@15 (line 287)
                      ; - org.apache.xalan.templates.ElemApplyTemplates::transformSelectedNodes@28 (line 209)
                      ;   {runtime_call throw_null_pointer_exception Runtime1 stub}
  0x0000707278bfa26c: 1107 e80d 

  0x0000707278bfa270: ; ImmutableOopMap {rax=Oop rdi=Oop rbx=Oop rsi=Oop rdx=Oop [224]=Oop [232]=Oop [240]=Oop [256]=Oop [264]=Oop }
                      ;*invokevirtual getStackFrame {reexecute=0 rethrow=0 return_oop=0}
                      ; - org.apache.xalan.templates.ElemApplyTemplates::transformSelectedNodes@35 (line 210)
                      ;   {runtime_call throw_null_pointer_exception Runtime1 stub}
  0x0000707278bfa270: 7811 07e8 

  0x0000707278bfa274: ; ImmutableOopMap {rax=Oop rdi=Oop rbx=Oop rsi=Oop rdx=Oop r9=Oop [224]=Oop [232]=Oop [240]=Oop [256]=Oop [264]=Oop [280]=Oop }
                      ;*invokevirtual getRecursionLimit {reexecute=0 rethrow=0 return_oop=0}
                      ; - org.apache.xalan.templates.ElemApplyTemplates::transformSelectedNodes@48 (line 212)
  0x0000707278bfa274: 0878 1107 

  0x0000707278bfa278: ;   {metadata({method} {0x000063c5506ab5d0} 'pushCurrentNode' '(I)V' in 'org/apache/xpath/XPathContext')}
  0x0000707278bfa278: 49ba d0b5 | 6a50 c563 | 0000 4c89 | 5424 0848 | c704 24ff 

  0x0000707278bfa28c: ;   {runtime_call counter_overflow Runtime1 stub}
  0x0000707278bfa28c: ffff ffe8 

  0x0000707278bfa290: ; ImmutableOopMap {rdi=Oop [224]=Oop [232]=Oop [240]=Oop [256]=Oop [264]=Oop [280]=Oop }
                      ;*synchronization entry
                      ; - org.apache.xpath.XPathContext::pushCurrentNode@-1 (line 793)
                      ; - org.apache.xalan.templates.ElemApplyTemplates::transformSelectedNodes@67 (line 219)
  0x0000707278bfa290: ece1 1107 | e954 58ff 

  0x0000707278bfa298: ;   {runtime_call throw_null_pointer_exception Runtime1 stub}
  0x0000707278bfa298: ffe8 e277 

  0x0000707278bfa29c: ; ImmutableOopMap {rdi=Oop rbx=Oop [224]=Oop [232]=Oop [240]=Oop [256]=Oop [264]=Oop [280]=Oop }
                      ;*invokevirtual push {reexecute=0 rethrow=0 return_oop=0}
                      ; - org.apache.xpath.XPathContext::pushCurrentNode@5 (line 793)
                      ; - org.apache.xalan.templates.ElemApplyTemplates::transformSelectedNodes@67 (line 219)
                      ;   {metadata({method} {0x000063c5506abfb0} 'pushCurrentExpressionNode' '(I)V' in 'org/apache/xpath/XPathContext')}
  0x0000707278bfa29c: 1107 49ba | b0bf 6a50 | c563 0000 | 4c89 5424 | 0848 c704 | 24ff ffff 

  0x0000707278bfa2b4: ;   {runtime_call counter_overflow Runtime1 stub}
  0x0000707278bfa2b4: ffe8 c6e1 

  0x0000707278bfa2b8: ; ImmutableOopMap {[224]=Oop [232]=Oop [240]=Oop [256]=Oop [264]=Oop [280]=Oop }
                      ;*synchronization entry
                      ; - org.apache.xpath.XPathContext::pushCurrentExpressionNode@-1 (line 899)
                      ; - org.apache.xalan.templates.ElemApplyTemplates::transformSelectedNodes@72 (line 220)
  0x0000707278bfa2b8: 1107 e9a6 

  0x0000707278bfa2bc: ;   {runtime_call throw_null_pointer_exception Runtime1 stub}
  0x0000707278bfa2bc: 58ff ffe8 

  0x0000707278bfa2c0: ; ImmutableOopMap {rdi=Oop rsi=Oop [224]=Oop [232]=Oop [240]=Oop [256]=Oop [264]=Oop [280]=Oop }
                      ;*invokevirtual push {reexecute=0 rethrow=0 return_oop=0}
                      ; - org.apache.xpath.XPathContext::pushCurrentExpressionNode@5 (line 899)
                      ; - org.apache.xalan.templates.ElemApplyTemplates::transformSelectedNodes@72 (line 220)
  0x0000707278bfa2c0: bc77 1107 

  0x0000707278bfa2c4: ;   {metadata({method} {0x000063c5506aa1b8} 'pushSAXLocatorNull' '()V' in 'org/apache/xpath/XPathContext')}
  0x0000707278bfa2c4: 49ba b8a1 | 6a50 c563 | 0000 4c89 | 5424 0848 | c704 24ff 

  0x0000707278bfa2d8: ;   {runtime_call counter_overflow Runtime1 stub}
  0x0000707278bfa2d8: ffff ffe8 

  0x0000707278bfa2dc: ; ImmutableOopMap {[224]=Oop [232]=Oop [240]=Oop [256]=Oop [264]=Oop [280]=Oop }
                      ;*synchronization entry
                      ; - org.apache.xpath.XPathContext::pushSAXLocatorNull@-1 (line 425)
                      ; - org.apache.xalan.templates.ElemApplyTemplates::transformSelectedNodes@76 (line 221)
  0x0000707278bfa2dc: a0e1 1107 | e9f8 58ff 

  0x0000707278bfa2e4: ;   {runtime_call throw_null_pointer_exception Runtime1 stub}
  0x0000707278bfa2e4: ffe8 9677 

  0x0000707278bfa2e8: ; ImmutableOopMap {rdi=Oop rsi=Oop [224]=Oop [232]=Oop [240]=Oop [256]=Oop [264]=Oop [280]=Oop }
                      ;*invokevirtual push {reexecute=0 rethrow=0 return_oop=0}
                      ; - org.apache.xpath.XPathContext::pushSAXLocatorNull@5 (line 425)
                      ; - org.apache.xalan.templates.ElemApplyTemplates::transformSelectedNodes@76 (line 221)
                      ;   {metadata({method} {0x000063c550655be0} 'pushElemTemplateElement' '(Lorg/apache/xalan/templates/ElemTemplateElement;)V' in 'org/apache/xalan/transformer/TransformerImpl')}
  0x0000707278bfa2e8: 1107 49ba | e05b 6550 | c563 0000 | 4c89 5424 | 0848 c704 | 24ff ffff 

  0x0000707278bfa300: ;   {runtime_call counter_overflow Runtime1 stub}
  0x0000707278bfa300: ffe8 7ae1 

  0x0000707278bfa304: ; ImmutableOopMap {[224]=Oop [232]=Oop [240]=Oop [256]=Oop [264]=Oop [280]=Oop }
                      ;*synchronization entry
                      ; - org.apache.xalan.transformer.TransformerImpl::pushElemTemplateElement@-1 (line 2624)
                      ; - org.apache.xalan.templates.ElemApplyTemplates::transformSelectedNodes@81 (line 222)
  0x0000707278bfa304: 1107 e952 

  0x0000707278bfa308: ;   {runtime_call throw_null_pointer_exception Runtime1 stub}
  0x0000707278bfa308: 59ff ffe8 

  0x0000707278bfa30c: ; ImmutableOopMap {rdx=Oop rsi=Oop [224]=Oop [232]=Oop [240]=Oop [256]=Oop [264]=Oop [280]=Oop }
                      ;*invokevirtual push {reexecute=0 rethrow=0 return_oop=0}
                      ; - org.apache.xalan.transformer.TransformerImpl::pushElemTemplateElement@5 (line 2624)
                      ; - org.apache.xalan.templates.ElemApplyTemplates::transformSelectedNodes@81 (line 222)
  0x0000707278bfa30c: 7077 1107 

  0x0000707278bfa310: ;   {metadata(nullptr)}
  0x0000707278bfa310: 48ba 0000 | 0000 0000 | 0000 b800 

  0x0000707278bfa31c: ;   {runtime_call load_klass_patching Runtime1 stub}
  0x0000707278bfa31c: 0f05 0ae8 

  0x0000707278bfa320: ; ImmutableOopMap {rsi=Oop rbx=Oop [224]=Oop [232]=Oop [240]=Oop [256]=Oop [280]=Oop [312]=Oop [320]=Oop }
                      ;*new {reexecute=1 rethrow=0 return_oop=0}
                      ; - (reexecute) org.apache.xalan.templates.ElemApplyTemplates::transformSelectedNodes@135 (line 233)
  0x0000707278bfa320: 5ccf 1107 | e9b7 5bff | ff48 8bd2 

  0x0000707278bfa32c: ;   {runtime_call fast_new_instance Runtime1 stub}
  0x0000707278bfa32c: e84f 8011 

  0x0000707278bfa330: ; ImmutableOopMap {rbx=Oop r9=Oop [224]=Oop [232]=Oop [240]=Oop [256]=Oop [280]=Oop [312]=Oop [320]=Oop }
                      ;*new {reexecute=0 rethrow=0 return_oop=0}
                      ; - org.apache.xalan.templates.ElemApplyTemplates::transformSelectedNodes@135 (line 233)
  0x0000707278bfa330: 07e9 585c 

  0x0000707278bfa334: ;   {metadata({method} {0x000063c55065bd48} '<init>' '(Lorg/apache/xpath/Expression;)V' in 'org/apache/xpath/XPath')}
  0x0000707278bfa334: ffff 49ba | 48bd 6550 | c563 0000 | 4c89 5424 | 0848 c704 | 24ff ffff 

  0x0000707278bfa34c: ;   {runtime_call counter_overflow Runtime1 stub}
  0x0000707278bfa34c: ffe8 2ee1 

  0x0000707278bfa350: ; ImmutableOopMap {rbx=Oop r9=Oop rax=Oop rdi=Oop [224]=Oop [232]=Oop [240]=Oop [256]=Oop [280]=Oop [304]=Oop [312]=Oop [320]=Oop }
                      ;*synchronization entry
                      ; - org.apache.xpath.XPath::<init>@-1 (line 277)
                      ; - org.apache.xalan.templates.ElemApplyTemplates::transformSelectedNodes@143 (line 233)
  0x0000707278bfa350: 1107 e97f 

  0x0000707278bfa354: ;   {metadata({method} {0x000063c55b4791f0} '<init>' '()V' in 'java/lang/Object')}
  0x0000707278bfa354: 5cff ff49 | baf0 9147 | 5bc5 6300 | 004c 8954 | 2408 48c7 | 0424 ffff 

  0x0000707278bfa36c: ;   {runtime_call counter_overflow Runtime1 stub}
  0x0000707278bfa36c: ffff e80d 

  0x0000707278bfa370: ; ImmutableOopMap {rbx=Oop r9=Oop rax=Oop rdi=Oop [224]=Oop [232]=Oop [240]=Oop [256]=Oop [280]=Oop [304]=Oop [312]=Oop [320]=Oop }
                      ;*synchronization entry
                      ; - java.lang.Object::<init>@-1 (line 45)
                      ; - org.apache.xpath.XPath::<init>@1 (line 277)
                      ; - org.apache.xalan.templates.ElemApplyTemplates::transformSelectedNodes@143 (line 233)
  0x0000707278bfa370: e111 07e9 | 9a5c ffff 

  0x0000707278bfa378: ;   {metadata({method} {0x000063c55065b6b0} 'setExpression' '(Lorg/apache/xpath/Expression;)V' in 'org/apache/xpath/XPath')}
  0x0000707278bfa378: 49ba b0b6 | 6550 c563 | 0000 4c89 | 5424 0848 | c704 24ff 

  0x0000707278bfa38c: ;   {runtime_call counter_overflow Runtime1 stub}
  0x0000707278bfa38c: ffff ffe8 

  0x0000707278bfa390: ; ImmutableOopMap {rbx=Oop r9=Oop rax=Oop rdi=Oop [224]=Oop [232]=Oop [240]=Oop [256]=Oop [280]=Oop [304]=Oop [312]=Oop [320]=Oop }
                      ;*synchronization entry
                      ; - org.apache.xpath.XPath::setExpression@-1 (line 99)
                      ; - org.apache.xpath.XPath::<init>@11 (line 278)
                      ; - org.apache.xalan.templates.ElemApplyTemplates::transformSelectedNodes@143 (line 233)
  0x0000707278bfa390: ece0 1107 | e9c6 5cff 

  0x0000707278bfa398: ;   {runtime_call throw_null_pointer_exception Runtime1 stub}
  0x0000707278bfa398: ffe8 e276 

  0x0000707278bfa39c: ; ImmutableOopMap {rbx=Oop r9=Oop rax=Oop rdi=Oop rdx=Oop [224]=Oop [232]=Oop [240]=Oop [256]=Oop [280]=Oop [304]=Oop [312]=Oop [320]=Oop }
                      ;*invokevirtual exprGetParent {reexecute=0 rethrow=0 return_oop=0}
                      ; - org.apache.xpath.XPath::setExpression@13 (line 100)
                      ; - org.apache.xpath.XPath::<init>@11 (line 278)
                      ; - org.apache.xalan.templates.ElemApplyTemplates::transformSelectedNodes@143 (line 233)
                      ;   {runtime_call throw_null_pointer_exception Runtime1 stub}
  0x0000707278bfa39c: 1107 e8dd 

  0x0000707278bfa3a0: ; ImmutableOopMap {rbx=Oop r9=Oop rax=Oop rdi=Oop r13=Oop [224]=Oop [232]=Oop [240]=Oop [256]=Oop [280]=Oop [304]=Oop [312]=Oop [320]=Oop }
                      ;*invokevirtual exprSetParent {reexecute=0 rethrow=0 return_oop=0}
                      ; - org.apache.xpath.XPath::setExpression@16 (line 100)
                      ; - org.apache.xpath.XPath::<init>@11 (line 278)
                      ; - org.apache.xalan.templates.ElemApplyTemplates::transformSelectedNodes@143 (line 233)
                      ;   {metadata({method} {0x000063c5504cf1d0} 'exprSetParent' '(Lorg/apache/xpath/ExpressionNode;)V' in 'org/apache/xpath/Expression')}
  0x0000707278bfa3a0: 7611 0749 | bad0 f14c | 50c5 6300 | 004c 8954 | 2408 48c7 | 0424 ffff 

  0x0000707278bfa3b8: ;   {runtime_call counter_overflow Runtime1 stub}
  0x0000707278bfa3b8: ffff e8c1 

  0x0000707278bfa3bc: ; ImmutableOopMap {rbx=Oop r9=Oop rax=Oop rdi=Oop r13=Oop [224]=Oop [232]=Oop [240]=Oop [256]=Oop [280]=Oop [304]=Oop [312]=Oop [320]=Oop }
                      ;*synchronization entry
                      ; - org.apache.xpath.Expression::exprSetParent@-1 (line 476)
                      ; - org.apache.xpath.XPath::setExpression@16 (line 100)
                      ; - org.apache.xpath.XPath::<init>@11 (line 278)
                      ; - org.apache.xalan.templates.ElemApplyTemplates::transformSelectedNodes@143 (line 233)
  0x0000707278bfa3bc: e011 07e9 | 245e ffff 

  0x0000707278bfa3c4: ;   {metadata({method} {0x000063c55065b470} 'initFunctionTable' '()V' in 'org/apache/xpath/XPath')}
  0x0000707278bfa3c4: 49ba 70b4 | 6550 c563 | 0000 4c89 | 5424 0848 | c704 24ff 

  0x0000707278bfa3d8: ;   {runtime_call counter_overflow Runtime1 stub}
  0x0000707278bfa3d8: ffff ffe8 

  0x0000707278bfa3dc: ; ImmutableOopMap {rax=Oop [224]=Oop [232]=Oop [240]=Oop [256]=Oop [280]=Oop [304]=Oop [312]=Oop [320]=Oop }
                      ;*synchronization entry
                      ; - org.apache.xpath.XPath::initFunctionTable@-1 (line 62)
                      ; - org.apache.xpath.XPath::<init>@15 (line 279)
                      ; - org.apache.xalan.templates.ElemApplyTemplates::transformSelectedNodes@143 (line 233)
  0x0000707278bfa3dc: a0e0 1107 | e971 5fff | ff48 8bd2 

  0x0000707278bfa3e8: ;   {runtime_call fast_new_instance Runtime1 stub}
  0x0000707278bfa3e8: e893 7f11 

  0x0000707278bfa3ec: ; ImmutableOopMap {[224]=Oop [232]=Oop [240]=Oop [256]=Oop [280]=Oop [304]=Oop [312]=Oop [320]=Oop }
                      ;*new {reexecute=0 rethrow=0 return_oop=0}
                      ; - org.apache.xpath.XPath::initFunctionTable@1 (line 62)
                      ; - org.apache.xpath.XPath::<init>@15 (line 279)
                      ; - org.apache.xalan.templates.ElemApplyTemplates::transformSelectedNodes@143 (line 233)
  0x0000707278bfa3ec: 07e9 0f60 

  0x0000707278bfa3f0: ;   {metadata(nullptr)}
  0x0000707278bfa3f0: ffff 48ba | 0000 0000 | 0000 0000 | b800 0f05 

  0x0000707278bfa400: ;   {runtime_call load_klass_patching Runtime1 stub}
  0x0000707278bfa400: 0ae8 7ace 

  0x0000707278bfa404: ; ImmutableOopMap {[224]=Oop [232]=Oop [240]=Oop [256]=Oop [280]=Oop [304]=Oop [312]=Oop [320]=Oop }
                      ;*new {reexecute=1 rethrow=0 return_oop=0}
                      ; - (reexecute) org.apache.xalan.templates.ElemApplyTemplates::transformSelectedNodes@146 (line 233)
  0x0000707278bfa404: 1107 e945 | 60ff ff48 

  0x0000707278bfa40c: ;   {runtime_call fast_new_instance Runtime1 stub}
  0x0000707278bfa40c: 8bd2 e86d 

  0x0000707278bfa410: ; ImmutableOopMap {[224]=Oop [232]=Oop [240]=Oop [256]=Oop [280]=Oop [304]=Oop [312]=Oop [320]=Oop }
                      ;*new {reexecute=0 rethrow=0 return_oop=0}
                      ; - org.apache.xalan.templates.ElemApplyTemplates::transformSelectedNodes@146 (line 233)
  0x0000707278bfa410: 7f11 07e9 | eb60 ffff 

  0x0000707278bfa418: ;   {runtime_call throw_null_pointer_exception Runtime1 stub}
  0x0000707278bfa418: e863 7611 

  0x0000707278bfa41c: ; ImmutableOopMap {rbx=Oop [224]=Oop [232]=Oop [240]=Oop [256]=Oop [280]=Oop [304]=Oop [312]=Oop [320]=Oop [336]=Oop }
                      ;*invokevirtual fireSelectedEvent {reexecute=0 rethrow=0 return_oop=0}
                      ; - org.apache.xalan.templates.ElemApplyTemplates::transformSelectedNodes@155 (line 233)
                      ;   {runtime_call throw_null_pointer_exception Runtime1 stub}
  0x0000707278bfa41c: 07e8 5e76 

  0x0000707278bfa420: ; ImmutableOopMap {rdx=Oop rdi=Oop rbx=Oop rax=Oop [224]=Oop [232]=Oop [240]=Oop [256]=Oop [280]=Oop [312]=Oop [360]=Oop [368]=Oop }
                      ;*invokevirtual getTemplateListComposed {reexecute=0 rethrow=0 return_oop=0}
                      ; - org.apache.xalan.templates.ElemApplyTemplates::transformSelectedNodes@172 (line 241)
                      ;   {metadata({method} {0x000063c5506a9640} 'getDTM' '(I)Lorg/apache/xml/dtm/DTM;' in 'org/apache/xpath/XPathContext')}
  0x0000707278bfa420: 1107 49ba | 4096 6a50 | c563 0000 | 4c89 5424 | 0848 c704 | 24ff ffff 

  0x0000707278bfa438: ;   {runtime_call counter_overflow Runtime1 stub}
  0x0000707278bfa438: ffe8 42e0 

  0x0000707278bfa43c: ; ImmutableOopMap {rdx=Oop rdi=Oop rbx=Oop rax=Oop r8=Oop [224]=Oop [232]=Oop [240]=Oop [256]=Oop [280]=Oop [312]=Oop [344]=Oop [360]=Oop [368]=Oop }
                      ;*synchronization entry
                      ; - org.apache.xpath.XPathContext::getDTM@-1 (line 171)
                      ; - org.apache.xalan.templates.ElemApplyTemplates::transformSelectedNodes@185 (line 245)
  0x0000707278bfa43c: 1107 e944 

  0x0000707278bfa440: ;   {runtime_call throw_null_pointer_exception Runtime1 stub}
  0x0000707278bfa440: 62ff ffe8 

  0x0000707278bfa444: ; ImmutableOopMap {rdx=Oop rdi=Oop rbx=Oop rax=Oop r8=Oop r9=Oop [224]=Oop [232]=Oop [240]=Oop [256]=Oop [280]=Oop [312]=Oop [344]=Oop [360]=Oop [368]=Oop }
                      ;*invokevirtual getDTM {reexecute=0 rethrow=0 return_oop=0}
                      ; - org.apache.xpath.XPathContext::getDTM@5 (line 171)
                      ; - org.apache.xalan.templates.ElemApplyTemplates::transformSelectedNodes@185 (line 245)
  0x0000707278bfa444: 3876 1107 

  0x0000707278bfa448: ;   {runtime_call throw_null_pointer_exception Runtime1 stub}
  0x0000707278bfa448: e833 7611 

  0x0000707278bfa44c: ; ImmutableOopMap {rdx=Oop rsi=Oop r11=Oop [224]=Oop [232]=Oop [240]=Oop [256]=Oop [280]=Oop [312]=Oop [344]=Oop [360]=Oop [368]=Oop [376]=Oop }
                      ;*aaload {reexecute=0 rethrow=0 return_oop=0}
                      ; - org.apache.xalan.templates.ElemApplyTemplates::transformSelectedNodes@230 (line 258)
                      ;   {runtime_call throw_null_pointer_exception Runtime1 stub}
  0x0000707278bfa44c: 07e8 2e76 

  0x0000707278bfa450: ; ImmutableOopMap {rdx=Oop rsi=Oop r11=Oop [224]=Oop [232]=Oop [240]=Oop [256]=Oop [280]=Oop [312]=Oop [344]=Oop [360]=Oop [368]=Oop [376]=Oop }
                      ;*aaload {reexecute=0 rethrow=0 return_oop=0}
                      ; - org.apache.xalan.templates.ElemApplyTemplates::transformSelectedNodes@230 (line 258)
  0x0000707278bfa450: 1107 4889 | 3c24 4c89 

  0x0000707278bfa458: ;   {runtime_call throw_range_check_failed Runtime1 stub}
  0x0000707278bfa458: 5c24 08e8 

  0x0000707278bfa45c: ; ImmutableOopMap {rdx=Oop rsi=Oop r11=Oop [224]=Oop [232]=Oop [240]=Oop [256]=Oop [280]=Oop [312]=Oop [344]=Oop [360]=Oop [368]=Oop [376]=Oop }
                      ;*aaload {reexecute=0 rethrow=0 return_oop=0}
                      ; - org.apache.xalan.templates.ElemApplyTemplates::transformSelectedNodes@230 (line 258)
  0x0000707278bfa45c: 206d 1107 

  0x0000707278bfa460: ;   {runtime_call throw_null_pointer_exception Runtime1 stub}
  0x0000707278bfa460: e81b 7611 

  0x0000707278bfa464: ; ImmutableOopMap {rdx=Oop r11=Oop rdi=Oop [224]=Oop [232]=Oop [240]=Oop [256]=Oop [280]=Oop [312]=Oop [344]=Oop [360]=Oop [368]=Oop [376]=Oop [384]=Oop }
                      ;*invokevirtual fireTraceEvent {reexecute=0 rethrow=0 return_oop=0}
                      ; - org.apache.xalan.templates.ElemApplyTemplates::transformSelectedNodes@246 (line 260)
                      ;   {runtime_call throw_null_pointer_exception Runtime1 stub}
  0x0000707278bfa464: 07e8 1676 

  0x0000707278bfa468: ; ImmutableOopMap {rdx=Oop r11=Oop [224]=Oop [232]=Oop [240]=Oop [256]=Oop [280]=Oop [312]=Oop [344]=Oop [360]=Oop [368]=Oop [376]=Oop [384]=Oop }
                      ;*invokevirtual getValue {reexecute=0 rethrow=0 return_oop=0}
                      ; - org.apache.xalan.templates.ElemApplyTemplates::transformSelectedNodes@253 (line 261)
                      ;   {runtime_call throw_null_pointer_exception Runtime1 stub}
  0x0000707278bfa468: 1107 e811 

  0x0000707278bfa46c: ; ImmutableOopMap {rdx=Oop rsi=Oop [224]=Oop [232]=Oop [240]=Oop [256]=Oop [280]=Oop [312]=Oop [344]=Oop [360]=Oop [368]=Oop [376]=Oop [384]=Oop [400]=Oop }
                      ;*invokevirtual fireTraceEndEvent {reexecute=0 rethrow=0 return_oop=0}
                      ; - org.apache.xalan.templates.ElemApplyTemplates::transformSelectedNodes@271 (line 263)
                      ;   {metadata({method} {0x000063c550791c70} 'setLocalVariable' '(ILorg/apache/xpath/objects/XObject;I)V' in 'org/apache/xpath/VariableStack')}
  0x0000707278bfa46c: 7611 0749 | ba70 1c79 | 50c5 6300 | 004c 8954 | 2408 48c7 | 0424 ffff 

  0x0000707278bfa484: ;   {runtime_call counter_overflow Runtime1 stub}
  0x0000707278bfa484: ffff e8f5 

  0x0000707278bfa488: ; ImmutableOopMap {rax=Oop r11=Oop rbx=Oop [224]=Oop [232]=Oop [240]=Oop [256]=Oop [280]=Oop [312]=Oop [344]=Oop [360]=Oop [368]=Oop [376]=Oop [384]=Oop }
                      ;*synchronization entry
                      ; - org.apache.xpath.VariableStack::setLocalVariable@-1 (line 287)
                      ; - org.apache.xalan.templates.ElemApplyTemplates::transformSelectedNodes@282 (line 265)
  0x0000707278bfa488: df11 07e9 | 8966 ffff 

  0x0000707278bfa490: ;   {runtime_call throw_null_pointer_exception Runtime1 stub}
  0x0000707278bfa490: e8eb 7511 

  0x0000707278bfa494: ; ImmutableOopMap {rax=Oop r11=Oop rbx=Oop rdx=Oop [224]=Oop [232]=Oop [240]=Oop [256]=Oop [280]=Oop [312]=Oop [344]=Oop [360]=Oop [368]=Oop [376]=Oop [384]=Oop }
                      ;*aastore {reexecute=1 rethrow=0 return_oop=0}
                      ; - (reexecute) org.apache.xpath.VariableStack::setLocalVariable@8 (line 287)
                      ; - org.apache.xalan.templates.ElemApplyTemplates::transformSelectedNodes@282 (line 265)
                      ;   {runtime_call throw_null_pointer_exception Runtime1 stub}
  0x0000707278bfa494: 07e8 e675 

  0x0000707278bfa498: ; ImmutableOopMap {rax=Oop r11=Oop rbx=Oop rdx=Oop [224]=Oop [232]=Oop [240]=Oop [256]=Oop [280]=Oop [312]=Oop [344]=Oop [360]=Oop [368]=Oop [376]=Oop [384]=Oop }
                      ;*aastore {reexecute=1 rethrow=0 return_oop=0}
                      ; - (reexecute) org.apache.xpath.VariableStack::setLocalVariable@8 (line 287)
                      ; - org.apache.xalan.templates.ElemApplyTemplates::transformSelectedNodes@282 (line 265)
  0x0000707278bfa498: 1107 4889 | 3c24 4889 

  0x0000707278bfa4a0: ;   {runtime_call throw_range_check_failed Runtime1 stub}
  0x0000707278bfa4a0: 5424 08e8 

  0x0000707278bfa4a4: ; ImmutableOopMap {rax=Oop r11=Oop rbx=Oop rdx=Oop [224]=Oop [232]=Oop [240]=Oop [256]=Oop [280]=Oop [312]=Oop [344]=Oop [360]=Oop [368]=Oop [376]=Oop [384]=Oop }
                      ;*aastore {reexecute=1 rethrow=0 return_oop=0}
                      ; - (reexecute) org.apache.xpath.VariableStack::setLocalVariable@8 (line 287)
                      ; - org.apache.xalan.templates.ElemApplyTemplates::transformSelectedNodes@282 (line 265)
  0x0000707278bfa4a4: d86c 1107 

  0x0000707278bfa4a8: ;   {runtime_call throw_null_pointer_exception Runtime1 stub}
  0x0000707278bfa4a8: e8d3 7511 

  0x0000707278bfa4ac: ; ImmutableOopMap {rax=Oop r11=Oop rbx=Oop rdx=Oop [224]=Oop [232]=Oop [240]=Oop [256]=Oop [280]=Oop [312]=Oop [344]=Oop [360]=Oop [368]=Oop [376]=Oop [384]=Oop }
                      ;*aastore {reexecute=1 rethrow=0 return_oop=0}
                      ; - (reexecute) org.apache.xpath.VariableStack::setLocalVariable@8 (line 287)
                      ; - org.apache.xalan.templates.ElemApplyTemplates::transformSelectedNodes@282 (line 265)
  0x0000707278bfa4ac: 0748 8904 

  0x0000707278bfa4b0: ;   {runtime_call throw_array_store_exception Runtime1 stub}
  0x0000707278bfa4b0: 24e8 ca9f 

  0x0000707278bfa4b4: ; ImmutableOopMap {rax=Oop r11=Oop rbx=Oop rdx=Oop [224]=Oop [232]=Oop [240]=Oop [256]=Oop [280]=Oop [312]=Oop [344]=Oop [360]=Oop [368]=Oop [376]=Oop [384]=Oop }
                      ;*aastore {reexecute=1 rethrow=0 return_oop=0}
                      ; - (reexecute) org.apache.xpath.VariableStack::setLocalVariable@8 (line 287)
                      ; - org.apache.xalan.templates.ElemApplyTemplates::transformSelectedNodes@282 (line 265)
                      ;   {metadata({method} {0x000063c55055b330} 'transformSelectedNodes' '(Lorg/apache/xalan/transformer/TransformerImpl;)V' in 'org/apache/xalan/templates/ElemApplyTemplates')}
  0x0000707278bfa4b4: 1107 49ba | 30b3 5550 | c563 0000 | 4c89 5424 | 0848 c704 | 2420 0100 

  0x0000707278bfa4cc: ;   {runtime_call counter_overflow Runtime1 stub}
  0x0000707278bfa4cc: 00e8 aedf 

  0x0000707278bfa4d0: ; ImmutableOopMap {r11=Oop rbx=Oop [224]=Oop [232]=Oop [240]=Oop [256]=Oop [280]=Oop [312]=Oop [344]=Oop [360]=Oop [368]=Oop [376]=Oop [384]=Oop }
                      ;*goto {reexecute=1 rethrow=0 return_oop=0}
                      ; - (reexecute) org.apache.xalan.templates.ElemApplyTemplates::transformSelectedNodes@288 (line 256)
  0x0000707278bfa4d0: 1107 e9ac 

  0x0000707278bfa4d4: ;   {metadata({method} {0x000063c5506aaf08} 'pushContextNodeList' '(Lorg/apache/xml/dtm/DTMIterator;)V' in 'org/apache/xpath/XPathContext')}
  0x0000707278bfa4d4: 67ff ff49 | ba08 af6a | 50c5 6300 | 004c 8954 | 2408 48c7 | 0424 ffff 

  0x0000707278bfa4ec: ;   {runtime_call counter_overflow Runtime1 stub}
  0x0000707278bfa4ec: ffff e88d 

  0x0000707278bfa4f0: ; ImmutableOopMap {rbx=Oop rcx=Oop [224]=Oop [232]=Oop [240]=Oop [256]=Oop [280]=Oop [312]=Oop [344]=Oop [360]=Oop [368]=Oop [376]=Oop }
                      ;*synchronization entry
                      ; - org.apache.xpath.XPathContext::pushContextNodeList@-1 (line 697)
                      ; - org.apache.xalan.templates.ElemApplyTemplates::transformSelectedNodes@301 (line 270)
  0x0000707278bfa4f0: df11 07e9 | 3068 ffff 

  0x0000707278bfa4f8: ;   {runtime_call throw_null_pointer_exception Runtime1 stub}
  0x0000707278bfa4f8: e883 7511 

  0x0000707278bfa4fc: ; ImmutableOopMap {rbx=Oop rcx=Oop r8=Oop [224]=Oop [232]=Oop [240]=Oop [256]=Oop [280]=Oop [312]=Oop [344]=Oop [360]=Oop [368]=Oop [376]=Oop }
                      ;*invokevirtual push {reexecute=0 rethrow=0 return_oop=0}
                      ; - org.apache.xpath.XPathContext::pushContextNodeList@5 (line 697)
                      ; - org.apache.xalan.templates.ElemApplyTemplates::transformSelectedNodes@301 (line 270)
                      ;   {metadata({method} {0x000063c5501ac148} 'push' '(Ljava/lang/Object;)Ljava/lang/Object;' in 'java/util/Stack')}
  0x0000707278bfa4fc: 0749 ba48 | c11a 50c5 | 6300 004c | 8954 2408 | 48c7 0424 | ffff ffff 

  0x0000707278bfa514: ;   {runtime_call counter_overflow Runtime1 stub}
  0x0000707278bfa514: e867 df11 

  0x0000707278bfa518: ; ImmutableOopMap {rbx=Oop rcx=Oop r8=Oop [224]=Oop [232]=Oop [240]=Oop [256]=Oop [280]=Oop [312]=Oop [344]=Oop [360]=Oop [368]=Oop [376]=Oop }
                      ;*synchronization entry
                      ; - java.util.Stack::push@-1 (line 68)
                      ; - org.apache.xpath.XPathContext::pushContextNodeList@5 (line 697)
                      ; - org.apache.xalan.templates.ElemApplyTemplates::transformSelectedNodes@301 (line 270)
  0x0000707278bfa518: 07e9 4d68 | ffff 4c89 | 4424 0848 

  0x0000707278bfa524: ;   {runtime_call monitorenter_nofpu Runtime1 stub}
  0x0000707278bfa524: 8914 24e8 

  0x0000707278bfa528: ; ImmutableOopMap {rbx=Oop rcx=Oop r8=Oop [224]=Oop [232]=Oop [240]=Oop [256]=Oop [280]=Oop [312]=Oop [344]=Oop [360]=Oop [368]=Oop [376]=Oop [992]=Oop }
                      ;*synchronization entry
                      ; - java.util.Vector::addElement@-1 (line 616)
                      ; - java.util.Stack::push@2 (line 68)
                      ; - org.apache.xpath.XPathContext::pushContextNodeList@5 (line 697)
                      ; - org.apache.xalan.templates.ElemApplyTemplates::transformSelectedNodes@301 (line 270)
  0x0000707278bfa528: 54b1 1107 | e907 69ff 

  0x0000707278bfa530: ;   {metadata({method} {0x000063c550100be8} 'addElement' '(Ljava/lang/Object;)V' in 'java/util/Vector')}
  0x0000707278bfa530: ff49 bae8 | 0b10 50c5 | 6300 004c | 8954 2408 | 48c7 0424 | ffff ffff 

  0x0000707278bfa548: ;   {runtime_call counter_overflow Runtime1 stub}
  0x0000707278bfa548: e833 df11 

  0x0000707278bfa54c: ; ImmutableOopMap {rbx=Oop rcx=Oop r8=Oop [224]=Oop [232]=Oop [240]=Oop [256]=Oop [280]=Oop [312]=Oop [344]=Oop [360]=Oop [368]=Oop [376]=Oop [992]=Oop }
                      ;*synchronization entry
                      ; - java.util.Vector::addElement@-1 (line 616)
                      ; - java.util.Stack::push@2 (line 68)
                      ; - org.apache.xpath.XPathContext::pushContextNodeList@5 (line 697)
                      ; - org.apache.xalan.templates.ElemApplyTemplates::transformSelectedNodes@301 (line 270)
  0x0000707278bfa54c: 07e9 0d69 

  0x0000707278bfa550: ;   {metadata({method} {0x000063c5501014e0} 'add' '(Ljava/lang/Object;[Ljava/lang/Object;I)V' in 'java/util/Vector')}
  0x0000707278bfa550: ffff 49ba | e014 1050 | c563 0000 | 4c89 5424 | 0848 c704 | 24ff ffff 

  0x0000707278bfa568: ;   {runtime_call counter_overflow Runtime1 stub}
  0x0000707278bfa568: ffe8 12df 

  0x0000707278bfa56c: ; ImmutableOopMap {rbx=Oop rcx=Oop r8=Oop rdx=Oop [224]=Oop [232]=Oop [240]=Oop [256]=Oop [280]=Oop [312]=Oop [344]=Oop [360]=Oop [368]=Oop [376]=Oop [992]=Oop }
                      ;*synchronization entry
                      ; - java.util.Vector::add@-1 (line 781)
                      ; - java.util.Vector::addElement@20 (line 617)
                      ; - java.util.Stack::push@2 (line 68)
                      ; - org.apache.xpath.XPathContext::pushContextNodeList@5 (line 697)
                      ; - org.apache.xalan.templates.ElemApplyTemplates::transformSelectedNodes@301 (line 270)
  0x0000707278bfa56c: 1107 e93f 

  0x0000707278bfa570: ;   {runtime_call throw_null_pointer_exception Runtime1 stub}
  0x0000707278bfa570: 69ff ffe8 

  0x0000707278bfa574: ; ImmutableOopMap {rbx=Oop rcx=Oop r8=Oop rdx=Oop [224]=Oop [232]=Oop [240]=Oop [256]=Oop [280]=Oop [312]=Oop [344]=Oop [360]=Oop [368]=Oop [376]=Oop [992]=Oop }
                      ;*arraylength {reexecute=0 rethrow=0 return_oop=0}
                      ; - java.util.Vector::add@2 (line 781)
                      ; - java.util.Vector::addElement@20 (line 617)
                      ; - java.util.Stack::push@2 (line 68)
                      ; - org.apache.xpath.XPathContext::pushContextNodeList@5 (line 697)
                      ; - org.apache.xalan.templates.ElemApplyTemplates::transformSelectedNodes@301 (line 270)
  0x0000707278bfa574: 0875 1107 

  0x0000707278bfa578: ;   {metadata({method} {0x000063c5500ffbc0} 'grow' '()[Ljava/lang/Object;' in 'java/util/Vector')}
  0x0000707278bfa578: 49ba c0fb | 0f50 c563 | 0000 4c89 | 5424 0848 | c704 24ff 

  0x0000707278bfa58c: ;   {runtime_call counter_overflow Runtime1 stub}
  0x0000707278bfa58c: ffff ffe8 

  0x0000707278bfa590: ; ImmutableOopMap {r8=Oop [224]=Oop [232]=Oop [240]=Oop [256]=Oop [280]=Oop [312]=Oop [344]=Oop [360]=Oop [368]=Oop [376]=Oop [992]=Oop }
                      ;*synchronization entry
                      ; - java.util.Vector::grow@-1 (line 266)
                      ; - java.util.Vector::add@7 (line 782)
                      ; - java.util.Vector::addElement@20 (line 617)
                      ; - java.util.Stack::push@2 (line 68)
                      ; - org.apache.xpath.XPathContext::pushContextNodeList@5 (line 697)
                      ; - org.apache.xalan.templates.ElemApplyTemplates::transformSelectedNodes@301 (line 270)
  0x0000707278bfa590: ecde 1107 | e98d 69ff 

  0x0000707278bfa598: ;   {runtime_call throw_null_pointer_exception Runtime1 stub}
  0x0000707278bfa598: ffe8 e274 

  0x0000707278bfa59c: ; ImmutableOopMap {rdx=Oop r8=Oop rdi=Oop [224]=Oop [232]=Oop [240]=Oop [256]=Oop [280]=Oop [344]=Oop [360]=Oop [368]=Oop [376]=Oop [992]=Oop }
                      ;*aastore {reexecute=1 rethrow=0 return_oop=0}
                      ; - (reexecute) java.util.Vector::add@14 (line 783)
                      ; - java.util.Vector::addElement@20 (line 617)
                      ; - java.util.Stack::push@2 (line 68)
                      ; - org.apache.xpath.XPathContext::pushContextNodeList@5 (line 697)
                      ; - org.apache.xalan.templates.ElemApplyTemplates::transformSelectedNodes@301 (line 270)
                      ;   {runtime_call throw_null_pointer_exception Runtime1 stub}
  0x0000707278bfa59c: 1107 e8dd 

  0x0000707278bfa5a0: ; ImmutableOopMap {rdx=Oop r8=Oop rdi=Oop [224]=Oop [232]=Oop [240]=Oop [256]=Oop [280]=Oop [344]=Oop [360]=Oop [368]=Oop [376]=Oop [992]=Oop }
                      ;*aastore {reexecute=1 rethrow=0 return_oop=0}
                      ; - (reexecute) java.util.Vector::add@14 (line 783)
                      ; - java.util.Vector::addElement@20 (line 617)
                      ; - java.util.Stack::push@2 (line 68)
                      ; - org.apache.xpath.XPathContext::pushContextNodeList@5 (line 697)
                      ; - org.apache.xalan.templates.ElemApplyTemplates::transformSelectedNodes@301 (line 270)
  0x0000707278bfa5a0: 7411 0748 | 8904 2448 | 8954 2408 

  0x0000707278bfa5ac: ;   {runtime_call throw_range_check_failed Runtime1 stub}
  0x0000707278bfa5ac: e8cf 6b11 

  0x0000707278bfa5b0: ; ImmutableOopMap {rdx=Oop r8=Oop rdi=Oop [224]=Oop [232]=Oop [240]=Oop [256]=Oop [280]=Oop [344]=Oop [360]=Oop [368]=Oop [376]=Oop [992]=Oop }
                      ;*aastore {reexecute=1 rethrow=0 return_oop=0}
                      ; - (reexecute) java.util.Vector::add@14 (line 783)
                      ; - java.util.Vector::addElement@20 (line 617)
                      ; - java.util.Stack::push@2 (line 68)
                      ; - org.apache.xpath.XPathContext::pushContextNodeList@5 (line 697)
                      ; - org.apache.xalan.templates.ElemApplyTemplates::transformSelectedNodes@301 (line 270)
                      ;   {runtime_call throw_null_pointer_exception Runtime1 stub}
  0x0000707278bfa5b0: 07e8 ca74 

  0x0000707278bfa5b4: ; ImmutableOopMap {rdx=Oop r8=Oop rdi=Oop [224]=Oop [232]=Oop [240]=Oop [256]=Oop [280]=Oop [344]=Oop [360]=Oop [368]=Oop [376]=Oop [992]=Oop }
                      ;*aastore {reexecute=1 rethrow=0 return_oop=0}
                      ; - (reexecute) java.util.Vector::add@14 (line 783)
                      ; - java.util.Vector::addElement@20 (line 617)
                      ; - java.util.Stack::push@2 (line 68)
                      ; - org.apache.xpath.XPathContext::pushContextNodeList@5 (line 697)
                      ; - org.apache.xalan.templates.ElemApplyTemplates::transformSelectedNodes@301 (line 270)
  0x0000707278bfa5b4: 1107 4889 

  0x0000707278bfa5b8: ;   {runtime_call throw_array_store_exception Runtime1 stub}
  0x0000707278bfa5b8: 3c24 e8c1 

  0x0000707278bfa5bc: ; ImmutableOopMap {rdx=Oop r8=Oop rdi=Oop [224]=Oop [232]=Oop [240]=Oop [256]=Oop [280]=Oop [344]=Oop [360]=Oop [368]=Oop [376]=Oop [992]=Oop }
                      ;*aastore {reexecute=1 rethrow=0 return_oop=0}
                      ; - (reexecute) java.util.Vector::add@14 (line 783)
                      ; - java.util.Vector::addElement@20 (line 617)
                      ; - java.util.Stack::push@2 (line 68)
                      ; - org.apache.xpath.XPathContext::pushContextNodeList@5 (line 697)
                      ; - org.apache.xalan.templates.ElemApplyTemplates::transformSelectedNodes@301 (line 270)
  0x0000707278bfa5bc: 9e11 0748 | 8d84 24d8 | 0300 0048 

  0x0000707278bfa5c8: ;   {runtime_call monitorexit_nofpu Runtime1 stub}
  0x0000707278bfa5c8: 8904 24e8 | b0b6 1107 | e900 6bff 

  0x0000707278bfa5d4: ;   {runtime_call throw_null_pointer_exception Runtime1 stub}
  0x0000707278bfa5d4: ffe8 a674 

  0x0000707278bfa5d8: ; ImmutableOopMap {rdi=Oop [224]=Oop [232]=Oop [240]=Oop [256]=Oop [280]=Oop [344]=Oop [360]=Oop [368]=Oop [424]=Oop [432]=Oop [440]=Oop }
                      ;*invokeinterface nextNode {reexecute=0 rethrow=0 return_oop=0}
                      ; - org.apache.xalan.templates.ElemApplyTemplates::transformSelectedNodes@322 (line 280)
                      ;   {runtime_call throw_null_pointer_exception Runtime1 stub}
  0x0000707278bfa5d8: 1107 e8a1 

  0x0000707278bfa5dc: ; ImmutableOopMap {rdi=Oop [224]=Oop [232]=Oop [240]=Oop [256]=Oop [280]=Oop [312]=Oop [344]=Oop [360]=Oop [368]=Oop [424]=Oop [432]=Oop [440]=Oop }
                      ;*invokevirtual setTop {reexecute=0 rethrow=0 return_oop=0}
                      ; - org.apache.xalan.templates.ElemApplyTemplates::transformSelectedNodes@337 (line 282)
                      ;   {metadata({method} {0x000063c5506489a8} 'setTop' '(I)V' in 'org/apache/xml/utils/IntStack')}
  0x0000707278bfa5dc: 7411 0749 | baa8 8964 | 50c5 6300 | 004c 8954 | 2408 48c7 | 0424 ffff 

  0x0000707278bfa5f4: ;   {runtime_call counter_overflow Runtime1 stub}
  0x0000707278bfa5f4: ffff e885 

  0x0000707278bfa5f8: ; ImmutableOopMap {rdi=Oop [224]=Oop [232]=Oop [240]=Oop [256]=Oop [280]=Oop [312]=Oop [344]=Oop [360]=Oop [368]=Oop [424]=Oop [432]=Oop [440]=Oop }
                      ;*synchronization entry
                      ; - org.apache.xml.utils.IntStack::setTop@-1 (line 159)
                      ; - org.apache.xalan.templates.ElemApplyTemplates::transformSelectedNodes@337 (line 282)
  0x0000707278bfa5f8: de11 07e9 | 696c ffff 

  0x0000707278bfa600: ;   {runtime_call throw_null_pointer_exception Runtime1 stub}
  0x0000707278bfa600: e87b 7411 

  0x0000707278bfa604: ; ImmutableOopMap {rdi=Oop rdx=Oop [224]=Oop [232]=Oop [240]=Oop [256]=Oop [280]=Oop [312]=Oop [344]=Oop [360]=Oop [368]=Oop [424]=Oop [432]=Oop [440]=Oop }
                      ;*iastore {reexecute=0 rethrow=0 return_oop=0}
                      ; - org.apache.xml.utils.IntStack::setTop@11 (line 159)
                      ; - org.apache.xalan.templates.ElemApplyTemplates::transformSelectedNodes@337 (line 282)
                      ;   {runtime_call throw_null_pointer_exception Runtime1 stub}
  0x0000707278bfa604: 07e8 7674 

  0x0000707278bfa608: ; ImmutableOopMap {rdi=Oop rdx=Oop [224]=Oop [232]=Oop [240]=Oop [256]=Oop [280]=Oop [312]=Oop [344]=Oop [360]=Oop [368]=Oop [424]=Oop [432]=Oop [440]=Oop }
                      ;*iastore {reexecute=0 rethrow=0 return_oop=0}
                      ; - org.apache.xml.utils.IntStack::setTop@11 (line 159)
                      ; - org.apache.xalan.templates.ElemApplyTemplates::transformSelectedNodes@337 (line 282)
  0x0000707278bfa608: 1107 4889 | 3424 4889 

  0x0000707278bfa610: ;   {runtime_call throw_range_check_failed Runtime1 stub}
  0x0000707278bfa610: 5424 08e8 

  0x0000707278bfa614: ; ImmutableOopMap {rdi=Oop rdx=Oop [224]=Oop [232]=Oop [240]=Oop [256]=Oop [280]=Oop [312]=Oop [344]=Oop [360]=Oop [368]=Oop [424]=Oop [432]=Oop [440]=Oop }
                      ;*iastore {reexecute=0 rethrow=0 return_oop=0}
                      ; - org.apache.xml.utils.IntStack::setTop@11 (line 159)
                      ; - org.apache.xalan.templates.ElemApplyTemplates::transformSelectedNodes@337 (line 282)
  0x0000707278bfa614: 686b 1107 

  0x0000707278bfa618: ;   {runtime_call throw_null_pointer_exception Runtime1 stub}
  0x0000707278bfa618: e863 7411 

  0x0000707278bfa61c: ; ImmutableOopMap {rdi=Oop rdx=Oop [224]=Oop [232]=Oop [240]=Oop [256]=Oop [280]=Oop [312]=Oop [344]=Oop [360]=Oop [368]=Oop [424]=Oop [432]=Oop [440]=Oop }
                      ;*invokevirtual setTop {reexecute=0 rethrow=0 return_oop=0}
                      ; - org.apache.xalan.templates.ElemApplyTemplates::transformSelectedNodes@344 (line 283)
                      ;   {metadata({method} {0x000063c5506489a8} 'setTop' '(I)V' in 'org/apache/xml/utils/IntStack')}
  0x0000707278bfa61c: 0749 baa8 | 8964 50c5 | 6300 004c | 8954 2408 | 48c7 0424 | ffff ffff 

  0x0000707278bfa634: ;   {runtime_call counter_overflow Runtime1 stub}
  0x0000707278bfa634: e847 de11 

  0x0000707278bfa638: ; ImmutableOopMap {rdi=Oop rdx=Oop [224]=Oop [232]=Oop [240]=Oop [256]=Oop [280]=Oop [312]=Oop [344]=Oop [360]=Oop [368]=Oop [424]=Oop [432]=Oop [440]=Oop }
                      ;*synchronization entry
                      ; - org.apache.xml.utils.IntStack::setTop@-1 (line 159)
                      ; - org.apache.xalan.templates.ElemApplyTemplates::transformSelectedNodes@344 (line 283)
  0x0000707278bfa638: 07e9 9a6c 

  0x0000707278bfa63c: ;   {runtime_call throw_null_pointer_exception Runtime1 stub}
  0x0000707278bfa63c: ffff e83d 

  0x0000707278bfa640: ; ImmutableOopMap {rdi=Oop rdx=Oop rsi=Oop [224]=Oop [232]=Oop [240]=Oop [256]=Oop [280]=Oop [312]=Oop [344]=Oop [360]=Oop [368]=Oop [424]=Oop [432]=Oop [440]=Oop }
                      ;*iastore {reexecute=0 rethrow=0 return_oop=0}
                      ; - org.apache.xml.utils.IntStack::setTop@11 (line 159)
                      ; - org.apache.xalan.templates.ElemApplyTemplates::transformSelectedNodes@344 (line 283)
                      ;   {runtime_call throw_null_pointer_exception Runtime1 stub}
  0x0000707278bfa640: 7411 07e8 

  0x0000707278bfa644: ; ImmutableOopMap {rdi=Oop rdx=Oop rsi=Oop [224]=Oop [232]=Oop [240]=Oop [256]=Oop [280]=Oop [312]=Oop [344]=Oop [360]=Oop [368]=Oop [424]=Oop [432]=Oop [440]=Oop }
                      ;*iastore {reexecute=0 rethrow=0 return_oop=0}
                      ; - org.apache.xml.utils.IntStack::setTop@11 (line 159)
                      ; - org.apache.xalan.templates.ElemApplyTemplates::transformSelectedNodes@344 (line 283)
  0x0000707278bfa644: 3874 1107 | 4889 1c24 | 4889 7424 

  0x0000707278bfa650: ;   {runtime_call throw_range_check_failed Runtime1 stub}
  0x0000707278bfa650: 08e8 2a6b 

  0x0000707278bfa654: ; ImmutableOopMap {rdi=Oop rdx=Oop rsi=Oop [224]=Oop [232]=Oop [240]=Oop [256]=Oop [280]=Oop [312]=Oop [344]=Oop [360]=Oop [368]=Oop [424]=Oop [432]=Oop [440]=Oop }
                      ;*iastore {reexecute=0 rethrow=0 return_oop=0}
                      ; - org.apache.xml.utils.IntStack::setTop@11 (line 159)
                      ; - org.apache.xalan.templates.ElemApplyTemplates::transformSelectedNodes@344 (line 283)
                      ;   {metadata({method} {0x000063c5506a9640} 'getDTM' '(I)Lorg/apache/xml/dtm/DTM;' in 'org/apache/xpath/XPathContext')}
  0x0000707278bfa654: 1107 49ba | 4096 6a50 | c563 0000 | 4c89 5424 | 0848 c704 | 24ff ffff 

  0x0000707278bfa66c: ;   {runtime_call counter_overflow Runtime1 stub}
  0x0000707278bfa66c: ffe8 0ede 

  0x0000707278bfa670: ; ImmutableOopMap {rdi=Oop [224]=Oop [232]=Oop [240]=Oop [256]=Oop [280]=Oop [312]=Oop [344]=Oop [360]=Oop [368]=Oop [424]=Oop [432]=Oop [440]=Oop }
                      ;*synchronization entry
                      ; - org.apache.xpath.XPathContext::getDTM@-1 (line 171)
                      ; - org.apache.xalan.templates.ElemApplyTemplates::transformSelectedNodes@350 (line 285)
  0x0000707278bfa670: 1107 e9d2 

  0x0000707278bfa674: ;   {runtime_call throw_null_pointer_exception Runtime1 stub}
  0x0000707278bfa674: 6cff ffe8 

  0x0000707278bfa678: ; ImmutableOopMap {rdi=Oop rsi=Oop [224]=Oop [232]=Oop [240]=Oop [256]=Oop [280]=Oop [312]=Oop [344]=Oop [360]=Oop [368]=Oop [424]=Oop [432]=Oop [440]=Oop }
                      ;*invokevirtual getDTM {reexecute=0 rethrow=0 return_oop=0}
                      ; - org.apache.xpath.XPathContext::getDTM@5 (line 171)
                      ; - org.apache.xalan.templates.ElemApplyTemplates::transformSelectedNodes@350 (line 285)
  0x0000707278bfa678: 0474 1107 

  0x0000707278bfa67c: ;   {metadata({method} {0x000063c5506a9640} 'getDTM' '(I)Lorg/apache/xml/dtm/DTM;' in 'org/apache/xpath/XPathContext')}
  0x0000707278bfa67c: 49ba 4096 | 6a50 c563 | 0000 4c89 | 5424 0848 | c704 24ff 

  0x0000707278bfa690: ;   {runtime_call counter_overflow Runtime1 stub}
  0x0000707278bfa690: ffff ffe8 

  0x0000707278bfa694: ; ImmutableOopMap {rdi=Oop [224]=Oop [232]=Oop [240]=Oop [256]=Oop [280]=Oop [312]=Oop [344]=Oop [360]=Oop [368]=Oop [424]=Oop [432]=Oop [440]=Oop }
                      ;*synchronization entry
                      ; - org.apache.xpath.XPathContext::getDTM@-1 (line 171)
                      ; - org.apache.xalan.templates.ElemApplyTemplates::transformSelectedNodes@361 (line 287)
  0x0000707278bfa694: e8dd 1107 | e9fb 6dff 

  0x0000707278bfa69c: ;   {runtime_call throw_null_pointer_exception Runtime1 stub}
  0x0000707278bfa69c: ffe8 de73 

  0x0000707278bfa6a0: ; ImmutableOopMap {rdi=Oop rsi=Oop [224]=Oop [232]=Oop [240]=Oop [256]=Oop [280]=Oop [312]=Oop [344]=Oop [360]=Oop [368]=Oop [424]=Oop [432]=Oop [440]=Oop }
                      ;*invokevirtual getDTM {reexecute=0 rethrow=0 return_oop=0}
                      ; - org.apache.xpath.XPathContext::getDTM@5 (line 171)
                      ; - org.apache.xalan.templates.ElemApplyTemplates::transformSelectedNodes@361 (line 287)
                      ;   {runtime_call throw_incompatible_class_change_error Runtime1 stub}
  0x0000707278bfa6a0: 1107 e8d9 

  0x0000707278bfa6a4: ; ImmutableOopMap {rcx=Oop [224]=Oop [232]=Oop [240]=Oop [256]=Oop [280]=Oop [312]=Oop [344]=Oop [360]=Oop [368]=Oop [424]=Oop [432]=Oop }
                      ;*invokeinterface getExpandedTypeID {reexecute=0 rethrow=0 return_oop=0}
                      ; - org.apache.xalan.templates.ElemApplyTemplates::transformSelectedNodes@370 (line 290)
                      ;   {runtime_call throw_null_pointer_exception Runtime1 stub}
  0x0000707278bfa6a4: a311 07e8 

  0x0000707278bfa6a8: ; ImmutableOopMap {rcx=Oop [224]=Oop [232]=Oop [240]=Oop [256]=Oop [280]=Oop [312]=Oop [344]=Oop [360]=Oop [368]=Oop [424]=Oop [432]=Oop }
                      ;*invokeinterface getExpandedTypeID {reexecute=0 rethrow=0 return_oop=0}
                      ; - org.apache.xalan.templates.ElemApplyTemplates::transformSelectedNodes@370 (line 290)
  0x0000707278bfa6a8: d473 1107 

  0x0000707278bfa6ac: ;   {metadata({method} {0x000063c55078a088} 'getExpandedTypeID' '(I)I' in 'org/apache/xml/dtm/ref/DTMDefaultBase')}
  0x0000707278bfa6ac: 49ba 88a0 | 7850 c563 | 0000 4c89 | 5424 0848 | c704 24ff 

  0x0000707278bfa6c0: ;   {runtime_call counter_overflow Runtime1 stub}
  0x0000707278bfa6c0: ffff ffe8 

  0x0000707278bfa6c4: ; ImmutableOopMap {rcx=Oop [224]=Oop [232]=Oop [240]=Oop [256]=Oop [280]=Oop [312]=Oop [344]=Oop [360]=Oop [368]=Oop [424]=Oop [432]=Oop }
                      ;*synchronization entry
                      ; - org.apache.xml.dtm.ref.DTMDefaultBase::getExpandedTypeID@-1 (line 1682)
                      ; - org.apache.xalan.templates.ElemApplyTemplates::transformSelectedNodes@370 (line 290)
  0x0000707278bfa6c4: b8dd 1107 | e97c 6fff 

  0x0000707278bfa6cc: ;   {runtime_call throw_incompatible_class_change_error Runtime1 stub}
  0x0000707278bfa6cc: ffe8 aea3 

  0x0000707278bfa6d0: ; ImmutableOopMap {rcx=Oop [224]=Oop [232]=Oop [240]=Oop [256]=Oop [280]=Oop [312]=Oop [344]=Oop [360]=Oop [368]=Oop [424]=Oop [432]=Oop }
                      ;*invokeinterface getNodeType {reexecute=0 rethrow=0 return_oop=0}
                      ; - org.apache.xalan.templates.ElemApplyTemplates::transformSelectedNodes@381 (line 292)
                      ;   {metadata({method} {0x000063c55078a820} 'getNodeType' '(I)S' in 'org/apache/xml/dtm/ref/DTMDefaultBase')}
  0x0000707278bfa6d0: 1107 49ba | 20a8 7850 | c563 0000 | 4c89 5424 | 0848 c704 | 24ff ffff 

  0x0000707278bfa6e8: ;   {runtime_call counter_overflow Runtime1 stub}
  0x0000707278bfa6e8: ffe8 92dd 

  0x0000707278bfa6ec: ; ImmutableOopMap {rcx=Oop [224]=Oop [232]=Oop [240]=Oop [256]=Oop [280]=Oop [312]=Oop [344]=Oop [360]=Oop [368]=Oop [424]=Oop [432]=Oop }
                      ;*synchronization entry
                      ; - org.apache.xml.dtm.ref.DTMDefaultBase::getNodeType@-1 (line 1836)
                      ; - org.apache.xalan.templates.ElemApplyTemplates::transformSelectedNodes@381 (line 292)
  0x0000707278bfa6ec: 1107 e982 

  0x0000707278bfa6f0: ;   {runtime_call throw_null_pointer_exception Runtime1 stub}
  0x0000707278bfa6f0: 71ff ffe8 

  0x0000707278bfa6f4: ; ImmutableOopMap {rbx=Oop [224]=Oop [232]=Oop [240]=Oop [256]=Oop [280]=Oop [312]=Oop [344]=Oop [360]=Oop [368]=Oop [424]=Oop [432]=Oop [448]=Oop }
                      ;*invokevirtual getType {reexecute=0 rethrow=0 return_oop=0}
                      ; - org.apache.xml.dtm.ref.DTMDefaultBase::getNodeType@20 (line 1838)
                      ; - org.apache.xalan.templates.ElemApplyTemplates::transformSelectedNodes@381 (line 292)
  0x0000707278bfa6f4: 8873 1107 

  0x0000707278bfa6f8: ;   {metadata({method} {0x000063c550738668} 'getType' '(I)S' in 'org/apache/xml/dtm/ref/ExpandedNameTable')}
  0x0000707278bfa6f8: 49ba 6886 | 7350 c563 | 0000 4c89 | 5424 0848 | c704 24ff 

  0x0000707278bfa70c: ;   {runtime_call counter_overflow Runtime1 stub}
  0x0000707278bfa70c: ffff ffe8 

  0x0000707278bfa710: ; ImmutableOopMap {rbx=Oop [224]=Oop [232]=Oop [240]=Oop [256]=Oop [280]=Oop [312]=Oop [344]=Oop [360]=Oop [368]=Oop [424]=Oop [432]=Oop [448]=Oop }
                      ;*synchronization entry
                      ; - org.apache.xml.dtm.ref.ExpandedNameTable::getType@-1 (line 347)
                      ; - org.apache.xml.dtm.ref.DTMDefaultBase::getNodeType@20 (line 1838)
                      ; - org.apache.xalan.templates.ElemApplyTemplates::transformSelectedNodes@381 (line 292)
  0x0000707278bfa710: 6cdd 1107 | e9e2 72ff 

  0x0000707278bfa718: ;   {runtime_call throw_null_pointer_exception Runtime1 stub}
  0x0000707278bfa718: ffe8 6273 

  0x0000707278bfa71c: ; ImmutableOopMap {rdx=Oop [224]=Oop [232]=Oop [240]=Oop [256]=Oop [280]=Oop [312]=Oop [344]=Oop [360]=Oop [368]=Oop [424]=Oop [432]=Oop [448]=Oop }
                      ;*aaload {reexecute=0 rethrow=0 return_oop=0}
                      ; - org.apache.xml.dtm.ref.ExpandedNameTable::getType@5 (line 347)
                      ; - org.apache.xml.dtm.ref.DTMDefaultBase::getNodeType@20 (line 1838)
                      ; - org.apache.xalan.templates.ElemApplyTemplates::transformSelectedNodes@381 (line 292)
                      ;   {runtime_call throw_null_pointer_exception Runtime1 stub}
  0x0000707278bfa71c: 1107 e85d 

  0x0000707278bfa720: ; ImmutableOopMap {rdx=Oop [224]=Oop [232]=Oop [240]=Oop [256]=Oop [280]=Oop [312]=Oop [344]=Oop [360]=Oop [368]=Oop [424]=Oop [432]=Oop [448]=Oop }
                      ;*aaload {reexecute=0 rethrow=0 return_oop=0}
                      ; - org.apache.xml.dtm.ref.ExpandedNameTable::getType@5 (line 347)
                      ; - org.apache.xml.dtm.ref.DTMDefaultBase::getNodeType@20 (line 1838)
                      ; - org.apache.xalan.templates.ElemApplyTemplates::transformSelectedNodes@381 (line 292)
  0x0000707278bfa720: 7311 0748 | 8904 2448 | 8954 2408 

  0x0000707278bfa72c: ;   {runtime_call throw_range_check_failed Runtime1 stub}
  0x0000707278bfa72c: e84f 6a11 

  0x0000707278bfa730: ; ImmutableOopMap {rdx=Oop [224]=Oop [232]=Oop [240]=Oop [256]=Oop [280]=Oop [312]=Oop [344]=Oop [360]=Oop [368]=Oop [424]=Oop [432]=Oop [448]=Oop }
                      ;*aaload {reexecute=0 rethrow=0 return_oop=0}
                      ; - org.apache.xml.dtm.ref.ExpandedNameTable::getType@5 (line 347)
                      ; - org.apache.xml.dtm.ref.DTMDefaultBase::getNodeType@20 (line 1838)
                      ; - org.apache.xalan.templates.ElemApplyTemplates::transformSelectedNodes@381 (line 292)
                      ;   {runtime_call throw_null_pointer_exception Runtime1 stub}
  0x0000707278bfa730: 07e8 4a73 

  0x0000707278bfa734: ; ImmutableOopMap {rax=Oop [224]=Oop [232]=Oop [240]=Oop [256]=Oop [280]=Oop [312]=Oop [344]=Oop [360]=Oop [368]=Oop [424]=Oop [432]=Oop [448]=Oop }
                      ;*invokevirtual getNodeType {reexecute=0 rethrow=0 return_oop=0}
                      ; - org.apache.xml.dtm.ref.ExpandedNameTable::getType@6 (line 347)
                      ; - org.apache.xml.dtm.ref.DTMDefaultBase::getNodeType@20 (line 1838)
                      ; - org.apache.xalan.templates.ElemApplyTemplates::transformSelectedNodes@381 (line 292)
                      ;   {metadata({method} {0x000063c550657998} 'getMode' '()Lorg/apache/xml/utils/QName;' in 'org/apache/xalan/transformer/TransformerImpl')}
  0x0000707278bfa734: 1107 49ba | 9879 6550 | c563 0000 | 4c89 5424 | 0848 c704 | 24ff ffff 

  0x0000707278bfa74c: ;   {runtime_call counter_overflow Runtime1 stub}
  0x0000707278bfa74c: ffe8 2edd 

  0x0000707278bfa750: ; ImmutableOopMap {rdx=Oop [224]=Oop [232]=Oop [240]=Oop [256]=Oop [280]=Oop [312]=Oop [344]=Oop [360]=Oop [368]=Oop [424]=Oop [432]=Oop [448]=Oop }
                      ;*synchronization entry
                      ; - org.apache.xalan.transformer.TransformerImpl::getMode@-1 (line 3195)
                      ; - org.apache.xalan.templates.ElemApplyTemplates::transformSelectedNodes@389 (line 294)
  0x0000707278bfa750: 1107 e928 

  0x0000707278bfa754: ;   {runtime_call throw_null_pointer_exception Runtime1 stub}
  0x0000707278bfa754: 73ff ffe8 

  0x0000707278bfa758: ; ImmutableOopMap {rdx=Oop rsi=Oop [224]=Oop [232]=Oop [240]=Oop [256]=Oop [280]=Oop [312]=Oop [344]=Oop [360]=Oop [368]=Oop [424]=Oop [432]=Oop [448]=Oop }
                      ;*invokevirtual isEmpty {reexecute=0 rethrow=0 return_oop=0}
                      ; - org.apache.xalan.transformer.TransformerImpl::getMode@4 (line 3195)
                      ; - org.apache.xalan.templates.ElemApplyTemplates::transformSelectedNodes@389 (line 294)
  0x0000707278bfa758: 2473 1107 | 4889 7424 | 0848 893c 

  0x0000707278bfa764: ;   {runtime_call monitorenter_nofpu Runtime1 stub}
  0x0000707278bfa764: 24e8 16af 

  0x0000707278bfa768: ; ImmutableOopMap {rdx=Oop rsi=Oop [224]=Oop [232]=Oop [240]=Oop [256]=Oop [280]=Oop [312]=Oop [344]=Oop [360]=Oop [368]=Oop [424]=Oop [432]=Oop [448]=Oop [992]=Oop }
                      ;*synchronization entry
                      ; - java.util.Vector::isEmpty@-1 (line 316)
                      ; - org.apache.xalan.transformer.TransformerImpl::getMode@4 (line 3195)
                      ; - org.apache.xalan.templates.ElemApplyTemplates::transformSelectedNodes@389 (line 294)
  0x0000707278bfa768: 1107 e9e6 

  0x0000707278bfa76c: ;   {metadata({method} {0x000063c5500fff00} 'isEmpty' '()Z' in 'java/util/Vector')}
  0x0000707278bfa76c: 73ff ff49 | ba00 ff0f | 50c5 6300 | 004c 8954 | 2408 48c7 | 0424 ffff 

  0x0000707278bfa784: ;   {runtime_call counter_overflow Runtime1 stub}
  0x0000707278bfa784: ffff e8f5 

  0x0000707278bfa788: ; ImmutableOopMap {rdx=Oop rsi=Oop [224]=Oop [232]=Oop [240]=Oop [256]=Oop [280]=Oop [312]=Oop [344]=Oop [360]=Oop [368]=Oop [424]=Oop [432]=Oop [448]=Oop [992]=Oop }
                      ;*synchronization entry
                      ; - java.util.Vector::isEmpty@-1 (line 316)
                      ; - org.apache.xalan.transformer.TransformerImpl::getMode@4 (line 3195)
                      ; - org.apache.xalan.templates.ElemApplyTemplates::transformSelectedNodes@389 (line 294)
  0x0000707278bfa788: dc11 07e9 | ec73 ffff | 488d 8424 | d803 0000 | 4889 0424 

  0x0000707278bfa79c: ;   {runtime_call monitorexit_nofpu Runtime1 stub}
  0x0000707278bfa79c: e8df b411 | 07e9 5674 

  0x0000707278bfa7a4: ;   {runtime_call throw_null_pointer_exception Runtime1 stub}
  0x0000707278bfa7a4: ffff e8d5 

  0x0000707278bfa7a8: ; ImmutableOopMap {rdx=Oop rsi=Oop [224]=Oop [232]=Oop [240]=Oop [256]=Oop [280]=Oop [312]=Oop [344]=Oop [360]=Oop [368]=Oop [424]=Oop [432]=Oop [448]=Oop }
                      ;*invokevirtual peek {reexecute=0 rethrow=0 return_oop=0}
                      ; - org.apache.xalan.transformer.TransformerImpl::getMode@18 (line 3195)
                      ; - org.apache.xalan.templates.ElemApplyTemplates::transformSelectedNodes@389 (line 294)
  0x0000707278bfa7a8: 7211 0748 | 8974 2408 | 4889 3c24 

  0x0000707278bfa7b4: ;   {runtime_call monitorenter_nofpu Runtime1 stub}
  0x0000707278bfa7b4: e8c7 ae11 

  0x0000707278bfa7b8: ; ImmutableOopMap {rdx=Oop rsi=Oop [224]=Oop [232]=Oop [240]=Oop [256]=Oop [280]=Oop [312]=Oop [344]=Oop [360]=Oop [368]=Oop [424]=Oop [432]=Oop [448]=Oop [992]=Oop }
                      ;*synchronization entry
                      ; - java.util.Stack::peek@-1 (line 100)
                      ; - org.apache.xalan.transformer.TransformerImpl::getMode@18 (line 3195)
                      ; - org.apache.xalan.templates.ElemApplyTemplates::transformSelectedNodes@389 (line 294)
  0x0000707278bfa7b8: 07e9 ea74 

  0x0000707278bfa7bc: ;   {metadata({method} {0x000063c5501ac2f0} 'peek' '()Ljava/lang/Object;' in 'java/util/Stack')}
  0x0000707278bfa7bc: ffff 49ba | f0c2 1a50 | c563 0000 | 4c89 5424 | 0848 c704 | 24ff ffff 

  0x0000707278bfa7d4: ;   {runtime_call counter_overflow Runtime1 stub}
  0x0000707278bfa7d4: ffe8 a6dc 

  0x0000707278bfa7d8: ; ImmutableOopMap {rdx=Oop rsi=Oop [224]=Oop [232]=Oop [240]=Oop [256]=Oop [280]=Oop [312]=Oop [344]=Oop [360]=Oop [368]=Oop [424]=Oop [432]=Oop [448]=Oop [992]=Oop }
                      ;*synchronization entry
                      ; - java.util.Stack::peek@-1 (line 100)
                      ; - org.apache.xalan.transformer.TransformerImpl::getMode@18 (line 3195)
                      ; - org.apache.xalan.templates.ElemApplyTemplates::transformSelectedNodes@389 (line 294)
  0x0000707278bfa7d8: 1107 e9f0 | 74ff ff48 | 8974 2408 | 4889 3c24 

  0x0000707278bfa7e8: ;   {runtime_call monitorenter_nofpu Runtime1 stub}
  0x0000707278bfa7e8: e893 ae11 

  0x0000707278bfa7ec: ; ImmutableOopMap {rdx=Oop rsi=Oop [224]=Oop [232]=Oop [240]=Oop [256]=Oop [280]=Oop [312]=Oop [344]=Oop [360]=Oop [368]=Oop [424]=Oop [432]=Oop [448]=Oop [992]=Oop [1008]=Oop }
                      ;*synchronization entry
                      ; - java.util.Vector::size@-1 (line 305)
                      ; - java.util.Stack::peek@1 (line 100)
                      ; - org.apache.xalan.transformer.TransformerImpl::getMode@18 (line 3195)
                      ; - org.apache.xalan.templates.ElemApplyTemplates::transformSelectedNodes@389 (line 294)
  0x0000707278bfa7ec: 07e9 aa75 | ffff 488d | 8424 e803 | 0000 4889 

  0x0000707278bfa7fc: ;   {runtime_call monitorexit_nofpu Runtime1 stub}
  0x0000707278bfa7fc: 0424 e87d | b411 07e9 | c175 ffff | 488d 8424 | d803 0000 | 4889 0424 

  0x0000707278bfa814: ;   {runtime_call monitorexit_nofpu Runtime1 stub}
  0x0000707278bfa814: e867 b411 | 07e9 b376 | ffff 4889 

  0x0000707278bfa820: ;   {runtime_call throw_class_cast_exception Runtime1 stub}
  0x0000707278bfa820: 1424 e859 

  0x0000707278bfa824: ; ImmutableOopMap {[224]=Oop [232]=Oop [240]=Oop [256]=Oop [280]=Oop [312]=Oop [344]=Oop [360]=Oop [368]=Oop [424]=Oop [432]=Oop [448]=Oop }
                      ;*checkcast {reexecute=0 rethrow=0 return_oop=0}
                      ; - org.apache.xalan.transformer.TransformerImpl::getMode@21 (line 3195)
                      ; - org.apache.xalan.templates.ElemApplyTemplates::transformSelectedNodes@389 (line 294)
                      ;   {runtime_call throw_null_pointer_exception Runtime1 stub}
  0x0000707278bfa824: 9f11 07e8 

  0x0000707278bfa828: ; ImmutableOopMap {rsi=Oop rcx=Oop r8=Oop [224]=Oop [232]=Oop [240]=Oop [256]=Oop [280]=Oop [312]=Oop [344]=Oop [360]=Oop [368]=Oop [424]=Oop [432]=Oop }
                      ;*invokevirtual getTemplateFast {reexecute=0 rethrow=0 return_oop=0}
                      ; - org.apache.xalan.templates.ElemApplyTemplates::transformSelectedNodes@408 (line 296)
  0x0000707278bfa828: 5472 1107 

  0x0000707278bfa82c: ;   {metadata({method} {0x000063c550656188} 'pushPairCurrentMatched' '(Lorg/apache/xalan/templates/ElemTemplateElement;I)V' in 'org/apache/xalan/transformer/TransformerImpl')}
  0x0000707278bfa82c: 49ba 8861 | 6550 c563 | 0000 4c89 | 5424 0848 | c704 24ff 

  0x0000707278bfa840: ;   {runtime_call counter_overflow Runtime1 stub}
  0x0000707278bfa840: ffff ffe8 

  0x0000707278bfa844: ; ImmutableOopMap {rdx=Oop rax=Oop rbx=Oop [224]=Oop [232]=Oop [240]=Oop [256]=Oop [280]=Oop [312]=Oop [344]=Oop [360]=Oop [368]=Oop [424]=Oop [432]=Oop [448]=Oop [496]=Oop }
                      ;*synchronization entry
                      ; - org.apache.xalan.transformer.TransformerImpl::pushPairCurrentMatched@-1 (line 2729)
                      ; - org.apache.xalan.templates.ElemApplyTemplates::transformSelectedNodes@498 (line 315)
  0x0000707278bfa844: 38dc 1107 | e9ac 79ff 

  0x0000707278bfa84c: ;   {runtime_call throw_null_pointer_exception Runtime1 stub}
  0x0000707278bfa84c: ffe8 2e72 

  0x0000707278bfa850: ; ImmutableOopMap {rdx=Oop rax=Oop rbx=Oop rcx=Oop [224]=Oop [232]=Oop [240]=Oop [256]=Oop [280]=Oop [312]=Oop [344]=Oop [360]=Oop [368]=Oop [424]=Oop [432]=Oop [448]=Oop [496]=Oop }
                      ;*invokevirtual push {reexecute=0 rethrow=0 return_oop=0}
                      ; - org.apache.xalan.transformer.TransformerImpl::pushPairCurrentMatched@5 (line 2729)
                      ; - org.apache.xalan.templates.ElemApplyTemplates::transformSelectedNodes@498 (line 315)
                      ;   {metadata({method} {0x000063c5501ac148} 'push' '(Ljava/lang/Object;)Ljava/lang/Object;' in 'java/util/Stack')}
  0x0000707278bfa850: 1107 49ba | 48c1 1a50 | c563 0000 | 4c89 5424 | 0848 c704 | 24ff ffff 

  0x0000707278bfa868: ;   {runtime_call counter_overflow Runtime1 stub}
  0x0000707278bfa868: ffe8 12dc 

  0x0000707278bfa86c: ; ImmutableOopMap {rdx=Oop rax=Oop rbx=Oop rcx=Oop [224]=Oop [232]=Oop [240]=Oop [256]=Oop [280]=Oop [312]=Oop [344]=Oop [360]=Oop [368]=Oop [424]=Oop [432]=Oop [448]=Oop [496]=Oop }
                      ;*synchronization entry
                      ; - java.util.Stack::push@-1 (line 68)
                      ; - org.apache.xalan.transformer.TransformerImpl::pushPairCurrentMatched@5 (line 2729)
                      ; - org.apache.xalan.templates.ElemApplyTemplates::transformSelectedNodes@498 (line 315)
  0x0000707278bfa86c: 1107 e9cd | 79ff ff48 | 894c 2408 | 4889 3424 

  0x0000707278bfa87c: ;   {runtime_call monitorenter_nofpu Runtime1 stub}
  0x0000707278bfa87c: e8ff ad11 

  0x0000707278bfa880: ; ImmutableOopMap {rdx=Oop rbx=Oop rcx=Oop [224]=Oop [232]=Oop [240]=Oop [256]=Oop [280]=Oop [312]=Oop [344]=Oop [360]=Oop [368]=Oop [424]=Oop [432]=Oop [448]=Oop [496]=Oop [992]=Oop }
                      ;*synchronization entry
                      ; - java.util.Vector::addElement@-1 (line 616)
                      ; - java.util.Stack::push@2 (line 68)
                      ; - org.apache.xalan.transformer.TransformerImpl::pushPairCurrentMatched@5 (line 2729)
                      ; - org.apache.xalan.templates.ElemApplyTemplates::transformSelectedNodes@498 (line 315)
  0x0000707278bfa880: 07e9 877a 

  0x0000707278bfa884: ;   {metadata({method} {0x000063c550100be8} 'addElement' '(Ljava/lang/Object;)V' in 'java/util/Vector')}
  0x0000707278bfa884: ffff 49ba | e80b 1050 | c563 0000 | 4c89 5424 | 0848 c704 | 24ff ffff 

  0x0000707278bfa89c: ;   {runtime_call counter_overflow Runtime1 stub}
  0x0000707278bfa89c: ffe8 dedb 

  0x0000707278bfa8a0: ; ImmutableOopMap {rdx=Oop rbx=Oop rcx=Oop [224]=Oop [232]=Oop [240]=Oop [256]=Oop [280]=Oop [312]=Oop [344]=Oop [360]=Oop [368]=Oop [424]=Oop [432]=Oop [448]=Oop [496]=Oop [992]=Oop }
                      ;*synchronization entry
                      ; - java.util.Vector::addElement@-1 (line 616)
                      ; - java.util.Stack::push@2 (line 68)
                      ; - org.apache.xalan.transformer.TransformerImpl::pushPairCurrentMatched@5 (line 2729)
                      ; - org.apache.xalan.templates.ElemApplyTemplates::transformSelectedNodes@498 (line 315)
  0x0000707278bfa8a0: 1107 e98c 

  0x0000707278bfa8a4: ;   {metadata({method} {0x000063c5501014e0} 'add' '(Ljava/lang/Object;[Ljava/lang/Object;I)V' in 'java/util/Vector')}
  0x0000707278bfa8a4: 7aff ff49 | bae0 1410 | 50c5 6300 | 004c 8954 | 2408 48c7 | 0424 ffff 

  0x0000707278bfa8bc: ;   {runtime_call counter_overflow Runtime1 stub}
  0x0000707278bfa8bc: ffff e8bd 

  0x0000707278bfa8c0: ; ImmutableOopMap {rdx=Oop rbx=Oop rcx=Oop rsi=Oop [224]=Oop [232]=Oop [240]=Oop [256]=Oop [280]=Oop [312]=Oop [344]=Oop [360]=Oop [368]=Oop [424]=Oop [432]=Oop [448]=Oop [496]=Oop [992]=Oop }
                      ;*synchronization entry
                      ; - java.util.Vector::add@-1 (line 781)
                      ; - java.util.Vector::addElement@20 (line 617)
                      ; - java.util.Stack::push@2 (line 68)
                      ; - org.apache.xalan.transformer.TransformerImpl::pushPairCurrentMatched@5 (line 2729)
                      ; - org.apache.xalan.templates.ElemApplyTemplates::transformSelectedNodes@498 (line 315)
  0x0000707278bfa8c0: db11 07e9 | ba7a ffff 

  0x0000707278bfa8c8: ;   {runtime_call throw_null_pointer_exception Runtime1 stub}
  0x0000707278bfa8c8: e8b3 7111 

  0x0000707278bfa8cc: ; ImmutableOopMap {rdx=Oop rbx=Oop rcx=Oop rsi=Oop [224]=Oop [232]=Oop [240]=Oop [256]=Oop [280]=Oop [312]=Oop [344]=Oop [360]=Oop [368]=Oop [424]=Oop [432]=Oop [448]=Oop [496]=Oop [992]=Oop }
                      ;*arraylength {reexecute=0 rethrow=0 return_oop=0}
                      ; - java.util.Vector::add@2 (line 781)
                      ; - java.util.Vector::addElement@20 (line 617)
                      ; - java.util.Stack::push@2 (line 68)
                      ; - org.apache.xalan.transformer.TransformerImpl::pushPairCurrentMatched@5 (line 2729)
                      ; - org.apache.xalan.templates.ElemApplyTemplates::transformSelectedNodes@498 (line 315)
                      ;   {metadata({method} {0x000063c5500ffbc0} 'grow' '()[Ljava/lang/Object;' in 'java/util/Vector')}
  0x0000707278bfa8cc: 0749 bac0 | fb0f 50c5 | 6300 004c | 8954 2408 | 48c7 0424 | ffff ffff 

  0x0000707278bfa8e4: ;   {runtime_call counter_overflow Runtime1 stub}
  0x0000707278bfa8e4: e897 db11 

  0x0000707278bfa8e8: ; ImmutableOopMap {rcx=Oop [224]=Oop [232]=Oop [240]=Oop [256]=Oop [280]=Oop [312]=Oop [344]=Oop [360]=Oop [368]=Oop [424]=Oop [432]=Oop [448]=Oop [480]=Oop [496]=Oop [992]=Oop }
                      ;*synchronization entry
                      ; - java.util.Vector::grow@-1 (line 266)
                      ; - java.util.Vector::add@7 (line 782)
                      ; - java.util.Vector::addElement@20 (line 617)
                      ; - java.util.Stack::push@2 (line 68)
                      ; - org.apache.xalan.transformer.TransformerImpl::pushPairCurrentMatched@5 (line 2729)
                      ; - org.apache.xalan.templates.ElemApplyTemplates::transformSelectedNodes@498 (line 315)
  0x0000707278bfa8e8: 07e9 107b 

  0x0000707278bfa8ec: ;   {runtime_call throw_null_pointer_exception Runtime1 stub}
  0x0000707278bfa8ec: ffff e88d 

  0x0000707278bfa8f0: ; ImmutableOopMap {rsi=Oop rcx=Oop rbx=Oop [224]=Oop [232]=Oop [240]=Oop [256]=Oop [280]=Oop [312]=Oop [344]=Oop [360]=Oop [368]=Oop [424]=Oop [432]=Oop [448]=Oop [496]=Oop [992]=Oop }
                      ;*aastore {reexecute=1 rethrow=0 return_oop=0}
                      ; - (reexecute) java.util.Vector::add@14 (line 783)
                      ; - java.util.Vector::addElement@20 (line 617)
                      ; - java.util.Stack::push@2 (line 68)
                      ; - org.apache.xalan.transformer.TransformerImpl::pushPairCurrentMatched@5 (line 2729)
                      ; - org.apache.xalan.templates.ElemApplyTemplates::transformSelectedNodes@498 (line 315)
                      ;   {runtime_call throw_null_pointer_exception Runtime1 stub}
  0x0000707278bfa8f0: 7111 07e8 

  0x0000707278bfa8f4: ; ImmutableOopMap {rsi=Oop rcx=Oop rbx=Oop [224]=Oop [232]=Oop [240]=Oop [256]=Oop [280]=Oop [312]=Oop [344]=Oop [360]=Oop [368]=Oop [424]=Oop [432]=Oop [448]=Oop [496]=Oop [992]=Oop }
                      ;*aastore {reexecute=1 rethrow=0 return_oop=0}
                      ; - (reexecute) java.util.Vector::add@14 (line 783)
                      ; - java.util.Vector::addElement@20 (line 617)
                      ; - java.util.Stack::push@2 (line 68)
                      ; - org.apache.xalan.transformer.TransformerImpl::pushPairCurrentMatched@5 (line 2729)
                      ; - org.apache.xalan.templates.ElemApplyTemplates::transformSelectedNodes@498 (line 315)
  0x0000707278bfa8f4: 8871 1107 | 4889 0424 | 4889 7424 

  0x0000707278bfa900: ;   {runtime_call throw_range_check_failed Runtime1 stub}
  0x0000707278bfa900: 08e8 7a68 

  0x0000707278bfa904: ; ImmutableOopMap {rsi=Oop rcx=Oop rbx=Oop [224]=Oop [232]=Oop [240]=Oop [256]=Oop [280]=Oop [312]=Oop [344]=Oop [360]=Oop [368]=Oop [424]=Oop [432]=Oop [448]=Oop [496]=Oop [992]=Oop }
                      ;*aastore {reexecute=1 rethrow=0 return_oop=0}
                      ; - (reexecute) java.util.Vector::add@14 (line 783)
                      ; - java.util.Vector::addElement@20 (line 617)
                      ; - java.util.Stack::push@2 (line 68)
                      ; - org.apache.xalan.transformer.TransformerImpl::pushPairCurrentMatched@5 (line 2729)
                      ; - org.apache.xalan.templates.ElemApplyTemplates::transformSelectedNodes@498 (line 315)
                      ;   {runtime_call throw_null_pointer_exception Runtime1 stub}
  0x0000707278bfa904: 1107 e875 

  0x0000707278bfa908: ; ImmutableOopMap {rsi=Oop rcx=Oop rbx=Oop [224]=Oop [232]=Oop [240]=Oop [256]=Oop [280]=Oop [312]=Oop [344]=Oop [360]=Oop [368]=Oop [424]=Oop [432]=Oop [448]=Oop [496]=Oop [992]=Oop }
                      ;*aastore {reexecute=1 rethrow=0 return_oop=0}
                      ; - (reexecute) java.util.Vector::add@14 (line 783)
                      ; - java.util.Vector::addElement@20 (line 617)
                      ; - java.util.Stack::push@2 (line 68)
                      ; - org.apache.xalan.transformer.TransformerImpl::pushPairCurrentMatched@5 (line 2729)
                      ; - org.apache.xalan.templates.ElemApplyTemplates::transformSelectedNodes@498 (line 315)
  0x0000707278bfa908: 7111 0748 

  0x0000707278bfa90c: ;   {runtime_call throw_array_store_exception Runtime1 stub}
  0x0000707278bfa90c: 891c 24e8 

  0x0000707278bfa910: ; ImmutableOopMap {rsi=Oop rcx=Oop rbx=Oop [224]=Oop [232]=Oop [240]=Oop [256]=Oop [280]=Oop [312]=Oop [344]=Oop [360]=Oop [368]=Oop [424]=Oop [432]=Oop [448]=Oop [496]=Oop [992]=Oop }
                      ;*aastore {reexecute=1 rethrow=0 return_oop=0}
                      ; - (reexecute) java.util.Vector::add@14 (line 783)
                      ; - java.util.Vector::addElement@20 (line 617)
                      ; - java.util.Stack::push@2 (line 68)
                      ; - org.apache.xalan.transformer.TransformerImpl::pushPairCurrentMatched@5 (line 2729)
                      ; - org.apache.xalan.templates.ElemApplyTemplates::transformSelectedNodes@498 (line 315)
  0x0000707278bfa910: 6c9b 1107 | 488d 8424 | d803 0000 | 4889 0424 

  0x0000707278bfa920: ;   {runtime_call monitorexit_nofpu Runtime1 stub}
  0x0000707278bfa920: e85b b311 | 07e9 847c 

  0x0000707278bfa928: ;   {runtime_call throw_null_pointer_exception Runtime1 stub}
  0x0000707278bfa928: ffff e851 

  0x0000707278bfa92c: ; ImmutableOopMap {rdx=Oop rsi=Oop [224]=Oop [232]=Oop [240]=Oop [256]=Oop [280]=Oop [312]=Oop [344]=Oop [360]=Oop [368]=Oop [424]=Oop [432]=Oop [448]=Oop [496]=Oop }
                      ;*invokevirtual push {reexecute=0 rethrow=0 return_oop=0}
                      ; - org.apache.xalan.transformer.TransformerImpl::pushPairCurrentMatched@14 (line 2730)
                      ; - org.apache.xalan.templates.ElemApplyTemplates::transformSelectedNodes@498 (line 315)
                      ;   {metadata({method} {0x000063c550655d50} 'setCurrentElement' '(Lorg/apache/xalan/templates/ElemTemplateElement;)V' in 'org/apache/xalan/transformer/TransformerImpl')}
  0x0000707278bfa92c: 7111 0749 | ba50 5d65 | 50c5 6300 | 004c 8954 | 2408 48c7 | 0424 ffff 

  0x0000707278bfa944: ;   {runtime_call counter_overflow Runtime1 stub}
  0x0000707278bfa944: ffff e835 

  0x0000707278bfa948: ; ImmutableOopMap {rdx=Oop rax=Oop rsi=Oop [224]=Oop [232]=Oop [240]=Oop [256]=Oop [280]=Oop [312]=Oop [344]=Oop [360]=Oop [368]=Oop [424]=Oop [432]=Oop [448]=Oop [496]=Oop }
                      ;*synchronization entry
                      ; - org.apache.xalan.transformer.TransformerImpl::setCurrentElement@-1 (line 2644)
                      ; - org.apache.xalan.templates.ElemApplyTemplates::transformSelectedNodes@507 (line 316)
  0x0000707278bfa948: db11 07e9 | 037d ffff 

  0x0000707278bfa950: ;   {runtime_call throw_null_pointer_exception Runtime1 stub}
  0x0000707278bfa950: e82b 7111 

  0x0000707278bfa954: ; ImmutableOopMap {rdx=Oop rax=Oop rsi=Oop rdi=Oop [224]=Oop [232]=Oop [240]=Oop [256]=Oop [280]=Oop [312]=Oop [344]=Oop [360]=Oop [368]=Oop [424]=Oop [432]=Oop [448]=Oop [496]=Oop }
                      ;*invokevirtual setTop {reexecute=0 rethrow=0 return_oop=0}
                      ; - org.apache.xalan.transformer.TransformerImpl::setCurrentElement@5 (line 2644)
                      ; - org.apache.xalan.templates.ElemApplyTemplates::transformSelectedNodes@507 (line 316)
                      ;   {metadata({method} {0x000063c55076b190} 'setTop' '(Ljava/lang/Object;)V' in 'org/apache/xml/utils/ObjectStack')}
  0x0000707278bfa954: 0749 ba90 | b176 50c5 | 6300 004c | 8954 2408 | 48c7 0424 | ffff ffff 

  0x0000707278bfa96c: ;   {runtime_call counter_overflow Runtime1 stub}
  0x0000707278bfa96c: e80f db11 

  0x0000707278bfa970: ; ImmutableOopMap {rdx=Oop rax=Oop rsi=Oop rdi=Oop [224]=Oop [232]=Oop [240]=Oop [256]=Oop [280]=Oop [312]=Oop [344]=Oop [360]=Oop [368]=Oop [424]=Oop [432]=Oop [448]=Oop [496]=Oop }
                      ;*synchronization entry
                      ; - org.apache.xml.utils.ObjectStack::setTop@-1 (line 162)
                      ; - org.apache.xalan.transformer.TransformerImpl::setCurrentElement@5 (line 2644)
                      ; - org.apache.xalan.templates.ElemApplyTemplates::transformSelectedNodes@507 (line 316)
  0x0000707278bfa970: 07e9 1f7d 

  0x0000707278bfa974: ;   {runtime_call throw_null_pointer_exception Runtime1 stub}
  0x0000707278bfa974: ffff e805 

  0x0000707278bfa978: ; ImmutableOopMap {rdx=Oop rax=Oop rsi=Oop rbx=Oop [224]=Oop [232]=Oop [240]=Oop [256]=Oop [280]=Oop [312]=Oop [344]=Oop [360]=Oop [368]=Oop [424]=Oop [432]=Oop [448]=Oop [496]=Oop }
                      ;*aastore {reexecute=1 rethrow=0 return_oop=0}
                      ; - (reexecute) org.apache.xml.utils.ObjectStack::setTop@11 (line 162)
                      ; - org.apache.xalan.transformer.TransformerImpl::setCurrentElement@5 (line 2644)
                      ; - org.apache.xalan.templates.ElemApplyTemplates::transformSelectedNodes@507 (line 316)
                      ;   {runtime_call throw_null_pointer_exception Runtime1 stub}
  0x0000707278bfa978: 7111 07e8 

  0x0000707278bfa97c: ; ImmutableOopMap {rdx=Oop rax=Oop rsi=Oop rbx=Oop [224]=Oop [232]=Oop [240]=Oop [256]=Oop [280]=Oop [312]=Oop [344]=Oop [360]=Oop [368]=Oop [424]=Oop [432]=Oop [448]=Oop [496]=Oop }
                      ;*aastore {reexecute=1 rethrow=0 return_oop=0}
                      ; - (reexecute) org.apache.xml.utils.ObjectStack::setTop@11 (line 162)
                      ; - org.apache.xalan.transformer.TransformerImpl::setCurrentElement@5 (line 2644)
                      ; - org.apache.xalan.templates.ElemApplyTemplates::transformSelectedNodes@507 (line 316)
  0x0000707278bfa97c: 0071 1107 | 4889 3c24 | 4889 5c24 

  0x0000707278bfa988: ;   {runtime_call throw_range_check_failed Runtime1 stub}
  0x0000707278bfa988: 08e8 f267 

  0x0000707278bfa98c: ; ImmutableOopMap {rdx=Oop rax=Oop rsi=Oop rbx=Oop [224]=Oop [232]=Oop [240]=Oop [256]=Oop [280]=Oop [312]=Oop [344]=Oop [360]=Oop [368]=Oop [424]=Oop [432]=Oop [448]=Oop [496]=Oop }
                      ;*aastore {reexecute=1 rethrow=0 return_oop=0}
                      ; - (reexecute) org.apache.xml.utils.ObjectStack::setTop@11 (line 162)
                      ; - org.apache.xalan.transformer.TransformerImpl::setCurrentElement@5 (line 2644)
                      ; - org.apache.xalan.templates.ElemApplyTemplates::transformSelectedNodes@507 (line 316)
                      ;   {runtime_call throw_null_pointer_exception Runtime1 stub}
  0x0000707278bfa98c: 1107 e8ed 

  0x0000707278bfa990: ; ImmutableOopMap {rdx=Oop rax=Oop rsi=Oop rbx=Oop [224]=Oop [232]=Oop [240]=Oop [256]=Oop [280]=Oop [312]=Oop [344]=Oop [360]=Oop [368]=Oop [424]=Oop [432]=Oop [448]=Oop [496]=Oop }
                      ;*aastore {reexecute=1 rethrow=0 return_oop=0}
                      ; - (reexecute) org.apache.xml.utils.ObjectStack::setTop@11 (line 162)
                      ; - org.apache.xalan.transformer.TransformerImpl::setCurrentElement@5 (line 2644)
                      ; - org.apache.xalan.templates.ElemApplyTemplates::transformSelectedNodes@507 (line 316)
  0x0000707278bfa990: 7011 0748 

  0x0000707278bfa994: ;   {runtime_call throw_array_store_exception Runtime1 stub}
  0x0000707278bfa994: 8934 24e8 

  0x0000707278bfa998: ; ImmutableOopMap {rdx=Oop rax=Oop rsi=Oop rbx=Oop [224]=Oop [232]=Oop [240]=Oop [256]=Oop [280]=Oop [312]=Oop [344]=Oop [360]=Oop [368]=Oop [424]=Oop [432]=Oop [448]=Oop [496]=Oop }
                      ;*aastore {reexecute=1 rethrow=0 return_oop=0}
                      ; - (reexecute) org.apache.xml.utils.ObjectStack::setTop@11 (line 162)
                      ; - org.apache.xalan.transformer.TransformerImpl::setCurrentElement@5 (line 2644)
                      ; - org.apache.xalan.templates.ElemApplyTemplates::transformSelectedNodes@507 (line 316)
  0x0000707278bfa998: e49a 1107 

  0x0000707278bfa99c: ;   {metadata({method} {0x000063c550655d50} 'setCurrentElement' '(Lorg/apache/xalan/templates/ElemTemplateElement;)V' in 'org/apache/xalan/transformer/TransformerImpl')}
  0x0000707278bfa99c: 49ba 505d | 6550 c563 | 0000 4c89 | 5424 0848 | c704 24ff 

  0x0000707278bfa9b0: ;   {runtime_call counter_overflow Runtime1 stub}
  0x0000707278bfa9b0: ffff ffe8 

  0x0000707278bfa9b4: ; ImmutableOopMap {rdx=Oop rax=Oop rdi=Oop [224]=Oop [232]=Oop [240]=Oop [256]=Oop [280]=Oop [312]=Oop [344]=Oop [360]=Oop [368]=Oop [424]=Oop [432]=Oop [448]=Oop [496]=Oop }
                      ;*synchronization entry
                      ; - org.apache.xalan.transformer.TransformerImpl::setCurrentElement@-1 (line 2644)
                      ; - org.apache.xalan.templates.ElemApplyTemplates::transformSelectedNodes@545 (line 332)
  0x0000707278bfa9b4: c8da 1107 | e9e9 7eff 

  0x0000707278bfa9bc: ;   {runtime_call throw_null_pointer_exception Runtime1 stub}
  0x0000707278bfa9bc: ffe8 be70 

  0x0000707278bfa9c0: ; ImmutableOopMap {rdx=Oop rax=Oop rdi=Oop rsi=Oop [224]=Oop [232]=Oop [240]=Oop [256]=Oop [280]=Oop [312]=Oop [344]=Oop [360]=Oop [368]=Oop [424]=Oop [432]=Oop [448]=Oop [496]=Oop }
                      ;*invokevirtual setTop {reexecute=0 rethrow=0 return_oop=0}
                      ; - org.apache.xalan.transformer.TransformerImpl::setCurrentElement@5 (line 2644)
                      ; - org.apache.xalan.templates.ElemApplyTemplates::transformSelectedNodes@545 (line 332)
                      ;   {metadata({method} {0x000063c55076b190} 'setTop' '(Ljava/lang/Object;)V' in 'org/apache/xml/utils/ObjectStack')}
  0x0000707278bfa9c0: 1107 49ba | 90b1 7650 | c563 0000 | 4c89 5424 | 0848 c704 | 24ff ffff 

  0x0000707278bfa9d8: ;   {runtime_call counter_overflow Runtime1 stub}
  0x0000707278bfa9d8: ffe8 a2da 

  0x0000707278bfa9dc: ; ImmutableOopMap {rdx=Oop rax=Oop rdi=Oop rsi=Oop [224]=Oop [232]=Oop [240]=Oop [256]=Oop [280]=Oop [312]=Oop [344]=Oop [360]=Oop [368]=Oop [424]=Oop [432]=Oop [448]=Oop [496]=Oop }
                      ;*synchronization entry
                      ; - org.apache.xml.utils.ObjectStack::setTop@-1 (line 162)
                      ; - org.apache.xalan.transformer.TransformerImpl::setCurrentElement@5 (line 2644)
                      ; - org.apache.xalan.templates.ElemApplyTemplates::transformSelectedNodes@545 (line 332)
  0x0000707278bfa9dc: 1107 e905 

  0x0000707278bfa9e0: ;   {runtime_call throw_null_pointer_exception Runtime1 stub}
  0x0000707278bfa9e0: 7fff ffe8 

  0x0000707278bfa9e4: ; ImmutableOopMap {rdx=Oop rax=Oop rdi=Oop rbx=Oop [224]=Oop [232]=Oop [240]=Oop [256]=Oop [280]=Oop [312]=Oop [344]=Oop [360]=Oop [368]=Oop [424]=Oop [432]=Oop [448]=Oop [496]=Oop }
                      ;*aastore {reexecute=1 rethrow=0 return_oop=0}
                      ; - (reexecute) org.apache.xml.utils.ObjectStack::setTop@11 (line 162)
                      ; - org.apache.xalan.transformer.TransformerImpl::setCurrentElement@5 (line 2644)
                      ; - org.apache.xalan.templates.ElemApplyTemplates::transformSelectedNodes@545 (line 332)
  0x0000707278bfa9e4: 9870 1107 

  0x0000707278bfa9e8: ;   {runtime_call throw_null_pointer_exception Runtime1 stub}
  0x0000707278bfa9e8: e893 7011 

  0x0000707278bfa9ec: ; ImmutableOopMap {rdx=Oop rax=Oop rdi=Oop rbx=Oop [224]=Oop [232]=Oop [240]=Oop [256]=Oop [280]=Oop [312]=Oop [344]=Oop [360]=Oop [368]=Oop [424]=Oop [432]=Oop [448]=Oop [496]=Oop }
                      ;*aastore {reexecute=1 rethrow=0 return_oop=0}
                      ; - (reexecute) org.apache.xml.utils.ObjectStack::setTop@11 (line 162)
                      ; - org.apache.xalan.transformer.TransformerImpl::setCurrentElement@5 (line 2644)
                      ; - org.apache.xalan.templates.ElemApplyTemplates::transformSelectedNodes@545 (line 332)
  0x0000707278bfa9ec: 0748 8934 | 2448 895c 

  0x0000707278bfa9f4: ;   {runtime_call throw_range_check_failed Runtime1 stub}
  0x0000707278bfa9f4: 2408 e885 

  0x0000707278bfa9f8: ; ImmutableOopMap {rdx=Oop rax=Oop rdi=Oop rbx=Oop [224]=Oop [232]=Oop [240]=Oop [256]=Oop [280]=Oop [312]=Oop [344]=Oop [360]=Oop [368]=Oop [424]=Oop [432]=Oop [448]=Oop [496]=Oop }
                      ;*aastore {reexecute=1 rethrow=0 return_oop=0}
                      ; - (reexecute) org.apache.xml.utils.ObjectStack::setTop@11 (line 162)
                      ; - org.apache.xalan.transformer.TransformerImpl::setCurrentElement@5 (line 2644)
                      ; - org.apache.xalan.templates.ElemApplyTemplates::transformSelectedNodes@545 (line 332)
                      ;   {runtime_call throw_null_pointer_exception Runtime1 stub}
  0x0000707278bfa9f8: 6711 07e8 

  0x0000707278bfa9fc: ; ImmutableOopMap {rdx=Oop rax=Oop rdi=Oop rbx=Oop [224]=Oop [232]=Oop [240]=Oop [256]=Oop [280]=Oop [312]=Oop [344]=Oop [360]=Oop [368]=Oop [424]=Oop [432]=Oop [448]=Oop [496]=Oop }
                      ;*aastore {reexecute=1 rethrow=0 return_oop=0}
                      ; - (reexecute) org.apache.xml.utils.ObjectStack::setTop@11 (line 162)
                      ; - org.apache.xalan.transformer.TransformerImpl::setCurrentElement@5 (line 2644)
                      ; - org.apache.xalan.templates.ElemApplyTemplates::transformSelectedNodes@545 (line 332)
  0x0000707278bfa9fc: 8070 1107 | 4889 3c24 

  0x0000707278bfaa04: ;   {runtime_call throw_array_store_exception Runtime1 stub}
  0x0000707278bfaa04: e877 9a11 

  0x0000707278bfaa08: ; ImmutableOopMap {rdx=Oop rax=Oop rdi=Oop rbx=Oop [224]=Oop [232]=Oop [240]=Oop [256]=Oop [280]=Oop [312]=Oop [344]=Oop [360]=Oop [368]=Oop [424]=Oop [432]=Oop [448]=Oop [496]=Oop }
                      ;*aastore {reexecute=1 rethrow=0 return_oop=0}
                      ; - (reexecute) org.apache.xml.utils.ObjectStack::setTop@11 (line 162)
                      ; - org.apache.xalan.transformer.TransformerImpl::setCurrentElement@5 (line 2644)
                      ; - org.apache.xalan.templates.ElemApplyTemplates::transformSelectedNodes@545 (line 332)
                      ;   {metadata({method} {0x000063c550656188} 'pushPairCurrentMatched' '(Lorg/apache/xalan/templates/ElemTemplateElement;I)V' in 'org/apache/xalan/transformer/TransformerImpl')}
  0x0000707278bfaa08: 0749 ba88 | 6165 50c5 | 6300 004c | 8954 2408 | 48c7 0424 | ffff ffff 

  0x0000707278bfaa20: ;   {runtime_call counter_overflow Runtime1 stub}
  0x0000707278bfaa20: e85b da11 

  0x0000707278bfaa24: ; ImmutableOopMap {rdx=Oop rsi=Oop [224]=Oop [232]=Oop [240]=Oop [256]=Oop [280]=Oop [312]=Oop [344]=Oop [360]=Oop [368]=Oop [424]=Oop [432]=Oop [448]=Oop }
                      ;*synchronization entry
                      ; - org.apache.xalan.transformer.TransformerImpl::pushPairCurrentMatched@-1 (line 2729)
                      ; - org.apache.xalan.templates.ElemApplyTemplates::transformSelectedNodes@553 (line 335)
  0x0000707278bfaa24: 07e9 4280 

  0x0000707278bfaa28: ;   {runtime_call throw_null_pointer_exception Runtime1 stub}
  0x0000707278bfaa28: ffff e851 

  0x0000707278bfaa2c: ; ImmutableOopMap {rdx=Oop rsi=Oop rdi=Oop [224]=Oop [232]=Oop [240]=Oop [256]=Oop [280]=Oop [312]=Oop [344]=Oop [360]=Oop [368]=Oop [424]=Oop [432]=Oop [448]=Oop }
                      ;*invokevirtual push {reexecute=0 rethrow=0 return_oop=0}
                      ; - org.apache.xalan.transformer.TransformerImpl::pushPairCurrentMatched@5 (line 2729)
                      ; - org.apache.xalan.templates.ElemApplyTemplates::transformSelectedNodes@553 (line 335)
                      ;   {metadata({method} {0x000063c5501ac148} 'push' '(Ljava/lang/Object;)Ljava/lang/Object;' in 'java/util/Stack')}
  0x0000707278bfaa2c: 7011 0749 | ba48 c11a | 50c5 6300 | 004c 8954 | 2408 48c7 | 0424 ffff 

  0x0000707278bfaa44: ;   {runtime_call counter_overflow Runtime1 stub}
  0x0000707278bfaa44: ffff e835 

  0x0000707278bfaa48: ; ImmutableOopMap {rdx=Oop rsi=Oop rdi=Oop [224]=Oop [232]=Oop [240]=Oop [256]=Oop [280]=Oop [312]=Oop [344]=Oop [360]=Oop [368]=Oop [424]=Oop [432]=Oop [448]=Oop }
                      ;*synchronization entry
                      ; - java.util.Stack::push@-1 (line 68)
                      ; - org.apache.xalan.transformer.TransformerImpl::pushPairCurrentMatched@5 (line 2729)
                      ; - org.apache.xalan.templates.ElemApplyTemplates::transformSelectedNodes@553 (line 335)
  0x0000707278bfaa48: da11 07e9 | 5e80 ffff | 4889 7c24 | 0848 891c 

  0x0000707278bfaa58: ;   {runtime_call monitorenter_nofpu Runtime1 stub}
  0x0000707278bfaa58: 24e8 22ac 

  0x0000707278bfaa5c: ; ImmutableOopMap {rdx=Oop rsi=Oop rdi=Oop [224]=Oop [232]=Oop [240]=Oop [256]=Oop [280]=Oop [312]=Oop [344]=Oop [360]=Oop [368]=Oop [424]=Oop [432]=Oop [448]=Oop [992]=Oop }
                      ;*synchronization entry
                      ; - java.util.Vector::addElement@-1 (line 616)
                      ; - java.util.Stack::push@2 (line 68)
                      ; - org.apache.xalan.transformer.TransformerImpl::pushPairCurrentMatched@5 (line 2729)
                      ; - org.apache.xalan.templates.ElemApplyTemplates::transformSelectedNodes@553 (line 335)
  0x0000707278bfaa5c: 1107 e918 

  0x0000707278bfaa60: ;   {metadata({method} {0x000063c550100be8} 'addElement' '(Ljava/lang/Object;)V' in 'java/util/Vector')}
  0x0000707278bfaa60: 81ff ff49 | bae8 0b10 | 50c5 6300 | 004c 8954 | 2408 48c7 | 0424 ffff 

  0x0000707278bfaa78: ;   {runtime_call counter_overflow Runtime1 stub}
  0x0000707278bfaa78: ffff e801 

  0x0000707278bfaa7c: ; ImmutableOopMap {rdx=Oop rsi=Oop rdi=Oop [224]=Oop [232]=Oop [240]=Oop [256]=Oop [280]=Oop [312]=Oop [344]=Oop [360]=Oop [368]=Oop [424]=Oop [432]=Oop [448]=Oop [992]=Oop }
                      ;*synchronization entry
                      ; - java.util.Vector::addElement@-1 (line 616)
                      ; - java.util.Stack::push@2 (line 68)
                      ; - org.apache.xalan.transformer.TransformerImpl::pushPairCurrentMatched@5 (line 2729)
                      ; - org.apache.xalan.templates.ElemApplyTemplates::transformSelectedNodes@553 (line 335)
  0x0000707278bfaa7c: da11 07e9 | 1d81 ffff 

  0x0000707278bfaa84: ;   {metadata({method} {0x000063c5501014e0} 'add' '(Ljava/lang/Object;[Ljava/lang/Object;I)V' in 'java/util/Vector')}
  0x0000707278bfaa84: 49ba e014 | 1050 c563 | 0000 4c89 | 5424 0848 | c704 24ff 

  0x0000707278bfaa98: ;   {runtime_call counter_overflow Runtime1 stub}
  0x0000707278bfaa98: ffff ffe8 

  0x0000707278bfaa9c: ; ImmutableOopMap {rdx=Oop rsi=Oop rdi=Oop rbx=Oop [224]=Oop [232]=Oop [240]=Oop [256]=Oop [280]=Oop [312]=Oop [344]=Oop [360]=Oop [368]=Oop [424]=Oop [432]=Oop [448]=Oop [992]=Oop }
                      ;*synchronization entry
                      ; - java.util.Vector::add@-1 (line 781)
                      ; - java.util.Vector::addElement@20 (line 617)
                      ; - java.util.Stack::push@2 (line 68)
                      ; - org.apache.xalan.transformer.TransformerImpl::pushPairCurrentMatched@5 (line 2729)
                      ; - org.apache.xalan.templates.ElemApplyTemplates::transformSelectedNodes@553 (line 335)
  0x0000707278bfaa9c: e0d9 1107 | e94b 81ff 

  0x0000707278bfaaa4: ;   {runtime_call throw_null_pointer_exception Runtime1 stub}
  0x0000707278bfaaa4: ffe8 d66f 

  0x0000707278bfaaa8: ; ImmutableOopMap {rdx=Oop rsi=Oop rdi=Oop rbx=Oop [224]=Oop [232]=Oop [240]=Oop [256]=Oop [280]=Oop [312]=Oop [344]=Oop [360]=Oop [368]=Oop [424]=Oop [432]=Oop [448]=Oop [992]=Oop }
                      ;*arraylength {reexecute=0 rethrow=0 return_oop=0}
                      ; - java.util.Vector::add@2 (line 781)
                      ; - java.util.Vector::addElement@20 (line 617)
                      ; - java.util.Stack::push@2 (line 68)
                      ; - org.apache.xalan.transformer.TransformerImpl::pushPairCurrentMatched@5 (line 2729)
                      ; - org.apache.xalan.templates.ElemApplyTemplates::transformSelectedNodes@553 (line 335)
                      ;   {metadata({method} {0x000063c5500ffbc0} 'grow' '()[Ljava/lang/Object;' in 'java/util/Vector')}
  0x0000707278bfaaa8: 1107 49ba | c0fb 0f50 | c563 0000 | 4c89 5424 | 0848 c704 | 24ff ffff 

  0x0000707278bfaac0: ;   {runtime_call counter_overflow Runtime1 stub}
  0x0000707278bfaac0: ffe8 bad9 

  0x0000707278bfaac4: ; ImmutableOopMap {rdi=Oop [224]=Oop [232]=Oop [240]=Oop [256]=Oop [280]=Oop [312]=Oop [344]=Oop [360]=Oop [368]=Oop [424]=Oop [432]=Oop [448]=Oop [504]=Oop [992]=Oop }
                      ;*synchronization entry
                      ; - java.util.Vector::grow@-1 (line 266)
                      ; - java.util.Vector::add@7 (line 782)
                      ; - java.util.Vector::addElement@20 (line 617)
                      ; - java.util.Stack::push@2 (line 68)
                      ; - org.apache.xalan.transformer.TransformerImpl::pushPairCurrentMatched@5 (line 2729)
                      ; - org.apache.xalan.templates.ElemApplyTemplates::transformSelectedNodes@553 (line 335)
  0x0000707278bfaac4: 1107 e9a1 

  0x0000707278bfaac8: ;   {runtime_call throw_null_pointer_exception Runtime1 stub}
  0x0000707278bfaac8: 81ff ffe8 

  0x0000707278bfaacc: ; ImmutableOopMap {rbx=Oop rdi=Oop rsi=Oop [224]=Oop [232]=Oop [240]=Oop [256]=Oop [280]=Oop [312]=Oop [344]=Oop [360]=Oop [368]=Oop [424]=Oop [432]=Oop [448]=Oop [992]=Oop }
                      ;*aastore {reexecute=1 rethrow=0 return_oop=0}
                      ; - (reexecute) java.util.Vector::add@14 (line 783)
                      ; - java.util.Vector::addElement@20 (line 617)
                      ; - java.util.Stack::push@2 (line 68)
                      ; - org.apache.xalan.transformer.TransformerImpl::pushPairCurrentMatched@5 (line 2729)
                      ; - org.apache.xalan.templates.ElemApplyTemplates::transformSelectedNodes@553 (line 335)
  0x0000707278bfaacc: b06f 1107 

  0x0000707278bfaad0: ;   {runtime_call throw_null_pointer_exception Runtime1 stub}
  0x0000707278bfaad0: e8ab 6f11 

  0x0000707278bfaad4: ; ImmutableOopMap {rbx=Oop rdi=Oop rsi=Oop [224]=Oop [232]=Oop [240]=Oop [256]=Oop [280]=Oop [312]=Oop [344]=Oop [360]=Oop [368]=Oop [424]=Oop [432]=Oop [448]=Oop [992]=Oop }
                      ;*aastore {reexecute=1 rethrow=0 return_oop=0}
                      ; - (reexecute) java.util.Vector::add@14 (line 783)
                      ; - java.util.Vector::addElement@20 (line 617)
                      ; - java.util.Stack::push@2 (line 68)
                      ; - org.apache.xalan.transformer.TransformerImpl::pushPairCurrentMatched@5 (line 2729)
                      ; - org.apache.xalan.templates.ElemApplyTemplates::transformSelectedNodes@553 (line 335)
  0x0000707278bfaad4: 0748 8904 | 2448 895c 

  0x0000707278bfaadc: ;   {runtime_call throw_range_check_failed Runtime1 stub}
  0x0000707278bfaadc: 2408 e89d 

  0x0000707278bfaae0: ; ImmutableOopMap {rbx=Oop rdi=Oop rsi=Oop [224]=Oop [232]=Oop [240]=Oop [256]=Oop [280]=Oop [312]=Oop [344]=Oop [360]=Oop [368]=Oop [424]=Oop [432]=Oop [448]=Oop [992]=Oop }
                      ;*aastore {reexecute=1 rethrow=0 return_oop=0}
                      ; - (reexecute) java.util.Vector::add@14 (line 783)
                      ; - java.util.Vector::addElement@20 (line 617)
                      ; - java.util.Stack::push@2 (line 68)
                      ; - org.apache.xalan.transformer.TransformerImpl::pushPairCurrentMatched@5 (line 2729)
                      ; - org.apache.xalan.templates.ElemApplyTemplates::transformSelectedNodes@553 (line 335)
                      ;   {runtime_call throw_null_pointer_exception Runtime1 stub}
  0x0000707278bfaae0: 6611 07e8 

  0x0000707278bfaae4: ; ImmutableOopMap {rbx=Oop rdi=Oop rsi=Oop [224]=Oop [232]=Oop [240]=Oop [256]=Oop [280]=Oop [312]=Oop [344]=Oop [360]=Oop [368]=Oop [424]=Oop [432]=Oop [448]=Oop [992]=Oop }
                      ;*aastore {reexecute=1 rethrow=0 return_oop=0}
                      ; - (reexecute) java.util.Vector::add@14 (line 783)
                      ; - java.util.Vector::addElement@20 (line 617)
                      ; - java.util.Stack::push@2 (line 68)
                      ; - org.apache.xalan.transformer.TransformerImpl::pushPairCurrentMatched@5 (line 2729)
                      ; - org.apache.xalan.templates.ElemApplyTemplates::transformSelectedNodes@553 (line 335)
  0x0000707278bfaae4: 986f 1107 | 4889 3424 

  0x0000707278bfaaec: ;   {runtime_call throw_array_store_exception Runtime1 stub}
  0x0000707278bfaaec: e88f 9911 

  0x0000707278bfaaf0: ; ImmutableOopMap {rbx=Oop rdi=Oop rsi=Oop [224]=Oop [232]=Oop [240]=Oop [256]=Oop [280]=Oop [312]=Oop [344]=Oop [360]=Oop [368]=Oop [424]=Oop [432]=Oop [448]=Oop [992]=Oop }
                      ;*aastore {reexecute=1 rethrow=0 return_oop=0}
                      ; - (reexecute) java.util.Vector::add@14 (line 783)
                      ; - java.util.Vector::addElement@20 (line 617)
                      ; - java.util.Stack::push@2 (line 68)
                      ; - org.apache.xalan.transformer.TransformerImpl::pushPairCurrentMatched@5 (line 2729)
                      ; - org.apache.xalan.templates.ElemApplyTemplates::transformSelectedNodes@553 (line 335)
  0x0000707278bfaaf0: 0748 8d84 | 24d8 0300 | 0048 8904 

  0x0000707278bfaafc: ;   {runtime_call monitorexit_nofpu Runtime1 stub}
  0x0000707278bfaafc: 24e8 7eb1 | 1107 e917 

  0x0000707278bfab04: ;   {runtime_call throw_null_pointer_exception Runtime1 stub}
  0x0000707278bfab04: 83ff ffe8 

  0x0000707278bfab08: ; ImmutableOopMap {rdx=Oop rdi=Oop [224]=Oop [232]=Oop [240]=Oop [256]=Oop [280]=Oop [312]=Oop [344]=Oop [360]=Oop [368]=Oop [424]=Oop [432]=Oop [448]=Oop [504]=Oop }
                      ;*invokevirtual push {reexecute=0 rethrow=0 return_oop=0}
                      ; - org.apache.xalan.transformer.TransformerImpl::pushPairCurrentMatched@14 (line 2730)
                      ; - org.apache.xalan.templates.ElemApplyTemplates::transformSelectedNodes@553 (line 335)
  0x0000707278bfab08: 746f 1107 

  0x0000707278bfab0c: ;   {runtime_call throw_null_pointer_exception Runtime1 stub}
  0x0000707278bfab0c: e86f 6f11 

  0x0000707278bfab10: ; ImmutableOopMap {rsi=Oop [224]=Oop [232]=Oop [240]=Oop [256]=Oop [280]=Oop [312]=Oop [344]=Oop [360]=Oop [368]=Oop [424]=Oop [432]=Oop [448]=Oop }
                      ;*getfield m_frameSize {reexecute=1 rethrow=0 return_oop=0}
                      ; - (reexecute) org.apache.xalan.templates.ElemApplyTemplates::transformSelectedNodes@568 (line 340)
                      ;   {metadata({method} {0x000063c5506acc70} 'pushRTFContext' '()V' in 'org/apache/xpath/XPathContext')}
  0x0000707278bfab10: 0749 ba70 | cc6a 50c5 | 6300 004c | 8954 2408 | 48c7 0424 | ffff ffff 

  0x0000707278bfab28: ;   {runtime_call counter_overflow Runtime1 stub}
  0x0000707278bfab28: e853 d911 

  0x0000707278bfab2c: ; ImmutableOopMap {rdi=Oop [224]=Oop [232]=Oop [240]=Oop [256]=Oop [280]=Oop [312]=Oop [344]=Oop [360]=Oop [368]=Oop [424]=Oop [432]=Oop [448]=Oop [504]=Oop }
                      ;*synchronization entry
                      ; - org.apache.xpath.XPathContext::pushRTFContext@-1 (line 1273)
                      ; - org.apache.xalan.templates.ElemApplyTemplates::transformSelectedNodes@575 (line 342)
  0x0000707278bfab2c: 07e9 4f84 

  0x0000707278bfab30: ;   {runtime_call throw_null_pointer_exception Runtime1 stub}
  0x0000707278bfab30: ffff e849 

  0x0000707278bfab34: ; ImmutableOopMap {rdi=Oop rbx=Oop [224]=Oop [232]=Oop [240]=Oop [256]=Oop [280]=Oop [312]=Oop [344]=Oop [360]=Oop [368]=Oop [424]=Oop [432]=Oop [448]=Oop [504]=Oop }
                      ;*invokevirtual push {reexecute=0 rethrow=0 return_oop=0}
                      ; - org.apache.xpath.XPathContext::pushRTFContext@8 (line 1273)
                      ; - org.apache.xalan.templates.ElemApplyTemplates::transformSelectedNodes@575 (line 342)
  0x0000707278bfab34: 6f11 0748 

  0x0000707278bfab38: ;   {runtime_call throw_class_cast_exception Runtime1 stub}
  0x0000707278bfab38: 8904 24e8 

  0x0000707278bfab3c: ; ImmutableOopMap {[224]=Oop [232]=Oop [240]=Oop [256]=Oop [280]=Oop [312]=Oop [344]=Oop [360]=Oop [368]=Oop [424]=Oop [432]=Oop [448]=Oop [504]=Oop }
                      ;*checkcast {reexecute=0 rethrow=0 return_oop=0}
                      ; - org.apache.xpath.XPathContext::pushRTFContext@24 (line 1275)
                      ; - org.apache.xalan.templates.ElemApplyTemplates::transformSelectedNodes@575 (line 342)
  0x0000707278bfab3c: 409c 1107 

  0x0000707278bfab40: ;   {runtime_call throw_null_pointer_exception Runtime1 stub}
  0x0000707278bfab40: e83b 6f11 

  0x0000707278bfab44: ; ImmutableOopMap {rsi=Oop [224]=Oop [232]=Oop [240]=Oop [256]=Oop [280]=Oop [312]=Oop [344]=Oop [360]=Oop [368]=Oop [424]=Oop [432]=Oop [448]=Oop [504]=Oop }
                      ;*invokevirtual pushRewindMark {reexecute=0 rethrow=0 return_oop=0}
                      ; - org.apache.xpath.XPathContext::pushRTFContext@30 (line 1275)
                      ; - org.apache.xalan.templates.ElemApplyTemplates::transformSelectedNodes@575 (line 342)
                      ;   {runtime_call throw_null_pointer_exception Runtime1 stub}
  0x0000707278bfab44: 07e8 366f 

  0x0000707278bfab48: ; ImmutableOopMap {rdi=Oop [224]=Oop [232]=Oop [240]=Oop [256]=Oop [280]=Oop [312]=Oop [344]=Oop [360]=Oop [368]=Oop [424]=Oop [432]=Oop [448]=Oop [504]=Oop }
                      ;*invokevirtual getXSLToken {reexecute=0 rethrow=0 return_oop=0}
                      ; - org.apache.xalan.templates.ElemApplyTemplates::transformSelectedNodes@624 (line 353)
  0x0000707278bfab48: 1107 4889 

  0x0000707278bfab4c: ;   {runtime_call throw_class_cast_exception Runtime1 stub}
  0x0000707278bfab4c: 3c24 e82d 

  0x0000707278bfab50: ; ImmutableOopMap {rdi=Oop [224]=Oop [232]=Oop [240]=Oop [256]=Oop [280]=Oop [312]=Oop [344]=Oop [360]=Oop [368]=Oop [424]=Oop [432]=Oop [448]=Oop [504]=Oop }
                      ;*checkcast {reexecute=0 rethrow=0 return_oop=0}
                      ; - org.apache.xalan.templates.ElemApplyTemplates::transformSelectedNodes@632 (line 355)
                      ;   {runtime_call throw_null_pointer_exception Runtime1 stub}
  0x0000707278bfab50: 9c11 07e8 

  0x0000707278bfab54: ; ImmutableOopMap {rdi=Oop rdx=Oop rbx=Oop rax=Oop [224]=Oop [232]=Oop [240]=Oop [256]=Oop [280]=Oop [312]=Oop [344]=Oop [360]=Oop [368]=Oop [424]=Oop [432]=Oop [448]=Oop [504]=Oop }
                      ;*aaload {reexecute=0 rethrow=0 return_oop=0}
                      ; - org.apache.xalan.templates.ElemApplyTemplates::transformSelectedNodes@653 (line 360)
  0x0000707278bfab54: 286f 1107 

  0x0000707278bfab58: ;   {runtime_call throw_null_pointer_exception Runtime1 stub}
  0x0000707278bfab58: e823 6f11 

  0x0000707278bfab5c: ; ImmutableOopMap {rdi=Oop rdx=Oop rbx=Oop rax=Oop [224]=Oop [232]=Oop [240]=Oop [256]=Oop [280]=Oop [312]=Oop [344]=Oop [360]=Oop [368]=Oop [424]=Oop [432]=Oop [448]=Oop [504]=Oop }
                      ;*aaload {reexecute=0 rethrow=0 return_oop=0}
                      ; - org.apache.xalan.templates.ElemApplyTemplates::transformSelectedNodes@653 (line 360)
  0x0000707278bfab5c: 0748 8934 | 2448 8944 

  0x0000707278bfab64: ;   {runtime_call throw_range_check_failed Runtime1 stub}
  0x0000707278bfab64: 2408 e815 

  0x0000707278bfab68: ; ImmutableOopMap {rdi=Oop rdx=Oop rbx=Oop rax=Oop [224]=Oop [232]=Oop [240]=Oop [256]=Oop [280]=Oop [312]=Oop [344]=Oop [360]=Oop [368]=Oop [424]=Oop [432]=Oop [448]=Oop [504]=Oop }
                      ;*aaload {reexecute=0 rethrow=0 return_oop=0}
                      ; - org.apache.xalan.templates.ElemApplyTemplates::transformSelectedNodes@653 (line 360)
                      ;   {runtime_call throw_null_pointer_exception Runtime1 stub}
  0x0000707278bfab68: 6611 07e8 

  0x0000707278bfab6c: ; ImmutableOopMap {rdi=Oop rdx=Oop rbx=Oop [224]=Oop [232]=Oop [240]=Oop [256]=Oop [280]=Oop [312]=Oop [344]=Oop [360]=Oop [368]=Oop [424]=Oop [432]=Oop [448]=Oop [504]=Oop }
                      ;*getfield m_qnameID {reexecute=1 rethrow=0 return_oop=0}
                      ; - (reexecute) org.apache.xalan.templates.ElemApplyTemplates::transformSelectedNodes@658 (line 361)
  0x0000707278bfab6c: 106f 1107 

  0x0000707278bfab70: ;   {runtime_call throw_null_pointer_exception Runtime1 stub}
  0x0000707278bfab70: e80b 6f11 

  0x0000707278bfab74: ; ImmutableOopMap {rdi=Oop rdx=Oop rbx=Oop [224]=Oop [232]=Oop [240]=Oop [256]=Oop [280]=Oop [312]=Oop [344]=Oop [360]=Oop [368]=Oop [424]=Oop [432]=Oop [448]=Oop [504]=Oop }
                      ;*getfield m_qnameID {reexecute=1 rethrow=0 return_oop=0}
                      ; - (reexecute) org.apache.xalan.templates.ElemApplyTemplates::transformSelectedNodes@663 (line 361)
                      ;   {metadata({method} {0x000063c55055b330} 'transformSelectedNodes' '(Lorg/apache/xalan/transformer/TransformerImpl;)V' in 'org/apache/xalan/templates/ElemApplyTemplates')}
  0x0000707278bfab74: 0749 ba30 | b355 50c5 | 6300 004c | 8954 2408 | 48c7 0424 | b702 0000 

  0x0000707278bfab8c: ;   {runtime_call counter_overflow Runtime1 stub}
  0x0000707278bfab8c: e8ef d811 

  0x0000707278bfab90: ; ImmutableOopMap {rdi=Oop rdx=Oop rbx=Oop [224]=Oop [232]=Oop [240]=Oop [256]=Oop [280]=Oop [312]=Oop [344]=Oop [360]=Oop [368]=Oop [424]=Oop [432]=Oop [448]=Oop [504]=Oop }
                      ;*goto {reexecute=1 rethrow=0 return_oop=0}
                      ; - (reexecute) org.apache.xalan.templates.ElemApplyTemplates::transformSelectedNodes@695 (line 358)
  0x0000707278bfab90: 07e9 3a8a 

  0x0000707278bfab94: ;   {metadata({method} {0x000063c550791e60} 'getLocalVariable' '(II)Lorg/apache/xpath/objects/XObject;' in 'org/apache/xpath/VariableStack')}
  0x0000707278bfab94: ffff 49ba | 601e 7950 | c563 0000 | 4c89 5424 | 0848 c704 | 24ff ffff 

  0x0000707278bfabac: ;   {runtime_call counter_overflow Runtime1 stub}
  0x0000707278bfabac: ffe8 ced8 

  0x0000707278bfabb0: ; ImmutableOopMap {rdi=Oop rbx=Oop rax=Oop [224]=Oop [232]=Oop [240]=Oop [256]=Oop [280]=Oop [312]=Oop [344]=Oop [360]=Oop [368]=Oop [424]=Oop [432]=Oop [448]=Oop [504]=Oop }
                      ;*synchronization entry
                      ; - org.apache.xpath.VariableStack::getLocalVariable@-1 (line 340)
                      ; - org.apache.xalan.templates.ElemApplyTemplates::transformSelectedNodes@675 (line 363)
  0x0000707278bfabb0: 1107 e9c8 

  0x0000707278bfabb4: ;   {runtime_call throw_null_pointer_exception Runtime1 stub}
  0x0000707278bfabb4: 8aff ffe8 

  0x0000707278bfabb8: ; ImmutableOopMap {rdi=Oop rbx=Oop rax=Oop rdx=Oop [224]=Oop [232]=Oop [240]=Oop [256]=Oop [280]=Oop [312]=Oop [344]=Oop [360]=Oop [368]=Oop [424]=Oop [432]=Oop [448]=Oop [504]=Oop }
                      ;*aaload {reexecute=0 rethrow=0 return_oop=0}
                      ; - org.apache.xpath.VariableStack::getLocalVariable@9 (line 342)
                      ; - org.apache.xalan.templates.ElemApplyTemplates::transformSelectedNodes@675 (line 363)
  0x0000707278bfabb8: c46e 1107 

  0x0000707278bfabbc: ;   {runtime_call throw_null_pointer_exception Runtime1 stub}
  0x0000707278bfabbc: e8bf 6e11 

  0x0000707278bfabc0: ; ImmutableOopMap {rdi=Oop rbx=Oop rax=Oop rdx=Oop [224]=Oop [232]=Oop [240]=Oop [256]=Oop [280]=Oop [312]=Oop [344]=Oop [360]=Oop [368]=Oop [424]=Oop [432]=Oop [448]=Oop [504]=Oop }
                      ;*aaload {reexecute=0 rethrow=0 return_oop=0}
                      ; - org.apache.xpath.VariableStack::getLocalVariable@9 (line 342)
                      ; - org.apache.xalan.templates.ElemApplyTemplates::transformSelectedNodes@675 (line 363)
  0x0000707278bfabc0: 0748 890c | 2448 8954 

  0x0000707278bfabc8: ;   {runtime_call throw_range_check_failed Runtime1 stub}
  0x0000707278bfabc8: 2408 e8b1 

  0x0000707278bfabcc: ; ImmutableOopMap {rdi=Oop rbx=Oop rax=Oop rdx=Oop [224]=Oop [232]=Oop [240]=Oop [256]=Oop [280]=Oop [312]=Oop [344]=Oop [360]=Oop [368]=Oop [424]=Oop [432]=Oop [448]=Oop [504]=Oop }
                      ;*aaload {reexecute=0 rethrow=0 return_oop=0}
                      ; - org.apache.xpath.VariableStack::getLocalVariable@9 (line 342)
                      ; - org.apache.xalan.templates.ElemApplyTemplates::transformSelectedNodes@675 (line 363)
                      ;   {metadata({method} {0x000063c550791b98} 'setLocalVariable' '(ILorg/apache/xpath/objects/XObject;)V' in 'org/apache/xpath/VariableStack')}
  0x0000707278bfabcc: 6511 0749 | ba98 1b79 | 50c5 6300 | 004c 8954 | 2408 48c7 | 0424 ffff 

  0x0000707278bfabe4: ;   {runtime_call counter_overflow Runtime1 stub}
  0x0000707278bfabe4: ffff e895 

  0x0000707278bfabe8: ; ImmutableOopMap {rdi=Oop rbx=Oop rax=Oop rdx=Oop rcx=Oop [224]=Oop [232]=Oop [240]=Oop [256]=Oop [280]=Oop [312]=Oop [344]=Oop [360]=Oop [368]=Oop [424]=Oop [432]=Oop [448]=Oop [504]=Oop }
                      ;*synchronization entry
                      ; - org.apache.xpath.VariableStack::setLocalVariable@-1 (line 272)
                      ; - org.apache.xalan.templates.ElemApplyTemplates::transformSelectedNodes@686 (line 364)
  0x0000707278bfabe8: d811 07e9 | fe8a ffff | 4c89 0424 | 4889 5424 

  0x0000707278bfabf8: ;   {runtime_call throw_range_check_failed Runtime1 stub}
  0x0000707278bfabf8: 08e8 8265 

  0x0000707278bfabfc: ; ImmutableOopMap {rdi=Oop rbx=Oop rax=Oop rdx=Oop rcx=Oop [224]=Oop [232]=Oop [240]=Oop [256]=Oop [280]=Oop [312]=Oop [344]=Oop [360]=Oop [368]=Oop [424]=Oop [432]=Oop [448]=Oop [504]=Oop }
                      ;*aastore {reexecute=1 rethrow=0 return_oop=0}
                      ; - (reexecute) org.apache.xpath.VariableStack::setLocalVariable@11 (line 272)
                      ; - org.apache.xalan.templates.ElemApplyTemplates::transformSelectedNodes@686 (line 364)
                      ;   {runtime_call throw_null_pointer_exception Runtime1 stub}
  0x0000707278bfabfc: 1107 e87d 

  0x0000707278bfac00: ; ImmutableOopMap {rdi=Oop rbx=Oop rax=Oop rdx=Oop rcx=Oop [224]=Oop [232]=Oop [240]=Oop [256]=Oop [280]=Oop [312]=Oop [344]=Oop [360]=Oop [368]=Oop [424]=Oop [432]=Oop [448]=Oop [504]=Oop }
                      ;*aastore {reexecute=1 rethrow=0 return_oop=0}
                      ; - (reexecute) org.apache.xpath.VariableStack::setLocalVariable@11 (line 272)
                      ; - org.apache.xalan.templates.ElemApplyTemplates::transformSelectedNodes@686 (line 364)
  0x0000707278bfac00: 6e11 0748 

  0x0000707278bfac04: ;   {runtime_call throw_array_store_exception Runtime1 stub}
  0x0000707278bfac04: 890c 24e8 

  0x0000707278bfac08: ; ImmutableOopMap {rdi=Oop rbx=Oop rax=Oop rdx=Oop rcx=Oop [224]=Oop [232]=Oop [240]=Oop [256]=Oop [280]=Oop [312]=Oop [344]=Oop [360]=Oop [368]=Oop [424]=Oop [432]=Oop [448]=Oop [504]=Oop }
                      ;*aastore {reexecute=1 rethrow=0 return_oop=0}
                      ; - (reexecute) org.apache.xpath.VariableStack::setLocalVariable@11 (line 272)
                      ; - org.apache.xalan.templates.ElemApplyTemplates::transformSelectedNodes@686 (line 364)
  0x0000707278bfac08: 7498 1107 

  0x0000707278bfac0c: ;   {metadata({method} {0x000063c550791b98} 'setLocalVariable' '(ILorg/apache/xpath/objects/XObject;)V' in 'org/apache/xpath/VariableStack')}
  0x0000707278bfac0c: 49ba 981b | 7950 c563 | 0000 4c89 | 5424 0848 | c704 24ff 

  0x0000707278bfac20: ;   {runtime_call counter_overflow Runtime1 stub}
  0x0000707278bfac20: ffff ffe8 

  0x0000707278bfac24: ; ImmutableOopMap {rdi=Oop rbx=Oop rax=Oop [224]=Oop [232]=Oop [240]=Oop [256]=Oop [280]=Oop [312]=Oop [344]=Oop [360]=Oop [368]=Oop [424]=Oop [432]=Oop [448]=Oop [504]=Oop }
                      ;*synchronization entry
                      ; - org.apache.xpath.VariableStack::setLocalVariable@-1 (line 272)
                      ; - org.apache.xalan.templates.ElemApplyTemplates::transformSelectedNodes@710 (line 369)
  0x0000707278bfac24: 58d8 1107 | e990 8cff 

  0x0000707278bfac2c: ;   {runtime_call throw_null_pointer_exception Runtime1 stub}
  0x0000707278bfac2c: ffe8 4e6e 

  0x0000707278bfac30: ; ImmutableOopMap {rdi=Oop rbx=Oop rax=Oop rdx=Oop rcx=Oop [224]=Oop [232]=Oop [240]=Oop [256]=Oop [280]=Oop [312]=Oop [344]=Oop [360]=Oop [368]=Oop [424]=Oop [432]=Oop [448]=Oop [504]=Oop }
                      ;*aastore {reexecute=1 rethrow=0 return_oop=0}
                      ; - (reexecute) org.apache.xpath.VariableStack::setLocalVariable@11 (line 272)
                      ; - org.apache.xalan.templates.ElemApplyTemplates::transformSelectedNodes@710 (line 369)
                      ;   {runtime_call throw_null_pointer_exception Runtime1 stub}
  0x0000707278bfac30: 1107 e849 

  0x0000707278bfac34: ; ImmutableOopMap {rdi=Oop rbx=Oop rax=Oop rdx=Oop rcx=Oop [224]=Oop [232]=Oop [240]=Oop [256]=Oop [280]=Oop [312]=Oop [344]=Oop [360]=Oop [368]=Oop [424]=Oop [432]=Oop [448]=Oop [504]=Oop }
                      ;*aastore {reexecute=1 rethrow=0 return_oop=0}
                      ; - (reexecute) org.apache.xpath.VariableStack::setLocalVariable@11 (line 272)
                      ; - org.apache.xalan.templates.ElemApplyTemplates::transformSelectedNodes@710 (line 369)
  0x0000707278bfac34: 6e11 0748 | 8934 2448 | 8954 2408 

  0x0000707278bfac40: ;   {runtime_call throw_range_check_failed Runtime1 stub}
  0x0000707278bfac40: e83b 6511 

  0x0000707278bfac44: ; ImmutableOopMap {rdi=Oop rbx=Oop rax=Oop rdx=Oop rcx=Oop [224]=Oop [232]=Oop [240]=Oop [256]=Oop [280]=Oop [312]=Oop [344]=Oop [360]=Oop [368]=Oop [424]=Oop [432]=Oop [448]=Oop [504]=Oop }
                      ;*aastore {reexecute=1 rethrow=0 return_oop=0}
                      ; - (reexecute) org.apache.xpath.VariableStack::setLocalVariable@11 (line 272)
                      ; - org.apache.xalan.templates.ElemApplyTemplates::transformSelectedNodes@710 (line 369)
                      ;   {runtime_call throw_null_pointer_exception Runtime1 stub}
  0x0000707278bfac44: 07e8 366e 

  0x0000707278bfac48: ; ImmutableOopMap {rdi=Oop rbx=Oop rax=Oop rdx=Oop rcx=Oop [224]=Oop [232]=Oop [240]=Oop [256]=Oop [280]=Oop [312]=Oop [344]=Oop [360]=Oop [368]=Oop [424]=Oop [432]=Oop [448]=Oop [504]=Oop }
                      ;*aastore {reexecute=1 rethrow=0 return_oop=0}
                      ; - (reexecute) org.apache.xpath.VariableStack::setLocalVariable@11 (line 272)
                      ; - org.apache.xalan.templates.ElemApplyTemplates::transformSelectedNodes@710 (line 369)
  0x0000707278bfac48: 1107 4889 

  0x0000707278bfac4c: ;   {runtime_call throw_array_store_exception Runtime1 stub}
  0x0000707278bfac4c: 0c24 e82d 

  0x0000707278bfac50: ; ImmutableOopMap {rdi=Oop rbx=Oop rax=Oop rdx=Oop rcx=Oop [224]=Oop [232]=Oop [240]=Oop [256]=Oop [280]=Oop [312]=Oop [344]=Oop [360]=Oop [368]=Oop [424]=Oop [432]=Oop [448]=Oop [504]=Oop }
                      ;*aastore {reexecute=1 rethrow=0 return_oop=0}
                      ; - (reexecute) org.apache.xpath.VariableStack::setLocalVariable@11 (line 272)
                      ; - org.apache.xalan.templates.ElemApplyTemplates::transformSelectedNodes@710 (line 369)
                      ;   {metadata({method} {0x000063c55055b330} 'transformSelectedNodes' '(Lorg/apache/xalan/transformer/TransformerImpl;)V' in 'org/apache/xalan/templates/ElemApplyTemplates')}
  0x0000707278bfac50: 9811 0749 | ba30 b355 | 50c5 6300 | 004c 8954 | 2408 48c7 | 0424 d302 

  0x0000707278bfac68: ;   {runtime_call counter_overflow Runtime1 stub}
  0x0000707278bfac68: 0000 e811 

  0x0000707278bfac6c: ; ImmutableOopMap {rbx=Oop rax=Oop rsi=Oop [224]=Oop [232]=Oop [240]=Oop [256]=Oop [280]=Oop [312]=Oop [344]=Oop [360]=Oop [368]=Oop [424]=Oop [432]=Oop [448]=Oop [504]=Oop }
                      ;*goto {reexecute=1 rethrow=0 return_oop=0}
                      ; - (reexecute) org.apache.xalan.templates.ElemApplyTemplates::transformSelectedNodes@723 (line 351)
  0x0000707278bfac6c: d811 07e9 | 588e ffff 

  0x0000707278bfac74: ;   {runtime_call throw_null_pointer_exception Runtime1 stub}
  0x0000707278bfac74: e807 6e11 

  0x0000707278bfac78: ; ImmutableOopMap {rdx=Oop rax=Oop [224]=Oop [232]=Oop [240]=Oop [256]=Oop [280]=Oop [312]=Oop [344]=Oop [360]=Oop [368]=Oop [424]=Oop [432]=Oop [448]=Oop [504]=Oop }
                      ;*invokevirtual fireTraceEvent {reexecute=0 rethrow=0 return_oop=0}
                      ; - org.apache.xalan.templates.ElemApplyTemplates::transformSelectedNodes@745 (line 383)
                      ;   {metadata({method} {0x000063c5506aa048} 'setSAXLocator' '(Ljavax/xml/transform/SourceLocator;)V' in 'org/apache/xpath/XPathContext')}
  0x0000707278bfac78: 0749 ba48 | a06a 50c5 | 6300 004c | 8954 2408 | 48c7 0424 | ffff ffff 

  0x0000707278bfac90: ;   {runtime_call counter_overflow Runtime1 stub}
  0x0000707278bfac90: e8eb d711 

  0x0000707278bfac94: ; ImmutableOopMap {rdx=Oop rbx=Oop rdi=Oop [224]=Oop [232]=Oop [240]=Oop [256]=Oop [280]=Oop [312]=Oop [344]=Oop [360]=Oop [368]=Oop [424]=Oop [432]=Oop [448]=Oop [504]=Oop }
                      ;*synchronization entry
                      ; - org.apache.xpath.XPathContext::setSAXLocator@-1 (line 405)
                      ; - org.apache.xalan.templates.ElemApplyTemplates::transformSelectedNodes@763 (line 391)
  0x0000707278bfac94: 07e9 f98f 

  0x0000707278bfac98: ;   {runtime_call throw_null_pointer_exception Runtime1 stub}
  0x0000707278bfac98: ffff e8e1 

  0x0000707278bfac9c: ; ImmutableOopMap {rdx=Oop rbx=Oop rdi=Oop rax=Oop [224]=Oop [232]=Oop [240]=Oop [256]=Oop [280]=Oop [312]=Oop [344]=Oop [360]=Oop [368]=Oop [424]=Oop [432]=Oop [448]=Oop [504]=Oop }
                      ;*invokevirtual setTop {reexecute=0 rethrow=0 return_oop=0}
                      ; - org.apache.xpath.XPathContext::setSAXLocator@5 (line 405)
                      ; - org.apache.xalan.templates.ElemApplyTemplates::transformSelectedNodes@763 (line 391)
                      ;   {metadata({method} {0x000063c55076b190} 'setTop' '(Ljava/lang/Object;)V' in 'org/apache/xml/utils/ObjectStack')}
  0x0000707278bfac9c: 6d11 0749 | ba90 b176 | 50c5 6300 | 004c 8954 | 2408 48c7 | 0424 ffff 

  0x0000707278bfacb4: ;   {runtime_call counter_overflow Runtime1 stub}
  0x0000707278bfacb4: ffff e8c5 

  0x0000707278bfacb8: ; ImmutableOopMap {rdx=Oop rbx=Oop rdi=Oop rax=Oop [224]=Oop [232]=Oop [240]=Oop [256]=Oop [280]=Oop [312]=Oop [344]=Oop [360]=Oop [368]=Oop [424]=Oop [432]=Oop [448]=Oop [504]=Oop }
                      ;*synchronization entry
                      ; - org.apache.xml.utils.ObjectStack::setTop@-1 (line 162)
                      ; - org.apache.xpath.XPathContext::setSAXLocator@5 (line 405)
                      ; - org.apache.xalan.templates.ElemApplyTemplates::transformSelectedNodes@763 (line 391)
  0x0000707278bfacb8: d711 07e9 | 1a90 ffff 

  0x0000707278bfacc0: ;   {runtime_call throw_null_pointer_exception Runtime1 stub}
  0x0000707278bfacc0: e8bb 6d11 

  0x0000707278bfacc4: ; ImmutableOopMap {rdx=Oop rbx=Oop rdi=Oop rcx=Oop [224]=Oop [232]=Oop [240]=Oop [256]=Oop [280]=Oop [312]=Oop [344]=Oop [360]=Oop [368]=Oop [424]=Oop [432]=Oop [448]=Oop [504]=Oop }
                      ;*aastore {reexecute=1 rethrow=0 return_oop=0}
                      ; - (reexecute) org.apache.xml.utils.ObjectStack::setTop@11 (line 162)
                      ; - org.apache.xpath.XPathContext::setSAXLocator@5 (line 405)
                      ; - org.apache.xalan.templates.ElemApplyTemplates::transformSelectedNodes@763 (line 391)
                      ;   {runtime_call throw_null_pointer_exception Runtime1 stub}
  0x0000707278bfacc4: 07e8 b66d 

  0x0000707278bfacc8: ; ImmutableOopMap {rdx=Oop rbx=Oop rdi=Oop rcx=Oop [224]=Oop [232]=Oop [240]=Oop [256]=Oop [280]=Oop [312]=Oop [344]=Oop [360]=Oop [368]=Oop [424]=Oop [432]=Oop [448]=Oop [504]=Oop }
                      ;*aastore {reexecute=1 rethrow=0 return_oop=0}
                      ; - (reexecute) org.apache.xml.utils.ObjectStack::setTop@11 (line 162)
                      ; - org.apache.xpath.XPathContext::setSAXLocator@5 (line 405)
                      ; - org.apache.xalan.templates.ElemApplyTemplates::transformSelectedNodes@763 (line 391)
  0x0000707278bfacc8: 1107 4889 | 0424 4889 

  0x0000707278bfacd0: ;   {runtime_call throw_range_check_failed Runtime1 stub}
  0x0000707278bfacd0: 4c24 08e8 

  0x0000707278bfacd4: ; ImmutableOopMap {rdx=Oop rbx=Oop rdi=Oop rcx=Oop [224]=Oop [232]=Oop [240]=Oop [256]=Oop [280]=Oop [312]=Oop [344]=Oop [360]=Oop [368]=Oop [424]=Oop [432]=Oop [448]=Oop [504]=Oop }
                      ;*aastore {reexecute=1 rethrow=0 return_oop=0}
                      ; - (reexecute) org.apache.xml.utils.ObjectStack::setTop@11 (line 162)
                      ; - org.apache.xpath.XPathContext::setSAXLocator@5 (line 405)
                      ; - org.apache.xalan.templates.ElemApplyTemplates::transformSelectedNodes@763 (line 391)
  0x0000707278bfacd4: a864 1107 

  0x0000707278bfacd8: ;   {runtime_call throw_null_pointer_exception Runtime1 stub}
  0x0000707278bfacd8: e8a3 6d11 

  0x0000707278bfacdc: ; ImmutableOopMap {rdx=Oop rbx=Oop rdi=Oop rcx=Oop [224]=Oop [232]=Oop [240]=Oop [256]=Oop [280]=Oop [312]=Oop [344]=Oop [360]=Oop [368]=Oop [424]=Oop [432]=Oop [448]=Oop [504]=Oop }
                      ;*aastore {reexecute=1 rethrow=0 return_oop=0}
                      ; - (reexecute) org.apache.xml.utils.ObjectStack::setTop@11 (line 162)
                      ; - org.apache.xpath.XPathContext::setSAXLocator@5 (line 405)
                      ; - org.apache.xalan.templates.ElemApplyTemplates::transformSelectedNodes@763 (line 391)
  0x0000707278bfacdc: 0748 8914 

  0x0000707278bface0: ;   {runtime_call throw_array_store_exception Runtime1 stub}
  0x0000707278bface0: 24e8 9a97 

  0x0000707278bface4: ; ImmutableOopMap {rdx=Oop rbx=Oop rdi=Oop rcx=Oop [224]=Oop [232]=Oop [240]=Oop [256]=Oop [280]=Oop [312]=Oop [344]=Oop [360]=Oop [368]=Oop [424]=Oop [432]=Oop [448]=Oop [504]=Oop }
                      ;*aastore {reexecute=1 rethrow=0 return_oop=0}
                      ; - (reexecute) org.apache.xml.utils.ObjectStack::setTop@11 (line 162)
                      ; - org.apache.xpath.XPathContext::setSAXLocator@5 (line 405)
                      ; - org.apache.xalan.templates.ElemApplyTemplates::transformSelectedNodes@763 (line 391)
                      ;   {metadata({method} {0x000063c550655be0} 'pushElemTemplateElement' '(Lorg/apache/xalan/templates/ElemTemplateElement;)V' in 'org/apache/xalan/transformer/TransformerImpl')}
  0x0000707278bface4: 1107 49ba | e05b 6550 | c563 0000 | 4c89 5424 | 0848 c704 | 24ff ffff 

  0x0000707278bfacfc: ;   {runtime_call counter_overflow Runtime1 stub}
  0x0000707278bfacfc: ffe8 7ed7 

  0x0000707278bfad00: ; ImmutableOopMap {rdx=Oop rbx=Oop [224]=Oop [232]=Oop [240]=Oop [256]=Oop [280]=Oop [312]=Oop [344]=Oop [360]=Oop [368]=Oop [424]=Oop [432]=Oop [448]=Oop [504]=Oop }
                      ;*synchronization entry
                      ; - org.apache.xalan.transformer.TransformerImpl::pushElemTemplateElement@-1 (line 2624)
                      ; - org.apache.xalan.templates.ElemApplyTemplates::transformSelectedNodes@769 (line 394)
  0x0000707278bfad00: 1107 e959 

  0x0000707278bfad04: ;   {runtime_call throw_null_pointer_exception Runtime1 stub}
  0x0000707278bfad04: 91ff ffe8 

  0x0000707278bfad08: ; ImmutableOopMap {rdx=Oop rbx=Oop rax=Oop [224]=Oop [232]=Oop [240]=Oop [256]=Oop [280]=Oop [312]=Oop [344]=Oop [360]=Oop [368]=Oop [424]=Oop [432]=Oop [448]=Oop [504]=Oop }
                      ;*invokevirtual push {reexecute=0 rethrow=0 return_oop=0}
                      ; - org.apache.xalan.transformer.TransformerImpl::pushElemTemplateElement@5 (line 2624)
                      ; - org.apache.xalan.templates.ElemApplyTemplates::transformSelectedNodes@769 (line 394)
  0x0000707278bfad08: 746d 1107 

  0x0000707278bfad0c: ;   {runtime_call throw_null_pointer_exception Runtime1 stub}
  0x0000707278bfad0c: e86f 6d11 

  0x0000707278bfad10: ; ImmutableOopMap {rdx=Oop [224]=Oop [232]=Oop [240]=Oop [256]=Oop [280]=Oop [312]=Oop [344]=Oop [360]=Oop [368]=Oop [424]=Oop [432]=Oop [448]=Oop [504]=Oop }
                      ;*invokevirtual execute {reexecute=0 rethrow=0 return_oop=0}
                      ; - org.apache.xalan.templates.ElemApplyTemplates::transformSelectedNodes@775 (line 395)
                      ;   {metadata({method} {0x000063c550655c90} 'popElemTemplateElement' '()V' in 'org/apache/xalan/transformer/TransformerImpl')}
  0x0000707278bfad10: 0749 ba90 | 5c65 50c5 | 6300 004c | 8954 2408 | 48c7 0424 | ffff ffff 

  0x0000707278bfad28: ;   {runtime_call counter_overflow Runtime1 stub}
  0x0000707278bfad28: e853 d711 

  0x0000707278bfad2c: ; ImmutableOopMap {rdx=Oop [224]=Oop [232]=Oop [240]=Oop [256]=Oop [280]=Oop [312]=Oop [344]=Oop [360]=Oop [368]=Oop [424]=Oop [432]=Oop [448]=Oop [504]=Oop [544]=Oop }
                      ;*synchronization entry
                      ; - org.apache.xalan.transformer.TransformerImpl::popElemTemplateElement@-1 (line 2632)
                      ; - org.apache.xalan.templates.ElemApplyTemplates::transformSelectedNodes@795 (line 399)
  0x0000707278bfad2c: 07e9 7e92 

  0x0000707278bfad30: ;   {runtime_call throw_null_pointer_exception Runtime1 stub}
  0x0000707278bfad30: ffff e849 

  0x0000707278bfad34: ; ImmutableOopMap {rdx=Oop rsi=Oop [224]=Oop [232]=Oop [240]=Oop [256]=Oop [280]=Oop [312]=Oop [344]=Oop [360]=Oop [368]=Oop [424]=Oop [432]=Oop [448]=Oop [504]=Oop [544]=Oop }
                      ;*invokevirtual pop {reexecute=0 rethrow=0 return_oop=0}
                      ; - org.apache.xalan.transformer.TransformerImpl::popElemTemplateElement@4 (line 2632)
                      ; - org.apache.xalan.templates.ElemApplyTemplates::transformSelectedNodes@795 (line 399)
                      ;   {metadata({method} {0x000063c55055b330} 'transformSelectedNodes' '(Lorg/apache/xalan/transformer/TransformerImpl;)V' in 'org/apache/xalan/templates/ElemApplyTemplates')}
  0x0000707278bfad34: 6d11 0749 | ba30 b355 | 50c5 6300 | 004c 8954 | 2408 48c7 | 0424 2703 

  0x0000707278bfad4c: ;   {runtime_call counter_overflow Runtime1 stub}
  0x0000707278bfad4c: 0000 e82d 

  0x0000707278bfad50: ; ImmutableOopMap {rdx=Oop [224]=Oop [232]=Oop [240]=Oop [256]=Oop [280]=Oop [312]=Oop [344]=Oop [360]=Oop [368]=Oop [424]=Oop [432]=Oop [448]=Oop [504]=Oop }
                      ;*goto {reexecute=1 rethrow=0 return_oop=0}
                      ; - (reexecute) org.apache.xalan.templates.ElemApplyTemplates::transformSelectedNodes@807 (line 389)
  0x0000707278bfad50: d711 07e9 | c692 ffff 

  0x0000707278bfad58: ;   {runtime_call throw_null_pointer_exception Runtime1 stub}
  0x0000707278bfad58: e823 6d11 

  0x0000707278bfad5c: ; ImmutableOopMap {rdi=Oop rsi=Oop [224]=Oop [232]=Oop [240]=Oop [256]=Oop [280]=Oop [312]=Oop [344]=Oop [360]=Oop [368]=Oop [424]=Oop [432]=Oop [448]=Oop [504]=Oop [544]=Oop }
                      ;*invokevirtual fireTraceEndEvent {reexecute=0 rethrow=0 return_oop=0}
                      ; - org.apache.xalan.templates.ElemApplyTemplates::transformSelectedNodes@823 (line 404)
                      ;   {metadata({method} {0x000063c550656240} 'popCurrentMatched' '()V' in 'org/apache/xalan/transformer/TransformerImpl')}
  0x0000707278bfad5c: 0749 ba40 | 6265 50c5 | 6300 004c | 8954 2408 | 48c7 0424 | ffff ffff 

  0x0000707278bfad74: ;   {runtime_call counter_overflow Runtime1 stub}
  0x0000707278bfad74: e807 d711 

  0x0000707278bfad78: ; ImmutableOopMap {rdx=Oop [224]=Oop [232]=Oop [240]=Oop [256]=Oop [280]=Oop [312]=Oop [344]=Oop [360]=Oop [368]=Oop [424]=Oop [432]=Oop [448]=Oop [504]=Oop [544]=Oop }
                      ;*synchronization entry
                      ; - org.apache.xalan.transformer.TransformerImpl::popCurrentMatched@-1 (line 2738)
                      ; - org.apache.xalan.templates.ElemApplyTemplates::transformSelectedNodes@846 (line 427)
  0x0000707278bfad78: 07e9 6a94 

  0x0000707278bfad7c: ;   {runtime_call throw_null_pointer_exception Runtime1 stub}
  0x0000707278bfad7c: ffff e8fd 

  0x0000707278bfad80: ; ImmutableOopMap {rdx=Oop rsi=Oop [224]=Oop [232]=Oop [240]=Oop [256]=Oop [280]=Oop [312]=Oop [344]=Oop [360]=Oop [368]=Oop [424]=Oop [432]=Oop [448]=Oop [504]=Oop [544]=Oop }
                      ;*invokevirtual pop {reexecute=0 rethrow=0 return_oop=0}
                      ; - org.apache.xalan.transformer.TransformerImpl::popCurrentMatched@4 (line 2738)
                      ; - org.apache.xalan.templates.ElemApplyTemplates::transformSelectedNodes@846 (line 427)
                      ;   {runtime_call throw_null_pointer_exception Runtime1 stub}
  0x0000707278bfad80: 6c11 07e8 

  0x0000707278bfad84: ; ImmutableOopMap {rdx=Oop rsi=Oop [224]=Oop [232]=Oop [240]=Oop [256]=Oop [280]=Oop [312]=Oop [344]=Oop [360]=Oop [368]=Oop [424]=Oop [432]=Oop [448]=Oop [504]=Oop [544]=Oop }
                      ;*invokevirtual pop {reexecute=0 rethrow=0 return_oop=0}
                      ; - org.apache.xalan.transformer.TransformerImpl::popCurrentMatched@12 (line 2739)
                      ; - org.apache.xalan.templates.ElemApplyTemplates::transformSelectedNodes@846 (line 427)
  0x0000707278bfad84: f86c 1107 

  0x0000707278bfad88: ;   {metadata({method} {0x000063c55055b330} 'transformSelectedNodes' '(Lorg/apache/xalan/transformer/TransformerImpl;)V' in 'org/apache/xalan/templates/ElemApplyTemplates')}
  0x0000707278bfad88: 49ba 30b3 | 5550 c563 | 0000 4c89 | 5424 0848 | c704 2451 

  0x0000707278bfad9c: ;   {runtime_call counter_overflow Runtime1 stub}
  0x0000707278bfad9c: 0300 00e8 

  0x0000707278bfada0: ; ImmutableOopMap {[224]=Oop [232]=Oop [240]=Oop [256]=Oop [280]=Oop [312]=Oop [344]=Oop [360]=Oop [368]=Oop [424]=Oop [432]=Oop [448]=Oop [504]=Oop [544]=Oop }
                      ;*goto {reexecute=1 rethrow=0 return_oop=0}
                      ; - (reexecute) org.apache.xalan.templates.ElemApplyTemplates::transformSelectedNodes@849 (line 429)
  0x0000707278bfada0: dcd6 1107 | e9c2 94ff 

  0x0000707278bfada8: ;   {runtime_call throw_incompatible_class_change_error Runtime1 stub}
  0x0000707278bfada8: ffe8 d29c 

  0x0000707278bfadac: ; ImmutableOopMap {rcx=Oop [224]=Oop [232]=Oop [240]=Oop [256]=Oop [280]=Oop [312]=Oop [344]=Oop [360]=Oop [368]=Oop [424]=Oop [432]=Oop [496]=Oop }
                      ;*invokeinterface dispatchCharactersEvents {reexecute=0 rethrow=0 return_oop=0}
                      ; - org.apache.xalan.templates.ElemApplyTemplates::transformSelectedNodes@517 (line 318)
                      ;   {metadata({method} {0x000063c550656240} 'popCurrentMatched' '()V' in 'org/apache/xalan/transformer/TransformerImpl')}
  0x0000707278bfadac: 1107 49ba | 4062 6550 | c563 0000 | 4c89 5424 | 0848 c704 | 24ff ffff 

  0x0000707278bfadc4: ;   {runtime_call counter_overflow Runtime1 stub}
  0x0000707278bfadc4: ffe8 b6d6 

  0x0000707278bfadc8: ; ImmutableOopMap {[224]=Oop [232]=Oop [240]=Oop [256]=Oop [280]=Oop [312]=Oop [344]=Oop [360]=Oop [368]=Oop [424]=Oop [432]=Oop [448]=Oop [496]=Oop }
                      ;*synchronization entry
                      ; - org.apache.xalan.transformer.TransformerImpl::popCurrentMatched@-1 (line 2738)
                      ; - org.apache.xalan.templates.ElemApplyTemplates::transformSelectedNodes@523 (line 319)
  0x0000707278bfadc8: 1107 e90e 

  0x0000707278bfadcc: ;   {runtime_call throw_null_pointer_exception Runtime1 stub}
  0x0000707278bfadcc: 96ff ffe8 

  0x0000707278bfadd0: ; ImmutableOopMap {rdx=Oop rsi=Oop [224]=Oop [232]=Oop [240]=Oop [256]=Oop [280]=Oop [312]=Oop [344]=Oop [360]=Oop [368]=Oop [424]=Oop [432]=Oop [448]=Oop [496]=Oop }
                      ;*invokevirtual pop {reexecute=0 rethrow=0 return_oop=0}
                      ; - org.apache.xalan.transformer.TransformerImpl::popCurrentMatched@4 (line 2738)
                      ; - org.apache.xalan.templates.ElemApplyTemplates::transformSelectedNodes@523 (line 319)
  0x0000707278bfadd0: ac6c 1107 

  0x0000707278bfadd4: ;   {runtime_call throw_null_pointer_exception Runtime1 stub}
  0x0000707278bfadd4: e8a7 6c11 

  0x0000707278bfadd8: ; ImmutableOopMap {rdx=Oop rsi=Oop [224]=Oop [232]=Oop [240]=Oop [256]=Oop [280]=Oop [312]=Oop [344]=Oop [360]=Oop [368]=Oop [424]=Oop [432]=Oop [448]=Oop [496]=Oop }
                      ;*invokevirtual pop {reexecute=0 rethrow=0 return_oop=0}
                      ; - org.apache.xalan.transformer.TransformerImpl::popCurrentMatched@12 (line 2739)
                      ; - org.apache.xalan.templates.ElemApplyTemplates::transformSelectedNodes@523 (line 319)
                      ;   {metadata({method} {0x000063c55055b330} 'transformSelectedNodes' '(Lorg/apache/xalan/transformer/TransformerImpl;)V' in 'org/apache/xalan/templates/ElemApplyTemplates')}
  0x0000707278bfadd8: 0749 ba30 | b355 50c5 | 6300 004c | 8954 2408 | 48c7 0424 | 0e02 0000 

  0x0000707278bfadf0: ;   {runtime_call counter_overflow Runtime1 stub}
  0x0000707278bfadf0: e88b d611 

  0x0000707278bfadf4: ; ImmutableOopMap {[224]=Oop [232]=Oop [240]=Oop [256]=Oop [280]=Oop [312]=Oop [344]=Oop [360]=Oop [368]=Oop [424]=Oop [432]=Oop [448]=Oop [496]=Oop }
                      ;*goto {reexecute=1 rethrow=0 return_oop=0}
                      ; - (reexecute) org.apache.xalan.templates.ElemApplyTemplates::transformSelectedNodes@526 (line 320)
  0x0000707278bfadf4: 07e9 7196 

  0x0000707278bfadf8: ;   {metadata({method} {0x000063c55055b330} 'transformSelectedNodes' '(Lorg/apache/xalan/transformer/TransformerImpl;)V' in 'org/apache/xalan/templates/ElemApplyTemplates')}
  0x0000707278bfadf8: ffff 49ba | 30b3 5550 | c563 0000 | 4c89 5424 | 0848 c704 | 241b 0200 

  0x0000707278bfae10: ;   {runtime_call counter_overflow Runtime1 stub}
  0x0000707278bfae10: 00e8 6ad6 

  0x0000707278bfae14: ; ImmutableOopMap {[224]=Oop [232]=Oop [240]=Oop [256]=Oop [280]=Oop [312]=Oop [344]=Oop [360]=Oop [368]=Oop [424]=Oop [432]=Oop [448]=Oop [496]=Oop }
                      ;*goto {reexecute=1 rethrow=0 return_oop=0}
                      ; - (reexecute) org.apache.xalan.templates.ElemApplyTemplates::transformSelectedNodes@539 (line 327)
  0x0000707278bfae14: 1107 e9ae 

  0x0000707278bfae18: ;   {metadata(nullptr)}
  0x0000707278bfae18: 96ff ff48 | ba00 0000 | 0000 0000 | 00b8 000f 

  0x0000707278bfae28: ;   {runtime_call load_klass_patching Runtime1 stub}
  0x0000707278bfae28: 050a e851 

  0x0000707278bfae2c: ; ImmutableOopMap {rsi=Oop rbx=Oop [224]=Oop [232]=Oop [240]=Oop [256]=Oop [280]=Oop [312]=Oop [344]=Oop [360]=Oop [368]=Oop [424]=Oop [432]=Oop [440]=Oop [576]=Oop }
                      ;*new {reexecute=1 rethrow=0 return_oop=0}
                      ; - (reexecute) org.apache.xalan.templates.ElemApplyTemplates::transformSelectedNodes@909 (line 438)
  0x0000707278bfae2c: c411 07e9 | 6c97 ffff 

  0x0000707278bfae34: ;   {runtime_call fast_new_instance Runtime1 stub}
  0x0000707278bfae34: 488b d2e8 

  0x0000707278bfae38: ; ImmutableOopMap {rbx=Oop r9=Oop [224]=Oop [232]=Oop [240]=Oop [256]=Oop [280]=Oop [312]=Oop [344]=Oop [360]=Oop [368]=Oop [424]=Oop [432]=Oop [440]=Oop [576]=Oop }
                      ;*new {reexecute=0 rethrow=0 return_oop=0}
                      ; - org.apache.xalan.templates.ElemApplyTemplates::transformSelectedNodes@909 (line 438)
  0x0000707278bfae38: 4475 1107 | e90d 98ff 

  0x0000707278bfae40: ;   {metadata({method} {0x000063c55065bd48} '<init>' '(Lorg/apache/xpath/Expression;)V' in 'org/apache/xpath/XPath')}
  0x0000707278bfae40: ff49 ba48 | bd65 50c5 | 6300 004c | 8954 2408 | 48c7 0424 | ffff ffff 

  0x0000707278bfae58: ;   {runtime_call counter_overflow Runtime1 stub}
  0x0000707278bfae58: e823 d611 

  0x0000707278bfae5c: ; ImmutableOopMap {rbx=Oop r9=Oop rax=Oop rdi=Oop [224]=Oop [232]=Oop [240]=Oop [256]=Oop [280]=Oop [312]=Oop [344]=Oop [360]=Oop [368]=Oop [424]=Oop [432]=Oop [440]=Oop [568]=Oop [576]=Oop }
                      ;*synchronization entry
                      ; - org.apache.xpath.XPath::<init>@-1 (line 277)
                      ; - org.apache.xalan.templates.ElemApplyTemplates::transformSelectedNodes@917 (line 438)
  0x0000707278bfae5c: 07e9 3498 

  0x0000707278bfae60: ;   {metadata({method} {0x000063c55b4791f0} '<init>' '()V' in 'java/lang/Object')}
  0x0000707278bfae60: ffff 49ba | f091 475b | c563 0000 | 4c89 5424 | 0848 c704 | 24ff ffff 

  0x0000707278bfae78: ;   {runtime_call counter_overflow Runtime1 stub}
  0x0000707278bfae78: ffe8 02d6 

  0x0000707278bfae7c: ; ImmutableOopMap {rbx=Oop r9=Oop rax=Oop rdi=Oop [224]=Oop [232]=Oop [240]=Oop [256]=Oop [280]=Oop [312]=Oop [344]=Oop [360]=Oop [368]=Oop [424]=Oop [432]=Oop [440]=Oop [568]=Oop [576]=Oop }
                      ;*synchronization entry
                      ; - java.lang.Object::<init>@-1 (line 45)
                      ; - org.apache.xpath.XPath::<init>@1 (line 277)
                      ; - org.apache.xalan.templates.ElemApplyTemplates::transformSelectedNodes@917 (line 438)
  0x0000707278bfae7c: 1107 e94f 

  0x0000707278bfae80: ;   {metadata({method} {0x000063c55065b6b0} 'setExpression' '(Lorg/apache/xpath/Expression;)V' in 'org/apache/xpath/XPath')}
  0x0000707278bfae80: 98ff ff49 | bab0 b665 | 50c5 6300 | 004c 8954 | 2408 48c7 | 0424 ffff 

  0x0000707278bfae98: ;   {runtime_call counter_overflow Runtime1 stub}
  0x0000707278bfae98: ffff e8e1 

  0x0000707278bfae9c: ; ImmutableOopMap {rbx=Oop r9=Oop rax=Oop rdi=Oop [224]=Oop [232]=Oop [240]=Oop [256]=Oop [280]=Oop [312]=Oop [344]=Oop [360]=Oop [368]=Oop [424]=Oop [432]=Oop [440]=Oop [568]=Oop [576]=Oop }
                      ;*synchronization entry
                      ; - org.apache.xpath.XPath::setExpression@-1 (line 99)
                      ; - org.apache.xpath.XPath::<init>@11 (line 278)
                      ; - org.apache.xalan.templates.ElemApplyTemplates::transformSelectedNodes@917 (line 438)
  0x0000707278bfae9c: d511 07e9 | 7b98 ffff 

  0x0000707278bfaea4: ;   {runtime_call throw_null_pointer_exception Runtime1 stub}
  0x0000707278bfaea4: e8d7 6b11 

  0x0000707278bfaea8: ; ImmutableOopMap {rbx=Oop r9=Oop rax=Oop rdi=Oop rdx=Oop [224]=Oop [232]=Oop [240]=Oop [256]=Oop [280]=Oop [312]=Oop [344]=Oop [360]=Oop [368]=Oop [424]=Oop [432]=Oop [440]=Oop [568]=Oop [576]=Oop }
                      ;*invokevirtual exprGetParent {reexecute=0 rethrow=0 return_oop=0}
                      ; - org.apache.xpath.XPath::setExpression@13 (line 100)
                      ; - org.apache.xpath.XPath::<init>@11 (line 278)
                      ; - org.apache.xalan.templates.ElemApplyTemplates::transformSelectedNodes@917 (line 438)
                      ;   {runtime_call throw_null_pointer_exception Runtime1 stub}
  0x0000707278bfaea8: 07e8 d26b 

  0x0000707278bfaeac: ; ImmutableOopMap {rbx=Oop r9=Oop rax=Oop rdi=Oop r13=Oop [224]=Oop [232]=Oop [240]=Oop [256]=Oop [280]=Oop [312]=Oop [344]=Oop [360]=Oop [368]=Oop [424]=Oop [432]=Oop [440]=Oop [568]=Oop [576]=Oop }
                      ;*invokevirtual exprSetParent {reexecute=0 rethrow=0 return_oop=0}
                      ; - org.apache.xpath.XPath::setExpression@16 (line 100)
                      ; - org.apache.xpath.XPath::<init>@11 (line 278)
                      ; - org.apache.xalan.templates.ElemApplyTemplates::transformSelectedNodes@917 (line 438)
                      ;   {metadata({method} {0x000063c5504cf1d0} 'exprSetParent' '(Lorg/apache/xpath/ExpressionNode;)V' in 'org/apache/xpath/Expression')}
  0x0000707278bfaeac: 1107 49ba | d0f1 4c50 | c563 0000 | 4c89 5424 | 0848 c704 | 24ff ffff 

  0x0000707278bfaec4: ;   {runtime_call counter_overflow Runtime1 stub}
  0x0000707278bfaec4: ffe8 b6d5 

  0x0000707278bfaec8: ; ImmutableOopMap {rbx=Oop r9=Oop rax=Oop rdi=Oop r13=Oop [224]=Oop [232]=Oop [240]=Oop [256]=Oop [280]=Oop [312]=Oop [344]=Oop [360]=Oop [368]=Oop [424]=Oop [432]=Oop [440]=Oop [568]=Oop [576]=Oop }
                      ;*synchronization entry
                      ; - org.apache.xpath.Expression::exprSetParent@-1 (line 476)
                      ; - org.apache.xpath.XPath::setExpression@16 (line 100)
                      ; - org.apache.xpath.XPath::<init>@11 (line 278)
                      ; - org.apache.xalan.templates.ElemApplyTemplates::transformSelectedNodes@917 (line 438)
  0x0000707278bfaec8: 1107 e9d9 

  0x0000707278bfaecc: ;   {metadata({method} {0x000063c55065b470} 'initFunctionTable' '()V' in 'org/apache/xpath/XPath')}
  0x0000707278bfaecc: 99ff ff49 | ba70 b465 | 50c5 6300 | 004c 8954 | 2408 48c7 | 0424 ffff 

  0x0000707278bfaee4: ;   {runtime_call counter_overflow Runtime1 stub}
  0x0000707278bfaee4: ffff e895 

  0x0000707278bfaee8: ; ImmutableOopMap {rax=Oop [224]=Oop [232]=Oop [240]=Oop [256]=Oop [280]=Oop [312]=Oop [344]=Oop [360]=Oop [368]=Oop [424]=Oop [432]=Oop [440]=Oop [568]=Oop [576]=Oop }
                      ;*synchronization entry
                      ; - org.apache.xpath.XPath::initFunctionTable@-1 (line 62)
                      ; - org.apache.xpath.XPath::<init>@15 (line 279)
                      ; - org.apache.xalan.templates.ElemApplyTemplates::transformSelectedNodes@917 (line 438)
  0x0000707278bfaee8: d511 07e9 | 269b ffff 

  0x0000707278bfaef0: ;   {runtime_call fast_new_instance Runtime1 stub}
  0x0000707278bfaef0: 488b d2e8 

  0x0000707278bfaef4: ; ImmutableOopMap {[224]=Oop [232]=Oop [240]=Oop [256]=Oop [280]=Oop [312]=Oop [344]=Oop [360]=Oop [368]=Oop [424]=Oop [432]=Oop [440]=Oop [568]=Oop [576]=Oop }
                      ;*new {reexecute=0 rethrow=0 return_oop=0}
                      ; - org.apache.xpath.XPath::initFunctionTable@1 (line 62)
                      ; - org.apache.xpath.XPath::<init>@15 (line 279)
                      ; - org.apache.xalan.templates.ElemApplyTemplates::transformSelectedNodes@917 (line 438)
  0x0000707278bfaef4: 8874 1107 | e9c4 9bff 

  0x0000707278bfaefc: ;   {metadata(nullptr)}
  0x0000707278bfaefc: ff48 ba00 | 0000 0000 | 0000 00b8 | 000f 050a 

  0x0000707278bfaf0c: ;   {runtime_call load_klass_patching Runtime1 stub}
  0x0000707278bfaf0c: e86f c311 

  0x0000707278bfaf10: ; ImmutableOopMap {[224]=Oop [232]=Oop [240]=Oop [256]=Oop [280]=Oop [312]=Oop [344]=Oop [360]=Oop [368]=Oop [424]=Oop [432]=Oop [440]=Oop [568]=Oop [576]=Oop }
                      ;*new {reexecute=1 rethrow=0 return_oop=0}
                      ; - (reexecute) org.apache.xalan.templates.ElemApplyTemplates::transformSelectedNodes@920 (line 438)
  0x0000707278bfaf10: 07e9 fa9b | ffff 488b 

  0x0000707278bfaf18: ;   {runtime_call fast_new_instance Runtime1 stub}
  0x0000707278bfaf18: d2e8 6274 

  0x0000707278bfaf1c: ; ImmutableOopMap {[224]=Oop [232]=Oop [240]=Oop [256]=Oop [280]=Oop [312]=Oop [344]=Oop [360]=Oop [368]=Oop [424]=Oop [432]=Oop [440]=Oop [568]=Oop [576]=Oop }
                      ;*new {reexecute=0 rethrow=0 return_oop=0}
                      ; - org.apache.xalan.templates.ElemApplyTemplates::transformSelectedNodes@920 (line 438)
  0x0000707278bfaf1c: 1107 e9a0 

  0x0000707278bfaf20: ;   {runtime_call throw_null_pointer_exception Runtime1 stub}
  0x0000707278bfaf20: 9cff ffe8 

  0x0000707278bfaf24: ; ImmutableOopMap {rbx=Oop [224]=Oop [232]=Oop [240]=Oop [256]=Oop [280]=Oop [312]=Oop [344]=Oop [360]=Oop [368]=Oop [424]=Oop [432]=Oop [440]=Oop [568]=Oop [576]=Oop [592]=Oop }
                      ;*invokevirtual fireSelectedEndEvent {reexecute=0 rethrow=0 return_oop=0}
                      ; - org.apache.xalan.templates.ElemApplyTemplates::transformSelectedNodes@929 (line 438)
  0x0000707278bfaf24: 586b 1107 

  0x0000707278bfaf28: ;   {metadata({method} {0x000063c5506aa268} 'popSAXLocator' '()V' in 'org/apache/xpath/XPathContext')}
  0x0000707278bfaf28: 49ba 68a2 | 6a50 c563 | 0000 4c89 | 5424 0848 | c704 24ff 

  0x0000707278bfaf3c: ;   {runtime_call counter_overflow Runtime1 stub}
  0x0000707278bfaf3c: ffff ffe8 

  0x0000707278bfaf40: ; ImmutableOopMap {rdi=Oop [224]=Oop [232]=Oop [240]=Oop [256]=Oop [280]=Oop [312]=Oop [344]=Oop [360]=Oop [368]=Oop [424]=Oop [432]=Oop [440]=Oop }
                      ;*synchronization entry
                      ; - org.apache.xpath.XPathContext::popSAXLocator@-1 (line 434)
                      ; - org.apache.xalan.templates.ElemApplyTemplates::transformSelectedNodes@945 (line 445)
  0x0000707278bfaf40: 3cd5 1107 | e9ef 9dff 

  0x0000707278bfaf48: ;   {runtime_call throw_null_pointer_exception Runtime1 stub}
  0x0000707278bfaf48: ffe8 326b 

  0x0000707278bfaf4c: ; ImmutableOopMap {rdi=Oop rsi=Oop [224]=Oop [232]=Oop [240]=Oop [256]=Oop [280]=Oop [312]=Oop [344]=Oop [360]=Oop [368]=Oop [424]=Oop [432]=Oop [440]=Oop }
                      ;*invokevirtual pop {reexecute=0 rethrow=0 return_oop=0}
                      ; - org.apache.xpath.XPathContext::popSAXLocator@4 (line 434)
                      ; - org.apache.xalan.templates.ElemApplyTemplates::transformSelectedNodes@945 (line 445)
                      ;   {metadata({method} {0x000063c5506aafd0} 'popContextNodeList' '()V' in 'org/apache/xpath/XPathContext')}
  0x0000707278bfaf4c: 1107 49ba | d0af 6a50 | c563 0000 | 4c89 5424 | 0848 c704 | 24ff ffff 

  0x0000707278bfaf64: ;   {runtime_call counter_overflow Runtime1 stub}
  0x0000707278bfaf64: ffe8 16d5 

  0x0000707278bfaf68: ; ImmutableOopMap {rdi=Oop [224]=Oop [232]=Oop [240]=Oop [256]=Oop [280]=Oop [312]=Oop [344]=Oop [360]=Oop [368]=Oop [424]=Oop [432]=Oop [440]=Oop }
                      ;*synchronization entry
                      ; - org.apache.xpath.XPathContext::popContextNodeList@-1 (line 706)
                      ; - org.apache.xalan.templates.ElemApplyTemplates::transformSelectedNodes@954 (line 446)
  0x0000707278bfaf68: 1107 e949 

  0x0000707278bfaf6c: ;   {runtime_call throw_null_pointer_exception Runtime1 stub}
  0x0000707278bfaf6c: 9eff ffe8 

  0x0000707278bfaf70: ; ImmutableOopMap {rdi=Oop rdx=Oop [224]=Oop [232]=Oop [240]=Oop [256]=Oop [280]=Oop [312]=Oop [344]=Oop [360]=Oop [368]=Oop [424]=Oop [432]=Oop [440]=Oop }
                      ;*invokevirtual isEmpty {reexecute=0 rethrow=0 return_oop=0}
                      ; - org.apache.xpath.XPathContext::popContextNodeList@4 (line 706)
                      ; - org.apache.xalan.templates.ElemApplyTemplates::transformSelectedNodes@954 (line 446)
  0x0000707278bfaf70: 0c6b 1107 | 4889 5424 | 0848 8934 

  0x0000707278bfaf7c: ;   {runtime_call monitorenter_nofpu Runtime1 stub}
  0x0000707278bfaf7c: 24e8 fea6 

  0x0000707278bfaf80: ; ImmutableOopMap {rdi=Oop rdx=Oop [224]=Oop [232]=Oop [240]=Oop [256]=Oop [280]=Oop [312]=Oop [344]=Oop [360]=Oop [368]=Oop [424]=Oop [432]=Oop [440]=Oop [992]=Oop }
                      ;*synchronization entry
                      ; - java.util.Vector::isEmpty@-1 (line 316)
                      ; - org.apache.xpath.XPathContext::popContextNodeList@4 (line 706)
                      ; - org.apache.xalan.templates.ElemApplyTemplates::transformSelectedNodes@954 (line 446)
  0x0000707278bfaf80: 1107 e904 

  0x0000707278bfaf84: ;   {metadata({method} {0x000063c5500fff00} 'isEmpty' '()Z' in 'java/util/Vector')}
  0x0000707278bfaf84: 9fff ff49 | ba00 ff0f | 50c5 6300 | 004c 8954 | 2408 48c7 | 0424 ffff 

  0x0000707278bfaf9c: ;   {runtime_call counter_overflow Runtime1 stub}
  0x0000707278bfaf9c: ffff e8dd 

  0x0000707278bfafa0: ; ImmutableOopMap {rdi=Oop rdx=Oop [224]=Oop [232]=Oop [240]=Oop [256]=Oop [280]=Oop [312]=Oop [344]=Oop [360]=Oop [368]=Oop [424]=Oop [432]=Oop [440]=Oop [992]=Oop }
                      ;*synchronization entry
                      ; - java.util.Vector::isEmpty@-1 (line 316)
                      ; - org.apache.xpath.XPathContext::popContextNodeList@4 (line 706)
                      ; - org.apache.xalan.templates.ElemApplyTemplates::transformSelectedNodes@954 (line 446)
  0x0000707278bfafa0: d411 07e9 | 0a9f ffff | 488d 8424 | d803 0000 | 4889 0424 

  0x0000707278bfafb4: ;   {runtime_call monitorexit_nofpu Runtime1 stub}
  0x0000707278bfafb4: e8c7 ac11 | 07e9 749f 

  0x0000707278bfafbc: ;   {runtime_call throw_null_pointer_exception Runtime1 stub}
  0x0000707278bfafbc: ffff e8bd 

  0x0000707278bfafc0: ; ImmutableOopMap {rsi=Oop [224]=Oop [232]=Oop [240]=Oop [256]=Oop [280]=Oop [312]=Oop [344]=Oop [360]=Oop [368]=Oop [424]=Oop [432]=Oop [440]=Oop }
                      ;*invokevirtual println {reexecute=0 rethrow=0 return_oop=0}
                      ; - org.apache.xpath.XPathContext::popContextNodeList@15 (line 707)
                      ; - org.apache.xalan.templates.ElemApplyTemplates::transformSelectedNodes@954 (line 446)
                      ;   {runtime_call throw_null_pointer_exception Runtime1 stub}
  0x0000707278bfafc0: 6a11 07e8 

  0x0000707278bfafc4: ; ImmutableOopMap {rdi=Oop rsi=Oop [224]=Oop [232]=Oop [240]=Oop [256]=Oop [280]=Oop [312]=Oop [344]=Oop [360]=Oop [368]=Oop [424]=Oop [432]=Oop [440]=Oop }
                      ;*invokevirtual pop {reexecute=0 rethrow=0 return_oop=0}
                      ; - org.apache.xpath.XPathContext::popContextNodeList@25 (line 709)
                      ; - org.apache.xalan.templates.ElemApplyTemplates::transformSelectedNodes@954 (line 446)
  0x0000707278bfafc4: b86a 1107 

  0x0000707278bfafc8: ;   {metadata({method} {0x000063c550655c90} 'popElemTemplateElement' '()V' in 'org/apache/xalan/transformer/TransformerImpl')}
  0x0000707278bfafc8: 49ba 905c | 6550 c563 | 0000 4c89 | 5424 0848 | c704 24ff 

  0x0000707278bfafdc: ;   {runtime_call counter_overflow Runtime1 stub}
  0x0000707278bfafdc: ffff ffe8 

  0x0000707278bfafe0: ; ImmutableOopMap {rdx=Oop [224]=Oop [232]=Oop [240]=Oop [256]=Oop [280]=Oop [312]=Oop [344]=Oop [360]=Oop [368]=Oop [424]=Oop [432]=Oop [440]=Oop }
                      ;*synchronization entry
                      ; - org.apache.xalan.transformer.TransformerImpl::popElemTemplateElement@-1 (line 2632)
                      ; - org.apache.xalan.templates.ElemApplyTemplates::transformSelectedNodes@958 (line 447)
  0x0000707278bfafe0: 9cd4 1107 | e9b7 a0ff 

  0x0000707278bfafe8: ;   {runtime_call throw_null_pointer_exception Runtime1 stub}
  0x0000707278bfafe8: ffe8 926a 

  0x0000707278bfafec: ; ImmutableOopMap {rdx=Oop rsi=Oop [224]=Oop [232]=Oop [240]=Oop [256]=Oop [280]=Oop [312]=Oop [344]=Oop [360]=Oop [368]=Oop [424]=Oop [432]=Oop [440]=Oop }
                      ;*invokevirtual pop {reexecute=0 rethrow=0 return_oop=0}
                      ; - org.apache.xalan.transformer.TransformerImpl::popElemTemplateElement@4 (line 2632)
                      ; - org.apache.xalan.templates.ElemApplyTemplates::transformSelectedNodes@958 (line 447)
                      ;   {metadata({method} {0x000063c5506ac060} 'popCurrentExpressionNode' '()V' in 'org/apache/xpath/XPathContext')}
  0x0000707278bfafec: 1107 49ba | 60c0 6a50 | c563 0000 | 4c89 5424 | 0848 c704 | 24ff ffff 

  0x0000707278bfb004: ;   {runtime_call counter_overflow Runtime1 stub}
  0x0000707278bfb004: ffe8 76d4 

  0x0000707278bfb008: ; ImmutableOopMap {[224]=Oop [232]=Oop [240]=Oop [256]=Oop [280]=Oop [312]=Oop [344]=Oop [360]=Oop [368]=Oop [424]=Oop [432]=Oop [440]=Oop }
                      ;*synchronization entry
                      ; - org.apache.xpath.XPathContext::popCurrentExpressionNode@-1 (line 908)
                      ; - org.apache.xalan.templates.ElemApplyTemplates::transformSelectedNodes@962 (line 448)
  0x0000707278bfb008: 1107 e9fe 

  0x0000707278bfb00c: ;   {runtime_call throw_null_pointer_exception Runtime1 stub}
  0x0000707278bfb00c: a0ff ffe8 

  0x0000707278bfb010: ; ImmutableOopMap {rdi=Oop rsi=Oop [224]=Oop [232]=Oop [240]=Oop [256]=Oop [280]=Oop [312]=Oop [344]=Oop [360]=Oop [368]=Oop [424]=Oop [432]=Oop [440]=Oop }
                      ;*invokevirtual quickPop {reexecute=0 rethrow=0 return_oop=0}
                      ; - org.apache.xpath.XPathContext::popCurrentExpressionNode@5 (line 908)
                      ; - org.apache.xalan.templates.ElemApplyTemplates::transformSelectedNodes@962 (line 448)
  0x0000707278bfb010: 6c6a 1107 

  0x0000707278bfb014: ;   {metadata({method} {0x000063c550648710} 'quickPop' '(I)V' in 'org/apache/xml/utils/IntStack')}
  0x0000707278bfb014: 49ba 1087 | 6450 c563 | 0000 4c89 | 5424 0848 | c704 24ff 

  0x0000707278bfb028: ;   {runtime_call counter_overflow Runtime1 stub}
  0x0000707278bfb028: ffff ffe8 

  0x0000707278bfb02c: ; ImmutableOopMap {rdi=Oop rsi=Oop [224]=Oop [232]=Oop [240]=Oop [256]=Oop [280]=Oop [312]=Oop [344]=Oop [360]=Oop [368]=Oop [424]=Oop [432]=Oop [440]=Oop }
                      ;*synchronization entry
                      ; - org.apache.xml.utils.IntStack::quickPop@-1 (line 110)
                      ; - org.apache.xpath.XPathContext::popCurrentExpressionNode@5 (line 908)
                      ; - org.apache.xalan.templates.ElemApplyTemplates::transformSelectedNodes@962 (line 448)
  0x0000707278bfb02c: 50d4 1107 | e921 a1ff 

  0x0000707278bfb034: ;   {metadata({method} {0x000063c5506ab680} 'popCurrentNode' '()V' in 'org/apache/xpath/XPathContext')}
  0x0000707278bfb034: ff49 ba80 | b66a 50c5 | 6300 004c | 8954 2408 | 48c7 0424 | ffff ffff 

  0x0000707278bfb04c: ;   {runtime_call counter_overflow Runtime1 stub}
  0x0000707278bfb04c: e82f d411 

  0x0000707278bfb050: ; ImmutableOopMap {rdi=Oop [224]=Oop [232]=Oop [240]=Oop [256]=Oop [280]=Oop [312]=Oop [344]=Oop [360]=Oop [368]=Oop [424]=Oop [432]=Oop [440]=Oop }
                      ;*synchronization entry
                      ; - org.apache.xpath.XPathContext::popCurrentNode@-1 (line 801)
                      ; - org.apache.xalan.templates.ElemApplyTemplates::transformSelectedNodes@966 (line 449)
  0x0000707278bfb050: 07e9 44a1 

  0x0000707278bfb054: ;   {runtime_call throw_null_pointer_exception Runtime1 stub}
  0x0000707278bfb054: ffff e825 

  0x0000707278bfb058: ; ImmutableOopMap {rdi=Oop rsi=Oop [224]=Oop [232]=Oop [240]=Oop [256]=Oop [280]=Oop [312]=Oop [344]=Oop [360]=Oop [368]=Oop [424]=Oop [432]=Oop [440]=Oop }
                      ;*invokevirtual quickPop {reexecute=0 rethrow=0 return_oop=0}
                      ; - org.apache.xpath.XPathContext::popCurrentNode@5 (line 801)
                      ; - org.apache.xalan.templates.ElemApplyTemplates::transformSelectedNodes@966 (line 449)
                      ;   {metadata({method} {0x000063c550648710} 'quickPop' '(I)V' in 'org/apache/xml/utils/IntStack')}
  0x0000707278bfb058: 6a11 0749 | ba10 8764 | 50c5 6300 | 004c 8954 | 2408 48c7 | 0424 ffff 

  0x0000707278bfb070: ;   {runtime_call counter_overflow Runtime1 stub}
  0x0000707278bfb070: ffff e809 

  0x0000707278bfb074: ; ImmutableOopMap {rdi=Oop rsi=Oop [224]=Oop [232]=Oop [240]=Oop [256]=Oop [280]=Oop [312]=Oop [344]=Oop [360]=Oop [368]=Oop [424]=Oop [432]=Oop [440]=Oop }
                      ;*synchronization entry
                      ; - org.apache.xml.utils.IntStack::quickPop@-1 (line 110)
                      ; - org.apache.xpath.XPathContext::popCurrentNode@5 (line 801)
                      ; - org.apache.xalan.templates.ElemApplyTemplates::transformSelectedNodes@966 (line 449)
  0x0000707278bfb074: d411 07e9 | 5fa1 ffff 

  0x0000707278bfb07c: ;   {runtime_call fast_new_instance Runtime1 stub}
  0x0000707278bfb07c: 488b d2e8 

  0x0000707278bfb080: ; ImmutableOopMap {rbx=Oop r8=Oop [224]=Oop [232]=Oop [240]=Oop [256]=Oop [280]=Oop [312]=Oop [344]=Oop [360]=Oop [368]=Oop [424]=Oop [432]=Oop [448]=Oop [504]=Oop [544]=Oop }
                      ;*new {reexecute=0 rethrow=0 return_oop=0}
                      ; - org.apache.xalan.templates.ElemApplyTemplates::transformSelectedNodes@864 (line 433)
  0x0000707278bfb080: fc72 1107 | e922 a3ff 

  0x0000707278bfb088: ;   {runtime_call throw_null_pointer_exception Runtime1 stub}
  0x0000707278bfb088: ffe8 f269 

  0x0000707278bfb08c: ; ImmutableOopMap {r8=Oop [224]=Oop [232]=Oop [240]=Oop [256]=Oop [280]=Oop [312]=Oop [344]=Oop [360]=Oop [368]=Oop [424]=Oop [432]=Oop [448]=Oop [504]=Oop [544]=Oop [608]=Oop }
                      ;*invokeinterface fatalError {reexecute=0 rethrow=0 return_oop=0}
                      ; - org.apache.xalan.templates.ElemApplyTemplates::transformSelectedNodes@873 (line 433)
                      ;   {metadata(nullptr)}
  0x0000707278bfb08c: 1107 48ba | 0000 0000 | 0000 0000 | b800 0f05 

  0x0000707278bfb09c: ;   {runtime_call load_klass_patching Runtime1 stub}
  0x0000707278bfb09c: 0ae8 dec1 

  0x0000707278bfb0a0: ; ImmutableOopMap {rsi=Oop rbx=Oop [224]=Oop [232]=Oop [240]=Oop [256]=Oop [280]=Oop [312]=Oop [344]=Oop [360]=Oop [368]=Oop [424]=Oop [432]=Oop [448]=Oop [504]=Oop [544]=Oop }
                      ;*new {reexecute=1 rethrow=0 return_oop=0}
                      ; - (reexecute) org.apache.xalan.templates.ElemApplyTemplates::transformSelectedNodes@909 (line 438)
  0x0000707278bfb0a0: 1107 e989 | a4ff ff48 

  0x0000707278bfb0a8: ;   {runtime_call fast_new_instance Runtime1 stub}
  0x0000707278bfb0a8: 8bd2 e8d1 

  0x0000707278bfb0ac: ; ImmutableOopMap {rbx=Oop r9=Oop [224]=Oop [232]=Oop [240]=Oop [256]=Oop [280]=Oop [312]=Oop [344]=Oop [360]=Oop [368]=Oop [424]=Oop [432]=Oop [448]=Oop [504]=Oop [544]=Oop }
                      ;*new {reexecute=0 rethrow=0 return_oop=0}
                      ; - org.apache.xalan.templates.ElemApplyTemplates::transformSelectedNodes@909 (line 438)
  0x0000707278bfb0ac: 7211 07e9 | 2aa5 ffff 

  0x0000707278bfb0b4: ;   {metadata({method} {0x000063c55065bd48} '<init>' '(Lorg/apache/xpath/Expression;)V' in 'org/apache/xpath/XPath')}
  0x0000707278bfb0b4: 49ba 48bd | 6550 c563 | 0000 4c89 | 5424 0848 | c704 24ff 

  0x0000707278bfb0c8: ;   {runtime_call counter_overflow Runtime1 stub}
  0x0000707278bfb0c8: ffff ffe8 

  0x0000707278bfb0cc: ; ImmutableOopMap {rbx=Oop r9=Oop rax=Oop rdx=Oop [224]=Oop [232]=Oop [240]=Oop [256]=Oop [280]=Oop [312]=Oop [344]=Oop [360]=Oop [368]=Oop [424]=Oop [432]=Oop [448]=Oop [504]=Oop [544]=Oop [616]=Oop }
                      ;*synchronization entry
                      ; - org.apache.xpath.XPath::<init>@-1 (line 277)
                      ; - org.apache.xalan.templates.ElemApplyTemplates::transformSelectedNodes@917 (line 438)
  0x0000707278bfb0cc: b0d3 1107 | e951 a5ff 

  0x0000707278bfb0d4: ;   {metadata({method} {0x000063c55b4791f0} '<init>' '()V' in 'java/lang/Object')}
  0x0000707278bfb0d4: ff49 baf0 | 9147 5bc5 | 6300 004c | 8954 2408 | 48c7 0424 | ffff ffff 

  0x0000707278bfb0ec: ;   {runtime_call counter_overflow Runtime1 stub}
  0x0000707278bfb0ec: e88f d311 

  0x0000707278bfb0f0: ; ImmutableOopMap {rbx=Oop r9=Oop rax=Oop rdx=Oop [224]=Oop [232]=Oop [240]=Oop [256]=Oop [280]=Oop [312]=Oop [344]=Oop [360]=Oop [368]=Oop [424]=Oop [432]=Oop [448]=Oop [504]=Oop [544]=Oop [616]=Oop }
                      ;*synchronization entry
                      ; - java.lang.Object::<init>@-1 (line 45)
                      ; - org.apache.xpath.XPath::<init>@1 (line 277)
                      ; - org.apache.xalan.templates.ElemApplyTemplates::transformSelectedNodes@917 (line 438)
  0x0000707278bfb0f0: 07e9 6ca5 

  0x0000707278bfb0f4: ;   {metadata({method} {0x000063c55065b470} 'initFunctionTable' '()V' in 'org/apache/xpath/XPath')}
  0x0000707278bfb0f4: ffff 49ba | 70b4 6550 | c563 0000 | 4c89 5424 | 0848 c704 | 24ff ffff 

  0x0000707278bfb10c: ;   {runtime_call counter_overflow Runtime1 stub}
  0x0000707278bfb10c: ffe8 6ed3 

  0x0000707278bfb110: ; ImmutableOopMap {[224]=Oop [232]=Oop [240]=Oop [256]=Oop [280]=Oop [312]=Oop [344]=Oop [360]=Oop [368]=Oop [424]=Oop [432]=Oop [448]=Oop [504]=Oop [544]=Oop [616]=Oop [624]=Oop }
                      ;*synchronization entry
                      ; - org.apache.xpath.XPath::initFunctionTable@-1 (line 62)
                      ; - org.apache.xpath.XPath::<init>@15 (line 279)
                      ; - org.apache.xalan.templates.ElemApplyTemplates::transformSelectedNodes@917 (line 438)
  0x0000707278bfb110: 1107 e9ce | a5ff ff48 

  0x0000707278bfb118: ;   {runtime_call fast_new_instance Runtime1 stub}
  0x0000707278bfb118: 8bd2 e861 

  0x0000707278bfb11c: ; ImmutableOopMap {[224]=Oop [232]=Oop [240]=Oop [256]=Oop [280]=Oop [312]=Oop [344]=Oop [360]=Oop [368]=Oop [424]=Oop [432]=Oop [448]=Oop [504]=Oop [544]=Oop [616]=Oop [624]=Oop }
                      ;*new {reexecute=0 rethrow=0 return_oop=0}
                      ; - org.apache.xpath.XPath::initFunctionTable@1 (line 62)
                      ; - org.apache.xpath.XPath::<init>@15 (line 279)
                      ; - org.apache.xalan.templates.ElemApplyTemplates::transformSelectedNodes@917 (line 438)
  0x0000707278bfb11c: 7211 07e9 | 6ca6 ffff 

  0x0000707278bfb124: ;   {metadata(nullptr)}
  0x0000707278bfb124: 48ba 0000 | 0000 0000 | 0000 b800 

  0x0000707278bfb130: ;   {runtime_call load_klass_patching Runtime1 stub}
  0x0000707278bfb130: 0f05 0ae8 

  0x0000707278bfb134: ; ImmutableOopMap {rbx=Oop [224]=Oop [232]=Oop [240]=Oop [256]=Oop [280]=Oop [312]=Oop [344]=Oop [360]=Oop [368]=Oop [424]=Oop [432]=Oop [448]=Oop [504]=Oop [544]=Oop [616]=Oop [624]=Oop }
                      ;*new {reexecute=1 rethrow=0 return_oop=0}
                      ; - (reexecute) org.apache.xalan.templates.ElemApplyTemplates::transformSelectedNodes@920 (line 438)
  0x0000707278bfb134: 48c1 1107 | e9a3 a6ff | ff48 8bd2 

  0x0000707278bfb140: ;   {runtime_call fast_new_instance Runtime1 stub}
  0x0000707278bfb140: e83b 7211 

  0x0000707278bfb144: ; ImmutableOopMap {rbx=Oop [224]=Oop [232]=Oop [240]=Oop [256]=Oop [280]=Oop [312]=Oop [344]=Oop [360]=Oop [368]=Oop [424]=Oop [432]=Oop [448]=Oop [504]=Oop [544]=Oop [616]=Oop [624]=Oop }
                      ;*new {reexecute=0 rethrow=0 return_oop=0}
                      ; - org.apache.xalan.templates.ElemApplyTemplates::transformSelectedNodes@920 (line 438)
  0x0000707278bfb144: 07e9 49a7 

  0x0000707278bfb148: ;   {runtime_call throw_null_pointer_exception Runtime1 stub}
  0x0000707278bfb148: ffff e831 

  0x0000707278bfb14c: ; ImmutableOopMap {rbx=Oop [224]=Oop [232]=Oop [240]=Oop [256]=Oop [280]=Oop [312]=Oop [344]=Oop [360]=Oop [368]=Oop [424]=Oop [432]=Oop [448]=Oop [504]=Oop [544]=Oop [616]=Oop [640]=Oop }
                      ;*invokevirtual fireSelectedEndEvent {reexecute=0 rethrow=0 return_oop=0}
                      ; - org.apache.xalan.templates.ElemApplyTemplates::transformSelectedNodes@929 (line 438)
                      ;   {metadata({method} {0x000063c5506aa268} 'popSAXLocator' '()V' in 'org/apache/xpath/XPathContext')}
  0x0000707278bfb14c: 6911 0749 | ba68 a26a | 50c5 6300 | 004c 8954 | 2408 48c7 | 0424 ffff 

  0x0000707278bfb164: ;   {runtime_call counter_overflow Runtime1 stub}
  0x0000707278bfb164: ffff e815 

  0x0000707278bfb168: ; ImmutableOopMap {rdi=Oop [224]=Oop [232]=Oop [240]=Oop [256]=Oop [280]=Oop [312]=Oop [344]=Oop [360]=Oop [368]=Oop [424]=Oop [432]=Oop [448]=Oop [504]=Oop [544]=Oop }
                      ;*synchronization entry
                      ; - org.apache.xpath.XPathContext::popSAXLocator@-1 (line 434)
                      ; - org.apache.xalan.templates.ElemApplyTemplates::transformSelectedNodes@945 (line 445)
  0x0000707278bfb168: d311 07e9 | 98a8 ffff 

  0x0000707278bfb170: ;   {runtime_call throw_null_pointer_exception Runtime1 stub}
  0x0000707278bfb170: e80b 6911 

  0x0000707278bfb174: ; ImmutableOopMap {rdi=Oop rsi=Oop [224]=Oop [232]=Oop [240]=Oop [256]=Oop [280]=Oop [312]=Oop [344]=Oop [360]=Oop [368]=Oop [424]=Oop [432]=Oop [448]=Oop [504]=Oop [544]=Oop }
                      ;*invokevirtual pop {reexecute=0 rethrow=0 return_oop=0}
                      ; - org.apache.xpath.XPathContext::popSAXLocator@4 (line 434)
                      ; - org.apache.xalan.templates.ElemApplyTemplates::transformSelectedNodes@945 (line 445)
                      ;   {metadata({method} {0x000063c550655c90} 'popElemTemplateElement' '()V' in 'org/apache/xalan/transformer/TransformerImpl')}
  0x0000707278bfb174: 0749 ba90 | 5c65 50c5 | 6300 004c | 8954 2408 | 48c7 0424 | ffff ffff 

  0x0000707278bfb18c: ;   {runtime_call counter_overflow Runtime1 stub}
  0x0000707278bfb18c: e8ef d211 

  0x0000707278bfb190: ; ImmutableOopMap {rdx=Oop [224]=Oop [232]=Oop [240]=Oop [256]=Oop [280]=Oop [312]=Oop [344]=Oop [360]=Oop [368]=Oop [424]=Oop [432]=Oop [448]=Oop [504]=Oop [544]=Oop }
                      ;*synchronization entry
                      ; - org.apache.xalan.transformer.TransformerImpl::popElemTemplateElement@-1 (line 2632)
                      ; - org.apache.xalan.templates.ElemApplyTemplates::transformSelectedNodes@958 (line 447)
  0x0000707278bfb190: 07e9 22a9 

  0x0000707278bfb194: ;   {runtime_call throw_null_pointer_exception Runtime1 stub}
  0x0000707278bfb194: ffff e8e5 

  0x0000707278bfb198: ; ImmutableOopMap {rdx=Oop rsi=Oop [224]=Oop [232]=Oop [240]=Oop [256]=Oop [280]=Oop [312]=Oop [344]=Oop [360]=Oop [368]=Oop [424]=Oop [432]=Oop [448]=Oop [504]=Oop [544]=Oop }
                      ;*invokevirtual pop {reexecute=0 rethrow=0 return_oop=0}
                      ; - org.apache.xalan.transformer.TransformerImpl::popElemTemplateElement@4 (line 2632)
                      ; - org.apache.xalan.templates.ElemApplyTemplates::transformSelectedNodes@958 (line 447)
                      ;   {metadata({method} {0x000063c5506ac060} 'popCurrentExpressionNode' '()V' in 'org/apache/xpath/XPathContext')}
  0x0000707278bfb198: 6811 0749 | ba60 c06a | 50c5 6300 | 004c 8954 | 2408 48c7 | 0424 ffff 

  0x0000707278bfb1b0: ;   {runtime_call counter_overflow Runtime1 stub}
  0x0000707278bfb1b0: ffff e8c9 

  0x0000707278bfb1b4: ; ImmutableOopMap {[224]=Oop [232]=Oop [240]=Oop [256]=Oop [280]=Oop [312]=Oop [344]=Oop [360]=Oop [368]=Oop [424]=Oop [432]=Oop [448]=Oop [504]=Oop [544]=Oop }
                      ;*synchronization entry
                      ; - org.apache.xpath.XPathContext::popCurrentExpressionNode@-1 (line 908)
                      ; - org.apache.xalan.templates.ElemApplyTemplates::transformSelectedNodes@962 (line 448)
  0x0000707278bfb1b4: d211 07e9 | 69a9 ffff 

  0x0000707278bfb1bc: ;   {runtime_call throw_null_pointer_exception Runtime1 stub}
  0x0000707278bfb1bc: e8bf 6811 

  0x0000707278bfb1c0: ; ImmutableOopMap {rdi=Oop rsi=Oop [224]=Oop [232]=Oop [240]=Oop [256]=Oop [280]=Oop [312]=Oop [344]=Oop [360]=Oop [368]=Oop [424]=Oop [432]=Oop [448]=Oop [504]=Oop [544]=Oop }
                      ;*invokevirtual quickPop {reexecute=0 rethrow=0 return_oop=0}
                      ; - org.apache.xpath.XPathContext::popCurrentExpressionNode@5 (line 908)
                      ; - org.apache.xalan.templates.ElemApplyTemplates::transformSelectedNodes@962 (line 448)
                      ;   {metadata({method} {0x000063c550648710} 'quickPop' '(I)V' in 'org/apache/xml/utils/IntStack')}
  0x0000707278bfb1c0: 0749 ba10 | 8764 50c5 | 6300 004c | 8954 2408 | 48c7 0424 | ffff ffff 

  0x0000707278bfb1d8: ;   {runtime_call counter_overflow Runtime1 stub}
  0x0000707278bfb1d8: e8a3 d211 

  0x0000707278bfb1dc: ; ImmutableOopMap {rdi=Oop rsi=Oop [224]=Oop [232]=Oop [240]=Oop [256]=Oop [280]=Oop [312]=Oop [344]=Oop [360]=Oop [368]=Oop [424]=Oop [432]=Oop [448]=Oop [504]=Oop [544]=Oop }
                      ;*synchronization entry
                      ; - org.apache.xml.utils.IntStack::quickPop@-1 (line 110)
                      ; - org.apache.xpath.XPathContext::popCurrentExpressionNode@5 (line 908)
                      ; - org.apache.xalan.templates.ElemApplyTemplates::transformSelectedNodes@962 (line 448)
  0x0000707278bfb1dc: 07e9 8ca9 

  0x0000707278bfb1e0: ;   {metadata({method} {0x000063c5506ab680} 'popCurrentNode' '()V' in 'org/apache/xpath/XPathContext')}
  0x0000707278bfb1e0: ffff 49ba | 80b6 6a50 | c563 0000 | 4c89 5424 | 0848 c704 | 24ff ffff 

  0x0000707278bfb1f8: ;   {runtime_call counter_overflow Runtime1 stub}
  0x0000707278bfb1f8: ffe8 82d2 

  0x0000707278bfb1fc: ; ImmutableOopMap {rdi=Oop [224]=Oop [232]=Oop [240]=Oop [256]=Oop [280]=Oop [312]=Oop [344]=Oop [360]=Oop [368]=Oop [424]=Oop [432]=Oop [448]=Oop [504]=Oop [544]=Oop }
                      ;*synchronization entry
                      ; - org.apache.xpath.XPathContext::popCurrentNode@-1 (line 801)
                      ; - org.apache.xalan.templates.ElemApplyTemplates::transformSelectedNodes@966 (line 449)
  0x0000707278bfb1fc: 1107 e9af 

  0x0000707278bfb200: ;   {runtime_call throw_null_pointer_exception Runtime1 stub}
  0x0000707278bfb200: a9ff ffe8 

  0x0000707278bfb204: ; ImmutableOopMap {rdi=Oop rsi=Oop [224]=Oop [232]=Oop [240]=Oop [256]=Oop [280]=Oop [312]=Oop [344]=Oop [360]=Oop [368]=Oop [424]=Oop [432]=Oop [448]=Oop [504]=Oop [544]=Oop }
                      ;*invokevirtual quickPop {reexecute=0 rethrow=0 return_oop=0}
                      ; - org.apache.xpath.XPathContext::popCurrentNode@5 (line 801)
                      ; - org.apache.xalan.templates.ElemApplyTemplates::transformSelectedNodes@966 (line 449)
  0x0000707278bfb204: 7868 1107 

  0x0000707278bfb208: ;   {metadata({method} {0x000063c550648710} 'quickPop' '(I)V' in 'org/apache/xml/utils/IntStack')}
  0x0000707278bfb208: 49ba 1087 | 6450 c563 | 0000 4c89 | 5424 0848 | c704 24ff 

  0x0000707278bfb21c: ;   {runtime_call counter_overflow Runtime1 stub}
  0x0000707278bfb21c: ffff ffe8 

  0x0000707278bfb220: ; ImmutableOopMap {rdi=Oop rsi=Oop [224]=Oop [232]=Oop [240]=Oop [256]=Oop [280]=Oop [312]=Oop [344]=Oop [360]=Oop [368]=Oop [424]=Oop [432]=Oop [448]=Oop [504]=Oop [544]=Oop }
                      ;*synchronization entry
                      ; - org.apache.xml.utils.IntStack::quickPop@-1 (line 110)
                      ; - org.apache.xpath.XPathContext::popCurrentNode@5 (line 801)
                      ; - org.apache.xalan.templates.ElemApplyTemplates::transformSelectedNodes@966 (line 449)
  0x0000707278bfb220: 5cd2 1107 | e9ca a9ff 

  0x0000707278bfb228: ;   {metadata(nullptr)}
  0x0000707278bfb228: ff48 ba00 | 0000 0000 | 0000 00b8 | 000f 050a 

  0x0000707278bfb238: ;   {runtime_call load_klass_patching Runtime1 stub}
  0x0000707278bfb238: e843 c011 

  0x0000707278bfb23c: ; ImmutableOopMap {rsi=Oop rbx=Oop [224]=Oop [232]=Oop [240]=Oop [256]=Oop [280]=Oop [312]=Oop [344]=Oop [360]=Oop [368]=Oop [424]=Oop [432]=Oop [448]=Oop [504]=Oop [544]=Oop [664]=Oop }
                      ;*new {reexecute=1 rethrow=0 return_oop=0}
                      ; - (reexecute) org.apache.xalan.templates.ElemApplyTemplates::transformSelectedNodes@909 (line 438)
  0x0000707278bfb23c: 07e9 26ab | ffff 488b 

  0x0000707278bfb244: ;   {runtime_call fast_new_instance Runtime1 stub}
  0x0000707278bfb244: d2e8 3671 

  0x0000707278bfb248: ; ImmutableOopMap {rbx=Oop r9=Oop [224]=Oop [232]=Oop [240]=Oop [256]=Oop [280]=Oop [312]=Oop [344]=Oop [360]=Oop [368]=Oop [424]=Oop [432]=Oop [448]=Oop [504]=Oop [544]=Oop [664]=Oop }
                      ;*new {reexecute=0 rethrow=0 return_oop=0}
                      ; - org.apache.xalan.templates.ElemApplyTemplates::transformSelectedNodes@909 (line 438)
  0x0000707278bfb248: 1107 e9c7 

  0x0000707278bfb24c: ;   {metadata({method} {0x000063c55065bd48} '<init>' '(Lorg/apache/xpath/Expression;)V' in 'org/apache/xpath/XPath')}
  0x0000707278bfb24c: abff ff49 | ba48 bd65 | 50c5 6300 | 004c 8954 | 2408 48c7 | 0424 ffff 

  0x0000707278bfb264: ;   {runtime_call counter_overflow Runtime1 stub}
  0x0000707278bfb264: ffff e815 

  0x0000707278bfb268: ; ImmutableOopMap {rbx=Oop r9=Oop rax=Oop rdx=Oop [224]=Oop [232]=Oop [240]=Oop [256]=Oop [280]=Oop [312]=Oop [344]=Oop [360]=Oop [368]=Oop [424]=Oop [432]=Oop [448]=Oop [504]=Oop [544]=Oop [648]=Oop [664]=Oop }
                      ;*synchronization entry
                      ; - org.apache.xpath.XPath::<init>@-1 (line 277)
                      ; - org.apache.xalan.templates.ElemApplyTemplates::transformSelectedNodes@917 (line 438)
  0x0000707278bfb268: d211 07e9 | eeab ffff 

  0x0000707278bfb270: ;   {metadata({method} {0x000063c55b4791f0} '<init>' '()V' in 'java/lang/Object')}
  0x0000707278bfb270: 49ba f091 | 475b c563 | 0000 4c89 | 5424 0848 | c704 24ff 

  0x0000707278bfb284: ;   {runtime_call counter_overflow Runtime1 stub}
  0x0000707278bfb284: ffff ffe8 

  0x0000707278bfb288: ; ImmutableOopMap {rbx=Oop r9=Oop rax=Oop rdx=Oop [224]=Oop [232]=Oop [240]=Oop [256]=Oop [280]=Oop [312]=Oop [344]=Oop [360]=Oop [368]=Oop [424]=Oop [432]=Oop [448]=Oop [504]=Oop [544]=Oop [648]=Oop [664]=Oop }
                      ;*synchronization entry
                      ; - java.lang.Object::<init>@-1 (line 45)
                      ; - org.apache.xpath.XPath::<init>@1 (line 277)
                      ; - org.apache.xalan.templates.ElemApplyTemplates::transformSelectedNodes@917 (line 438)
  0x0000707278bfb288: f4d1 1107 | e909 acff 

  0x0000707278bfb290: ;   {metadata({method} {0x000063c55065b470} 'initFunctionTable' '()V' in 'org/apache/xpath/XPath')}
  0x0000707278bfb290: ff49 ba70 | b465 50c5 | 6300 004c | 8954 2408 | 48c7 0424 | ffff ffff 

  0x0000707278bfb2a8: ;   {runtime_call counter_overflow Runtime1 stub}
  0x0000707278bfb2a8: e8d3 d111 

  0x0000707278bfb2ac: ; ImmutableOopMap {[224]=Oop [232]=Oop [240]=Oop [256]=Oop [280]=Oop [312]=Oop [344]=Oop [360]=Oop [368]=Oop [424]=Oop [432]=Oop [448]=Oop [504]=Oop [544]=Oop [648]=Oop [656]=Oop [664]=Oop }
                      ;*synchronization entry
                      ; - org.apache.xpath.XPath::initFunctionTable@-1 (line 62)
                      ; - org.apache.xpath.XPath::<init>@15 (line 279)
                      ; - org.apache.xalan.templates.ElemApplyTemplates::transformSelectedNodes@917 (line 438)
  0x0000707278bfb2ac: 07e9 6bac | ffff 488b 

  0x0000707278bfb2b4: ;   {runtime_call fast_new_instance Runtime1 stub}
  0x0000707278bfb2b4: d2e8 c670 

  0x0000707278bfb2b8: ; ImmutableOopMap {[224]=Oop [232]=Oop [240]=Oop [256]=Oop [280]=Oop [312]=Oop [344]=Oop [360]=Oop [368]=Oop [424]=Oop [432]=Oop [448]=Oop [504]=Oop [544]=Oop [648]=Oop [656]=Oop [664]=Oop }
                      ;*new {reexecute=0 rethrow=0 return_oop=0}
                      ; - org.apache.xpath.XPath::initFunctionTable@1 (line 62)
                      ; - org.apache.xpath.XPath::<init>@15 (line 279)
                      ; - org.apache.xalan.templates.ElemApplyTemplates::transformSelectedNodes@917 (line 438)
  0x0000707278bfb2b8: 1107 e909 

  0x0000707278bfb2bc: ;   {metadata(nullptr)}
  0x0000707278bfb2bc: adff ff48 | ba00 0000 | 0000 0000 | 00b8 000f 

  0x0000707278bfb2cc: ;   {runtime_call load_klass_patching Runtime1 stub}
  0x0000707278bfb2cc: 050a e8ad 

  0x0000707278bfb2d0: ; ImmutableOopMap {rbx=Oop [224]=Oop [232]=Oop [240]=Oop [256]=Oop [280]=Oop [312]=Oop [344]=Oop [360]=Oop [368]=Oop [424]=Oop [432]=Oop [448]=Oop [504]=Oop [544]=Oop [648]=Oop [656]=Oop [664]=Oop }
                      ;*new {reexecute=1 rethrow=0 return_oop=0}
                      ; - (reexecute) org.apache.xalan.templates.ElemApplyTemplates::transformSelectedNodes@920 (line 438)
  0x0000707278bfb2d0: bf11 07e9 | 40ad ffff 

  0x0000707278bfb2d8: ;   {runtime_call fast_new_instance Runtime1 stub}
  0x0000707278bfb2d8: 488b d2e8 

  0x0000707278bfb2dc: ; ImmutableOopMap {rbx=Oop [224]=Oop [232]=Oop [240]=Oop [256]=Oop [280]=Oop [312]=Oop [344]=Oop [360]=Oop [368]=Oop [424]=Oop [432]=Oop [448]=Oop [504]=Oop [544]=Oop [648]=Oop [656]=Oop [664]=Oop }
                      ;*new {reexecute=0 rethrow=0 return_oop=0}
                      ; - org.apache.xalan.templates.ElemApplyTemplates::transformSelectedNodes@920 (line 438)
  0x0000707278bfb2dc: a070 1107 | e9e6 adff 

  0x0000707278bfb2e4: ;   {runtime_call throw_null_pointer_exception Runtime1 stub}
  0x0000707278bfb2e4: ffe8 9667 

  0x0000707278bfb2e8: ; ImmutableOopMap {rbx=Oop [224]=Oop [232]=Oop [240]=Oop [256]=Oop [280]=Oop [312]=Oop [344]=Oop [360]=Oop [368]=Oop [424]=Oop [432]=Oop [448]=Oop [504]=Oop [544]=Oop [648]=Oop [664]=Oop [680]=Oop }
                      ;*invokevirtual fireSelectedEndEvent {reexecute=0 rethrow=0 return_oop=0}
                      ; - org.apache.xalan.templates.ElemApplyTemplates::transformSelectedNodes@929 (line 438)
                      ;   {metadata({method} {0x000063c5506aa268} 'popSAXLocator' '()V' in 'org/apache/xpath/XPathContext')}
  0x0000707278bfb2e8: 1107 49ba | 68a2 6a50 | c563 0000 | 4c89 5424 | 0848 c704 | 24ff ffff 

  0x0000707278bfb300: ;   {runtime_call counter_overflow Runtime1 stub}
  0x0000707278bfb300: ffe8 7ad1 

  0x0000707278bfb304: ; ImmutableOopMap {rdi=Oop [224]=Oop [232]=Oop [240]=Oop [256]=Oop [280]=Oop [312]=Oop [344]=Oop [360]=Oop [368]=Oop [424]=Oop [432]=Oop [448]=Oop [504]=Oop [544]=Oop [664]=Oop }
                      ;*synchronization entry
                      ; - org.apache.xpath.XPathContext::popSAXLocator@-1 (line 434)
                      ; - org.apache.xalan.templates.ElemApplyTemplates::transformSelectedNodes@945 (line 445)
  0x0000707278bfb304: 1107 e935 

  0x0000707278bfb308: ;   {runtime_call throw_null_pointer_exception Runtime1 stub}
  0x0000707278bfb308: afff ffe8 

  0x0000707278bfb30c: ; ImmutableOopMap {rdi=Oop rsi=Oop [224]=Oop [232]=Oop [240]=Oop [256]=Oop [280]=Oop [312]=Oop [344]=Oop [360]=Oop [368]=Oop [424]=Oop [432]=Oop [448]=Oop [504]=Oop [544]=Oop [664]=Oop }
                      ;*invokevirtual pop {reexecute=0 rethrow=0 return_oop=0}
                      ; - org.apache.xpath.XPathContext::popSAXLocator@4 (line 434)
                      ; - org.apache.xalan.templates.ElemApplyTemplates::transformSelectedNodes@945 (line 445)
  0x0000707278bfb30c: 7067 1107 

  0x0000707278bfb310: ;   {internal_word}
  0x0000707278bfb310: 49ba 0163 | bf78 7270 | 0000 4d89 | 9780 0700 

  0x0000707278bfb320: ;   {runtime_call SafepointBlob}
  0x0000707278bfb320: 00e9 da00 

  0x0000707278bfb324: ;   {internal_word}
  0x0000707278bfb324: 0707 49ba | 2763 bf78 | 7270 0000 | 4d89 9780 

  0x0000707278bfb334: ;   {runtime_call SafepointBlob}
  0x0000707278bfb334: 0700 00e9 | c400 0707 

  0x0000707278bfb33c: ;   {metadata({method} {0x000063c550655c90} 'popElemTemplateElement' '()V' in 'org/apache/xalan/transformer/TransformerImpl')}
  0x0000707278bfb33c: 49ba 905c | 6550 c563 | 0000 4c89 | 5424 0848 | c704 24ff 

  0x0000707278bfb350: ;   {runtime_call counter_overflow Runtime1 stub}
  0x0000707278bfb350: ffff ffe8 

  0x0000707278bfb354: ; ImmutableOopMap {rdx=Oop [224]=Oop [232]=Oop [240]=Oop [256]=Oop [280]=Oop [312]=Oop [344]=Oop [360]=Oop [368]=Oop [424]=Oop [432]=Oop [448]=Oop [504]=Oop [544]=Oop [688]=Oop }
                      ;*synchronization entry
                      ; - org.apache.xalan.transformer.TransformerImpl::popElemTemplateElement@-1 (line 2632)
                      ; - org.apache.xalan.templates.ElemApplyTemplates::transformSelectedNodes@795 (line 399)
  0x0000707278bfb354: 28d1 1107 | e914 b0ff 

  0x0000707278bfb35c: ;   {runtime_call throw_null_pointer_exception Runtime1 stub}
  0x0000707278bfb35c: ffe8 1e67 

  0x0000707278bfb360: ; ImmutableOopMap {rdx=Oop rsi=Oop [224]=Oop [232]=Oop [240]=Oop [256]=Oop [280]=Oop [312]=Oop [344]=Oop [360]=Oop [368]=Oop [424]=Oop [432]=Oop [448]=Oop [504]=Oop [544]=Oop [688]=Oop }
                      ;*invokevirtual pop {reexecute=0 rethrow=0 return_oop=0}
                      ; - org.apache.xalan.transformer.TransformerImpl::popElemTemplateElement@4 (line 2632)
                      ; - org.apache.xalan.templates.ElemApplyTemplates::transformSelectedNodes@795 (line 399)
  0x0000707278bfb360: 1107 488b 

  0x0000707278bfb364: ;   {runtime_call fast_new_instance Runtime1 stub}
  0x0000707278bfb364: d2e8 1670 

  0x0000707278bfb368: ; ImmutableOopMap {rbx=Oop r8=Oop [224]=Oop [232]=Oop [240]=Oop [256]=Oop [280]=Oop [312]=Oop [344]=Oop [360]=Oop [368]=Oop [424]=Oop [432]=Oop [448]=Oop [504]=Oop [544]=Oop [688]=Oop }
                      ;*new {reexecute=0 rethrow=0 return_oop=0}
                      ; - org.apache.xalan.templates.ElemApplyTemplates::transformSelectedNodes@864 (line 433)
  0x0000707278bfb368: 1107 e944 

  0x0000707278bfb36c: ;   {runtime_call throw_null_pointer_exception Runtime1 stub}
  0x0000707278bfb36c: b1ff ffe8 

  0x0000707278bfb370: ; ImmutableOopMap {r8=Oop [224]=Oop [232]=Oop [240]=Oop [256]=Oop [280]=Oop [312]=Oop [344]=Oop [360]=Oop [368]=Oop [424]=Oop [432]=Oop [448]=Oop [504]=Oop [544]=Oop [688]=Oop [704]=Oop }
                      ;*invokeinterface fatalError {reexecute=0 rethrow=0 return_oop=0}
                      ; - org.apache.xalan.templates.ElemApplyTemplates::transformSelectedNodes@873 (line 433)
  0x0000707278bfb370: 0c67 1107 

  0x0000707278bfb374: ;   {metadata(nullptr)}
  0x0000707278bfb374: 48ba 0000 | 0000 0000 | 0000 b800 

  0x0000707278bfb380: ;   {runtime_call load_klass_patching Runtime1 stub}
  0x0000707278bfb380: 0f05 0ae8 

  0x0000707278bfb384: ; ImmutableOopMap {rsi=Oop rbx=Oop [224]=Oop [232]=Oop [240]=Oop [256]=Oop [280]=Oop [312]=Oop [344]=Oop [360]=Oop [368]=Oop [424]=Oop [432]=Oop [448]=Oop [504]=Oop [544]=Oop [688]=Oop }
                      ;*new {reexecute=1 rethrow=0 return_oop=0}
                      ; - (reexecute) org.apache.xalan.templates.ElemApplyTemplates::transformSelectedNodes@909 (line 438)
  0x0000707278bfb384: f8be 1107 | e9ab b2ff | ff48 8bd2 

  0x0000707278bfb390: ;   {runtime_call fast_new_instance Runtime1 stub}
  0x0000707278bfb390: e8eb 6f11 

  0x0000707278bfb394: ; ImmutableOopMap {rbx=Oop r9=Oop [224]=Oop [232]=Oop [240]=Oop [256]=Oop [280]=Oop [312]=Oop [344]=Oop [360]=Oop [368]=Oop [424]=Oop [432]=Oop [448]=Oop [504]=Oop [544]=Oop [688]=Oop }
                      ;*new {reexecute=0 rethrow=0 return_oop=0}
                      ; - org.apache.xalan.templates.ElemApplyTemplates::transformSelectedNodes@909 (line 438)
  0x0000707278bfb394: 07e9 4cb3 

  0x0000707278bfb398: ;   {metadata({method} {0x000063c55065bd48} '<init>' '(Lorg/apache/xpath/Expression;)V' in 'org/apache/xpath/XPath')}
  0x0000707278bfb398: ffff 49ba | 48bd 6550 | c563 0000 | 4c89 5424 | 0848 c704 | 24ff ffff 

  0x0000707278bfb3b0: ;   {runtime_call counter_overflow Runtime1 stub}
  0x0000707278bfb3b0: ffe8 cad0 

  0x0000707278bfb3b4: ; ImmutableOopMap {rbx=Oop r9=Oop rax=Oop rdx=Oop [224]=Oop [232]=Oop [240]=Oop [256]=Oop [280]=Oop [312]=Oop [344]=Oop [360]=Oop [368]=Oop [424]=Oop [432]=Oop [448]=Oop [504]=Oop [544]=Oop [688]=Oop [712]=Oop }
                      ;*synchronization entry
                      ; - org.apache.xpath.XPath::<init>@-1 (line 277)
                      ; - org.apache.xalan.templates.ElemApplyTemplates::transformSelectedNodes@917 (line 438)
  0x0000707278bfb3b4: 1107 e973 

  0x0000707278bfb3b8: ;   {metadata({method} {0x000063c55b4791f0} '<init>' '()V' in 'java/lang/Object')}
  0x0000707278bfb3b8: b3ff ff49 | baf0 9147 | 5bc5 6300 | 004c 8954 | 2408 48c7 | 0424 ffff 

  0x0000707278bfb3d0: ;   {runtime_call counter_overflow Runtime1 stub}
  0x0000707278bfb3d0: ffff e8a9 

  0x0000707278bfb3d4: ; ImmutableOopMap {rbx=Oop r9=Oop rax=Oop rdx=Oop [224]=Oop [232]=Oop [240]=Oop [256]=Oop [280]=Oop [312]=Oop [344]=Oop [360]=Oop [368]=Oop [424]=Oop [432]=Oop [448]=Oop [504]=Oop [544]=Oop [688]=Oop [712]=Oop }
                      ;*synchronization entry
                      ; - java.lang.Object::<init>@-1 (line 45)
                      ; - org.apache.xpath.XPath::<init>@1 (line 277)
                      ; - org.apache.xalan.templates.ElemApplyTemplates::transformSelectedNodes@917 (line 438)
  0x0000707278bfb3d4: d011 07e9 | 8eb3 ffff 

  0x0000707278bfb3dc: ;   {metadata({method} {0x000063c55065b470} 'initFunctionTable' '()V' in 'org/apache/xpath/XPath')}
  0x0000707278bfb3dc: 49ba 70b4 | 6550 c563 | 0000 4c89 | 5424 0848 | c704 24ff 

  0x0000707278bfb3f0: ;   {runtime_call counter_overflow Runtime1 stub}
  0x0000707278bfb3f0: ffff ffe8 

  0x0000707278bfb3f4: ; ImmutableOopMap {[224]=Oop [232]=Oop [240]=Oop [256]=Oop [280]=Oop [312]=Oop [344]=Oop [360]=Oop [368]=Oop [424]=Oop [432]=Oop [448]=Oop [504]=Oop [544]=Oop [688]=Oop [712]=Oop [720]=Oop }
                      ;*synchronization entry
                      ; - org.apache.xpath.XPath::initFunctionTable@-1 (line 62)
                      ; - org.apache.xpath.XPath::<init>@15 (line 279)
                      ; - org.apache.xalan.templates.ElemApplyTemplates::transformSelectedNodes@917 (line 438)
  0x0000707278bfb3f4: 88d0 1107 | e9f0 b3ff | ff48 8bd2 

  0x0000707278bfb400: ;   {runtime_call fast_new_instance Runtime1 stub}
  0x0000707278bfb400: e87b 6f11 

  0x0000707278bfb404: ; ImmutableOopMap {[224]=Oop [232]=Oop [240]=Oop [256]=Oop [280]=Oop [312]=Oop [344]=Oop [360]=Oop [368]=Oop [424]=Oop [432]=Oop [448]=Oop [504]=Oop [544]=Oop [688]=Oop [712]=Oop [720]=Oop }
                      ;*new {reexecute=0 rethrow=0 return_oop=0}
                      ; - org.apache.xpath.XPath::initFunctionTable@1 (line 62)
                      ; - org.apache.xpath.XPath::<init>@15 (line 279)
                      ; - org.apache.xalan.templates.ElemApplyTemplates::transformSelectedNodes@917 (line 438)
  0x0000707278bfb404: 07e9 8eb4 

  0x0000707278bfb408: ;   {metadata(nullptr)}
  0x0000707278bfb408: ffff 48ba | 0000 0000 | 0000 0000 | b800 0f05 

  0x0000707278bfb418: ;   {runtime_call load_klass_patching Runtime1 stub}
  0x0000707278bfb418: 0ae8 62be 

  0x0000707278bfb41c: ; ImmutableOopMap {rbx=Oop [224]=Oop [232]=Oop [240]=Oop [256]=Oop [280]=Oop [312]=Oop [344]=Oop [360]=Oop [368]=Oop [424]=Oop [432]=Oop [448]=Oop [504]=Oop [544]=Oop [688]=Oop [712]=Oop [720]=Oop }
                      ;*new {reexecute=1 rethrow=0 return_oop=0}
                      ; - (reexecute) org.apache.xalan.templates.ElemApplyTemplates::transformSelectedNodes@920 (line 438)
  0x0000707278bfb41c: 1107 e9c5 | b4ff ff48 

  0x0000707278bfb424: ;   {runtime_call fast_new_instance Runtime1 stub}
  0x0000707278bfb424: 8bd2 e855 

  0x0000707278bfb428: ; ImmutableOopMap {rbx=Oop [224]=Oop [232]=Oop [240]=Oop [256]=Oop [280]=Oop [312]=Oop [344]=Oop [360]=Oop [368]=Oop [424]=Oop [432]=Oop [448]=Oop [504]=Oop [544]=Oop [688]=Oop [712]=Oop [720]=Oop }
                      ;*new {reexecute=0 rethrow=0 return_oop=0}
                      ; - org.apache.xalan.templates.ElemApplyTemplates::transformSelectedNodes@920 (line 438)
  0x0000707278bfb428: 6f11 07e9 | 6bb5 ffff 

  0x0000707278bfb430: ;   {runtime_call throw_null_pointer_exception Runtime1 stub}
  0x0000707278bfb430: e84b 6611 

  0x0000707278bfb434: ; ImmutableOopMap {rbx=Oop [224]=Oop [232]=Oop [240]=Oop [256]=Oop [280]=Oop [312]=Oop [344]=Oop [360]=Oop [368]=Oop [424]=Oop [432]=Oop [448]=Oop [504]=Oop [544]=Oop [688]=Oop [712]=Oop [736]=Oop }
                      ;*invokevirtual fireSelectedEndEvent {reexecute=0 rethrow=0 return_oop=0}
                      ; - org.apache.xalan.templates.ElemApplyTemplates::transformSelectedNodes@929 (line 438)
                      ;   {metadata({method} {0x000063c5506aa268} 'popSAXLocator' '()V' in 'org/apache/xpath/XPathContext')}
  0x0000707278bfb434: 0749 ba68 | a26a 50c5 | 6300 004c | 8954 2408 | 48c7 0424 | ffff ffff 

  0x0000707278bfb44c: ;   {runtime_call counter_overflow Runtime1 stub}
  0x0000707278bfb44c: e82f d011 

  0x0000707278bfb450: ; ImmutableOopMap {rdi=Oop [224]=Oop [232]=Oop [240]=Oop [256]=Oop [280]=Oop [312]=Oop [344]=Oop [360]=Oop [368]=Oop [424]=Oop [432]=Oop [448]=Oop [504]=Oop [544]=Oop [688]=Oop }
                      ;*synchronization entry
                      ; - org.apache.xpath.XPathContext::popSAXLocator@-1 (line 434)
                      ; - org.apache.xalan.templates.ElemApplyTemplates::transformSelectedNodes@945 (line 445)
  0x0000707278bfb450: 07e9 bab6 

  0x0000707278bfb454: ;   {runtime_call throw_null_pointer_exception Runtime1 stub}
  0x0000707278bfb454: ffff e825 

  0x0000707278bfb458: ; ImmutableOopMap {rdi=Oop rsi=Oop [224]=Oop [232]=Oop [240]=Oop [256]=Oop [280]=Oop [312]=Oop [344]=Oop [360]=Oop [368]=Oop [424]=Oop [432]=Oop [448]=Oop [504]=Oop [544]=Oop [688]=Oop }
                      ;*invokevirtual pop {reexecute=0 rethrow=0 return_oop=0}
                      ; - org.apache.xpath.XPathContext::popSAXLocator@4 (line 434)
                      ; - org.apache.xalan.templates.ElemApplyTemplates::transformSelectedNodes@945 (line 445)
                      ;   {metadata({method} {0x000063c550655c90} 'popElemTemplateElement' '()V' in 'org/apache/xalan/transformer/TransformerImpl')}
  0x0000707278bfb458: 6611 0749 | ba90 5c65 | 50c5 6300 | 004c 8954 | 2408 48c7 | 0424 ffff 

  0x0000707278bfb470: ;   {runtime_call counter_overflow Runtime1 stub}
  0x0000707278bfb470: ffff e809 

  0x0000707278bfb474: ; ImmutableOopMap {rdx=Oop [224]=Oop [232]=Oop [240]=Oop [256]=Oop [280]=Oop [312]=Oop [344]=Oop [360]=Oop [368]=Oop [424]=Oop [432]=Oop [448]=Oop [504]=Oop [544]=Oop [688]=Oop }
                      ;*synchronization entry
                      ; - org.apache.xalan.transformer.TransformerImpl::popElemTemplateElement@-1 (line 2632)
                      ; - org.apache.xalan.templates.ElemApplyTemplates::transformSelectedNodes@958 (line 447)
  0x0000707278bfb474: d011 07e9 | 44b7 ffff 

  0x0000707278bfb47c: ;   {runtime_call throw_null_pointer_exception Runtime1 stub}
  0x0000707278bfb47c: e8ff 6511 

  0x0000707278bfb480: ; ImmutableOopMap {rdx=Oop rsi=Oop [224]=Oop [232]=Oop [240]=Oop [256]=Oop [280]=Oop [312]=Oop [344]=Oop [360]=Oop [368]=Oop [424]=Oop [432]=Oop [448]=Oop [504]=Oop [544]=Oop [688]=Oop }
                      ;*invokevirtual pop {reexecute=0 rethrow=0 return_oop=0}
                      ; - org.apache.xalan.transformer.TransformerImpl::popElemTemplateElement@4 (line 2632)
                      ; - org.apache.xalan.templates.ElemApplyTemplates::transformSelectedNodes@958 (line 447)
                      ;   {metadata({method} {0x000063c5506ac060} 'popCurrentExpressionNode' '()V' in 'org/apache/xpath/XPathContext')}
  0x0000707278bfb480: 0749 ba60 | c06a 50c5 | 6300 004c | 8954 2408 | 48c7 0424 | ffff ffff 

  0x0000707278bfb498: ;   {runtime_call counter_overflow Runtime1 stub}
  0x0000707278bfb498: e8e3 cf11 

  0x0000707278bfb49c: ; ImmutableOopMap {[224]=Oop [232]=Oop [240]=Oop [256]=Oop [280]=Oop [312]=Oop [344]=Oop [360]=Oop [368]=Oop [424]=Oop [432]=Oop [448]=Oop [504]=Oop [544]=Oop [688]=Oop }
                      ;*synchronization entry
                      ; - org.apache.xpath.XPathContext::popCurrentExpressionNode@-1 (line 908)
                      ; - org.apache.xalan.templates.ElemApplyTemplates::transformSelectedNodes@962 (line 448)
  0x0000707278bfb49c: 07e9 8bb7 

  0x0000707278bfb4a0: ;   {runtime_call throw_null_pointer_exception Runtime1 stub}
  0x0000707278bfb4a0: ffff e8d9 

  0x0000707278bfb4a4: ; ImmutableOopMap {rdi=Oop rsi=Oop [224]=Oop [232]=Oop [240]=Oop [256]=Oop [280]=Oop [312]=Oop [344]=Oop [360]=Oop [368]=Oop [424]=Oop [432]=Oop [448]=Oop [504]=Oop [544]=Oop [688]=Oop }
                      ;*invokevirtual quickPop {reexecute=0 rethrow=0 return_oop=0}
                      ; - org.apache.xpath.XPathContext::popCurrentExpressionNode@5 (line 908)
                      ; - org.apache.xalan.templates.ElemApplyTemplates::transformSelectedNodes@962 (line 448)
                      ;   {metadata({method} {0x000063c550648710} 'quickPop' '(I)V' in 'org/apache/xml/utils/IntStack')}
  0x0000707278bfb4a4: 6511 0749 | ba10 8764 | 50c5 6300 | 004c 8954 | 2408 48c7 | 0424 ffff 

  0x0000707278bfb4bc: ;   {runtime_call counter_overflow Runtime1 stub}
  0x0000707278bfb4bc: ffff e8bd 

  0x0000707278bfb4c0: ; ImmutableOopMap {rdi=Oop rsi=Oop [224]=Oop [232]=Oop [240]=Oop [256]=Oop [280]=Oop [312]=Oop [344]=Oop [360]=Oop [368]=Oop [424]=Oop [432]=Oop [448]=Oop [504]=Oop [544]=Oop [688]=Oop }
                      ;*synchronization entry
                      ; - org.apache.xml.utils.IntStack::quickPop@-1 (line 110)
                      ; - org.apache.xpath.XPathContext::popCurrentExpressionNode@5 (line 908)
                      ; - org.apache.xalan.templates.ElemApplyTemplates::transformSelectedNodes@962 (line 448)
  0x0000707278bfb4c0: cf11 07e9 | aeb7 ffff 

  0x0000707278bfb4c8: ;   {metadata({method} {0x000063c5506ab680} 'popCurrentNode' '()V' in 'org/apache/xpath/XPathContext')}
  0x0000707278bfb4c8: 49ba 80b6 | 6a50 c563 | 0000 4c89 | 5424 0848 | c704 24ff 

  0x0000707278bfb4dc: ;   {runtime_call counter_overflow Runtime1 stub}
  0x0000707278bfb4dc: ffff ffe8 

  0x0000707278bfb4e0: ; ImmutableOopMap {rdi=Oop [224]=Oop [232]=Oop [240]=Oop [256]=Oop [280]=Oop [312]=Oop [344]=Oop [360]=Oop [368]=Oop [424]=Oop [432]=Oop [448]=Oop [504]=Oop [544]=Oop [688]=Oop }
                      ;*synchronization entry
                      ; - org.apache.xpath.XPathContext::popCurrentNode@-1 (line 801)
                      ; - org.apache.xalan.templates.ElemApplyTemplates::transformSelectedNodes@966 (line 449)
  0x0000707278bfb4e0: 9ccf 1107 | e9d1 b7ff 

  0x0000707278bfb4e8: ;   {runtime_call throw_null_pointer_exception Runtime1 stub}
  0x0000707278bfb4e8: ffe8 9265 

  0x0000707278bfb4ec: ; ImmutableOopMap {rdi=Oop rsi=Oop [224]=Oop [232]=Oop [240]=Oop [256]=Oop [280]=Oop [312]=Oop [344]=Oop [360]=Oop [368]=Oop [424]=Oop [432]=Oop [448]=Oop [504]=Oop [544]=Oop [688]=Oop }
                      ;*invokevirtual quickPop {reexecute=0 rethrow=0 return_oop=0}
                      ; - org.apache.xpath.XPathContext::popCurrentNode@5 (line 801)
                      ; - org.apache.xalan.templates.ElemApplyTemplates::transformSelectedNodes@966 (line 449)
                      ;   {metadata({method} {0x000063c550648710} 'quickPop' '(I)V' in 'org/apache/xml/utils/IntStack')}
  0x0000707278bfb4ec: 1107 49ba | 1087 6450 | c563 0000 | 4c89 5424 | 0848 c704 | 24ff ffff 

  0x0000707278bfb504: ;   {runtime_call counter_overflow Runtime1 stub}
  0x0000707278bfb504: ffe8 76cf 

  0x0000707278bfb508: ; ImmutableOopMap {rdi=Oop rsi=Oop [224]=Oop [232]=Oop [240]=Oop [256]=Oop [280]=Oop [312]=Oop [344]=Oop [360]=Oop [368]=Oop [424]=Oop [432]=Oop [448]=Oop [504]=Oop [544]=Oop [688]=Oop }
                      ;*synchronization entry
                      ; - org.apache.xml.utils.IntStack::quickPop@-1 (line 110)
                      ; - org.apache.xpath.XPathContext::popCurrentNode@5 (line 801)
                      ; - org.apache.xalan.templates.ElemApplyTemplates::transformSelectedNodes@966 (line 449)
  0x0000707278bfb508: 1107 e9ec 

  0x0000707278bfb50c: ;   {metadata(nullptr)}
  0x0000707278bfb50c: b7ff ff48 | ba00 0000 | 0000 0000 | 00b8 000f 

  0x0000707278bfb51c: ;   {runtime_call load_klass_patching Runtime1 stub}
  0x0000707278bfb51c: 050a e85d 

  0x0000707278bfb520: ; ImmutableOopMap {rsi=Oop rbx=Oop [224]=Oop [232]=Oop [240]=Oop [256]=Oop [280]=Oop [312]=Oop [344]=Oop [360]=Oop [368]=Oop [424]=Oop [432]=Oop [448]=Oop [504]=Oop [544]=Oop [688]=Oop [760]=Oop }
                      ;*new {reexecute=1 rethrow=0 return_oop=0}
                      ; - (reexecute) org.apache.xalan.templates.ElemApplyTemplates::transformSelectedNodes@909 (line 438)
  0x0000707278bfb520: bd11 07e9 | 48b9 ffff 

  0x0000707278bfb528: ;   {runtime_call fast_new_instance Runtime1 stub}
  0x0000707278bfb528: 488b d2e8 

  0x0000707278bfb52c: ; ImmutableOopMap {rbx=Oop r9=Oop [224]=Oop [232]=Oop [240]=Oop [256]=Oop [280]=Oop [312]=Oop [344]=Oop [360]=Oop [368]=Oop [424]=Oop [432]=Oop [448]=Oop [504]=Oop [544]=Oop [688]=Oop [760]=Oop }
                      ;*new {reexecute=0 rethrow=0 return_oop=0}
                      ; - org.apache.xalan.templates.ElemApplyTemplates::transformSelectedNodes@909 (line 438)
  0x0000707278bfb52c: 506e 1107 | e9e9 b9ff 

  0x0000707278bfb534: ;   {metadata({method} {0x000063c55065bd48} '<init>' '(Lorg/apache/xpath/Expression;)V' in 'org/apache/xpath/XPath')}
  0x0000707278bfb534: ff49 ba48 | bd65 50c5 | 6300 004c | 8954 2408 | 48c7 0424 | ffff ffff 

  0x0000707278bfb54c: ;   {runtime_call counter_overflow Runtime1 stub}
  0x0000707278bfb54c: e82f cf11 

  0x0000707278bfb550: ; ImmutableOopMap {rbx=Oop r9=Oop rax=Oop rdx=Oop [224]=Oop [232]=Oop [240]=Oop [256]=Oop [280]=Oop [312]=Oop [344]=Oop [360]=Oop [368]=Oop [424]=Oop [432]=Oop [448]=Oop [504]=Oop [544]=Oop [688]=Oop [744]=Oop [760]=Oop }
                      ;*synchronization entry
                      ; - org.apache.xpath.XPath::<init>@-1 (line 277)
                      ; - org.apache.xalan.templates.ElemApplyTemplates::transformSelectedNodes@917 (line 438)
  0x0000707278bfb550: 07e9 10ba 

  0x0000707278bfb554: ;   {metadata({method} {0x000063c55b4791f0} '<init>' '()V' in 'java/lang/Object')}
  0x0000707278bfb554: ffff 49ba | f091 475b | c563 0000 | 4c89 5424 | 0848 c704 | 24ff ffff 

  0x0000707278bfb56c: ;   {runtime_call counter_overflow Runtime1 stub}
  0x0000707278bfb56c: ffe8 0ecf 

  0x0000707278bfb570: ; ImmutableOopMap {rbx=Oop r9=Oop rax=Oop rdx=Oop [224]=Oop [232]=Oop [240]=Oop [256]=Oop [280]=Oop [312]=Oop [344]=Oop [360]=Oop [368]=Oop [424]=Oop [432]=Oop [448]=Oop [504]=Oop [544]=Oop [688]=Oop [744]=Oop [760]=Oop }
                      ;*synchronization entry
                      ; - java.lang.Object::<init>@-1 (line 45)
                      ; - org.apache.xpath.XPath::<init>@1 (line 277)
                      ; - org.apache.xalan.templates.ElemApplyTemplates::transformSelectedNodes@917 (line 438)
  0x0000707278bfb570: 1107 e92b 

  0x0000707278bfb574: ;   {metadata({method} {0x000063c55065b470} 'initFunctionTable' '()V' in 'org/apache/xpath/XPath')}
  0x0000707278bfb574: baff ff49 | ba70 b465 | 50c5 6300 | 004c 8954 | 2408 48c7 | 0424 ffff 

  0x0000707278bfb58c: ;   {runtime_call counter_overflow Runtime1 stub}
  0x0000707278bfb58c: ffff e8ed 

  0x0000707278bfb590: ; ImmutableOopMap {[224]=Oop [232]=Oop [240]=Oop [256]=Oop [280]=Oop [312]=Oop [344]=Oop [360]=Oop [368]=Oop [424]=Oop [432]=Oop [448]=Oop [504]=Oop [544]=Oop [688]=Oop [744]=Oop [752]=Oop [760]=Oop }
                      ;*synchronization entry
                      ; - org.apache.xpath.XPath::initFunctionTable@-1 (line 62)
                      ; - org.apache.xpath.XPath::<init>@15 (line 279)
                      ; - org.apache.xalan.templates.ElemApplyTemplates::transformSelectedNodes@917 (line 438)
  0x0000707278bfb590: ce11 07e9 | 8dba ffff 

  0x0000707278bfb598: ;   {runtime_call fast_new_instance Runtime1 stub}
  0x0000707278bfb598: 488b d2e8 

  0x0000707278bfb59c: ; ImmutableOopMap {[224]=Oop [232]=Oop [240]=Oop [256]=Oop [280]=Oop [312]=Oop [344]=Oop [360]=Oop [368]=Oop [424]=Oop [432]=Oop [448]=Oop [504]=Oop [544]=Oop [688]=Oop [744]=Oop [752]=Oop [760]=Oop }
                      ;*new {reexecute=0 rethrow=0 return_oop=0}
                      ; - org.apache.xpath.XPath::initFunctionTable@1 (line 62)
                      ; - org.apache.xpath.XPath::<init>@15 (line 279)
                      ; - org.apache.xalan.templates.ElemApplyTemplates::transformSelectedNodes@917 (line 438)
  0x0000707278bfb59c: e06d 1107 | e92b bbff 

  0x0000707278bfb5a4: ;   {metadata(nullptr)}
  0x0000707278bfb5a4: ff48 ba00 | 0000 0000 | 0000 00b8 | 000f 050a 

  0x0000707278bfb5b4: ;   {runtime_call load_klass_patching Runtime1 stub}
  0x0000707278bfb5b4: e8c7 bc11 

  0x0000707278bfb5b8: ; ImmutableOopMap {rbx=Oop [224]=Oop [232]=Oop [240]=Oop [256]=Oop [280]=Oop [312]=Oop [344]=Oop [360]=Oop [368]=Oop [424]=Oop [432]=Oop [448]=Oop [504]=Oop [544]=Oop [688]=Oop [744]=Oop [752]=Oop [760]=Oop }
                      ;*new {reexecute=1 rethrow=0 return_oop=0}
                      ; - (reexecute) org.apache.xalan.templates.ElemApplyTemplates::transformSelectedNodes@920 (line 438)
  0x0000707278bfb5b8: 07e9 62bb | ffff 488b 

  0x0000707278bfb5c0: ;   {runtime_call fast_new_instance Runtime1 stub}
  0x0000707278bfb5c0: d2e8 ba6d 

  0x0000707278bfb5c4: ; ImmutableOopMap {rbx=Oop [224]=Oop [232]=Oop [240]=Oop [256]=Oop [280]=Oop [312]=Oop [344]=Oop [360]=Oop [368]=Oop [424]=Oop [432]=Oop [448]=Oop [504]=Oop [544]=Oop [688]=Oop [744]=Oop [752]=Oop [760]=Oop }
                      ;*new {reexecute=0 rethrow=0 return_oop=0}
                      ; - org.apache.xalan.templates.ElemApplyTemplates::transformSelectedNodes@920 (line 438)
  0x0000707278bfb5c4: 1107 e908 

  0x0000707278bfb5c8: ;   {runtime_call throw_null_pointer_exception Runtime1 stub}
  0x0000707278bfb5c8: bcff ffe8 

  0x0000707278bfb5cc: ; ImmutableOopMap {rbx=Oop [224]=Oop [232]=Oop [240]=Oop [256]=Oop [280]=Oop [312]=Oop [344]=Oop [360]=Oop [368]=Oop [424]=Oop [432]=Oop [448]=Oop [504]=Oop [544]=Oop [688]=Oop [744]=Oop [760]=Oop [776]=Oop }
                      ;*invokevirtual fireSelectedEndEvent {reexecute=0 rethrow=0 return_oop=0}
                      ; - org.apache.xalan.templates.ElemApplyTemplates::transformSelectedNodes@929 (line 438)
  0x0000707278bfb5cc: b064 1107 

  0x0000707278bfb5d0: ;   {metadata({method} {0x000063c5506aa268} 'popSAXLocator' '()V' in 'org/apache/xpath/XPathContext')}
  0x0000707278bfb5d0: 49ba 68a2 | 6a50 c563 | 0000 4c89 | 5424 0848 | c704 24ff 

  0x0000707278bfb5e4: ;   {runtime_call counter_overflow Runtime1 stub}
  0x0000707278bfb5e4: ffff ffe8 

  0x0000707278bfb5e8: ; ImmutableOopMap {rdi=Oop [224]=Oop [232]=Oop [240]=Oop [256]=Oop [280]=Oop [312]=Oop [344]=Oop [360]=Oop [368]=Oop [424]=Oop [432]=Oop [448]=Oop [504]=Oop [544]=Oop [688]=Oop [760]=Oop }
                      ;*synchronization entry
                      ; - org.apache.xpath.XPathContext::popSAXLocator@-1 (line 434)
                      ; - org.apache.xalan.templates.ElemApplyTemplates::transformSelectedNodes@945 (line 445)
  0x0000707278bfb5e8: 94ce 1107 | e957 bdff 

  0x0000707278bfb5f0: ;   {runtime_call throw_null_pointer_exception Runtime1 stub}
  0x0000707278bfb5f0: ffe8 8a64 

  0x0000707278bfb5f4: ; ImmutableOopMap {rdi=Oop rsi=Oop [224]=Oop [232]=Oop [240]=Oop [256]=Oop [280]=Oop [312]=Oop [344]=Oop [360]=Oop [368]=Oop [424]=Oop [432]=Oop [448]=Oop [504]=Oop [544]=Oop [688]=Oop [760]=Oop }
                      ;*invokevirtual pop {reexecute=0 rethrow=0 return_oop=0}
                      ; - org.apache.xpath.XPathContext::popSAXLocator@4 (line 434)
                      ; - org.apache.xalan.templates.ElemApplyTemplates::transformSelectedNodes@945 (line 445)
                      ;   {internal_word}
  0x0000707278bfb5f4: 1107 49ba | d973 bf78 | 7270 0000 | 4d89 9780 

  0x0000707278bfb604: ;   {runtime_call SafepointBlob}
  0x0000707278bfb604: 0700 00e9 | f4fd 0607 

  0x0000707278bfb60c: ;   {metadata({method} {0x000063c550655c90} 'popElemTemplateElement' '()V' in 'org/apache/xalan/transformer/TransformerImpl')}
  0x0000707278bfb60c: 49ba 905c | 6550 c563 | 0000 4c89 | 5424 0848 | c704 24ff 

  0x0000707278bfb620: ;   {runtime_call counter_overflow Runtime1 stub}
  0x0000707278bfb620: ffff ffe8 

  0x0000707278bfb624: ; ImmutableOopMap {rdx=Oop [224]=Oop [232]=Oop [240]=Oop [256]=Oop [280]=Oop [312]=Oop [344]=Oop [360]=Oop [368]=Oop [424]=Oop [432]=Oop [448]=Oop [504]=Oop [544]=Oop [688]=Oop [760]=Oop }
                      ;*synchronization entry
                      ; - org.apache.xalan.transformer.TransformerImpl::popElemTemplateElement@-1 (line 2632)
                      ; - org.apache.xalan.templates.ElemApplyTemplates::transformSelectedNodes@958 (line 447)
  0x0000707278bfb624: 58ce 1107 | e9f6 bdff 

  0x0000707278bfb62c: ;   {runtime_call throw_null_pointer_exception Runtime1 stub}
  0x0000707278bfb62c: ffe8 4e64 

  0x0000707278bfb630: ; ImmutableOopMap {rdx=Oop rsi=Oop [224]=Oop [232]=Oop [240]=Oop [256]=Oop [280]=Oop [312]=Oop [344]=Oop [360]=Oop [368]=Oop [424]=Oop [432]=Oop [448]=Oop [504]=Oop [544]=Oop [688]=Oop [760]=Oop }
                      ;*invokevirtual pop {reexecute=0 rethrow=0 return_oop=0}
                      ; - org.apache.xalan.transformer.TransformerImpl::popElemTemplateElement@4 (line 2632)
                      ; - org.apache.xalan.templates.ElemApplyTemplates::transformSelectedNodes@958 (line 447)
                      ;   {metadata({method} {0x000063c5506ac060} 'popCurrentExpressionNode' '()V' in 'org/apache/xpath/XPathContext')}
  0x0000707278bfb630: 1107 49ba | 60c0 6a50 | c563 0000 | 4c89 5424 | 0848 c704 | 24ff ffff 

  0x0000707278bfb648: ;   {runtime_call counter_overflow Runtime1 stub}
  0x0000707278bfb648: ffe8 32ce 

  0x0000707278bfb64c: ; ImmutableOopMap {[224]=Oop [232]=Oop [240]=Oop [256]=Oop [280]=Oop [312]=Oop [344]=Oop [360]=Oop [368]=Oop [424]=Oop [432]=Oop [448]=Oop [504]=Oop [544]=Oop [688]=Oop [760]=Oop }
                      ;*synchronization entry
                      ; - org.apache.xpath.XPathContext::popCurrentExpressionNode@-1 (line 908)
                      ; - org.apache.xalan.templates.ElemApplyTemplates::transformSelectedNodes@962 (line 448)
  0x0000707278bfb64c: 1107 e93a 

  0x0000707278bfb650: ;   {runtime_call throw_null_pointer_exception Runtime1 stub}
  0x0000707278bfb650: beff ffe8 

  0x0000707278bfb654: ; ImmutableOopMap {rdi=Oop rsi=Oop [224]=Oop [232]=Oop [240]=Oop [256]=Oop [280]=Oop [312]=Oop [344]=Oop [360]=Oop [368]=Oop [424]=Oop [432]=Oop [448]=Oop [504]=Oop [544]=Oop [688]=Oop [760]=Oop }
                      ;*invokevirtual quickPop {reexecute=0 rethrow=0 return_oop=0}
                      ; - org.apache.xpath.XPathContext::popCurrentExpressionNode@5 (line 908)
                      ; - org.apache.xalan.templates.ElemApplyTemplates::transformSelectedNodes@962 (line 448)
  0x0000707278bfb654: 2864 1107 

  0x0000707278bfb658: ;   {metadata({method} {0x000063c550648710} 'quickPop' '(I)V' in 'org/apache/xml/utils/IntStack')}
  0x0000707278bfb658: 49ba 1087 | 6450 c563 | 0000 4c89 | 5424 0848 | c704 24ff 

  0x0000707278bfb66c: ;   {runtime_call counter_overflow Runtime1 stub}
  0x0000707278bfb66c: ffff ffe8 

  0x0000707278bfb670: ; ImmutableOopMap {rdi=Oop rsi=Oop [224]=Oop [232]=Oop [240]=Oop [256]=Oop [280]=Oop [312]=Oop [344]=Oop [360]=Oop [368]=Oop [424]=Oop [432]=Oop [448]=Oop [504]=Oop [544]=Oop [688]=Oop [760]=Oop }
                      ;*synchronization entry
                      ; - org.apache.xml.utils.IntStack::quickPop@-1 (line 110)
                      ; - org.apache.xpath.XPathContext::popCurrentExpressionNode@5 (line 908)
                      ; - org.apache.xalan.templates.ElemApplyTemplates::transformSelectedNodes@962 (line 448)
  0x0000707278bfb670: 0cce 1107 | e95d beff 

  0x0000707278bfb678: ;   {metadata({method} {0x000063c5506ab680} 'popCurrentNode' '()V' in 'org/apache/xpath/XPathContext')}
  0x0000707278bfb678: ff49 ba80 | b66a 50c5 | 6300 004c | 8954 2408 | 48c7 0424 | ffff ffff 

  0x0000707278bfb690: ;   {runtime_call counter_overflow Runtime1 stub}
  0x0000707278bfb690: e8eb cd11 

  0x0000707278bfb694: ; ImmutableOopMap {rdi=Oop [224]=Oop [232]=Oop [240]=Oop [256]=Oop [280]=Oop [312]=Oop [344]=Oop [360]=Oop [368]=Oop [424]=Oop [432]=Oop [448]=Oop [504]=Oop [544]=Oop [688]=Oop [760]=Oop }
                      ;*synchronization entry
                      ; - org.apache.xpath.XPathContext::popCurrentNode@-1 (line 801)
                      ; - org.apache.xalan.templates.ElemApplyTemplates::transformSelectedNodes@966 (line 449)
  0x0000707278bfb694: 07e9 80be 

  0x0000707278bfb698: ;   {runtime_call throw_null_pointer_exception Runtime1 stub}
  0x0000707278bfb698: ffff e8e1 

  0x0000707278bfb69c: ; ImmutableOopMap {rdi=Oop rsi=Oop [224]=Oop [232]=Oop [240]=Oop [256]=Oop [280]=Oop [312]=Oop [344]=Oop [360]=Oop [368]=Oop [424]=Oop [432]=Oop [448]=Oop [504]=Oop [544]=Oop [688]=Oop [760]=Oop }
                      ;*invokevirtual quickPop {reexecute=0 rethrow=0 return_oop=0}
                      ; - org.apache.xpath.XPathContext::popCurrentNode@5 (line 801)
                      ; - org.apache.xalan.templates.ElemApplyTemplates::transformSelectedNodes@966 (line 449)
                      ;   {metadata({method} {0x000063c550648710} 'quickPop' '(I)V' in 'org/apache/xml/utils/IntStack')}
  0x0000707278bfb69c: 6311 0749 | ba10 8764 | 50c5 6300 | 004c 8954 | 2408 48c7 | 0424 ffff 

  0x0000707278bfb6b4: ;   {runtime_call counter_overflow Runtime1 stub}
  0x0000707278bfb6b4: ffff e8c5 

  0x0000707278bfb6b8: ; ImmutableOopMap {rdi=Oop rsi=Oop [224]=Oop [232]=Oop [240]=Oop [256]=Oop [280]=Oop [312]=Oop [344]=Oop [360]=Oop [368]=Oop [424]=Oop [432]=Oop [448]=Oop [504]=Oop [544]=Oop [688]=Oop [760]=Oop }
                      ;*synchronization entry
                      ; - org.apache.xml.utils.IntStack::quickPop@-1 (line 110)
                      ; - org.apache.xpath.XPathContext::popCurrentNode@5 (line 801)
                      ; - org.apache.xalan.templates.ElemApplyTemplates::transformSelectedNodes@966 (line 449)
  0x0000707278bfb6b8: cd11 07e9 | 9bbe ffff 

  0x0000707278bfb6c0: ;   {metadata({method} {0x000063c550655c90} 'popElemTemplateElement' '()V' in 'org/apache/xalan/transformer/TransformerImpl')}
  0x0000707278bfb6c0: 49ba 905c | 6550 c563 | 0000 4c89 | 5424 0848 | c704 24ff 

  0x0000707278bfb6d4: ;   {runtime_call counter_overflow Runtime1 stub}
  0x0000707278bfb6d4: ffff ffe8 

  0x0000707278bfb6d8: ; ImmutableOopMap {rdx=Oop [224]=Oop [232]=Oop [240]=Oop [256]=Oop [280]=Oop [312]=Oop [344]=Oop [360]=Oop [368]=Oop [424]=Oop [432]=Oop [448]=Oop [504]=Oop [544]=Oop [664]=Oop }
                      ;*synchronization entry
                      ; - org.apache.xalan.transformer.TransformerImpl::popElemTemplateElement@-1 (line 2632)
                      ; - org.apache.xalan.templates.ElemApplyTemplates::transformSelectedNodes@958 (line 447)
  0x0000707278bfb6d8: a4cd 1107 | e997 bfff 

  0x0000707278bfb6e0: ;   {runtime_call throw_null_pointer_exception Runtime1 stub}
  0x0000707278bfb6e0: ffe8 9a63 

  0x0000707278bfb6e4: ; ImmutableOopMap {rdx=Oop rsi=Oop [224]=Oop [232]=Oop [240]=Oop [256]=Oop [280]=Oop [312]=Oop [344]=Oop [360]=Oop [368]=Oop [424]=Oop [432]=Oop [448]=Oop [504]=Oop [544]=Oop [664]=Oop }
                      ;*invokevirtual pop {reexecute=0 rethrow=0 return_oop=0}
                      ; - org.apache.xalan.transformer.TransformerImpl::popElemTemplateElement@4 (line 2632)
                      ; - org.apache.xalan.templates.ElemApplyTemplates::transformSelectedNodes@958 (line 447)
                      ;   {metadata({method} {0x000063c5506ac060} 'popCurrentExpressionNode' '()V' in 'org/apache/xpath/XPathContext')}
  0x0000707278bfb6e4: 1107 49ba | 60c0 6a50 | c563 0000 | 4c89 5424 | 0848 c704 | 24ff ffff 

  0x0000707278bfb6fc: ;   {runtime_call counter_overflow Runtime1 stub}
  0x0000707278bfb6fc: ffe8 7ecd 

  0x0000707278bfb700: ; ImmutableOopMap {[224]=Oop [232]=Oop [240]=Oop [256]=Oop [280]=Oop [312]=Oop [344]=Oop [360]=Oop [368]=Oop [424]=Oop [432]=Oop [448]=Oop [504]=Oop [544]=Oop [664]=Oop }
                      ;*synchronization entry
                      ; - org.apache.xpath.XPathContext::popCurrentExpressionNode@-1 (line 908)
                      ; - org.apache.xalan.templates.ElemApplyTemplates::transformSelectedNodes@962 (line 448)
  0x0000707278bfb700: 1107 e9de 

  0x0000707278bfb704: ;   {runtime_call throw_null_pointer_exception Runtime1 stub}
  0x0000707278bfb704: bfff ffe8 

  0x0000707278bfb708: ; ImmutableOopMap {rdi=Oop rsi=Oop [224]=Oop [232]=Oop [240]=Oop [256]=Oop [280]=Oop [312]=Oop [344]=Oop [360]=Oop [368]=Oop [424]=Oop [432]=Oop [448]=Oop [504]=Oop [544]=Oop [664]=Oop }
                      ;*invokevirtual quickPop {reexecute=0 rethrow=0 return_oop=0}
                      ; - org.apache.xpath.XPathContext::popCurrentExpressionNode@5 (line 908)
                      ; - org.apache.xalan.templates.ElemApplyTemplates::transformSelectedNodes@962 (line 448)
  0x0000707278bfb708: 7463 1107 

  0x0000707278bfb70c: ;   {metadata({method} {0x000063c550648710} 'quickPop' '(I)V' in 'org/apache/xml/utils/IntStack')}
  0x0000707278bfb70c: 49ba 1087 | 6450 c563 | 0000 4c89 | 5424 0848 | c704 24ff 

  0x0000707278bfb720: ;   {runtime_call counter_overflow Runtime1 stub}
  0x0000707278bfb720: ffff ffe8 

  0x0000707278bfb724: ; ImmutableOopMap {rdi=Oop rsi=Oop [224]=Oop [232]=Oop [240]=Oop [256]=Oop [280]=Oop [312]=Oop [344]=Oop [360]=Oop [368]=Oop [424]=Oop [432]=Oop [448]=Oop [504]=Oop [544]=Oop [664]=Oop }
                      ;*synchronization entry
                      ; - org.apache.xml.utils.IntStack::quickPop@-1 (line 110)
                      ; - org.apache.xpath.XPathContext::popCurrentExpressionNode@5 (line 908)
                      ; - org.apache.xalan.templates.ElemApplyTemplates::transformSelectedNodes@962 (line 448)
  0x0000707278bfb724: 58cd 1107 | e901 c0ff 

  0x0000707278bfb72c: ;   {metadata({method} {0x000063c5506ab680} 'popCurrentNode' '()V' in 'org/apache/xpath/XPathContext')}
  0x0000707278bfb72c: ff49 ba80 | b66a 50c5 | 6300 004c | 8954 2408 | 48c7 0424 | ffff ffff 

  0x0000707278bfb744: ;   {runtime_call counter_overflow Runtime1 stub}
  0x0000707278bfb744: e837 cd11 

  0x0000707278bfb748: ; ImmutableOopMap {rdi=Oop [224]=Oop [232]=Oop [240]=Oop [256]=Oop [280]=Oop [312]=Oop [344]=Oop [360]=Oop [368]=Oop [424]=Oop [432]=Oop [448]=Oop [504]=Oop [544]=Oop [664]=Oop }
                      ;*synchronization entry
                      ; - org.apache.xpath.XPathContext::popCurrentNode@-1 (line 801)
                      ; - org.apache.xalan.templates.ElemApplyTemplates::transformSelectedNodes@966 (line 449)
  0x0000707278bfb748: 07e9 24c0 

  0x0000707278bfb74c: ;   {runtime_call throw_null_pointer_exception Runtime1 stub}
  0x0000707278bfb74c: ffff e82d 

  0x0000707278bfb750: ; ImmutableOopMap {rdi=Oop rsi=Oop [224]=Oop [232]=Oop [240]=Oop [256]=Oop [280]=Oop [312]=Oop [344]=Oop [360]=Oop [368]=Oop [424]=Oop [432]=Oop [448]=Oop [504]=Oop [544]=Oop [664]=Oop }
                      ;*invokevirtual quickPop {reexecute=0 rethrow=0 return_oop=0}
                      ; - org.apache.xpath.XPathContext::popCurrentNode@5 (line 801)
                      ; - org.apache.xalan.templates.ElemApplyTemplates::transformSelectedNodes@966 (line 449)
                      ;   {metadata({method} {0x000063c550648710} 'quickPop' '(I)V' in 'org/apache/xml/utils/IntStack')}
  0x0000707278bfb750: 6311 0749 | ba10 8764 | 50c5 6300 | 004c 8954 | 2408 48c7 | 0424 ffff 

  0x0000707278bfb768: ;   {runtime_call counter_overflow Runtime1 stub}
  0x0000707278bfb768: ffff e811 

  0x0000707278bfb76c: ; ImmutableOopMap {rdi=Oop rsi=Oop [224]=Oop [232]=Oop [240]=Oop [256]=Oop [280]=Oop [312]=Oop [344]=Oop [360]=Oop [368]=Oop [424]=Oop [432]=Oop [448]=Oop [504]=Oop [544]=Oop [664]=Oop }
                      ;*synchronization entry
                      ; - org.apache.xml.utils.IntStack::quickPop@-1 (line 110)
                      ; - org.apache.xpath.XPathContext::popCurrentNode@5 (line 801)
                      ; - org.apache.xalan.templates.ElemApplyTemplates::transformSelectedNodes@966 (line 449)
  0x0000707278bfb76c: cd11 07e9 | 3fc0 ffff 

  0x0000707278bfb774: ;   {metadata(nullptr)}
  0x0000707278bfb774: 48ba 0000 | 0000 0000 | 0000 b800 

  0x0000707278bfb780: ;   {runtime_call load_klass_patching Runtime1 stub}
  0x0000707278bfb780: 0f05 0ae8 

  0x0000707278bfb784: ; ImmutableOopMap {[224]=Oop [232]=Oop [240]=Oop [256]=Oop [280]=Oop [312]=Oop [344]=Oop [360]=Oop [368]=Oop [424]=Oop [432]=Oop [448]=Oop [992]=Oop }
                      ;*new {reexecute=1 rethrow=0 return_oop=0}
                      ; - (reexecute) java.util.Stack::peek@9 (line 103)
                      ; - org.apache.xalan.transformer.TransformerImpl::getMode@18 (line 3195)
                      ; - org.apache.xalan.templates.ElemApplyTemplates::transformSelectedNodes@389 (line 294)
  0x0000707278bfb784: f8ba 1107 | e9fb c0ff 

  0x0000707278bfb78c: ;   {runtime_call throw_null_pointer_exception Runtime1 stub}
  0x0000707278bfb78c: ffe8 ee62 

  0x0000707278bfb790: ; ImmutableOopMap {[224]=Oop [232]=Oop [240]=Oop [256]=Oop [280]=Oop [312]=Oop [344]=Oop [360]=Oop [368]=Oop [424]=Oop [432]=Oop [448]=Oop [992]=Oop }
                      ;*new {reexecute=0 rethrow=0 return_oop=0}
                      ; - java.util.Stack::peek@9 (line 103)
                      ; - org.apache.xalan.transformer.TransformerImpl::getMode@18 (line 3195)
                      ; - org.apache.xalan.templates.ElemApplyTemplates::transformSelectedNodes@389 (line 294)
  0x0000707278bfb790: 1107 488b 

  0x0000707278bfb794: ;   {runtime_call fast_new_instance_init_check Runtime1 stub}
  0x0000707278bfb794: d2e8 e674 

  0x0000707278bfb798: ; ImmutableOopMap {[224]=Oop [232]=Oop [240]=Oop [256]=Oop [280]=Oop [312]=Oop [344]=Oop [360]=Oop [368]=Oop [424]=Oop [432]=Oop [448]=Oop [992]=Oop }
                      ;*new {reexecute=0 rethrow=0 return_oop=0}
                      ; - java.util.Stack::peek@9 (line 103)
                      ; - org.apache.xalan.transformer.TransformerImpl::getMode@18 (line 3195)
                      ; - org.apache.xalan.templates.ElemApplyTemplates::transformSelectedNodes@389 (line 294)
  0x0000707278bfb798: 1107 e9a9 | c1ff ff48 | 8d84 24d8 | 0300 0048 

  0x0000707278bfb7a8: ;   {runtime_call monitorexit_nofpu Runtime1 stub}
  0x0000707278bfb7a8: 8904 24e8 | d0a4 1107 | e927 c2ff 

  0x0000707278bfb7b4: ;   {metadata(nullptr)}
  0x0000707278bfb7b4: ff48 ba00 | 0000 0000 | 0000 00b8 | 000f 050a 

  0x0000707278bfb7c4: ;   {runtime_call load_klass_patching Runtime1 stub}
  0x0000707278bfb7c4: e8b7 ba11 

  0x0000707278bfb7c8: ; ImmutableOopMap {[224]=Oop [232]=Oop [240]=Oop [256]=Oop [280]=Oop [312]=Oop [344]=Oop [360]=Oop [368]=Oop [424]=Oop [432]=Oop [448]=Oop [504]=Oop [544]=Oop }
                      ;*new {reexecute=1 rethrow=0 return_oop=0}
                      ; - (reexecute) org.apache.xml.utils.ObjectStack::setTop@16 (line 166)
                      ; - org.apache.xpath.XPathContext::setSAXLocator@5 (line 405)
                      ; - org.apache.xalan.templates.ElemApplyTemplates::transformSelectedNodes@763 (line 391)
  0x0000707278bfb7c8: 07e9 32c2 

  0x0000707278bfb7cc: ;   {runtime_call throw_null_pointer_exception Runtime1 stub}
  0x0000707278bfb7cc: ffff e8ad 

  0x0000707278bfb7d0: ; ImmutableOopMap {[224]=Oop [232]=Oop [240]=Oop [256]=Oop [280]=Oop [312]=Oop [344]=Oop [360]=Oop [368]=Oop [424]=Oop [432]=Oop [448]=Oop [504]=Oop [544]=Oop }
                      ;*new {reexecute=0 rethrow=0 return_oop=0}
                      ; - org.apache.xml.utils.ObjectStack::setTop@16 (line 166)
                      ; - org.apache.xpath.XPathContext::setSAXLocator@5 (line 405)
                      ; - org.apache.xalan.templates.ElemApplyTemplates::transformSelectedNodes@763 (line 391)
  0x0000707278bfb7d0: 6211 0748 

  0x0000707278bfb7d4: ;   {runtime_call fast_new_instance_init_check Runtime1 stub}
  0x0000707278bfb7d4: 8bd2 e8a5 

  0x0000707278bfb7d8: ; ImmutableOopMap {[224]=Oop [232]=Oop [240]=Oop [256]=Oop [280]=Oop [312]=Oop [344]=Oop [360]=Oop [368]=Oop [424]=Oop [432]=Oop [448]=Oop [504]=Oop [544]=Oop }
                      ;*new {reexecute=0 rethrow=0 return_oop=0}
                      ; - org.apache.xml.utils.ObjectStack::setTop@16 (line 166)
                      ; - org.apache.xpath.XPathContext::setSAXLocator@5 (line 405)
                      ; - org.apache.xalan.templates.ElemApplyTemplates::transformSelectedNodes@763 (line 391)
  0x0000707278bfb7d8: 7411 07e9 | e0c2 ffff | 488d 8424 | d803 0000 | 4889 0424 

  0x0000707278bfb7ec: ;   {runtime_call monitorexit_nofpu Runtime1 stub}
  0x0000707278bfb7ec: e88f a411 | 07e9 5ec3 

  0x0000707278bfb7f4: ;   {metadata(nullptr)}
  0x0000707278bfb7f4: ffff 48ba | 0000 0000 | 0000 0000 | b800 0f05 

  0x0000707278bfb804: ;   {runtime_call load_klass_patching Runtime1 stub}
  0x0000707278bfb804: 0ae8 76ba 

  0x0000707278bfb808: ; ImmutableOopMap {[224]=Oop [232]=Oop [240]=Oop [256]=Oop [280]=Oop [312]=Oop [344]=Oop [360]=Oop [368]=Oop [424]=Oop [432]=Oop [448]=Oop [496]=Oop }
                      ;*new {reexecute=1 rethrow=0 return_oop=0}
                      ; - (reexecute) org.apache.xml.utils.ObjectStack::setTop@16 (line 166)
                      ; - org.apache.xalan.transformer.TransformerImpl::setCurrentElement@5 (line 2644)
                      ; - org.apache.xalan.templates.ElemApplyTemplates::transformSelectedNodes@545 (line 332)
  0x0000707278bfb808: 1107 e979 

  0x0000707278bfb80c: ;   {runtime_call throw_null_pointer_exception Runtime1 stub}
  0x0000707278bfb80c: c3ff ffe8 

  0x0000707278bfb810: ; ImmutableOopMap {[224]=Oop [232]=Oop [240]=Oop [256]=Oop [280]=Oop [312]=Oop [344]=Oop [360]=Oop [368]=Oop [424]=Oop [432]=Oop [448]=Oop [496]=Oop }
                      ;*new {reexecute=0 rethrow=0 return_oop=0}
                      ; - org.apache.xml.utils.ObjectStack::setTop@16 (line 166)
                      ; - org.apache.xalan.transformer.TransformerImpl::setCurrentElement@5 (line 2644)
                      ; - org.apache.xalan.templates.ElemApplyTemplates::transformSelectedNodes@545 (line 332)
  0x0000707278bfb810: 6c62 1107 

  0x0000707278bfb814: ;   {runtime_call fast_new_instance_init_check Runtime1 stub}
  0x0000707278bfb814: 488b d2e8 

  0x0000707278bfb818: ; ImmutableOopMap {[224]=Oop [232]=Oop [240]=Oop [256]=Oop [280]=Oop [312]=Oop [344]=Oop [360]=Oop [368]=Oop [424]=Oop [432]=Oop [448]=Oop [496]=Oop }
                      ;*new {reexecute=0 rethrow=0 return_oop=0}
                      ; - org.apache.xml.utils.ObjectStack::setTop@16 (line 166)
                      ; - org.apache.xalan.transformer.TransformerImpl::setCurrentElement@5 (line 2644)
                      ; - org.apache.xalan.templates.ElemApplyTemplates::transformSelectedNodes@545 (line 332)
  0x0000707278bfb818: 6474 1107 | e927 c4ff 

  0x0000707278bfb820: ;   {metadata(nullptr)}
  0x0000707278bfb820: ff48 ba00 | 0000 0000 | 0000 00b8 | 000f 050a 

  0x0000707278bfb830: ;   {runtime_call load_klass_patching Runtime1 stub}
  0x0000707278bfb830: e84b ba11 

  0x0000707278bfb834: ; ImmutableOopMap {[224]=Oop [232]=Oop [240]=Oop [256]=Oop [280]=Oop [312]=Oop [344]=Oop [360]=Oop [368]=Oop [424]=Oop [432]=Oop [448]=Oop [496]=Oop }
                      ;*new {reexecute=1 rethrow=0 return_oop=0}
                      ; - (reexecute) org.apache.xml.utils.ObjectStack::setTop@16 (line 166)
                      ; - org.apache.xalan.transformer.TransformerImpl::setCurrentElement@5 (line 2644)
                      ; - org.apache.xalan.templates.ElemApplyTemplates::transformSelectedNodes@507 (line 316)
  0x0000707278bfb834: 07e9 76c4 

  0x0000707278bfb838: ;   {runtime_call throw_null_pointer_exception Runtime1 stub}
  0x0000707278bfb838: ffff e841 

  0x0000707278bfb83c: ; ImmutableOopMap {[224]=Oop [232]=Oop [240]=Oop [256]=Oop [280]=Oop [312]=Oop [344]=Oop [360]=Oop [368]=Oop [424]=Oop [432]=Oop [448]=Oop [496]=Oop }
                      ;*new {reexecute=0 rethrow=0 return_oop=0}
                      ; - org.apache.xml.utils.ObjectStack::setTop@16 (line 166)
                      ; - org.apache.xalan.transformer.TransformerImpl::setCurrentElement@5 (line 2644)
                      ; - org.apache.xalan.templates.ElemApplyTemplates::transformSelectedNodes@507 (line 316)
  0x0000707278bfb83c: 6211 0748 

  0x0000707278bfb840: ;   {runtime_call fast_new_instance_init_check Runtime1 stub}
  0x0000707278bfb840: 8bd2 e839 

  0x0000707278bfb844: ; ImmutableOopMap {[224]=Oop [232]=Oop [240]=Oop [256]=Oop [280]=Oop [312]=Oop [344]=Oop [360]=Oop [368]=Oop [424]=Oop [432]=Oop [448]=Oop [496]=Oop }
                      ;*new {reexecute=0 rethrow=0 return_oop=0}
                      ; - org.apache.xml.utils.ObjectStack::setTop@16 (line 166)
                      ; - org.apache.xalan.transformer.TransformerImpl::setCurrentElement@5 (line 2644)
                      ; - org.apache.xalan.templates.ElemApplyTemplates::transformSelectedNodes@507 (line 316)
  0x0000707278bfb844: 7411 07e9 | 24c5 ffff | 488d 8424 | d803 0000 | 4889 0424 

  0x0000707278bfb858: ;   {runtime_call monitorexit_nofpu Runtime1 stub}
  0x0000707278bfb858: e823 a411 | 07e9 aac5 | ffff 488d | 8424 e803 | 0000 4889 

  0x0000707278bfb86c: ;   {runtime_call monitorexit_nofpu Runtime1 stub}
  0x0000707278bfb86c: 0424 e80d | a411 07e9 | efc5 ffff | 488d 8424 | d803 0000 | 4889 0424 

  0x0000707278bfb884: ;   {runtime_call monitorexit_nofpu Runtime1 stub}
  0x0000707278bfb884: e8f7 a311 | 07e9 34c6 | ffff 488d | 8424 d803 | 0000 4889 

  0x0000707278bfb898: ;   {runtime_call monitorexit_nofpu Runtime1 stub}
  0x0000707278bfb898: 0424 e8e1 | a311 07e9 | 79c6 ffff 

  0x0000707278bfb8a4: ;   {metadata(nullptr)}
  0x0000707278bfb8a4: 48ba 0000 | 0000 0000 | 0000 b800 

  0x0000707278bfb8b0: ;   {runtime_call load_klass_patching Runtime1 stub}
  0x0000707278bfb8b0: 0f05 0ae8 

  0x0000707278bfb8b4: ; ImmutableOopMap {[224]=Oop [232]=Oop [240]=Oop [256]=Oop [280]=Oop [312]=Oop [344]=Oop [360]=Oop [368]=Oop [424]=Oop [432]=Oop [440]=Oop }
                      ;*new {reexecute=1 rethrow=0 return_oop=0}
                      ; - (reexecute) org.apache.xml.utils.IntStack::setTop@16 (line 163)
                      ; - org.apache.xalan.templates.ElemApplyTemplates::transformSelectedNodes@344 (line 283)
  0x0000707278bfb8b4: c8b9 1107 | e993 c6ff 

  0x0000707278bfb8bc: ;   {runtime_call throw_null_pointer_exception Runtime1 stub}
  0x0000707278bfb8bc: ffe8 be61 

  0x0000707278bfb8c0: ; ImmutableOopMap {[224]=Oop [232]=Oop [240]=Oop [256]=Oop [280]=Oop [312]=Oop [344]=Oop [360]=Oop [368]=Oop [424]=Oop [432]=Oop [440]=Oop }
                      ;*new {reexecute=0 rethrow=0 return_oop=0}
                      ; - org.apache.xml.utils.IntStack::setTop@16 (line 163)
                      ; - org.apache.xalan.templates.ElemApplyTemplates::transformSelectedNodes@344 (line 283)
  0x0000707278bfb8c0: 1107 488b 

  0x0000707278bfb8c4: ;   {runtime_call fast_new_instance_init_check Runtime1 stub}
  0x0000707278bfb8c4: d2e8 b673 

  0x0000707278bfb8c8: ; ImmutableOopMap {[224]=Oop [232]=Oop [240]=Oop [256]=Oop [280]=Oop [312]=Oop [344]=Oop [360]=Oop [368]=Oop [424]=Oop [432]=Oop [440]=Oop }
                      ;*new {reexecute=0 rethrow=0 return_oop=0}
                      ; - org.apache.xml.utils.IntStack::setTop@16 (line 163)
                      ; - org.apache.xalan.templates.ElemApplyTemplates::transformSelectedNodes@344 (line 283)
  0x0000707278bfb8c8: 1107 e941 

  0x0000707278bfb8cc: ;   {metadata(nullptr)}
  0x0000707278bfb8cc: c7ff ff48 | ba00 0000 | 0000 0000 | 00b8 000f 

  0x0000707278bfb8dc: ;   {runtime_call load_klass_patching Runtime1 stub}
  0x0000707278bfb8dc: 050a e89d 

  0x0000707278bfb8e0: ; ImmutableOopMap {[224]=Oop [232]=Oop [240]=Oop [256]=Oop [280]=Oop [312]=Oop [344]=Oop [360]=Oop [368]=Oop [424]=Oop [432]=Oop [440]=Oop }
                      ;*new {reexecute=1 rethrow=0 return_oop=0}
                      ; - (reexecute) org.apache.xml.utils.IntStack::setTop@16 (line 163)
                      ; - org.apache.xalan.templates.ElemApplyTemplates::transformSelectedNodes@337 (line 282)
  0x0000707278bfb8e0: b911 07e9 | 90c7 ffff 

  0x0000707278bfb8e8: ;   {runtime_call throw_null_pointer_exception Runtime1 stub}
  0x0000707278bfb8e8: e893 6111 

  0x0000707278bfb8ec: ; ImmutableOopMap {[224]=Oop [232]=Oop [240]=Oop [256]=Oop [280]=Oop [312]=Oop [344]=Oop [360]=Oop [368]=Oop [424]=Oop [432]=Oop [440]=Oop }
                      ;*new {reexecute=0 rethrow=0 return_oop=0}
                      ; - org.apache.xml.utils.IntStack::setTop@16 (line 163)
                      ; - org.apache.xalan.templates.ElemApplyTemplates::transformSelectedNodes@337 (line 282)
  0x0000707278bfb8ec: 0748 8bd2 

  0x0000707278bfb8f0: ;   {runtime_call fast_new_instance_init_check Runtime1 stub}
  0x0000707278bfb8f0: e88b 7311 

  0x0000707278bfb8f4: ; ImmutableOopMap {[224]=Oop [232]=Oop [240]=Oop [256]=Oop [280]=Oop [312]=Oop [344]=Oop [360]=Oop [368]=Oop [424]=Oop [432]=Oop [440]=Oop }
                      ;*new {reexecute=0 rethrow=0 return_oop=0}
                      ; - org.apache.xml.utils.IntStack::setTop@16 (line 163)
                      ; - org.apache.xalan.templates.ElemApplyTemplates::transformSelectedNodes@337 (line 282)
  0x0000707278bfb8f4: 07e9 3ec8 | ffff 488d | 8424 d803 | 0000 4889 

  0x0000707278bfb904: ;   {runtime_call monitorexit_nofpu Runtime1 stub}
  0x0000707278bfb904: 0424 e875 | a311 07e9 | dbc8 ffff 

  0x0000707278bfb910: ;   {runtime_call fast_new_instance Runtime1 stub}
  0x0000707278bfb910: 488b d2e8 

  0x0000707278bfb914: ; ImmutableOopMap {r9=Oop r11=Oop [224]=Oop [232]=Oop [240]=Oop [256]=Oop [280]=Oop [848]=Oop }
                      ;*new {reexecute=0 rethrow=0 return_oop=0}
                      ; - org.apache.xalan.templates.ElemApplyTemplates::transformSelectedNodes@864 (line 433)
  0x0000707278bfb914: 686a 1107 | e9eb c9ff 

  0x0000707278bfb91c: ;   {runtime_call throw_null_pointer_exception Runtime1 stub}
  0x0000707278bfb91c: ffe8 5e61 

  0x0000707278bfb920: ; ImmutableOopMap {r11=Oop [224]=Oop [232]=Oop [240]=Oop [256]=Oop [280]=Oop [840]=Oop [848]=Oop }
                      ;*invokeinterface fatalError {reexecute=0 rethrow=0 return_oop=0}
                      ; - org.apache.xalan.templates.ElemApplyTemplates::transformSelectedNodes@873 (line 433)
                      ;   {metadata(nullptr)}
  0x0000707278bfb920: 1107 48ba | 0000 0000 | 0000 0000 | b800 0f05 

  0x0000707278bfb930: ;   {runtime_call load_klass_patching Runtime1 stub}
  0x0000707278bfb930: 0ae8 4ab9 

  0x0000707278bfb934: ; ImmutableOopMap {rsi=Oop rbx=Oop [224]=Oop [232]=Oop [240]=Oop [256]=Oop [280]=Oop [848]=Oop [880]=Oop }
                      ;*new {reexecute=1 rethrow=0 return_oop=0}
                      ; - (reexecute) org.apache.xalan.templates.ElemApplyTemplates::transformSelectedNodes@909 (line 438)
  0x0000707278bfb934: 1107 e95d | cbff ff48 

  0x0000707278bfb93c: ;   {runtime_call fast_new_instance Runtime1 stub}
  0x0000707278bfb93c: 8bd2 e83d 

  0x0000707278bfb940: ; ImmutableOopMap {rbx=Oop r9=Oop [224]=Oop [232]=Oop [240]=Oop [256]=Oop [280]=Oop [848]=Oop [880]=Oop }
                      ;*new {reexecute=0 rethrow=0 return_oop=0}
                      ; - org.apache.xalan.templates.ElemApplyTemplates::transformSelectedNodes@909 (line 438)
  0x0000707278bfb940: 6a11 07e9 | fecb ffff 

  0x0000707278bfb948: ;   {metadata({method} {0x000063c55065bd48} '<init>' '(Lorg/apache/xpath/Expression;)V' in 'org/apache/xpath/XPath')}
  0x0000707278bfb948: 49ba 48bd | 6550 c563 | 0000 4c89 | 5424 0848 | c704 24ff 

  0x0000707278bfb95c: ;   {runtime_call counter_overflow Runtime1 stub}
  0x0000707278bfb95c: ffff ffe8 

  0x0000707278bfb960: ; ImmutableOopMap {rbx=Oop r9=Oop rax=Oop rdi=Oop [224]=Oop [232]=Oop [240]=Oop [256]=Oop [280]=Oop [848]=Oop [872]=Oop [880]=Oop }
                      ;*synchronization entry
                      ; - org.apache.xpath.XPath::<init>@-1 (line 277)
                      ; - org.apache.xalan.templates.ElemApplyTemplates::transformSelectedNodes@917 (line 438)
  0x0000707278bfb960: 1ccb 1107 | e925 ccff 

  0x0000707278bfb968: ;   {metadata({method} {0x000063c55b4791f0} '<init>' '()V' in 'java/lang/Object')}
  0x0000707278bfb968: ff49 baf0 | 9147 5bc5 | 6300 004c | 8954 2408 | 48c7 0424 | ffff ffff 

  0x0000707278bfb980: ;   {runtime_call counter_overflow Runtime1 stub}
  0x0000707278bfb980: e8fb ca11 

  0x0000707278bfb984: ; ImmutableOopMap {rbx=Oop r9=Oop rax=Oop rdi=Oop [224]=Oop [232]=Oop [240]=Oop [256]=Oop [280]=Oop [848]=Oop [872]=Oop [880]=Oop }
                      ;*synchronization entry
                      ; - java.lang.Object::<init>@-1 (line 45)
                      ; - org.apache.xpath.XPath::<init>@1 (line 277)
                      ; - org.apache.xalan.templates.ElemApplyTemplates::transformSelectedNodes@917 (line 438)
  0x0000707278bfb984: 07e9 40cc 

  0x0000707278bfb988: ;   {metadata({method} {0x000063c55065b6b0} 'setExpression' '(Lorg/apache/xpath/Expression;)V' in 'org/apache/xpath/XPath')}
  0x0000707278bfb988: ffff 49ba | b0b6 6550 | c563 0000 | 4c89 5424 | 0848 c704 | 24ff ffff 

  0x0000707278bfb9a0: ;   {runtime_call counter_overflow Runtime1 stub}
  0x0000707278bfb9a0: ffe8 daca 

  0x0000707278bfb9a4: ; ImmutableOopMap {rbx=Oop r9=Oop rax=Oop rdi=Oop [224]=Oop [232]=Oop [240]=Oop [256]=Oop [280]=Oop [848]=Oop [872]=Oop [880]=Oop }
                      ;*synchronization entry
                      ; - org.apache.xpath.XPath::setExpression@-1 (line 99)
                      ; - org.apache.xpath.XPath::<init>@11 (line 278)
                      ; - org.apache.xalan.templates.ElemApplyTemplates::transformSelectedNodes@917 (line 438)
  0x0000707278bfb9a4: 1107 e96c 

  0x0000707278bfb9a8: ;   {runtime_call throw_null_pointer_exception Runtime1 stub}
  0x0000707278bfb9a8: ccff ffe8 

  0x0000707278bfb9ac: ; ImmutableOopMap {rbx=Oop r9=Oop rax=Oop rdi=Oop rdx=Oop [224]=Oop [232]=Oop [240]=Oop [256]=Oop [280]=Oop [848]=Oop [872]=Oop [880]=Oop }
                      ;*invokevirtual exprGetParent {reexecute=0 rethrow=0 return_oop=0}
                      ; - org.apache.xpath.XPath::setExpression@13 (line 100)
                      ; - org.apache.xpath.XPath::<init>@11 (line 278)
                      ; - org.apache.xalan.templates.ElemApplyTemplates::transformSelectedNodes@917 (line 438)
  0x0000707278bfb9ac: d060 1107 

  0x0000707278bfb9b0: ;   {runtime_call throw_null_pointer_exception Runtime1 stub}
  0x0000707278bfb9b0: e8cb 6011 

  0x0000707278bfb9b4: ; ImmutableOopMap {rbx=Oop r9=Oop rax=Oop rdi=Oop r11=Oop [224]=Oop [232]=Oop [240]=Oop [256]=Oop [280]=Oop [848]=Oop [872]=Oop [880]=Oop }
                      ;*invokevirtual exprSetParent {reexecute=0 rethrow=0 return_oop=0}
                      ; - org.apache.xpath.XPath::setExpression@16 (line 100)
                      ; - org.apache.xpath.XPath::<init>@11 (line 278)
                      ; - org.apache.xalan.templates.ElemApplyTemplates::transformSelectedNodes@917 (line 438)
                      ;   {metadata({method} {0x000063c5504cf1d0} 'exprSetParent' '(Lorg/apache/xpath/ExpressionNode;)V' in 'org/apache/xpath/Expression')}
  0x0000707278bfb9b4: 0749 bad0 | f14c 50c5 | 6300 004c | 8954 2408 | 48c7 0424 | ffff ffff 

  0x0000707278bfb9cc: ;   {runtime_call counter_overflow Runtime1 stub}
  0x0000707278bfb9cc: e8af ca11 

  0x0000707278bfb9d0: ; ImmutableOopMap {rbx=Oop r9=Oop rax=Oop rdi=Oop r11=Oop [224]=Oop [232]=Oop [240]=Oop [256]=Oop [280]=Oop [848]=Oop [872]=Oop [880]=Oop }
                      ;*synchronization entry
                      ; - org.apache.xpath.Expression::exprSetParent@-1 (line 476)
                      ; - org.apache.xpath.XPath::setExpression@16 (line 100)
                      ; - org.apache.xpath.XPath::<init>@11 (line 278)
                      ; - org.apache.xalan.templates.ElemApplyTemplates::transformSelectedNodes@917 (line 438)
  0x0000707278bfb9d0: 07e9 cacd 

  0x0000707278bfb9d4: ;   {metadata({method} {0x000063c55065b470} 'initFunctionTable' '()V' in 'org/apache/xpath/XPath')}
  0x0000707278bfb9d4: ffff 49ba | 70b4 6550 | c563 0000 | 4c89 5424 | 0848 c704 | 24ff ffff 

  0x0000707278bfb9ec: ;   {runtime_call counter_overflow Runtime1 stub}
  0x0000707278bfb9ec: ffe8 8eca 

  0x0000707278bfb9f0: ; ImmutableOopMap {rax=Oop [224]=Oop [232]=Oop [240]=Oop [256]=Oop [280]=Oop [848]=Oop [872]=Oop [880]=Oop }
                      ;*synchronization entry
                      ; - org.apache.xpath.XPath::initFunctionTable@-1 (line 62)
                      ; - org.apache.xpath.XPath::<init>@15 (line 279)
                      ; - org.apache.xalan.templates.ElemApplyTemplates::transformSelectedNodes@917 (line 438)
  0x0000707278bfb9f0: 1107 e917 | cfff ff48 

  0x0000707278bfb9f8: ;   {runtime_call fast_new_instance Runtime1 stub}
  0x0000707278bfb9f8: 8bd2 e881 

  0x0000707278bfb9fc: ; ImmutableOopMap {[224]=Oop [232]=Oop [240]=Oop [256]=Oop [280]=Oop [848]=Oop [872]=Oop [880]=Oop }
                      ;*new {reexecute=0 rethrow=0 return_oop=0}
                      ; - org.apache.xpath.XPath::initFunctionTable@1 (line 62)
                      ; - org.apache.xpath.XPath::<init>@15 (line 279)
                      ; - org.apache.xalan.templates.ElemApplyTemplates::transformSelectedNodes@917 (line 438)
  0x0000707278bfb9fc: 6911 07e9 | b5cf ffff 

  0x0000707278bfba04: ;   {metadata(nullptr)}
  0x0000707278bfba04: 48ba 0000 | 0000 0000 | 0000 b800 

  0x0000707278bfba10: ;   {runtime_call load_klass_patching Runtime1 stub}
  0x0000707278bfba10: 0f05 0ae8 

  0x0000707278bfba14: ; ImmutableOopMap {[224]=Oop [232]=Oop [240]=Oop [256]=Oop [280]=Oop [848]=Oop [872]=Oop [880]=Oop }
                      ;*new {reexecute=1 rethrow=0 return_oop=0}
                      ; - (reexecute) org.apache.xalan.templates.ElemApplyTemplates::transformSelectedNodes@920 (line 438)
  0x0000707278bfba14: 68b8 1107 | e9eb cfff | ff48 8bd2 

  0x0000707278bfba20: ;   {runtime_call fast_new_instance Runtime1 stub}
  0x0000707278bfba20: e85b 6911 

  0x0000707278bfba24: ; ImmutableOopMap {[224]=Oop [232]=Oop [240]=Oop [256]=Oop [280]=Oop [848]=Oop [872]=Oop [880]=Oop }
                      ;*new {reexecute=0 rethrow=0 return_oop=0}
                      ; - org.apache.xalan.templates.ElemApplyTemplates::transformSelectedNodes@920 (line 438)
  0x0000707278bfba24: 07e9 91d0 

  0x0000707278bfba28: ;   {runtime_call throw_null_pointer_exception Runtime1 stub}
  0x0000707278bfba28: ffff e851 

  0x0000707278bfba2c: ; ImmutableOopMap {rbx=Oop [224]=Oop [232]=Oop [240]=Oop [256]=Oop [280]=Oop [848]=Oop [872]=Oop [880]=Oop [896]=Oop }
                      ;*invokevirtual fireSelectedEndEvent {reexecute=0 rethrow=0 return_oop=0}
                      ; - org.apache.xalan.templates.ElemApplyTemplates::transformSelectedNodes@929 (line 438)
                      ;   {metadata({method} {0x000063c5506aa268} 'popSAXLocator' '()V' in 'org/apache/xpath/XPathContext')}
  0x0000707278bfba2c: 6011 0749 | ba68 a26a | 50c5 6300 | 004c 8954 | 2408 48c7 | 0424 ffff 

  0x0000707278bfba44: ;   {runtime_call counter_overflow Runtime1 stub}
  0x0000707278bfba44: ffff e835 

  0x0000707278bfba48: ; ImmutableOopMap {rdi=Oop [224]=Oop [232]=Oop [240]=Oop [256]=Oop [280]=Oop [848]=Oop }
                      ;*synchronization entry
                      ; - org.apache.xpath.XPathContext::popSAXLocator@-1 (line 434)
                      ; - org.apache.xalan.templates.ElemApplyTemplates::transformSelectedNodes@945 (line 445)
  0x0000707278bfba48: ca11 07e9 | dfd1 ffff 

  0x0000707278bfba50: ;   {runtime_call throw_null_pointer_exception Runtime1 stub}
  0x0000707278bfba50: e82b 6011 

  0x0000707278bfba54: ; ImmutableOopMap {rdi=Oop rsi=Oop [224]=Oop [232]=Oop [240]=Oop [256]=Oop [280]=Oop [848]=Oop }
                      ;*invokevirtual pop {reexecute=0 rethrow=0 return_oop=0}
                      ; - org.apache.xpath.XPathContext::popSAXLocator@4 (line 434)
                      ; - org.apache.xalan.templates.ElemApplyTemplates::transformSelectedNodes@945 (line 445)
                      ;   {metadata({method} {0x000063c5506aafd0} 'popContextNodeList' '()V' in 'org/apache/xpath/XPathContext')}
  0x0000707278bfba54: 0749 bad0 | af6a 50c5 | 6300 004c | 8954 2408 | 48c7 0424 | ffff ffff 

  0x0000707278bfba6c: ;   {runtime_call counter_overflow Runtime1 stub}
  0x0000707278bfba6c: e80f ca11 

  0x0000707278bfba70: ; ImmutableOopMap {rbx=Oop [224]=Oop [232]=Oop [240]=Oop [256]=Oop [280]=Oop [848]=Oop }
                      ;*synchronization entry
                      ; - org.apache.xpath.XPathContext::popContextNodeList@-1 (line 706)
                      ; - org.apache.xalan.templates.ElemApplyTemplates::transformSelectedNodes@954 (line 446)
  0x0000707278bfba70: 07e9 6bd2 

  0x0000707278bfba74: ;   {runtime_call throw_null_pointer_exception Runtime1 stub}
  0x0000707278bfba74: ffff e805 

  0x0000707278bfba78: ; ImmutableOopMap {rbx=Oop rdx=Oop [224]=Oop [232]=Oop [240]=Oop [256]=Oop [280]=Oop [848]=Oop }
                      ;*invokevirtual isEmpty {reexecute=0 rethrow=0 return_oop=0}
                      ; - org.apache.xpath.XPathContext::popContextNodeList@4 (line 706)
                      ; - org.apache.xalan.templates.ElemApplyTemplates::transformSelectedNodes@954 (line 446)
  0x0000707278bfba78: 6011 0748 | 8954 2408 | 4889 3424 

  0x0000707278bfba84: ;   {runtime_call monitorenter_nofpu Runtime1 stub}
  0x0000707278bfba84: e8f7 9b11 

  0x0000707278bfba88: ; ImmutableOopMap {rbx=Oop rdx=Oop [224]=Oop [232]=Oop [240]=Oop [256]=Oop [280]=Oop [848]=Oop [992]=Oop }
                      ;*synchronization entry
                      ; - java.util.Vector::isEmpty@-1 (line 316)
                      ; - org.apache.xpath.XPathContext::popContextNodeList@4 (line 706)
                      ; - org.apache.xalan.templates.ElemApplyTemplates::transformSelectedNodes@954 (line 446)
  0x0000707278bfba88: 07e9 26d3 

  0x0000707278bfba8c: ;   {metadata({method} {0x000063c5500fff00} 'isEmpty' '()Z' in 'java/util/Vector')}
  0x0000707278bfba8c: ffff 49ba | 00ff 0f50 | c563 0000 | 4c89 5424 | 0848 c704 | 24ff ffff 

  0x0000707278bfbaa4: ;   {runtime_call counter_overflow Runtime1 stub}
  0x0000707278bfbaa4: ffe8 d6c9 

  0x0000707278bfbaa8: ; ImmutableOopMap {rbx=Oop rdx=Oop [224]=Oop [232]=Oop [240]=Oop [256]=Oop [280]=Oop [848]=Oop [992]=Oop }
                      ;*synchronization entry
                      ; - java.util.Vector::isEmpty@-1 (line 316)
                      ; - org.apache.xpath.XPathContext::popContextNodeList@4 (line 706)
                      ; - org.apache.xalan.templates.ElemApplyTemplates::transformSelectedNodes@954 (line 446)
  0x0000707278bfbaa8: 1107 e92c | d3ff ff48 | 8d84 24d8 | 0300 0048 

  0x0000707278bfbab8: ;   {runtime_call monitorexit_nofpu Runtime1 stub}
  0x0000707278bfbab8: 8904 24e8 | c0a1 1107 | e996 d3ff 

  0x0000707278bfbac4: ;   {runtime_call throw_null_pointer_exception Runtime1 stub}
  0x0000707278bfbac4: ffe8 b65f 

  0x0000707278bfbac8: ; ImmutableOopMap {rsi=Oop [224]=Oop [232]=Oop [240]=Oop [256]=Oop [280]=Oop [848]=Oop }
                      ;*invokevirtual println {reexecute=0 rethrow=0 return_oop=0}
                      ; - org.apache.xpath.XPathContext::popContextNodeList@15 (line 707)
                      ; - org.apache.xalan.templates.ElemApplyTemplates::transformSelectedNodes@954 (line 446)
                      ;   {runtime_call throw_null_pointer_exception Runtime1 stub}
  0x0000707278bfbac8: 1107 e8b1 

  0x0000707278bfbacc: ; ImmutableOopMap {rdi=Oop rsi=Oop [224]=Oop [232]=Oop [240]=Oop [256]=Oop [280]=Oop [848]=Oop }
                      ;*invokevirtual pop {reexecute=0 rethrow=0 return_oop=0}
                      ; - org.apache.xpath.XPathContext::popContextNodeList@25 (line 709)
                      ; - org.apache.xalan.templates.ElemApplyTemplates::transformSelectedNodes@954 (line 446)
                      ;   {metadata({method} {0x000063c550655c90} 'popElemTemplateElement' '()V' in 'org/apache/xalan/transformer/TransformerImpl')}
  0x0000707278bfbacc: 5f11 0749 | ba90 5c65 | 50c5 6300 | 004c 8954 | 2408 48c7 | 0424 ffff 

  0x0000707278bfbae4: ;   {runtime_call counter_overflow Runtime1 stub}
  0x0000707278bfbae4: ffff e895 

  0x0000707278bfbae8: ; ImmutableOopMap {rdx=Oop [224]=Oop [232]=Oop [240]=Oop [256]=Oop [280]=Oop [848]=Oop }
                      ;*synchronization entry
                      ; - org.apache.xalan.transformer.TransformerImpl::popElemTemplateElement@-1 (line 2632)
                      ; - org.apache.xalan.templates.ElemApplyTemplates::transformSelectedNodes@958 (line 447)
  0x0000707278bfbae8: c911 07e9 | e0d4 ffff 

  0x0000707278bfbaf0: ;   {runtime_call throw_null_pointer_exception Runtime1 stub}
  0x0000707278bfbaf0: e88b 5f11 

  0x0000707278bfbaf4: ; ImmutableOopMap {rdx=Oop rsi=Oop [224]=Oop [232]=Oop [240]=Oop [256]=Oop [280]=Oop [848]=Oop }
                      ;*invokevirtual pop {reexecute=0 rethrow=0 return_oop=0}
                      ; - org.apache.xalan.transformer.TransformerImpl::popElemTemplateElement@4 (line 2632)
                      ; - org.apache.xalan.templates.ElemApplyTemplates::transformSelectedNodes@958 (line 447)
                      ;   {metadata({method} {0x000063c5506ac060} 'popCurrentExpressionNode' '()V' in 'org/apache/xpath/XPathContext')}
  0x0000707278bfbaf4: 0749 ba60 | c06a 50c5 | 6300 004c | 8954 2408 | 48c7 0424 | ffff ffff 

  0x0000707278bfbb0c: ;   {runtime_call counter_overflow Runtime1 stub}
  0x0000707278bfbb0c: e86f c911 

  0x0000707278bfbb10: ; ImmutableOopMap {[224]=Oop [232]=Oop [240]=Oop [256]=Oop [280]=Oop [848]=Oop }
                      ;*synchronization entry
                      ; - org.apache.xpath.XPathContext::popCurrentExpressionNode@-1 (line 908)
                      ; - org.apache.xalan.templates.ElemApplyTemplates::transformSelectedNodes@962 (line 448)
  0x0000707278bfbb10: 07e9 27d5 

  0x0000707278bfbb14: ;   {runtime_call throw_null_pointer_exception Runtime1 stub}
  0x0000707278bfbb14: ffff e865 

  0x0000707278bfbb18: ; ImmutableOopMap {rdi=Oop rsi=Oop [224]=Oop [232]=Oop [240]=Oop [256]=Oop [280]=Oop [848]=Oop }
                      ;*invokevirtual quickPop {reexecute=0 rethrow=0 return_oop=0}
                      ; - org.apache.xpath.XPathContext::popCurrentExpressionNode@5 (line 908)
                      ; - org.apache.xalan.templates.ElemApplyTemplates::transformSelectedNodes@962 (line 448)
                      ;   {metadata({method} {0x000063c550648710} 'quickPop' '(I)V' in 'org/apache/xml/utils/IntStack')}
  0x0000707278bfbb18: 5f11 0749 | ba10 8764 | 50c5 6300 | 004c 8954 | 2408 48c7 | 0424 ffff 

  0x0000707278bfbb30: ;   {runtime_call counter_overflow Runtime1 stub}
  0x0000707278bfbb30: ffff e849 

  0x0000707278bfbb34: ; ImmutableOopMap {rdi=Oop rsi=Oop [224]=Oop [232]=Oop [240]=Oop [256]=Oop [280]=Oop [848]=Oop }
                      ;*synchronization entry
                      ; - org.apache.xml.utils.IntStack::quickPop@-1 (line 110)
                      ; - org.apache.xpath.XPathContext::popCurrentExpressionNode@5 (line 908)
                      ; - org.apache.xalan.templates.ElemApplyTemplates::transformSelectedNodes@962 (line 448)
  0x0000707278bfbb34: c911 07e9 | 4ad5 ffff 

  0x0000707278bfbb3c: ;   {metadata({method} {0x000063c5506ab680} 'popCurrentNode' '()V' in 'org/apache/xpath/XPathContext')}
  0x0000707278bfbb3c: 49ba 80b6 | 6a50 c563 | 0000 4c89 | 5424 0848 | c704 24ff 

  0x0000707278bfbb50: ;   {runtime_call counter_overflow Runtime1 stub}
  0x0000707278bfbb50: ffff ffe8 

  0x0000707278bfbb54: ; ImmutableOopMap {rdi=Oop [224]=Oop [232]=Oop [240]=Oop [256]=Oop [280]=Oop [848]=Oop }
                      ;*synchronization entry
                      ; - org.apache.xpath.XPathContext::popCurrentNode@-1 (line 801)
                      ; - org.apache.xalan.templates.ElemApplyTemplates::transformSelectedNodes@966 (line 449)
  0x0000707278bfbb54: 28c9 1107 | e96d d5ff 

  0x0000707278bfbb5c: ;   {runtime_call throw_null_pointer_exception Runtime1 stub}
  0x0000707278bfbb5c: ffe8 1e5f 

  0x0000707278bfbb60: ; ImmutableOopMap {rdi=Oop rsi=Oop [224]=Oop [232]=Oop [240]=Oop [256]=Oop [280]=Oop [848]=Oop }
                      ;*invokevirtual quickPop {reexecute=0 rethrow=0 return_oop=0}
                      ; - org.apache.xpath.XPathContext::popCurrentNode@5 (line 801)
                      ; - org.apache.xalan.templates.ElemApplyTemplates::transformSelectedNodes@966 (line 449)
                      ;   {metadata({method} {0x000063c550648710} 'quickPop' '(I)V' in 'org/apache/xml/utils/IntStack')}
  0x0000707278bfbb60: 1107 49ba | 1087 6450 | c563 0000 | 4c89 5424 | 0848 c704 | 24ff ffff 

  0x0000707278bfbb78: ;   {runtime_call counter_overflow Runtime1 stub}
  0x0000707278bfbb78: ffe8 02c9 

  0x0000707278bfbb7c: ; ImmutableOopMap {rdi=Oop rsi=Oop [224]=Oop [232]=Oop [240]=Oop [256]=Oop [280]=Oop [848]=Oop }
                      ;*synchronization entry
                      ; - org.apache.xml.utils.IntStack::quickPop@-1 (line 110)
                      ; - org.apache.xpath.XPathContext::popCurrentNode@5 (line 801)
                      ; - org.apache.xalan.templates.ElemApplyTemplates::transformSelectedNodes@966 (line 449)
  0x0000707278bfbb7c: 1107 e988 

  0x0000707278bfbb80: ;   {runtime_call throw_null_pointer_exception Runtime1 stub}
  0x0000707278bfbb80: d5ff ffe8 

  0x0000707278bfbb84: ; ImmutableOopMap {rdi=Oop rbx=Oop [224]=Oop [232]=Oop [240]=Oop [256]=Oop [280]=Oop }
                      ;*invokeinterface detach {reexecute=0 rethrow=0 return_oop=0}
                      ; - org.apache.xalan.templates.ElemApplyTemplates::transformSelectedNodes@971 (line 450)
  0x0000707278bfbb84: f85e 1107 

  0x0000707278bfbb88: ;   {metadata(nullptr)}
  0x0000707278bfbb88: 48ba 0000 | 0000 0000 | 0000 b800 

  0x0000707278bfbb94: ;   {runtime_call load_klass_patching Runtime1 stub}
  0x0000707278bfbb94: 0f05 0ae8 

  0x0000707278bfbb98: ; ImmutableOopMap {rsi=Oop r9=Oop [224]=Oop [232]=Oop [240]=Oop [256]=Oop [280]=Oop [904]=Oop [936]=Oop [952]=Oop }
                      ;*new {reexecute=1 rethrow=0 return_oop=0}
                      ; - (reexecute) org.apache.xalan.templates.ElemApplyTemplates::transformSelectedNodes@909 (line 438)
  0x0000707278bfbb98: e4b6 1107 | e9ef d6ff | ff48 8bd2 

  0x0000707278bfbba4: ;   {runtime_call fast_new_instance Runtime1 stub}
  0x0000707278bfbba4: e8d7 6711 

  0x0000707278bfbba8: ; ImmutableOopMap {r9=Oop r13=Oop [224]=Oop [232]=Oop [240]=Oop [256]=Oop [280]=Oop [904]=Oop [936]=Oop [952]=Oop }
                      ;*new {reexecute=0 rethrow=0 return_oop=0}
                      ; - org.apache.xalan.templates.ElemApplyTemplates::transformSelectedNodes@909 (line 438)
  0x0000707278bfbba8: 07e9 90d7 

  0x0000707278bfbbac: ;   {metadata({method} {0x000063c55065bd48} '<init>' '(Lorg/apache/xpath/Expression;)V' in 'org/apache/xpath/XPath')}
  0x0000707278bfbbac: ffff 49ba | 48bd 6550 | c563 0000 | 4c89 5424 | 0848 c704 | 24ff ffff 

  0x0000707278bfbbc4: ;   {runtime_call counter_overflow Runtime1 stub}
  0x0000707278bfbbc4: ffe8 b6c8 

  0x0000707278bfbbc8: ; ImmutableOopMap {r9=Oop r13=Oop rax=Oop rdi=Oop [224]=Oop [232]=Oop [240]=Oop [256]=Oop [280]=Oop [904]=Oop [920]=Oop [936]=Oop [952]=Oop }
                      ;*synchronization entry
                      ; - org.apache.xpath.XPath::<init>@-1 (line 277)
                      ; - org.apache.xalan.templates.ElemApplyTemplates::transformSelectedNodes@917 (line 438)
  0x0000707278bfbbc8: 1107 e9b7 

  0x0000707278bfbbcc: ;   {metadata({method} {0x000063c55b4791f0} '<init>' '()V' in 'java/lang/Object')}
  0x0000707278bfbbcc: d7ff ff49 | baf0 9147 | 5bc5 6300 | 004c 8954 | 2408 48c7 | 0424 ffff 

  0x0000707278bfbbe4: ;   {runtime_call counter_overflow Runtime1 stub}
  0x0000707278bfbbe4: ffff e895 

  0x0000707278bfbbe8: ; ImmutableOopMap {r9=Oop r13=Oop rax=Oop rdi=Oop [224]=Oop [232]=Oop [240]=Oop [256]=Oop [280]=Oop [904]=Oop [920]=Oop [936]=Oop [952]=Oop }
                      ;*synchronization entry
                      ; - java.lang.Object::<init>@-1 (line 45)
                      ; - org.apache.xpath.XPath::<init>@1 (line 277)
                      ; - org.apache.xalan.templates.ElemApplyTemplates::transformSelectedNodes@917 (line 438)
  0x0000707278bfbbe8: c811 07e9 | d2d7 ffff 

  0x0000707278bfbbf0: ;   {metadata({method} {0x000063c55065b6b0} 'setExpression' '(Lorg/apache/xpath/Expression;)V' in 'org/apache/xpath/XPath')}
  0x0000707278bfbbf0: 49ba b0b6 | 6550 c563 | 0000 4c89 | 5424 0848 | c704 24ff 

  0x0000707278bfbc04: ;   {runtime_call counter_overflow Runtime1 stub}
  0x0000707278bfbc04: ffff ffe8 

  0x0000707278bfbc08: ; ImmutableOopMap {r9=Oop r13=Oop rax=Oop rdi=Oop [224]=Oop [232]=Oop [240]=Oop [256]=Oop [280]=Oop [904]=Oop [920]=Oop [936]=Oop [952]=Oop }
                      ;*synchronization entry
                      ; - org.apache.xpath.XPath::setExpression@-1 (line 99)
                      ; - org.apache.xpath.XPath::<init>@11 (line 278)
                      ; - org.apache.xalan.templates.ElemApplyTemplates::transformSelectedNodes@917 (line 438)
  0x0000707278bfbc08: 74c8 1107 | e9fe d7ff 

  0x0000707278bfbc10: ;   {runtime_call throw_null_pointer_exception Runtime1 stub}
  0x0000707278bfbc10: ffe8 6a5e 

  0x0000707278bfbc14: ; ImmutableOopMap {r9=Oop r13=Oop rax=Oop rdi=Oop rdx=Oop [224]=Oop [232]=Oop [240]=Oop [256]=Oop [280]=Oop [904]=Oop [920]=Oop [936]=Oop [952]=Oop }
                      ;*invokevirtual exprGetParent {reexecute=0 rethrow=0 return_oop=0}
                      ; - org.apache.xpath.XPath::setExpression@13 (line 100)
                      ; - org.apache.xpath.XPath::<init>@11 (line 278)
                      ; - org.apache.xalan.templates.ElemApplyTemplates::transformSelectedNodes@917 (line 438)
                      ;   {runtime_call throw_null_pointer_exception Runtime1 stub}
  0x0000707278bfbc14: 1107 e865 

  0x0000707278bfbc18: ; ImmutableOopMap {r9=Oop r13=Oop rax=Oop rdi=Oop rbx=Oop [224]=Oop [232]=Oop [240]=Oop [256]=Oop [280]=Oop [904]=Oop [912]=Oop [920]=Oop [936]=Oop [952]=Oop }
                      ;*invokevirtual exprSetParent {reexecute=0 rethrow=0 return_oop=0}
                      ; - org.apache.xpath.XPath::setExpression@16 (line 100)
                      ; - org.apache.xpath.XPath::<init>@11 (line 278)
                      ; - org.apache.xalan.templates.ElemApplyTemplates::transformSelectedNodes@917 (line 438)
                      ;   {metadata({method} {0x000063c5504cf1d0} 'exprSetParent' '(Lorg/apache/xpath/ExpressionNode;)V' in 'org/apache/xpath/Expression')}
  0x0000707278bfbc18: 5e11 0749 | bad0 f14c | 50c5 6300 | 004c 8954 | 2408 48c7 | 0424 ffff 

  0x0000707278bfbc30: ;   {runtime_call counter_overflow Runtime1 stub}
  0x0000707278bfbc30: ffff e849 

  0x0000707278bfbc34: ; ImmutableOopMap {r9=Oop r13=Oop rax=Oop rdi=Oop rbx=Oop [224]=Oop [232]=Oop [240]=Oop [256]=Oop [280]=Oop [904]=Oop [912]=Oop [920]=Oop [936]=Oop [952]=Oop }
                      ;*synchronization entry
                      ; - org.apache.xpath.Expression::exprSetParent@-1 (line 476)
                      ; - org.apache.xpath.XPath::setExpression@16 (line 100)
                      ; - org.apache.xpath.XPath::<init>@11 (line 278)
                      ; - org.apache.xalan.templates.ElemApplyTemplates::transformSelectedNodes@917 (line 438)
  0x0000707278bfbc34: c811 07e9 | 63d9 ffff 

  0x0000707278bfbc3c: ;   {metadata({method} {0x000063c55065b470} 'initFunctionTable' '()V' in 'org/apache/xpath/XPath')}
  0x0000707278bfbc3c: 49ba 70b4 | 6550 c563 | 0000 4c89 | 5424 0848 | c704 24ff 

  0x0000707278bfbc50: ;   {runtime_call counter_overflow Runtime1 stub}
  0x0000707278bfbc50: ffff ffe8 

  0x0000707278bfbc54: ; ImmutableOopMap {rax=Oop [224]=Oop [232]=Oop [240]=Oop [256]=Oop [280]=Oop [904]=Oop [920]=Oop [936]=Oop [952]=Oop }
                      ;*synchronization entry
                      ; - org.apache.xpath.XPath::initFunctionTable@-1 (line 62)
                      ; - org.apache.xpath.XPath::<init>@15 (line 279)
                      ; - org.apache.xalan.templates.ElemApplyTemplates::transformSelectedNodes@917 (line 438)
  0x0000707278bfbc54: 28c8 1107 | e9a9 daff | ff48 8bd2 

  0x0000707278bfbc60: ;   {runtime_call fast_new_instance Runtime1 stub}
  0x0000707278bfbc60: e81b 6711 

  0x0000707278bfbc64: ; ImmutableOopMap {[224]=Oop [232]=Oop [240]=Oop [256]=Oop [280]=Oop [904]=Oop [920]=Oop [936]=Oop [952]=Oop }
                      ;*new {reexecute=0 rethrow=0 return_oop=0}
                      ; - org.apache.xpath.XPath::initFunctionTable@1 (line 62)
                      ; - org.apache.xpath.XPath::<init>@15 (line 279)
                      ; - org.apache.xalan.templates.ElemApplyTemplates::transformSelectedNodes@917 (line 438)
  0x0000707278bfbc64: 07e9 47db 

  0x0000707278bfbc68: ;   {metadata(nullptr)}
  0x0000707278bfbc68: ffff 48ba | 0000 0000 | 0000 0000 | b800 0f05 

  0x0000707278bfbc78: ;   {runtime_call load_klass_patching Runtime1 stub}
  0x0000707278bfbc78: 0ae8 02b6 

  0x0000707278bfbc7c: ; ImmutableOopMap {[224]=Oop [232]=Oop [240]=Oop [256]=Oop [280]=Oop [904]=Oop [920]=Oop [936]=Oop [952]=Oop }
                      ;*new {reexecute=1 rethrow=0 return_oop=0}
                      ; - (reexecute) org.apache.xalan.templates.ElemApplyTemplates::transformSelectedNodes@920 (line 438)
  0x0000707278bfbc7c: 1107 e97d | dbff ff48 

  0x0000707278bfbc84: ;   {runtime_call fast_new_instance Runtime1 stub}
  0x0000707278bfbc84: 8bd2 e8f5 

  0x0000707278bfbc88: ; ImmutableOopMap {[224]=Oop [232]=Oop [240]=Oop [256]=Oop [280]=Oop [904]=Oop [920]=Oop [936]=Oop [952]=Oop }
                      ;*new {reexecute=0 rethrow=0 return_oop=0}
                      ; - org.apache.xalan.templates.ElemApplyTemplates::transformSelectedNodes@920 (line 438)
  0x0000707278bfbc88: 6611 07e9 | 23dc ffff 

  0x0000707278bfbc90: ;   {runtime_call throw_null_pointer_exception Runtime1 stub}
  0x0000707278bfbc90: e8eb 5d11 

  0x0000707278bfbc94: ; ImmutableOopMap {rsi=Oop [224]=Oop [232]=Oop [240]=Oop [256]=Oop [280]=Oop [904]=Oop [920]=Oop [936]=Oop [952]=Oop [968]=Oop }
                      ;*invokevirtual fireSelectedEndEvent {reexecute=0 rethrow=0 return_oop=0}
                      ; - org.apache.xalan.templates.ElemApplyTemplates::transformSelectedNodes@929 (line 438)
                      ;   {metadata({method} {0x000063c5506aa268} 'popSAXLocator' '()V' in 'org/apache/xpath/XPathContext')}
  0x0000707278bfbc94: 0749 ba68 | a26a 50c5 | 6300 004c | 8954 2408 | 48c7 0424 | ffff ffff 

  0x0000707278bfbcac: ;   {runtime_call counter_overflow Runtime1 stub}
  0x0000707278bfbcac: e8cf c711 

  0x0000707278bfbcb0: ; ImmutableOopMap {rdi=Oop [224]=Oop [232]=Oop [240]=Oop [256]=Oop [280]=Oop [904]=Oop [952]=Oop }
                      ;*synchronization entry
                      ; - org.apache.xpath.XPathContext::popSAXLocator@-1 (line 434)
                      ; - org.apache.xalan.templates.ElemApplyTemplates::transformSelectedNodes@945 (line 445)
  0x0000707278bfbcb0: 07e9 69dd 

  0x0000707278bfbcb4: ;   {runtime_call throw_null_pointer_exception Runtime1 stub}
  0x0000707278bfbcb4: ffff e8c5 

  0x0000707278bfbcb8: ; ImmutableOopMap {rdi=Oop rsi=Oop [224]=Oop [232]=Oop [240]=Oop [256]=Oop [280]=Oop [904]=Oop [952]=Oop }
                      ;*invokevirtual pop {reexecute=0 rethrow=0 return_oop=0}
                      ; - org.apache.xpath.XPathContext::popSAXLocator@4 (line 434)
                      ; - org.apache.xalan.templates.ElemApplyTemplates::transformSelectedNodes@945 (line 445)
                      ;   {metadata({method} {0x000063c5506aafd0} 'popContextNodeList' '()V' in 'org/apache/xpath/XPathContext')}
  0x0000707278bfbcb8: 5d11 0749 | bad0 af6a | 50c5 6300 | 004c 8954 | 2408 48c7 | 0424 ffff 

  0x0000707278bfbcd0: ;   {runtime_call counter_overflow Runtime1 stub}
  0x0000707278bfbcd0: ffff e8a9 

  0x0000707278bfbcd4: ; ImmutableOopMap {rbx=Oop [224]=Oop [232]=Oop [240]=Oop [256]=Oop [280]=Oop [904]=Oop [952]=Oop }
                      ;*synchronization entry
                      ; - org.apache.xpath.XPathContext::popContextNodeList@-1 (line 706)
                      ; - org.apache.xalan.templates.ElemApplyTemplates::transformSelectedNodes@954 (line 446)
  0x0000707278bfbcd4: c711 07e9 | f5dd ffff 

  0x0000707278bfbcdc: ;   {runtime_call throw_null_pointer_exception Runtime1 stub}
  0x0000707278bfbcdc: e89f 5d11 

  0x0000707278bfbce0: ; ImmutableOopMap {rbx=Oop rdx=Oop [224]=Oop [232]=Oop [240]=Oop [256]=Oop [280]=Oop [904]=Oop [952]=Oop }
                      ;*invokevirtual isEmpty {reexecute=0 rethrow=0 return_oop=0}
                      ; - org.apache.xpath.XPathContext::popContextNodeList@4 (line 706)
                      ; - org.apache.xalan.templates.ElemApplyTemplates::transformSelectedNodes@954 (line 446)
  0x0000707278bfbce0: 0748 8954 | 2408 4889 

  0x0000707278bfbce8: ;   {runtime_call monitorenter_nofpu Runtime1 stub}
  0x0000707278bfbce8: 3424 e891 

  0x0000707278bfbcec: ; ImmutableOopMap {rbx=Oop rdx=Oop [224]=Oop [232]=Oop [240]=Oop [256]=Oop [280]=Oop [904]=Oop [952]=Oop [992]=Oop }
                      ;*synchronization entry
                      ; - java.util.Vector::isEmpty@-1 (line 316)
                      ; - org.apache.xpath.XPathContext::popContextNodeList@4 (line 706)
                      ; - org.apache.xalan.templates.ElemApplyTemplates::transformSelectedNodes@954 (line 446)
  0x0000707278bfbcec: 9911 07e9 | b0de ffff 

  0x0000707278bfbcf4: ;   {metadata({method} {0x000063c5500fff00} 'isEmpty' '()Z' in 'java/util/Vector')}
  0x0000707278bfbcf4: 49ba 00ff | 0f50 c563 | 0000 4c89 | 5424 0848 | c704 24ff 

  0x0000707278bfbd08: ;   {runtime_call counter_overflow Runtime1 stub}
  0x0000707278bfbd08: ffff ffe8 

  0x0000707278bfbd0c: ; ImmutableOopMap {rbx=Oop rdx=Oop [224]=Oop [232]=Oop [240]=Oop [256]=Oop [280]=Oop [904]=Oop [952]=Oop [992]=Oop }
                      ;*synchronization entry
                      ; - java.util.Vector::isEmpty@-1 (line 316)
                      ; - org.apache.xpath.XPathContext::popContextNodeList@4 (line 706)
                      ; - org.apache.xalan.templates.ElemApplyTemplates::transformSelectedNodes@954 (line 446)
  0x0000707278bfbd0c: 70c7 1107 | e9b6 deff | ff48 8d84 | 24d8 0300 | 0048 8904 

  0x0000707278bfbd20: ;   {runtime_call monitorexit_nofpu Runtime1 stub}
  0x0000707278bfbd20: 24e8 5a9f | 1107 e920 

  0x0000707278bfbd28: ;   {runtime_call throw_null_pointer_exception Runtime1 stub}
  0x0000707278bfbd28: dfff ffe8 

  0x0000707278bfbd2c: ; ImmutableOopMap {rsi=Oop [224]=Oop [232]=Oop [240]=Oop [256]=Oop [280]=Oop [904]=Oop [952]=Oop }
                      ;*invokevirtual println {reexecute=0 rethrow=0 return_oop=0}
                      ; - org.apache.xpath.XPathContext::popContextNodeList@15 (line 707)
                      ; - org.apache.xalan.templates.ElemApplyTemplates::transformSelectedNodes@954 (line 446)
  0x0000707278bfbd2c: 505d 1107 

  0x0000707278bfbd30: ;   {runtime_call throw_null_pointer_exception Runtime1 stub}
  0x0000707278bfbd30: e84b 5d11 

  0x0000707278bfbd34: ; ImmutableOopMap {rdi=Oop rsi=Oop [224]=Oop [232]=Oop [240]=Oop [256]=Oop [280]=Oop [904]=Oop [952]=Oop }
                      ;*invokevirtual pop {reexecute=0 rethrow=0 return_oop=0}
                      ; - org.apache.xpath.XPathContext::popContextNodeList@25 (line 709)
                      ; - org.apache.xalan.templates.ElemApplyTemplates::transformSelectedNodes@954 (line 446)
                      ;   {internal_word}
  0x0000707278bfbd34: 0749 ba99 | 9dbf 7872 | 7000 004d | 8997 8007 

  0x0000707278bfbd44: ;   {runtime_call SafepointBlob}
  0x0000707278bfbd44: 0000 e9b5 

  0x0000707278bfbd48: ;   {metadata({method} {0x000063c550655c90} 'popElemTemplateElement' '()V' in 'org/apache/xalan/transformer/TransformerImpl')}
  0x0000707278bfbd48: f606 0749 | ba90 5c65 | 50c5 6300 | 004c 8954 | 2408 48c7 | 0424 ffff 

  0x0000707278bfbd60: ;   {runtime_call counter_overflow Runtime1 stub}
  0x0000707278bfbd60: ffff e819 

  0x0000707278bfbd64: ; ImmutableOopMap {rdx=Oop [224]=Oop [232]=Oop [240]=Oop [256]=Oop [280]=Oop [904]=Oop [952]=Oop }
                      ;*synchronization entry
                      ; - org.apache.xalan.transformer.TransformerImpl::popElemTemplateElement@-1 (line 2632)
                      ; - org.apache.xalan.templates.ElemApplyTemplates::transformSelectedNodes@958 (line 447)
  0x0000707278bfbd64: c711 07e9 | 7fe0 ffff 

  0x0000707278bfbd6c: ;   {runtime_call throw_null_pointer_exception Runtime1 stub}
  0x0000707278bfbd6c: e80f 5d11 

  0x0000707278bfbd70: ; ImmutableOopMap {rdx=Oop rsi=Oop [224]=Oop [232]=Oop [240]=Oop [256]=Oop [280]=Oop [904]=Oop [952]=Oop }
                      ;*invokevirtual pop {reexecute=0 rethrow=0 return_oop=0}
                      ; - org.apache.xalan.transformer.TransformerImpl::popElemTemplateElement@4 (line 2632)
                      ; - org.apache.xalan.templates.ElemApplyTemplates::transformSelectedNodes@958 (line 447)
                      ;   {metadata({method} {0x000063c5506ac060} 'popCurrentExpressionNode' '()V' in 'org/apache/xpath/XPathContext')}
  0x0000707278bfbd70: 0749 ba60 | c06a 50c5 | 6300 004c | 8954 2408 | 48c7 0424 | ffff ffff 

  0x0000707278bfbd88: ;   {runtime_call counter_overflow Runtime1 stub}
  0x0000707278bfbd88: e8f3 c611 

  0x0000707278bfbd8c: ; ImmutableOopMap {[224]=Oop [232]=Oop [240]=Oop [256]=Oop [280]=Oop [904]=Oop [952]=Oop }
                      ;*synchronization entry
                      ; - org.apache.xpath.XPathContext::popCurrentExpressionNode@-1 (line 908)
                      ; - org.apache.xalan.templates.ElemApplyTemplates::transformSelectedNodes@962 (line 448)
  0x0000707278bfbd8c: 07e9 c3e0 

  0x0000707278bfbd90: ;   {runtime_call throw_null_pointer_exception Runtime1 stub}
  0x0000707278bfbd90: ffff e8e9 

  0x0000707278bfbd94: ; ImmutableOopMap {rdi=Oop rsi=Oop [224]=Oop [232]=Oop [240]=Oop [256]=Oop [280]=Oop [904]=Oop [952]=Oop }
                      ;*invokevirtual quickPop {reexecute=0 rethrow=0 return_oop=0}
                      ; - org.apache.xpath.XPathContext::popCurrentExpressionNode@5 (line 908)
                      ; - org.apache.xalan.templates.ElemApplyTemplates::transformSelectedNodes@962 (line 448)
                      ;   {metadata({method} {0x000063c550648710} 'quickPop' '(I)V' in 'org/apache/xml/utils/IntStack')}
  0x0000707278bfbd94: 5c11 0749 | ba10 8764 | 50c5 6300 | 004c 8954 | 2408 48c7 | 0424 ffff 

  0x0000707278bfbdac: ;   {runtime_call counter_overflow Runtime1 stub}
  0x0000707278bfbdac: ffff e8cd 

  0x0000707278bfbdb0: ; ImmutableOopMap {rdi=Oop rsi=Oop [224]=Oop [232]=Oop [240]=Oop [256]=Oop [280]=Oop [904]=Oop [952]=Oop }
                      ;*synchronization entry
                      ; - org.apache.xml.utils.IntStack::quickPop@-1 (line 110)
                      ; - org.apache.xpath.XPathContext::popCurrentExpressionNode@5 (line 908)
                      ; - org.apache.xalan.templates.ElemApplyTemplates::transformSelectedNodes@962 (line 448)
  0x0000707278bfbdb0: c611 07e9 | e6e0 ffff 

  0x0000707278bfbdb8: ;   {metadata({method} {0x000063c5506ab680} 'popCurrentNode' '()V' in 'org/apache/xpath/XPathContext')}
  0x0000707278bfbdb8: 49ba 80b6 | 6a50 c563 | 0000 4c89 | 5424 0848 | c704 24ff 

  0x0000707278bfbdcc: ;   {runtime_call counter_overflow Runtime1 stub}
  0x0000707278bfbdcc: ffff ffe8 

  0x0000707278bfbdd0: ; ImmutableOopMap {rdi=Oop [224]=Oop [232]=Oop [240]=Oop [256]=Oop [280]=Oop [904]=Oop [952]=Oop }
                      ;*synchronization entry
                      ; - org.apache.xpath.XPathContext::popCurrentNode@-1 (line 801)
                      ; - org.apache.xalan.templates.ElemApplyTemplates::transformSelectedNodes@966 (line 449)
  0x0000707278bfbdd0: acc6 1107 | e909 e1ff 

  0x0000707278bfbdd8: ;   {runtime_call throw_null_pointer_exception Runtime1 stub}
  0x0000707278bfbdd8: ffe8 a25c 

  0x0000707278bfbddc: ; ImmutableOopMap {rdi=Oop rsi=Oop [224]=Oop [232]=Oop [240]=Oop [256]=Oop [280]=Oop [904]=Oop [952]=Oop }
                      ;*invokevirtual quickPop {reexecute=0 rethrow=0 return_oop=0}
                      ; - org.apache.xpath.XPathContext::popCurrentNode@5 (line 801)
                      ; - org.apache.xalan.templates.ElemApplyTemplates::transformSelectedNodes@966 (line 449)
                      ;   {metadata({method} {0x000063c550648710} 'quickPop' '(I)V' in 'org/apache/xml/utils/IntStack')}
  0x0000707278bfbddc: 1107 49ba | 1087 6450 | c563 0000 | 4c89 5424 | 0848 c704 | 24ff ffff 

  0x0000707278bfbdf4: ;   {runtime_call counter_overflow Runtime1 stub}
  0x0000707278bfbdf4: ffe8 86c6 

  0x0000707278bfbdf8: ; ImmutableOopMap {rdi=Oop rsi=Oop [224]=Oop [232]=Oop [240]=Oop [256]=Oop [280]=Oop [904]=Oop [952]=Oop }
                      ;*synchronization entry
                      ; - org.apache.xml.utils.IntStack::quickPop@-1 (line 110)
                      ; - org.apache.xpath.XPathContext::popCurrentNode@5 (line 801)
                      ; - org.apache.xalan.templates.ElemApplyTemplates::transformSelectedNodes@966 (line 449)
  0x0000707278bfbdf8: 1107 e924 

  0x0000707278bfbdfc: ;   {runtime_call throw_null_pointer_exception Runtime1 stub}
  0x0000707278bfbdfc: e1ff ffe8 

  0x0000707278bfbe00: ; ImmutableOopMap {rdi=Oop rbx=Oop [224]=Oop [232]=Oop [240]=Oop [256]=Oop [280]=Oop [952]=Oop }
                      ;*invokeinterface detach {reexecute=0 rethrow=0 return_oop=0}
                      ; - org.apache.xalan.templates.ElemApplyTemplates::transformSelectedNodes@971 (line 450)
  0x0000707278bfbe00: 7c5c 1107 | 488d 8424 | d803 0000 | 4889 0424 

  0x0000707278bfbe10: ;   {runtime_call monitorexit_nofpu Runtime1 stub}
  0x0000707278bfbe10: e86b 9e11 | 07e9 27e2 | ffff 488d | 8424 d803 | 0000 4889 

  0x0000707278bfbe24: ;   {runtime_call monitorexit_nofpu Runtime1 stub}
  0x0000707278bfbe24: 0424 e855 | 9e11 07e9 | 61e2 ffff 

  0x0000707278bfbe30: ;   {metadata(nullptr)}
  0x0000707278bfbe30: 48ba 0000 | 0000 0000 | 0000 b800 

  0x0000707278bfbe3c: ;   {runtime_call load_klass_patching Runtime1 stub}
  0x0000707278bfbe3c: 0f05 0ae8 

  0x0000707278bfbe40: ; ImmutableOopMap {[224]=Oop [232]=Oop [240]=Oop }
                      ;*new {reexecute=1 rethrow=0 return_oop=0}
                      ; - (reexecute) org.apache.xml.utils.IntStack::peek@13 (line 127)
                      ; - org.apache.xpath.XPathContext::getCurrentNode@4 (line 736)
                      ; - org.apache.xalan.templates.ElemApplyTemplates::transformSelectedNodes@6 (line 206)
  0x0000707278bfbe40: 3cb4 1107 | e96f e2ff 

  0x0000707278bfbe48: ;   {runtime_call throw_null_pointer_exception Runtime1 stub}
  0x0000707278bfbe48: ffe8 325c 

  0x0000707278bfbe4c: ; ImmutableOopMap {[224]=Oop [232]=Oop [240]=Oop }
                      ;*new {reexecute=0 rethrow=0 return_oop=0}
                      ; - org.apache.xml.utils.IntStack::peek@13 (line 127)
                      ; - org.apache.xpath.XPathContext::getCurrentNode@4 (line 736)
                      ; - org.apache.xalan.templates.ElemApplyTemplates::transformSelectedNodes@6 (line 206)
  0x0000707278bfbe4c: 1107 488b 

  0x0000707278bfbe50: ;   {runtime_call fast_new_instance_init_check Runtime1 stub}
  0x0000707278bfbe50: d2e8 2a6e 

  0x0000707278bfbe54: ; ImmutableOopMap {[224]=Oop [232]=Oop [240]=Oop }
                      ;*new {reexecute=0 rethrow=0 return_oop=0}
                      ; - org.apache.xml.utils.IntStack::peek@13 (line 127)
                      ; - org.apache.xpath.XPathContext::getCurrentNode@4 (line 736)
                      ; - org.apache.xalan.templates.ElemApplyTemplates::transformSelectedNodes@6 (line 206)
  0x0000707278bfbe54: 1107 e91d | e3ff ffc7 | 8424 1c02 | 0000 0000 | 0000 48ff | b424 0801 | 0000 488f | 8424 5003 
  0x0000707278bfbe74: 0000 e983 | c3ff ffc7 | 8424 b003 | 0000 0000 | 0000 48ff | b424 0801 | 0000 488f | 8424 8803 
  0x0000707278bfbe94: 0000 e93e | d3ff ffc7 | 8424 1c02 | 0000 0000 | 0000 48ff | b424 0801 | 0000 488f | 8424 5003 
  0x0000707278bfbeb4: 0000 e943 | c3ff ffc7 | 8424 b003 | 0000 0000 | 0000 48ff | b424 0801 | 0000 488f | 8424 8803 
  0x0000707278bfbed4: 0000 e9fe | d2ff ffc7 | 8424 1c02 | 0000 0000 | 0000 48ff | b424 0801 | 0000 488f | 8424 5003 
  0x0000707278bfbef4: 0000 e903 | c3ff ffc7 | 8424 b003 | 0000 0000 | 0000 48ff | b424 0801 | 0000 488f | 8424 8803 
  0x0000707278bfbf14: 0000 e9be | d2ff ffc7 | 8424 1c02 | 0000 0000 | 0000 48ff | b424 0801 | 0000 488f | 8424 5003 
  0x0000707278bfbf34: 0000 e9c3 | c2ff ffc7 | 8424 b003 | 0000 0000 | 0000 48ff | b424 0801 | 0000 488f 

  0x0000707278bfbf50: ;   {no_reloc}
  0x0000707278bfbf50: 8424 8803 | 0000 e97e | d2ff ffc7 | 8424 1c02 | 0000 0000 | 0000 48ff | b424 0801 | 0000 488f 
  0x0000707278bfbf70: 8424 5003 | 0000 e983 | c2ff ffc7 | 8424 b003 | 0000 0000 | 0000 48ff | b424 0801 | 0000 488f 
  0x0000707278bfbf90: 8424 8803 | 0000 e93e | d2ff ffc7 | 8424 1c02 | 0000 0000 | 0000 48ff | b424 0801 | 0000 488f 
  0x0000707278bfbfb0: 8424 5003 | 0000 e943 | c2ff ffc7 | 8424 b003 | 0000 0000 | 0000 48ff | b424 0801 | 0000 488f 
  0x0000707278bfbfd0: 8424 8803 | 0000 e9fe | d1ff ffc7 | 8424 1c02 | 0000 0000 | 0000 48ff | b424 3801 | 0000 488f 
  0x0000707278bfbff0: 8424 5003 | 0000 e903 | c2ff ffc7 | 8424 b003 | 0000 0000 | 0000 48ff | b424 3801 | 0000 488f 
  0x0000707278bfc010: 8424 8803 | 0000 e9be | d1ff ffc7 | 8424 1c02 | 0000 0000 | 0000 48ff | b424 3801 | 0000 488f 
  0x0000707278bfc030: 8424 5003 | 0000 e9c3 | c1ff ffc7 | 8424 b003 | 0000 0000 | 0000 48ff | b424 3801 

  0x0000707278bfc04c: ;   {no_reloc}
  0x0000707278bfc04c: 0000 488f | 8424 8803 | 0000 e97e | d1ff ffc7 | 8424 1c02 | 0000 0000 | 0000 48ff | b424 3801 
  0x0000707278bfc06c: 0000 488f | 8424 5003 | 0000 e983 | c1ff ffc7 | 8424 b003 | 0000 0000 | 0000 48ff | b424 3801 
  0x0000707278bfc08c: 0000 488f | 8424 8803 | 0000 e93e | d1ff ffc7 | 8424 1c02 | 0000 0000 | 0000 48ff | b424 3801 
  0x0000707278bfc0ac: 0000 488f | 8424 5003 | 0000 e943 | c1ff ffc7 | 8424 b003 | 0000 0000 | 0000 48ff | b424 3801 
  0x0000707278bfc0cc: 0000 488f | 8424 8803 | 0000 e9fe | d0ff ffc7 | 8424 1c02 | 0000 0000 | 0000 48ff | b424 3801 
  0x0000707278bfc0ec: 0000 488f | 8424 5003 | 0000 e903 | c1ff ffc7 | 8424 b003 | 0000 0000 | 0000 48ff | b424 3801 
  0x0000707278bfc10c: 0000 488f | 8424 8803 | 0000 e9be | d0ff ffc7 | 8424 1c02 | 0000 0000 | 0000 48ff | b424 3801 
  0x0000707278bfc12c: 0000 488f | 8424 5003 | 0000 e9c3 | c0ff ffc7 | 8424 b003 | 0000 0000 | 0000 48ff | b424 3801 
  0x0000707278bfc14c: ;   {no_reloc}
  0x0000707278bfc14c: 0000 488f | 8424 8803 | 0000 e97e | d0ff ffc7 | 8424 1c02 | 0000 0000 | 0000 48ff | b424 3801 
  0x0000707278bfc16c: 0000 488f | 8424 5003 | 0000 e983 | c0ff ffc7 | 8424 b003 | 0000 0000 | 0000 48ff | b424 3801 
  0x0000707278bfc18c: 0000 488f | 8424 8803 | 0000 e93e | d0ff ffc7 | 8424 1c02 | 0000 0000 | 0000 48ff | b424 3801 
  0x0000707278bfc1ac: 0000 488f | 8424 5003 | 0000 e943 | c0ff ffc7 | 8424 b003 | 0000 0000 | 0000 48ff | b424 3801 
  0x0000707278bfc1cc: 0000 488f | 8424 8803 | 0000 e9fe | cfff ffc7 | 8424 1c02 | 0000 0000 | 0000 48ff | b424 3801 
  0x0000707278bfc1ec: 0000 488f | 8424 5003 | 0000 e903 | c0ff ffc7 | 8424 b003 | 0000 0000 | 0000 48ff | b424 3801 
  0x0000707278bfc20c: 0000 488f | 8424 8803 | 0000 e9be | cfff ff8b | bc24 a001 | 0000 4c8b | 9c24 7801 | 0000 488b 
  0x0000707278bfc22c: 9c24 3801 | 0000 e94d | bfff ffc7 | 8424 1c02 | 0000 0100 | 0000 48ff | b424 3801 | 0000 488f 
  0x0000707278bfc24c: ;   {no_reloc}
  0x0000707278bfc24c: 8424 5003 | 0000 e9a7 | bfff ffc7 | 8424 b003 | 0000 0100 | 0000 48ff | b424 3801 | 0000 488f 
  0x0000707278bfc26c: 8424 8803 | 0000 e962 | cfff ffc7 | 8424 1c02 | 0000 0100 | 0000 48ff | b424 3801 | 0000 488f 
  0x0000707278bfc28c: 8424 5003 | 0000 e967 | bfff ffc7 | 8424 b003 | 0000 0100 | 0000 48ff | b424 3801 | 0000 488f 
  0x0000707278bfc2ac: 8424 8803 | 0000 e922 | cfff ffc7 | 8424 1c02 | 0000 0100 | 0000 48ff | b424 3801 | 0000 488f 
  0x0000707278bfc2cc: 8424 5003 | 0000 e927 | bfff ffc7 | 8424 b003 | 0000 0100 | 0000 48ff | b424 3801 | 0000 488f 
  0x0000707278bfc2ec: 8424 8803 | 0000 e9e2 | ceff ffc7 | 8424 1c02 | 0000 0100 | 0000 48ff | b424 3801 | 0000 488f 
  0x0000707278bfc30c: 8424 5003 | 0000 e9e7 | beff ffc7 | 8424 b003 | 0000 0100 | 0000 48ff | b424 3801 | 0000 488f 
  0x0000707278bfc32c: 8424 8803 | 0000 e9a2 | ceff ffc7 | 8424 1c02 | 0000 0100 | 0000 48ff | b424 3801 | 0000 488f 
  0x0000707278bfc34c: ;   {no_reloc}
  0x0000707278bfc34c: 8424 5003 | 0000 e9a7 | beff ffc7 | 8424 b003 | 0000 0100 | 0000 48ff | b424 3801 | 0000 488f 
  0x0000707278bfc36c: 8424 8803 | 0000 e962 | ceff ffc7 | 8424 1c02 | 0000 0100 | 0000 48ff | b424 3801 | 0000 488f 
  0x0000707278bfc38c: 8424 5003 | 0000 e967 | beff ffc7 | 8424 b003 | 0000 0100 | 0000 48ff | b424 3801 | 0000 488f 
  0x0000707278bfc3ac: 8424 8803 | 0000 e922 | ceff ffc7 | 8424 1c02 | 0000 0100 | 0000 48ff | b424 3801 | 0000 488f 
  0x0000707278bfc3cc: 8424 5003 | 0000 e927 | beff ffc7 | 8424 b003 | 0000 0100 | 0000 48ff | b424 3801 | 0000 488f 
  0x0000707278bfc3ec: 8424 8803 | 0000 e9e2 | cdff ffc7 | 8424 1c02 | 0000 0100 | 0000 48ff | b424 3801 | 0000 488f 
  0x0000707278bfc40c: 8424 5003 | 0000 e9e7 | bdff ffc7 | 8424 b003 | 0000 0100 | 0000 48ff | b424 3801 | 0000 488f 
  0x0000707278bfc42c: 8424 8803 | 0000 e9a2 | cdff ff48 | 8b9c 24e0 | 0100 00e9 | 78b9 ffff | c784 241c 

  0x0000707278bfc448: ;   {no_reloc}
  0x0000707278bfc448: 0200 0001 | 0000 0048 | ffb4 2438 | 0100 0048 | 8f84 2450 | 0300 00e9 | 9abd ffff | c784 24b0 
  0x0000707278bfc468: 0300 0001 | 0000 0048 | ffb4 2438 | 0100 0048 | 8f84 2488 | 0300 00e9 | 55cd ffff | 488b b424 
  0x0000707278bfc488: f801 0000 | e97b b6ff | ffc7 8424 | 1c02 0000 | 0100 0000 | 48ff b424 | 3801 0000 | 488f 8424 
  0x0000707278bfc4a8: 5003 0000 | e94d bdff | ffc7 8424 | b003 0000 | 0100 0000 | 48ff b424 | 3801 0000 | 488f 8424 
  0x0000707278bfc4c8: 8803 0000 | e908 cdff | ffc7 8424 | 1c02 0000 | 0100 0000 | 48ff b424 | 3801 0000 | 488f 8424 
  0x0000707278bfc4e8: 5003 0000 | e90d bdff | ffc7 8424 | b003 0000 | 0100 0000 | 48ff b424 | 3801 0000 | 488f 8424 
  0x0000707278bfc508: 8803 0000 | e9c8 ccff | ffc7 8424 | 1c02 0000 | 0100 0000 | 48ff b424 | 3801 0000 | 488f 8424 
  0x0000707278bfc528: 5003 0000 | e9cd bcff | ffc7 8424 | b003 0000 | 0100 0000 | 48ff b424 | 3801 0000 | 488f 8424 
  0x0000707278bfc548: ;   {no_reloc}
  0x0000707278bfc548: 8803 0000 | e988 ccff | ffc7 8424 | 1c02 0000 | 0100 0000 | 48ff b424 | 3801 0000 | 488f 8424 
  0x0000707278bfc568: 5003 0000 | e98d bcff | ffc7 8424 | b003 0000 | 0100 0000 | 48ff b424 | 3801 0000 | 488f 8424 
  0x0000707278bfc588: 8803 0000 | e948 ccff | ffc7 8424 | 1c02 0000 | 0100 0000 | 48ff b424 | 3801 0000 | 488f 8424 
  0x0000707278bfc5a8: 5003 0000 | e94d bcff | ffc7 8424 | b003 0000 | 0100 0000 | 48ff b424 | 3801 0000 | 488f 8424 
  0x0000707278bfc5c8: 8803 0000 | e908 ccff | ffc7 8424 | 1c02 0000 | 0100 0000 | 48ff b424 | 3801 0000 | 488f 8424 
  0x0000707278bfc5e8: 5003 0000 | e90d bcff | ffc7 8424 | b003 0000 | 0100 0000 | 48ff b424 | 3801 0000 | 488f 8424 
  0x0000707278bfc608: 8803 0000 | e9c8 cbff | ffc7 8424 | 1c02 0000 | 0100 0000 | 48ff b424 | 3801 0000 | 488f 8424 
  0x0000707278bfc628: 5003 0000 | e9cd bbff | ffc7 8424 | b003 0000 | 0100 0000 | 48ff b424 | 3801 0000 | 488f 8424 
  0x0000707278bfc648: ;   {no_reloc}
  0x0000707278bfc648: 8803 0000 | e988 cbff | ffc7 8424 | 1c02 0000 | 0100 0000 | 48ff b424 | 3801 0000 | 488f 8424 
  0x0000707278bfc668: 5003 0000 | e98d bbff | ffc7 8424 | b003 0000 | 0100 0000 | 48ff b424 | 3801 0000 | 488f 8424 
  0x0000707278bfc688: 8803 0000 | e948 cbff | ffc7 8424 | 1c02 0000 | 0100 0000 | 48ff b424 | 3801 0000 | 488f 8424 
  0x0000707278bfc6a8: 5003 0000 | e94d bbff | ffc7 8424 | b003 0000 | 0100 0000 | 48ff b424 | 3801 0000 | 488f 8424 
  0x0000707278bfc6c8: 8803 0000 | e908 cbff | ffc7 8424 | 1c02 0000 | 0100 0000 | 48ff b424 | 3801 0000 | 488f 8424 
  0x0000707278bfc6e8: 5003 0000 | e90d bbff | ffc7 8424 | b003 0000 | 0100 0000 | 48ff b424 | 3801 0000 | 488f 8424 
  0x0000707278bfc708: 8803 0000 | e9c8 caff | ffc7 8424 | 1c02 0000 | 0100 0000 | 48ff b424 | 3801 0000 | 488f 8424 
  0x0000707278bfc728: 5003 0000 | e9cd baff | ffc7 8424 | b003 0000 | 0100 0000 | 48ff b424 | 3801 0000 | 488f 8424 
  0x0000707278bfc748: ;   {no_reloc}
  0x0000707278bfc748: 8803 0000 | e988 caff | ffc7 8424 | 1c02 0000 | 0100 0000 | 48ff b424 | 3801 0000 | 488f 8424 
  0x0000707278bfc768: 5003 0000 | e98d baff | ffc7 8424 | b003 0000 | 0100 0000 | 48ff b424 | 3801 0000 | 488f 8424 
  0x0000707278bfc788: 8803 0000 | e948 caff | ffc7 8424 | 1c02 0000 | 0100 0000 | 48ff b424 | 3801 0000 | 488f 8424 
  0x0000707278bfc7a8: 5003 0000 | e94d baff | ffc7 8424 | b003 0000 | 0100 0000 | 48ff b424 | 3801 0000 | 488f 8424 
  0x0000707278bfc7c8: 8803 0000 | e908 caff | ffc7 8424 | 1c02 0000 | 0100 0000 | 48ff b424 | 3801 0000 | 488f 8424 
  0x0000707278bfc7e8: 5003 0000 | e90d baff | ffc7 8424 | b003 0000 | 0100 0000 | 48ff b424 | 3801 0000 | 488f 8424 
  0x0000707278bfc808: 8803 0000 | e9c8 c9ff | ffc7 8424 | 1c02 0000 | 0100 0000 | 48ff b424 | 3801 0000 | 488f 8424 
  0x0000707278bfc828: 5003 0000 | e9cd b9ff | ffc7 8424 | b003 0000 | 0100 0000 | 48ff b424 | 3801 0000 

  0x0000707278bfc844: ;   {no_reloc}
  0x0000707278bfc844: 488f 8424 | 8803 0000 | e988 c9ff | ffc7 8424 | 1c02 0000 | 0100 0000 | 48ff b424 | 3801 0000 
  0x0000707278bfc864: 488f 8424 | 5003 0000 | e98d b9ff | ffc7 8424 | b003 0000 | 0100 0000 | 48ff b424 | 3801 0000 
  0x0000707278bfc884: 488f 8424 | 8803 0000 | e948 c9ff | ffc7 8424 | 1c02 0000 | 0100 0000 | 48ff b424 | 3801 0000 
  0x0000707278bfc8a4: 488f 8424 | 5003 0000 | e94d b9ff | ffc7 8424 | b003 0000 | 0100 0000 | 48ff b424 | 3801 0000 
  0x0000707278bfc8c4: 488f 8424 | 8803 0000 | e908 c9ff | ffc7 8424 | 1c02 0000 | 0100 0000 | 48ff b424 | 3801 0000 
  0x0000707278bfc8e4: 488f 8424 | 5003 0000 | e90d b9ff | ffc7 8424 | b003 0000 | 0100 0000 | 48ff b424 | 3801 0000 
  0x0000707278bfc904: 488f 8424 | 8803 0000 | e9c8 c8ff | ffc7 8424 | 1c02 0000 | 0100 0000 | 48ff b424 | 3801 0000 
  0x0000707278bfc924: 488f 8424 | 5003 0000 | e9cd b8ff | ffc7 8424 | b003 0000 | 0100 0000 | 48ff b424 | 3801 0000 
  0x0000707278bfc944: ;   {no_reloc}
  0x0000707278bfc944: 488f 8424 | 8803 0000 | e988 c8ff | ffc7 8424 | 1c02 0000 | 0100 0000 | 48ff b424 | 3801 0000 
  0x0000707278bfc964: 488f 8424 | 5003 0000 | e98d b8ff | ffc7 8424 | b003 0000 | 0100 0000 | 48ff b424 | 3801 0000 
  0x0000707278bfc984: 488f 8424 | 8803 0000 | e948 c8ff | ffc7 8424 | 1c02 0000 | 0100 0000 | 48ff b424 | 3801 0000 
  0x0000707278bfc9a4: 488f 8424 | 5003 0000 | e94d b8ff | ffc7 8424 | b003 0000 | 0100 0000 | 48ff b424 | 3801 0000 
  0x0000707278bfc9c4: 488f 8424 | 8803 0000 | e908 c8ff | ffc7 8424 | 1c02 0000 | 0100 0000 | 48ff b424 | 3801 0000 
  0x0000707278bfc9e4: 488f 8424 | 5003 0000 | e90d b8ff | ffc7 8424 | b003 0000 | 0100 0000 | 48ff b424 | 3801 0000 
  0x0000707278bfca04: 488f 8424 | 8803 0000 | e9c8 c7ff | ffc7 8424 | 1c02 0000 | 0100 0000 | 48ff b424 | 3801 0000 
  0x0000707278bfca24: 488f 8424 | 5003 0000 | e9cd b7ff | ffc7 8424 | b003 0000 | 0100 0000 | 48ff b424 | 3801 0000 
  0x0000707278bfca44: ;   {no_reloc}
  0x0000707278bfca44: 488f 8424 | 8803 0000 | e988 c7ff | ffc7 8424 | 1c02 0000 | 0100 0000 | 48ff b424 | 3801 0000 
  0x0000707278bfca64: 488f 8424 | 5003 0000 | e98d b7ff | ffc7 8424 | b003 0000 | 0100 0000 | 48ff b424 | 3801 0000 
  0x0000707278bfca84: 488f 8424 | 8803 0000 | e948 c7ff | ffc7 8424 | 1c02 0000 | 0100 0000 | 48ff b424 | 3801 0000 
  0x0000707278bfcaa4: 488f 8424 | 5003 0000 | e94d b7ff | ffc7 8424 | b003 0000 | 0100 0000 | 48ff b424 | 3801 0000 
  0x0000707278bfcac4: 488f 8424 | 8803 0000 | e908 c7ff | ffc7 8424 | 1c02 0000 | 0100 0000 | 48ff b424 | 3801 0000 
  0x0000707278bfcae4: 488f 8424 | 5003 0000 | e90d b7ff | ffc7 8424 | b003 0000 | 0100 0000 | 48ff b424 | 3801 0000 
  0x0000707278bfcb04: 488f 8424 | 8803 0000 | e9c8 c6ff | ffc7 8424 | 1c02 0000 | 0100 0000 | 48ff b424 | 3801 0000 
  0x0000707278bfcb24: 488f 8424 | 5003 0000 | e9cd b6ff | ffc7 8424 | b003 0000 | 0100 0000 | 48ff b424 | 3801 0000 
  0x0000707278bfcb44: ;   {no_reloc}
  0x0000707278bfcb44: 488f 8424 | 8803 0000 | e988 c6ff | ffc7 8424 | 1c02 0000 | 0100 0000 | 48ff b424 | 3801 0000 
  0x0000707278bfcb64: 488f 8424 | 5003 0000 | e98d b6ff | ffc7 8424 | b003 0000 | 0100 0000 | 48ff b424 | 3801 0000 
  0x0000707278bfcb84: 488f 8424 | 8803 0000 | e948 c6ff | ffc7 8424 | 1c02 0000 | 0100 0000 | 48ff b424 | 3801 0000 
  0x0000707278bfcba4: 488f 8424 | 5003 0000 | e94d b6ff | ffc7 8424 | b003 0000 | 0100 0000 | 48ff b424 | 3801 0000 
  0x0000707278bfcbc4: 488f 8424 | 8803 0000 | e908 c6ff | ffc7 8424 | 1c02 0000 | 0100 0000 | 48ff b424 | 3801 0000 
  0x0000707278bfcbe4: 488f 8424 | 5003 0000 | e90d b6ff | ffc7 8424 | b003 0000 | 0100 0000 | 48ff b424 | 3801 0000 
  0x0000707278bfcc04: 488f 8424 | 8803 0000 | e9c8 c5ff | ffc7 8424 | 1c02 0000 | 0100 0000 | 48ff b424 | 3801 0000 
  0x0000707278bfcc24: 488f 8424 | 5003 0000 | e9cd b5ff | ffc7 8424 | b003 0000 | 0100 0000 | 48ff b424 

  0x0000707278bfcc40: ;   {no_reloc}
  0x0000707278bfcc40: 3801 0000 | 488f 8424 | 8803 0000 | e988 c5ff | ffc7 8424 | 1c02 0000 | 0000 0000 | 4889 9c24 
  0x0000707278bfcc60: 5003 0000 | e995 b5ff | ffc7 8424 | b003 0000 | 0000 0000 | 4889 9c24 | 8803 0000 | e958 c5ff 
  0x0000707278bfcc80: ff44 8b94 | 241c 0200 | 0044 8994 | 24b0 0300 | 0048 ffb4 | 2450 0300 | 0048 8f84 | 2488 0300 
  0x0000707278bfcca0: 00e9 33c5 | ffff 448b | 9424 1c02 | 0000 4489 | 9424 b003 | 0000 48ff | b424 5003 | 0000 488f 
  0x0000707278bfccc0: 8424 8803 | 0000 e90e | c5ff ffc7 | 8424 1c02 | 0000 0000 | 0000 48ff | b424 0801 | 0000 488f 
  0x0000707278bfcce0: 8424 5003 | 0000 e913 | b5ff ffc7 | 8424 b003 | 0000 0000 | 0000 48ff | b424 0801 | 0000 488f 
  0x0000707278bfcd00: 8424 8803 | 0000 e9ce | c4ff ffc7 | 8424 1c02 | 0000 0000 | 0000 48ff | b424 0801 | 0000 488f 
  0x0000707278bfcd20: 8424 5003 | 0000 e9d3 | b4ff ffc7 | 8424 b003 | 0000 0000 | 0000 48ff | b424 0801 | 0000 488f 
  0x0000707278bfcd40: ;   {no_reloc}
  0x0000707278bfcd40: 8424 8803 | 0000 e98e | c4ff ffc7 | 8424 1c02 | 0000 0000 | 0000 48ff | b424 0801 | 0000 488f 
  0x0000707278bfcd60: 8424 5003 | 0000 e993 | b4ff ffc7 | 8424 b003 | 0000 0000 | 0000 48ff | b424 0801 | 0000 488f 
  0x0000707278bfcd80: 8424 8803 | 0000 e94e | c4ff ffc7 | 8424 1c02 | 0000 0000 | 0000 48ff | b424 0801 | 0000 488f 
  0x0000707278bfcda0: 8424 5003 | 0000 e953 | b4ff ffc7 | 8424 b003 | 0000 0000 | 0000 48ff | b424 0801 | 0000 488f 
  0x0000707278bfcdc0: 8424 8803 | 0000 e90e | c4ff ffc7 | 8424 1c02 | 0000 0000 | 0000 48ff | b424 3801 | 0000 488f 
  0x0000707278bfcde0: 8424 5003 | 0000 e913 | b4ff ffc7 | 8424 b003 | 0000 0000 | 0000 48ff | b424 3801 | 0000 488f 
  0x0000707278bfce00: 8424 8803 | 0000 e9ce | c3ff ffc7 | 8424 1c02 | 0000 0000 | 0000 48ff | b424 3801 | 0000 488f 
  0x0000707278bfce20: 8424 5003 | 0000 e9d3 | b3ff ffc7 | 8424 b003 | 0000 0000 | 0000 48ff | b424 3801 | 0000 488f 
  0x0000707278bfce40: ;   {no_reloc}
  0x0000707278bfce40: 8424 8803 | 0000 e98e | c3ff ffc7 | 8424 1c02 | 0000 0000 | 0000 48ff | b424 3801 | 0000 488f 
  0x0000707278bfce60: 8424 5003 | 0000 e993 | b3ff ffc7 | 8424 b003 | 0000 0000 | 0000 48ff | b424 3801 | 0000 488f 
  0x0000707278bfce80: 8424 8803 | 0000 e94e | c3ff ffc7 | 8424 1c02 | 0000 0000 | 0000 48ff | b424 3801 | 0000 488f 
  0x0000707278bfcea0: 8424 5003 | 0000 e953 | b3ff ffc7 | 8424 b003 | 0000 0000 | 0000 48ff | b424 3801 | 0000 488f 
  0x0000707278bfcec0: 8424 8803 | 0000 e90e | c3ff ffc7 | 8424 1c02 | 0000 0000 | 0000 48ff | b424 3801 | 0000 488f 
  0x0000707278bfcee0: 8424 5003 | 0000 e913 | b3ff ffc7 | 8424 b003 | 0000 0000 | 0000 48ff | b424 3801 | 0000 488f 
  0x0000707278bfcf00: 8424 8803 | 0000 e9ce | c2ff ffc7 | 8424 1c02 | 0000 0000 | 0000 48ff | b424 3801 | 0000 488f 
  0x0000707278bfcf20: 8424 5003 | 0000 e9d3 | b2ff ffc7 | 8424 b003 | 0000 0000 | 0000 48ff | b424 3801 | 0000 488f 
  0x0000707278bfcf40: ;   {no_reloc}
  0x0000707278bfcf40: 8424 8803 | 0000 e98e | c2ff ffc7 | 8424 1c02 | 0000 0000 | 0000 48ff | b424 3801 | 0000 488f 
  0x0000707278bfcf60: 8424 5003 | 0000 e993 | b2ff ffc7 | 8424 b003 | 0000 0000 | 0000 48ff | b424 3801 | 0000 488f 
  0x0000707278bfcf80: 8424 8803 | 0000 e94e | c2ff ffc7 | 8424 1c02 | 0000 0000 | 0000 48ff | b424 3801 | 0000 488f 
  0x0000707278bfcfa0: 8424 5003 | 0000 e953 | b2ff ffc7 | 8424 b003 | 0000 0000 | 0000 48ff | b424 3801 | 0000 488f 
  0x0000707278bfcfc0: 8424 8803 | 0000 e90e | c2ff ffc7 | 8424 1c02 | 0000 0000 | 0000 48ff | b424 3801 | 0000 488f 
  0x0000707278bfcfe0: 8424 5003 | 0000 e913 | b2ff ffc7 | 8424 b003 | 0000 0000 | 0000 48ff | b424 3801 | 0000 488f 
  0x0000707278bfd000: 8424 8803 | 0000 e9ce | c1ff ffc7 | 8424 1c02 | 0000 0000 | 0000 48ff | b424 3801 | 0000 488f 
  0x0000707278bfd020: 8424 5003 | 0000 e9d3 | b1ff ffc7 | 8424 b003 | 0000 0000 | 0000 48ff | b424 3801 

  0x0000707278bfd03c: ;   {no_reloc}
  0x0000707278bfd03c: 0000 488f | 8424 8803 | 0000 e98e | c1ff ffc7 | 8424 1c02 | 0000 0000 | 0000 48ff | b424 3801 
  0x0000707278bfd05c: 0000 488f | 8424 5003 | 0000 898c | 24fc 0000 | 00e9 8cb1 | ffff c784 | 24b0 0300 | 0000 0000 
  0x0000707278bfd07c: 0048 ffb4 | 2438 0100 | 0048 8f84 | 2488 0300 | 0089 8c24 | fc00 0000 | e940 c1ff | ffc7 8424 
  0x0000707278bfd09c: 1c02 0000 | 0000 0000 | 48ff b424 | 3801 0000 | 488f 8424 | 5003 0000 | 898c 24fc | 0000 00e9 
  0x0000707278bfd0bc: 3eb1 ffff | c784 24b0 | 0300 0000 | 0000 0048 | ffb4 2438 | 0100 0048 | 8f84 2488 | 0300 0089 
  0x0000707278bfd0dc: 8c24 fc00 | 0000 e9f2 | c0ff ffc7 | 8424 1c02 | 0000 0000 | 0000 48ff | b424 3801 | 0000 488f 
  0x0000707278bfd0fc: 8424 5003 | 0000 e9f7 | b0ff ffc7 | 8424 b003 | 0000 0000 | 0000 48ff | b424 3801 | 0000 488f 
  0x0000707278bfd11c: 8424 8803 | 0000 e9b2 | c0ff ffc7 | 8424 1c02 | 0000 0000 | 0000 48ff | b424 3801 | 0000 488f 
  0x0000707278bfd13c: ;   {no_reloc}
  0x0000707278bfd13c: 8424 5003 | 0000 e9b7 | b0ff ffc7 | 8424 b003 | 0000 0000 | 0000 48ff | b424 3801 | 0000 488f 
  0x0000707278bfd15c: 8424 8803 | 0000 e972 | c0ff ffc7 | 8424 1c02 | 0000 0000 | 0000 48ff | b424 3801 | 0000 488f 
  0x0000707278bfd17c: 8424 5003 | 0000 e977 | b0ff ffc7 | 8424 b003 | 0000 0000 | 0000 48ff | b424 3801 | 0000 488f 
  0x0000707278bfd19c: 8424 8803 | 0000 e932 | c0ff ffc7 | 8424 1c02 | 0000 0000 | 0000 48ff | b424 3801 | 0000 488f 
  0x0000707278bfd1bc: 8424 5003 | 0000 e937 | b0ff ffc7 | 8424 b003 | 0000 0000 | 0000 48ff | b424 3801 | 0000 488f 
  0x0000707278bfd1dc: 8424 8803 | 0000 e9f2 | bfff ffc7 | 8424 1c02 | 0000 0000 | 0000 48ff | b424 3801 | 0000 488f 
  0x0000707278bfd1fc: 8424 5003 | 0000 e9f7 | afff ffc7 | 8424 b003 | 0000 0000 | 0000 48ff | b424 3801 | 0000 488f 
  0x0000707278bfd21c: 8424 8803 | 0000 e9b2 | bfff ffc7 | 8424 1c02 | 0000 0000 | 0000 48ff | b424 3801 | 0000 488f 
  0x0000707278bfd23c: ;   {no_reloc}
  0x0000707278bfd23c: 8424 5003 | 0000 e9b7 | afff ffc7 | 8424 b003 | 0000 0000 | 0000 48ff | b424 3801 | 0000 488f 
  0x0000707278bfd25c: 8424 8803 | 0000 e972 | bfff ffc7 | 8424 1c02 | 0000 0000 | 0000 48ff | b424 3801 | 0000 488f 
  0x0000707278bfd27c: 8424 5003 | 0000 e977 | afff ffc7 | 8424 b003 | 0000 0000 | 0000 48ff | b424 3801 | 0000 488f 
  0x0000707278bfd29c: 8424 8803 | 0000 e932 | bfff ff4c | 8b9c 2478 | 0100 0048 | 8b9c 2438 | 0100 00e9 | c8ae ffff 
  0x0000707278bfd2bc: 4c8b 9c24 | 7801 0000 | 488b df8b | bc24 a001 | 0000 e9b1 | aeff ff4c | 8b9c 2478 | 0100 0048 
  0x0000707278bfd2dc: 8bdf 8bbc | 24a0 0100 | 00e9 9aae | ffff 4c8b | 9c24 7801 | 0000 488b | df8b bc24 | a001 0000 
  0x0000707278bfd2fc: e983 aeff | ffc7 8424 | 1c02 0000 | 0100 0000 | 4889 bc24 | 5003 0000 | e9e5 aeff | ffc7 8424 
  0x0000707278bfd31c: b003 0000 | 0100 0000 | 4889 bc24 | 8803 0000 | e9a8 beff | ffc7 8424 | 1c02 0000 | 0100 0000 
  0x0000707278bfd33c: ;   {no_reloc}
  0x0000707278bfd33c: 48ff b424 | 3801 0000 | 488f 8424 | 5003 0000 | e9ad aeff | ffc7 8424 | b003 0000 | 0100 0000 
  0x0000707278bfd35c: 48ff b424 | 3801 0000 | 488f 8424 | 8803 0000 | e968 beff | ffc7 8424 | 1c02 0000 | 0100 0000 
  0x0000707278bfd37c: 48ff b424 | 3801 0000 | 488f 8424 | 5003 0000 | e96d aeff | ffc7 8424 | b003 0000 | 0100 0000 
  0x0000707278bfd39c: 48ff b424 | 3801 0000 | 488f 8424 | 8803 0000 | e928 beff | ffc7 8424 | 1c02 0000 | 0100 0000 
  0x0000707278bfd3bc: 48ff b424 | 3801 0000 | 488f 8424 | 5003 0000 | e92d aeff | ffc7 8424 | b003 0000 | 0100 0000 
  0x0000707278bfd3dc: 48ff b424 | 3801 0000 | 488f 8424 | 8803 0000 | e9e8 bdff | ffc7 8424 | 1c02 0000 | 0100 0000 
  0x0000707278bfd3fc: 48ff b424 | 3801 0000 | 488f 8424 | 5003 0000 | e9ed adff | ffc7 8424 | b003 0000 | 0100 0000 
  0x0000707278bfd41c: 48ff b424 | 3801 0000 | 488f 8424 | 8803 0000 | e9a8 bdff | ffc7 8424 | 1c02 0000 

  0x0000707278bfd438: ;   {no_reloc}
  0x0000707278bfd438: 0100 0000 | 48ff b424 | 3801 0000 | 488f 8424 | 5003 0000 | e9ad adff | ffc7 8424 | b003 0000 
  0x0000707278bfd458: 0100 0000 | 48ff b424 | 3801 0000 | 488f 8424 | 8803 0000 | e968 bdff | ffc7 8424 | 1c02 0000 
  0x0000707278bfd478: 0100 0000 | 48ff b424 | 3801 0000 | 488f 8424 | 5003 0000 | e96d adff | ffc7 8424 | b003 0000 
  0x0000707278bfd498: 0100 0000 | 48ff b424 | 3801 0000 | 488f 8424 | 8803 0000 | e928 bdff | ffc7 8424 | 1c02 0000 
  0x0000707278bfd4b8: 0100 0000 | 48ff b424 | 3801 0000 | 488f 8424 | 5003 0000 | e92d adff | ffc7 8424 | b003 0000 
  0x0000707278bfd4d8: 0100 0000 | 48ff b424 | 3801 0000 | 488f 8424 | 8803 0000 | e9e8 bcff | ffc7 8424 | 1c02 0000 
  0x0000707278bfd4f8: 0100 0000 | 48ff b424 | 3801 0000 | 488f 8424 | 5003 0000 | e9ed acff | ffc7 8424 | b003 0000 
  0x0000707278bfd518: 0100 0000 | 48ff b424 | 3801 0000 | 488f 8424 | 8803 0000 | e9a8 bcff | ffc7 8424 | 1c02 0000 
  0x0000707278bfd538: ;   {no_reloc}
  0x0000707278bfd538: 0100 0000 | 48ff b424 | 3801 0000 | 488f 8424 | 5003 0000 | e9ad acff | ffc7 8424 | b003 0000 
  0x0000707278bfd558: 0100 0000 | 48ff b424 | 3801 0000 | 488f 8424 | 8803 0000 | e968 bcff | ffc7 8424 | 1c02 0000 
  0x0000707278bfd578: 0100 0000 | 48ff b424 | 3801 0000 | 488f 8424 | 5003 0000 | e96d acff | ffc7 8424 | b003 0000 
  0x0000707278bfd598: 0100 0000 | 48ff b424 | 3801 0000 | 488f 8424 | 8803 0000 | e928 bcff | ffc7 8424 | 1c02 0000 
  0x0000707278bfd5b8: 0100 0000 | 48ff b424 | 3801 0000 | 488f 8424 | 5003 0000 | e92d acff | ffc7 8424 | b003 0000 
  0x0000707278bfd5d8: 0100 0000 | 48ff b424 | 3801 0000 | 488f 8424 | 8803 0000 | e9e8 bbff | ffc7 8424 | 1c02 0000 
  0x0000707278bfd5f8: 0100 0000 | 48ff b424 | 3801 0000 | 488f 8424 | 5003 0000 | e9ed abff | ffc7 8424 | b003 0000 
  0x0000707278bfd618: 0100 0000 | 48ff b424 | 3801 0000 | 488f 8424 | 8803 0000 | e9a8 bbff | ffc7 8424 | 1c02 0000 
  0x0000707278bfd638: ;   {no_reloc}
  0x0000707278bfd638: 0100 0000 | 48ff b424 | 3801 0000 | 488f 8424 | 5003 0000 | e9ad abff | ffc7 8424 | b003 0000 
  0x0000707278bfd658: 0100 0000 | 48ff b424 | 3801 0000 | 488f 8424 | 8803 0000 | e968 bbff | ffc7 8424 | 1c02 0000 
  0x0000707278bfd678: 0100 0000 | 48ff b424 | 3801 0000 | 488f 8424 | 5003 0000 | e96d abff | ffc7 8424 | b003 0000 
  0x0000707278bfd698: 0100 0000 | 48ff b424 | 3801 0000 | 488f 8424 | 8803 0000 | e928 bbff | ffc7 8424 | 1c02 0000 
  0x0000707278bfd6b8: 0100 0000 | 48ff b424 | 3801 0000 | 488f 8424 | 5003 0000 | e92d abff | ffc7 8424 | b003 0000 
  0x0000707278bfd6d8: 0100 0000 | 48ff b424 | 3801 0000 | 488f 8424 | 8803 0000 | e9e8 baff | ffc7 8424 | 1c02 0000 
  0x0000707278bfd6f8: 0100 0000 | 48ff b424 | 3801 0000 | 488f 8424 | 5003 0000 | e9ed aaff | ffc7 8424 | b003 0000 
  0x0000707278bfd718: 0100 0000 | 48ff b424 | 3801 0000 | 488f 8424 | 8803 0000 | e9a8 baff | ffc7 8424 | 1c02 0000 
  0x0000707278bfd738: ;   {no_reloc}
  0x0000707278bfd738: 0100 0000 | 48ff b424 | 3801 0000 | 488f 8424 | 5003 0000 | e9ad aaff | ffc7 8424 | b003 0000 
  0x0000707278bfd758: 0100 0000 | 48ff b424 | 3801 0000 | 488f 8424 | 8803 0000 | e968 baff | ffc7 8424 | 1c02 0000 
  0x0000707278bfd778: 0100 0000 | 48ff b424 | 3801 0000 | 488f 8424 | 5003 0000 | e96d aaff | ffc7 8424 | b003 0000 
  0x0000707278bfd798: 0100 0000 | 48ff b424 | 3801 0000 | 488f 8424 | 8803 0000 | e928 baff | ffc7 8424 | 1c02 0000 
  0x0000707278bfd7b8: 0100 0000 | 48ff b424 | 3801 0000 | 488f 8424 | 5003 0000 | e92d aaff | ffc7 8424 | b003 0000 
  0x0000707278bfd7d8: 0100 0000 | 48ff b424 | 3801 0000 | 488f 8424 | 8803 0000 | e9e8 b9ff | ffc7 8424 | 1c02 0000 
  0x0000707278bfd7f8: 0100 0000 | 48ff b424 | 3801 0000 | 488f 8424 | 5003 0000 | e9ed a9ff | ffc7 8424 | b003 0000 
  0x0000707278bfd818: 0100 0000 | 48ff b424 | 3801 0000 | 488f 8424 | 8803 0000 | e9a8 b9ff | ffc7 8424 

  0x0000707278bfd834: ;   {no_reloc}
  0x0000707278bfd834: 1c02 0000 | 0100 0000 | 48ff b424 | 3801 0000 | 488f 8424 | 5003 0000 | e9ad a9ff | ffc7 8424 
  0x0000707278bfd854: b003 0000 | 0100 0000 | 48ff b424 | 3801 0000 | 488f 8424 | 8803 0000 | e968 b9ff | ffc7 8424 
  0x0000707278bfd874: 1c02 0000 | 0100 0000 | 48ff b424 | 3801 0000 | 488f 8424 | 5003 0000 | e96d a9ff | ffc7 8424 
  0x0000707278bfd894: b003 0000 | 0100 0000 | 48ff b424 | 3801 0000 | 488f 8424 | 8803 0000 | e928 b9ff | ffc7 8424 
  0x0000707278bfd8b4: 1c02 0000 | 0100 0000 | 48ff b424 | 3801 0000 | 488f 8424 | 5003 0000 | e92d a9ff | ffc7 8424 
  0x0000707278bfd8d4: b003 0000 | 0100 0000 | 48ff b424 | 3801 0000 | 488f 8424 | 8803 0000 | e9e8 b8ff | ffc7 8424 
  0x0000707278bfd8f4: 1c02 0000 | 0100 0000 | 48ff b424 | 3801 0000 | 488f 8424 | 5003 0000 | e9ed a8ff | ffc7 8424 
  0x0000707278bfd914: b003 0000 | 0100 0000 | 48ff b424 | 3801 0000 | 488f 8424 | 8803 0000 | e9a8 b8ff | ffc7 8424 
  0x0000707278bfd934: ;   {no_reloc}
  0x0000707278bfd934: 1c02 0000 | 0100 0000 | 48ff b424 | 3801 0000 | 488f 8424 | 5003 0000 | e9ad a8ff | ffc7 8424 
  0x0000707278bfd954: b003 0000 | 0100 0000 | 48ff b424 | 3801 0000 | 488f 8424 | 8803 0000 | e968 b8ff | ffc7 8424 
  0x0000707278bfd974: 1c02 0000 | 0100 0000 | 48ff b424 | 3801 0000 | 488f 8424 | 5003 0000 | e96d a8ff | ffc7 8424 
  0x0000707278bfd994: b003 0000 | 0100 0000 | 48ff b424 | 3801 0000 | 488f 8424 | 8803 0000 | e928 b8ff | ffc7 8424 
  0x0000707278bfd9b4: 1c02 0000 | 0100 0000 | 48ff b424 | 3801 0000 | 488f 8424 | 5003 0000 | e92d a8ff | ffc7 8424 
  0x0000707278bfd9d4: b003 0000 | 0100 0000 | 48ff b424 | 3801 0000 | 488f 8424 | 8803 0000 | e9e8 b7ff | ffc7 8424 
  0x0000707278bfd9f4: 1c02 0000 | 0100 0000 | 48ff b424 | 3801 0000 | 488f 8424 | 5003 0000 | e9ed a7ff | ffc7 8424 
  0x0000707278bfda14: b003 0000 | 0100 0000 | 48ff b424 | 3801 0000 | 488f 8424 | 8803 0000 | e9a8 b7ff | ffc7 8424 
  0x0000707278bfda34: ;   {no_reloc}
  0x0000707278bfda34: 1c02 0000 | 0100 0000 | 48ff b424 | 3801 0000 | 488f 8424 | 5003 0000 | e9ad a7ff | ffc7 8424 
  0x0000707278bfda54: b003 0000 | 0100 0000 | 48ff b424 | 3801 0000 | 488f 8424 | 8803 0000 | e968 b7ff | ffc7 8424 
  0x0000707278bfda74: 1c02 0000 | 0100 0000 | 48ff b424 | 3801 0000 | 488f 8424 | 5003 0000 | e96d a7ff | ffc7 8424 
  0x0000707278bfda94: b003 0000 | 0100 0000 | 48ff b424 | 3801 0000 | 488f 8424 | 8803 0000 | e928 b7ff | ffc7 8424 
  0x0000707278bfdab4: 1c02 0000 | 0100 0000 | 48ff b424 | 3801 0000 | 488f 8424 | 5003 0000 | e92d a7ff | ffc7 8424 
  0x0000707278bfdad4: b003 0000 | 0100 0000 | 48ff b424 | 3801 0000 | 488f 8424 | 8803 0000 | e9e8 b6ff | ffc7 8424 
  0x0000707278bfdaf4: 1c02 0000 | 0100 0000 | 48ff b424 | 3801 0000 | 488f 8424 | 5003 0000 | e9ed a6ff | ffc7 8424 
  0x0000707278bfdb14: b003 0000 | 0100 0000 | 48ff b424 | 3801 0000 | 488f 8424 | 8803 0000 | e9a8 b6ff | ffc7 8424 
  0x0000707278bfdb34: ;   {no_reloc}
  0x0000707278bfdb34: 1c02 0000 | 0100 0000 | 48ff b424 | 3801 0000 | 488f 8424 | 5003 0000 | e9ad a6ff | ffc7 8424 
  0x0000707278bfdb54: b003 0000 | 0100 0000 | 48ff b424 | 3801 0000 | 488f 8424 | 8803 0000 | e968 b6ff | ffc7 8424 
  0x0000707278bfdb74: 1c02 0000 | 0100 0000 | 48ff b424 | 3801 0000 | 488f 8424 | 5003 0000 | e96d a6ff | ffc7 8424 
  0x0000707278bfdb94: b003 0000 | 0100 0000 | 48ff b424 | 3801 0000 | 488f 8424 | 8803 0000 | e928 b6ff | ffc7 8424 
  0x0000707278bfdbb4: 1c02 0000 | 0100 0000 | 48ff b424 | 3801 0000 | 488f 8424 | 5003 0000 | e92d a6ff | ffc7 8424 
  0x0000707278bfdbd4: b003 0000 | 0100 0000 | 48ff b424 | 3801 0000 | 488f 8424 | 8803 0000 | e9e8 b5ff | ffc7 8424 
  0x0000707278bfdbf4: 1c02 0000 | 0100 0000 | 48ff b424 | 3801 0000 | 488f 8424 | 5003 0000 | e9ed a5ff | ffc7 8424 
  0x0000707278bfdc14: b003 0000 | 0100 0000 | 48ff b424 | 3801 0000 | 488f 8424 | 8803 0000 | e9a8 b5ff 

  0x0000707278bfdc30: ;   {no_reloc}
  0x0000707278bfdc30: ffc7 8424 | 1c02 0000 | 0100 0000 | 48ff b424 | 3801 0000 | 488f 8424 | 5003 0000 | e9ad a5ff 
  0x0000707278bfdc50: ffc7 8424 | b003 0000 | 0100 0000 | 48ff b424 | 3801 0000 | 488f 8424 | 8803 0000 | e968 b5ff 
  0x0000707278bfdc70: ffc7 8424 | 1c02 0000 | 0100 0000 | 48ff b424 | 3801 0000 | 488f 8424 | 5003 0000 | e96d a5ff 
  0x0000707278bfdc90: ffc7 8424 | b003 0000 | 0100 0000 | 48ff b424 | 3801 0000 | 488f 8424 | 8803 0000 | e928 b5ff 
  0x0000707278bfdcb0: ffc7 8424 | 1c02 0000 | 0100 0000 | 48ff b424 | 3801 0000 | 488f 8424 | 5003 0000 | e92d a5ff 
  0x0000707278bfdcd0: ffc7 8424 | b003 0000 | 0100 0000 | 48ff b424 | 3801 0000 | 488f 8424 | 8803 0000 | e9e8 b4ff 
  0x0000707278bfdcf0: ffc7 8424 | 1c02 0000 | 0100 0000 | 48ff b424 | 3801 0000 | 488f 8424 | 5003 0000 | e9ed a4ff 
  0x0000707278bfdd10: ffc7 8424 | b003 0000 | 0100 0000 | 48ff b424 | 3801 0000 | 488f 8424 | 8803 0000 | e9a8 b4ff 
  0x0000707278bfdd30: ;   {no_reloc}
  0x0000707278bfdd30: ffc7 8424 | 1c02 0000 | 0100 0000 | 48ff b424 | 3801 0000 | 488f 8424 | 5003 0000 | e9ad a4ff 
  0x0000707278bfdd50: ffc7 8424 | b003 0000 | 0100 0000 | 48ff b424 | 3801 0000 | 488f 8424 | 8803 0000 | e968 b4ff 
  0x0000707278bfdd70: ffc7 8424 | 1c02 0000 | 0100 0000 | 48ff b424 | 3801 0000 | 488f 8424 | 5003 0000 | e96d a4ff 
  0x0000707278bfdd90: ffc7 8424 | b003 0000 | 0100 0000 | 48ff b424 | 3801 0000 | 488f 8424 | 8803 0000 | e928 b4ff 
  0x0000707278bfddb0: ffc7 8424 | 1c02 0000 | 0100 0000 | 48ff b424 | 3801 0000 | 488f 8424 | 5003 0000 | e92d a4ff 
  0x0000707278bfddd0: ffc7 8424 | b003 0000 | 0100 0000 | 48ff b424 | 3801 0000 | 488f 8424 | 8803 0000 | e9e8 b3ff 
  0x0000707278bfddf0: ffc7 8424 | 1c02 0000 | 0100 0000 | 48ff b424 | 3801 0000 | 488f 8424 | 5003 0000 | e9ed a3ff 
  0x0000707278bfde10: ffc7 8424 | b003 0000 | 0100 0000 | 48ff b424 | 3801 0000 | 488f 8424 | 8803 0000 | e9a8 b3ff 
  0x0000707278bfde30: ;   {no_reloc}
  0x0000707278bfde30: ffc7 8424 | 1c02 0000 | 0100 0000 | 48ff b424 | 3801 0000 | 488f 8424 | 5003 0000 | e9ad a3ff 
  0x0000707278bfde50: ffc7 8424 | b003 0000 | 0100 0000 | 48ff b424 | 3801 0000 | 488f 8424 | 8803 0000 | e968 b3ff 
  0x0000707278bfde70: ffc7 8424 | 1c02 0000 | 0100 0000 | 48ff b424 | 3801 0000 | 488f 8424 | 5003 0000 | e96d a3ff 
  0x0000707278bfde90: ffc7 8424 | b003 0000 | 0100 0000 | 48ff b424 | 3801 0000 | 488f 8424 | 8803 0000 | e928 b3ff 
  0x0000707278bfdeb0: ffc7 8424 | 1c02 0000 | 0100 0000 | 48ff b424 | 3801 0000 | 488f 8424 | 5003 0000 | e92d a3ff 
  0x0000707278bfded0: ffc7 8424 | b003 0000 | 0100 0000 | 48ff b424 | 3801 0000 | 488f 8424 | 8803 0000 | e9e8 b2ff 
  0x0000707278bfdef0: ffc7 8424 | 1c02 0000 | 0100 0000 | 48ff b424 | 3801 0000 | 488f 8424 | 5003 0000 | e9ed a2ff 
  0x0000707278bfdf10: ffc7 8424 | b003 0000 | 0100 0000 | 48ff b424 | 3801 0000 | 488f 8424 | 8803 0000 | e9a8 b2ff 
  0x0000707278bfdf30: ;   {no_reloc}
  0x0000707278bfdf30: ffc7 8424 | 1c02 0000 | 0100 0000 | 48ff b424 | 3801 0000 | 488f 8424 | 5003 0000 | e9ad a2ff 
  0x0000707278bfdf50: ffc7 8424 | b003 0000 | 0100 0000 | 48ff b424 | 3801 0000 | 488f 8424 | 8803 0000 | e968 b2ff 
  0x0000707278bfdf70: ffc7 8424 | 1c02 0000 | 0100 0000 | 48ff b424 | 3801 0000 | 488f 8424 | 5003 0000 | e96d a2ff 
  0x0000707278bfdf90: ffc7 8424 | b003 0000 | 0100 0000 | 48ff b424 | 3801 0000 | 488f 8424 | 8803 0000 | e928 b2ff 
  0x0000707278bfdfb0: ff48 8994 | 2420 0200 | 00e9 269a | ffff c784 | 241c 0200 | 0001 0000 | 0048 ffb4 | 2438 0100 
  0x0000707278bfdfd0: 0048 8f84 | 2450 0300 | 00e9 20a2 | ffff c784 | 24b0 0300 | 0001 0000 | 0048 ffb4 | 2438 0100 
  0x0000707278bfdff0: 0048 8f84 | 2488 0300 | 00e9 dbb1 | ffff 4889 | 9424 2002 | 0000 e9d9 | 99ff ffc7 | 8424 1c02 
  0x0000707278bfe010: 0000 0100 | 0000 48ff | b424 3801 | 0000 488f | 8424 5003 | 0000 e9d3 | a1ff ffc7 

  0x0000707278bfe02c: ;   {no_reloc}
  0x0000707278bfe02c: 8424 b003 | 0000 0100 | 0000 48ff | b424 3801 | 0000 488f | 8424 8803 | 0000 e98e | b1ff ff48 
  0x0000707278bfe04c: 8994 2420 | 0200 00e9 | 8c99 ffff | c784 241c | 0200 0001 | 0000 0048 | ffb4 2438 | 0100 0048 
  0x0000707278bfe06c: 8f84 2450 | 0300 00e9 | 86a1 ffff | c784 24b0 | 0300 0001 | 0000 0048 | ffb4 2438 | 0100 0048 
  0x0000707278bfe08c: 8f84 2488 | 0300 00e9 | 41b1 ffff | 4889 9424 | 2002 0000 | e914 82ff | ff48 8994 | 2420 0200 
  0x0000707278bfe0ac: 00e9 0782 | ffff c784 | 241c 0200 | 0001 0000 | 0048 ffb4 | 2438 0100 | 0048 8f84 | 2450 0300 
  0x0000707278bfe0cc: 00e9 2ca1 | ffff c784 | 24b0 0300 | 0001 0000 | 0048 ffb4 | 2438 0100 | 0048 8f84 | 2488 0300 
  0x0000707278bfe0ec: 00e9 e7b0 | ffff c784 | 241c 0200 | 0001 0000 | 0048 ffb4 | 2438 0100 | 0048 8f84 | 2450 0300 
  0x0000707278bfe10c: 00e9 eca0 | ffff c784 | 24b0 0300 | 0001 0000 | 0048 ffb4 | 2438 0100 | 0048 8f84 | 2488 0300 
  0x0000707278bfe12c: ;   {no_reloc}
  0x0000707278bfe12c: 00e9 a7b0 | ffff c784 | 241c 0200 | 0001 0000 | 0048 ffb4 | 2438 0100 | 0048 8f84 | 2450 0300 
  0x0000707278bfe14c: 00e9 aca0 | ffff c784 | 24b0 0300 | 0001 0000 | 0048 ffb4 | 2438 0100 | 0048 8f84 | 2488 0300 
  0x0000707278bfe16c: 00e9 67b0 | ffff c784 | 241c 0200 | 0001 0000 | 0048 ffb4 | 2438 0100 | 0048 8f84 | 2450 0300 
  0x0000707278bfe18c: 00e9 6ca0 | ffff c784 | 24b0 0300 | 0001 0000 | 0048 ffb4 | 2438 0100 | 0048 8f84 | 2488 0300 
  0x0000707278bfe1ac: 00e9 27b0 | ffff c784 | 241c 0200 | 0001 0000 | 0048 ffb4 | 2438 0100 | 0048 8f84 | 2450 0300 
  0x0000707278bfe1cc: 00e9 2ca0 | ffff c784 | 24b0 0300 | 0001 0000 | 0048 ffb4 | 2438 0100 | 0048 8f84 | 2488 0300 
  0x0000707278bfe1ec: 00e9 e7af | ffff c784 | 241c 0200 | 0001 0000 | 0048 ffb4 | 2438 0100 | 0048 8f84 | 2450 0300 
  0x0000707278bfe20c: 00e9 ec9f | ffff c784 | 24b0 0300 | 0001 0000 | 0048 ffb4 | 2438 0100 | 0048 8f84 | 2488 0300 
  0x0000707278bfe22c: ;   {no_reloc}
  0x0000707278bfe22c: 00e9 a7af | ffff c784 | 241c 0200 | 0001 0000 | 0048 ffb4 | 2438 0100 | 0048 8f84 | 2450 0300 
  0x0000707278bfe24c: 00e9 ac9f | ffff c784 | 24b0 0300 | 0001 0000 | 0048 ffb4 | 2438 0100 | 0048 8f84 | 2488 0300 
  0x0000707278bfe26c: 00e9 67af | ffff c784 | 241c 0200 | 0001 0000 | 0048 ffb4 | 2438 0100 | 0048 8f84 | 2450 0300 
  0x0000707278bfe28c: 00e9 6c9f | ffff c784 | 24b0 0300 | 0001 0000 | 0048 ffb4 | 2438 0100 | 0048 8f84 | 2488 0300 
  0x0000707278bfe2ac: 00e9 27af | ffff c784 | 241c 0200 | 0001 0000 | 0048 ffb4 | 2438 0100 | 0048 8f84 | 2450 0300 
  0x0000707278bfe2cc: 00e9 2c9f | ffff c784 | 24b0 0300 | 0001 0000 | 0048 ffb4 | 2438 0100 | 0048 8f84 | 2488 0300 
  0x0000707278bfe2ec: 00e9 e7ae | ffff c784 | 241c 0200 | 0001 0000 | 0048 ffb4 | 2438 0100 | 0048 8f84 | 2450 0300 
  0x0000707278bfe30c: 00e9 ec9e | ffff c784 | 24b0 0300 | 0001 0000 | 0048 ffb4 | 2438 0100 | 0048 8f84 | 2488 0300 
  0x0000707278bfe32c: ;   {no_reloc}
  0x0000707278bfe32c: 00e9 a7ae | ffff c784 | 241c 0200 | 0001 0000 | 0048 ffb4 | 2438 0100 | 0048 8f84 | 2450 0300 
  0x0000707278bfe34c: 00e9 ac9e | ffff c784 | 24b0 0300 | 0001 0000 | 0048 ffb4 | 2438 0100 | 0048 8f84 | 2488 0300 
  0x0000707278bfe36c: 00e9 67ae | ffff c784 | 241c 0200 | 0001 0000 | 0048 ffb4 | 2438 0100 | 0048 8f84 | 2450 0300 
  0x0000707278bfe38c: 00e9 6c9e | ffff c784 | 24b0 0300 | 0001 0000 | 0048 ffb4 | 2438 0100 | 0048 8f84 | 2488 0300 
  0x0000707278bfe3ac: 00e9 27ae | ffff c784 | 241c 0200 | 0001 0000 | 0048 ffb4 | 2438 0100 | 0048 8f84 | 2450 0300 
  0x0000707278bfe3cc: 00e9 2c9e | ffff c784 | 24b0 0300 | 0001 0000 | 0048 ffb4 | 2438 0100 | 0048 8f84 | 2488 0300 
  0x0000707278bfe3ec: 00e9 e7ad | ffff c784 | 241c 0200 | 0001 0000 | 0048 ffb4 | 2438 0100 | 0048 8f84 | 2450 0300 
  0x0000707278bfe40c: 00e9 ec9d | ffff c784 | 24b0 0300 | 0001 0000 | 0048 ffb4 | 2438 0100 | 0048 8f84 

  0x0000707278bfe428: ;   {no_reloc}
  0x0000707278bfe428: 2488 0300 | 00e9 a7ad | ffff c784 | 241c 0200 | 0001 0000 | 0048 ffb4 | 2438 0100 | 0048 8f84 
  0x0000707278bfe448: 2450 0300 | 00e9 ac9d | ffff c784 | 24b0 0300 | 0001 0000 | 0048 ffb4 | 2438 0100 | 0048 8f84 
  0x0000707278bfe468: 2488 0300 | 00e9 67ad | ffff c784 | 241c 0200 | 0001 0000 | 0048 ffb4 | 2438 0100 | 0048 8f84 
  0x0000707278bfe488: 2450 0300 | 00e9 6c9d | ffff c784 | 24b0 0300 | 0001 0000 | 0048 ffb4 | 2438 0100 | 0048 8f84 
  0x0000707278bfe4a8: 2488 0300 | 00e9 27ad | ffff 448b | 9424 1c02 | 0000 4489 | 9424 b003 | 0000 48ff | b424 5003 
  0x0000707278bfe4c8: 0000 488f | 8424 8803 | 0000 e902 | adff ff44 | 8b94 241c | 0200 0044 | 8994 24b0 | 0300 0048 
  0x0000707278bfe4e8: ffb4 2450 | 0300 0048 | 8f84 2488 | 0300 00e9 | ddac ffff | 498b 8718 | 0800 0049 | c787 1808 
  0x0000707278bfe508: 0000 0000 | 0000 49c7 | 8720 0800 | 0000 0000 | 0048 81c4 | 0004 0000 

  0x0000707278bfe520: ;   {runtime_call unwind_exception Runtime1 stub}
  0x0000707278bfe520: 5de9 5a26 | 1107 f4f4 
[Stub Code]
  0x0000707278bfe528: ;   {no_reloc}
  0x0000707278bfe528: 0f1f 4400 

  0x0000707278bfe52c: ;   {static_stub}
  0x0000707278bfe52c: 0048 bb00 | 0000 0000 

  0x0000707278bfe534: ;   {runtime_call nmethod}
  0x0000707278bfe534: 0000 00e9 | fbff ffff 

  0x0000707278bfe53c: ;   {static_stub}
  0x0000707278bfe53c: 9048 bb00 | 0000 0000 

  0x0000707278bfe544: ;   {runtime_call nmethod}
  0x0000707278bfe544: 0000 00e9 | fbff ffff 

  0x0000707278bfe54c: ;   {static_stub}
  0x0000707278bfe54c: 9048 bb00 | 0000 0000 

  0x0000707278bfe554: ;   {runtime_call nmethod}
  0x0000707278bfe554: 0000 00e9 | fbff ffff 

  0x0000707278bfe55c: ;   {static_stub}
  0x0000707278bfe55c: 9048 bb00 | 0000 0000 

  0x0000707278bfe564: ;   {runtime_call nmethod}
  0x0000707278bfe564: 0000 00e9 | fbff ffff 

  0x0000707278bfe56c: ;   {static_stub}
  0x0000707278bfe56c: 9048 bb00 | 0000 0000 

  0x0000707278bfe574: ;   {runtime_call nmethod}
  0x0000707278bfe574: 0000 00e9 | fbff ffff 

  0x0000707278bfe57c: ;   {static_stub}
  0x0000707278bfe57c: 9048 bb00 | 0000 0000 

  0x0000707278bfe584: ;   {runtime_call nmethod}
  0x0000707278bfe584: 0000 00e9 | fbff ffff 

  0x0000707278bfe58c: ;   {static_stub}
  0x0000707278bfe58c: 9048 bb00 | 0000 0000 

  0x0000707278bfe594: ;   {runtime_call nmethod}
  0x0000707278bfe594: 0000 00e9 | fbff ffff 

  0x0000707278bfe59c: ;   {static_stub}
  0x0000707278bfe59c: 9048 bb00 | 0000 0000 

  0x0000707278bfe5a4: ;   {runtime_call nmethod}
  0x0000707278bfe5a4: 0000 00e9 | fbff ffff 

  0x0000707278bfe5ac: ;   {static_stub}
  0x0000707278bfe5ac: 9048 bb00 | 0000 0000 

  0x0000707278bfe5b4: ;   {runtime_call nmethod}
  0x0000707278bfe5b4: 0000 00e9 | fbff ffff 

  0x0000707278bfe5bc: ;   {static_stub}
  0x0000707278bfe5bc: 9048 bb00 | 0000 0000 

  0x0000707278bfe5c4: ;   {runtime_call nmethod}
  0x0000707278bfe5c4: 0000 00e9 | fbff ffff 

  0x0000707278bfe5cc: ;   {static_stub}
  0x0000707278bfe5cc: 9048 bb00 | 0000 0000 

  0x0000707278bfe5d4: ;   {runtime_call nmethod}
  0x0000707278bfe5d4: 0000 00e9 | fbff ffff 

  0x0000707278bfe5dc: ;   {static_stub}
  0x0000707278bfe5dc: 9048 bb00 | 0000 0000 

  0x0000707278bfe5e4: ;   {runtime_call nmethod}
  0x0000707278bfe5e4: 0000 00e9 | fbff ffff 

  0x0000707278bfe5ec: ;   {static_stub}
  0x0000707278bfe5ec: 9048 bb00 | 0000 0000 

  0x0000707278bfe5f4: ;   {runtime_call nmethod}
  0x0000707278bfe5f4: 0000 00e9 | fbff ffff 

  0x0000707278bfe5fc: ;   {static_stub}
  0x0000707278bfe5fc: 9048 bb00 | 0000 0000 

  0x0000707278bfe604: ;   {runtime_call nmethod}
  0x0000707278bfe604: 0000 00e9 | fbff ffff 

  0x0000707278bfe60c: ;   {static_stub}
  0x0000707278bfe60c: 9048 bb00 | 0000 0000 

  0x0000707278bfe614: ;   {runtime_call nmethod}
  0x0000707278bfe614: 0000 00e9 | fbff ffff 

  0x0000707278bfe61c: ;   {static_stub}
  0x0000707278bfe61c: 9048 bb00 | 0000 0000 

  0x0000707278bfe624: ;   {runtime_call nmethod}
  0x0000707278bfe624: 0000 00e9 | fbff ffff 

  0x0000707278bfe62c: ;   {static_stub}
  0x0000707278bfe62c: 9048 bb00 | 0000 0000 

  0x0000707278bfe634: ;   {runtime_call nmethod}
  0x0000707278bfe634: 0000 00e9 | fbff ffff 

  0x0000707278bfe63c: ;   {static_stub}
  0x0000707278bfe63c: 9048 bb00 | 0000 0000 

  0x0000707278bfe644: ;   {runtime_call nmethod}
  0x0000707278bfe644: 0000 00e9 | fbff ffff 

  0x0000707278bfe64c: ;   {static_stub}
  0x0000707278bfe64c: 9048 bb00 | 0000 0000 

  0x0000707278bfe654: ;   {runtime_call nmethod}
  0x0000707278bfe654: 0000 00e9 | fbff ffff 

  0x0000707278bfe65c: ;   {static_stub}
  0x0000707278bfe65c: 9048 bb00 | 0000 0000 

  0x0000707278bfe664: ;   {runtime_call nmethod}
  0x0000707278bfe664: 0000 00e9 | fbff ffff 

  0x0000707278bfe66c: ;   {static_stub}
  0x0000707278bfe66c: 9048 bb00 | 0000 0000 

  0x0000707278bfe674: ;   {runtime_call nmethod}
  0x0000707278bfe674: 0000 00e9 | fbff ffff 

  0x0000707278bfe67c: ;   {static_stub}
  0x0000707278bfe67c: 9048 bb00 | 0000 0000 

  0x0000707278bfe684: ;   {runtime_call nmethod}
  0x0000707278bfe684: 0000 00e9 | fbff ffff 

  0x0000707278bfe68c: ;   {static_stub}
  0x0000707278bfe68c: 9048 bb00 | 0000 0000 

  0x0000707278bfe694: ;   {runtime_call nmethod}
  0x0000707278bfe694: 0000 00e9 | fbff ffff 

  0x0000707278bfe69c: ;   {static_stub}
  0x0000707278bfe69c: 9048 bb00 | 0000 0000 

  0x0000707278bfe6a4: ;   {runtime_call nmethod}
  0x0000707278bfe6a4: 0000 00e9 | fbff ffff 

  0x0000707278bfe6ac: ;   {static_stub}
  0x0000707278bfe6ac: 9048 bb00 | 0000 0000 

  0x0000707278bfe6b4: ;   {runtime_call nmethod}
  0x0000707278bfe6b4: 0000 00e9 | fbff ffff 

  0x0000707278bfe6bc: ;   {static_stub}
  0x0000707278bfe6bc: 9048 bb28 | 1979 50c5 

  0x0000707278bfe6c4: ;   {runtime_call I2C/C2I adapters}
  0x0000707278bfe6c4: 6300 00e9 | 9ab6 0607 

  0x0000707278bfe6cc: ;   {static_stub}
  0x0000707278bfe6cc: 9048 bb00 | 0000 0000 

  0x0000707278bfe6d4: ;   {runtime_call nmethod}
  0x0000707278bfe6d4: 0000 00e9 | fbff ffff 

  0x0000707278bfe6dc: ;   {static_stub}
  0x0000707278bfe6dc: 9048 bb00 | 0000 0000 

  0x0000707278bfe6e4: ;   {runtime_call nmethod}
  0x0000707278bfe6e4: 0000 00e9 | fbff ffff 

  0x0000707278bfe6ec: ;   {static_stub}
  0x0000707278bfe6ec: 9048 bb00 | 0000 0000 

  0x0000707278bfe6f4: ;   {runtime_call nmethod}
  0x0000707278bfe6f4: 0000 00e9 | fbff ffff 

  0x0000707278bfe6fc: ;   {static_stub}
  0x0000707278bfe6fc: 9048 bb00 | 0000 0000 

  0x0000707278bfe704: ;   {runtime_call nmethod}
  0x0000707278bfe704: 0000 00e9 | fbff ffff 

  0x0000707278bfe70c: ;   {static_stub}
  0x0000707278bfe70c: 9048 bb00 | 0000 0000 

  0x0000707278bfe714: ;   {runtime_call nmethod}
  0x0000707278bfe714: 0000 00e9 | fbff ffff 

  0x0000707278bfe71c: ;   {static_stub}
  0x0000707278bfe71c: 9048 bb00 | 0000 0000 

  0x0000707278bfe724: ;   {runtime_call nmethod}
  0x0000707278bfe724: 0000 00e9 | fbff ffff 

  0x0000707278bfe72c: ;   {static_stub}
  0x0000707278bfe72c: 9048 bbc8 | 1a79 50c5 

  0x0000707278bfe734: ;   {runtime_call I2C/C2I adapters}
  0x0000707278bfe734: 6300 00e9 | 2ab6 0607 

  0x0000707278bfe73c: ;   {static_stub}
  0x0000707278bfe73c: 9048 bb98 | cd6a 50c5 

  0x0000707278bfe744: ;   {runtime_call I2C/C2I adapters}
  0x0000707278bfe744: 6300 00e9 | 975d 0607 

  0x0000707278bfe74c: ;   {static_stub}
  0x0000707278bfe74c: 9048 bb00 | 0000 0000 

  0x0000707278bfe754: ;   {runtime_call nmethod}
  0x0000707278bfe754: 0000 00e9 | fbff ffff 

  0x0000707278bfe75c: ;   {static_stub}
  0x0000707278bfe75c: 9048 bb00 | 0000 0000 

  0x0000707278bfe764: ;   {runtime_call nmethod}
  0x0000707278bfe764: 0000 00e9 | fbff ffff 

  0x0000707278bfe76c: ;   {static_stub}
  0x0000707278bfe76c: 9048 bb00 | 0000 0000 

  0x0000707278bfe774: ;   {runtime_call nmethod}
  0x0000707278bfe774: 0000 00e9 | fbff ffff 

  0x0000707278bfe77c: ;   {static_stub}
  0x0000707278bfe77c: 9048 bb00 | 0000 0000 

  0x0000707278bfe784: ;   {runtime_call nmethod}
  0x0000707278bfe784: 0000 00e9 | fbff ffff 

  0x0000707278bfe78c: ;   {static_stub}
  0x0000707278bfe78c: 9048 bb00 | 0000 0000 

  0x0000707278bfe794: ;   {runtime_call nmethod}
  0x0000707278bfe794: 0000 00e9 | fbff ffff 

  0x0000707278bfe79c: ;   {static_stub}
  0x0000707278bfe79c: 9048 bb00 | 0000 0000 

  0x0000707278bfe7a4: ;   {runtime_call nmethod}
  0x0000707278bfe7a4: 0000 00e9 | fbff ffff 

  0x0000707278bfe7ac: ;   {static_stub}
  0x0000707278bfe7ac: 9048 bb00 | 0000 0000 

  0x0000707278bfe7b4: ;   {runtime_call nmethod}
  0x0000707278bfe7b4: 0000 00e9 | fbff ffff 

  0x0000707278bfe7bc: ;   {static_stub}
  0x0000707278bfe7bc: 9048 bb00 | 0000 0000 

  0x0000707278bfe7c4: ;   {runtime_call nmethod}
  0x0000707278bfe7c4: 0000 00e9 | fbff ffff 

  0x0000707278bfe7cc: ;   {static_stub}
  0x0000707278bfe7cc: 9048 bb00 | 0000 0000 

  0x0000707278bfe7d4: ;   {runtime_call nmethod}
  0x0000707278bfe7d4: 0000 00e9 | fbff ffff 

  0x0000707278bfe7dc: ;   {static_stub}
  0x0000707278bfe7dc: 9048 bb00 | 0000 0000 

  0x0000707278bfe7e4: ;   {runtime_call nmethod}
  0x0000707278bfe7e4: 0000 00e9 | fbff ffff 

  0x0000707278bfe7ec: ;   {static_stub}
  0x0000707278bfe7ec: 9048 bb00 | 0000 0000 

  0x0000707278bfe7f4: ;   {runtime_call nmethod}
  0x0000707278bfe7f4: 0000 00e9 | fbff ffff 

  0x0000707278bfe7fc: ;   {static_stub}
  0x0000707278bfe7fc: 9048 bb00 | 0000 0000 

  0x0000707278bfe804: ;   {runtime_call nmethod}
  0x0000707278bfe804: 0000 00e9 | fbff ffff 

  0x0000707278bfe80c: ;   {static_stub}
  0x0000707278bfe80c: 9048 bb00 | 0000 0000 

  0x0000707278bfe814: ;   {runtime_call nmethod}
  0x0000707278bfe814: 0000 00e9 | fbff ffff 

  0x0000707278bfe81c: ;   {static_stub}
  0x0000707278bfe81c: 9048 bb00 | 0000 0000 

  0x0000707278bfe824: ;   {runtime_call nmethod}
  0x0000707278bfe824: 0000 00e9 | fbff ffff 

  0x0000707278bfe82c: ;   {static_stub}
  0x0000707278bfe82c: 9048 bb00 | 0000 0000 

  0x0000707278bfe834: ;   {runtime_call nmethod}
  0x0000707278bfe834: 0000 00e9 | fbff ffff 

  0x0000707278bfe83c: ;   {static_stub}
  0x0000707278bfe83c: 9048 bb00 | 0000 0000 

  0x0000707278bfe844: ;   {runtime_call nmethod}
  0x0000707278bfe844: 0000 00e9 | fbff ffff 

  0x0000707278bfe84c: ;   {static_stub}
  0x0000707278bfe84c: 9048 bb00 | 0000 0000 

  0x0000707278bfe854: ;   {runtime_call nmethod}
  0x0000707278bfe854: 0000 00e9 | fbff ffff 

  0x0000707278bfe85c: ;   {static_stub}
  0x0000707278bfe85c: 9048 bb00 | 0000 0000 

  0x0000707278bfe864: ;   {runtime_call nmethod}
  0x0000707278bfe864: 0000 00e9 | fbff ffff 

  0x0000707278bfe86c: ;   {static_stub}
  0x0000707278bfe86c: 9048 bb00 | 0000 0000 

  0x0000707278bfe874: ;   {runtime_call nmethod}
  0x0000707278bfe874: 0000 00e9 | fbff ffff 

  0x0000707278bfe87c: ;   {static_stub}
  0x0000707278bfe87c: 9048 bb00 | 0000 0000 

  0x0000707278bfe884: ;   {runtime_call nmethod}
  0x0000707278bfe884: 0000 00e9 | fbff ffff 

  0x0000707278bfe88c: ;   {static_stub}
  0x0000707278bfe88c: 9048 bb00 | 0000 0000 

  0x0000707278bfe894: ;   {runtime_call nmethod}
  0x0000707278bfe894: 0000 00e9 | fbff ffff 

  0x0000707278bfe89c: ;   {static_stub}
  0x0000707278bfe89c: 9048 bb00 | 0000 0000 

  0x0000707278bfe8a4: ;   {runtime_call nmethod}
  0x0000707278bfe8a4: 0000 00e9 | fbff ffff 

  0x0000707278bfe8ac: ;   {static_stub}
  0x0000707278bfe8ac: 9048 bb00 | 0000 0000 

  0x0000707278bfe8b4: ;   {runtime_call nmethod}
  0x0000707278bfe8b4: 0000 00e9 | fbff ffff 

  0x0000707278bfe8bc: ;   {static_stub}
  0x0000707278bfe8bc: 9048 bb00 | 0000 0000 

  0x0000707278bfe8c4: ;   {runtime_call nmethod}
  0x0000707278bfe8c4: 0000 00e9 | fbff ffff 

  0x0000707278bfe8cc: ;   {static_stub}
  0x0000707278bfe8cc: 9048 bb00 | 0000 0000 

  0x0000707278bfe8d4: ;   {runtime_call nmethod}
  0x0000707278bfe8d4: 0000 00e9 | fbff ffff 

  0x0000707278bfe8dc: ;   {static_stub}
  0x0000707278bfe8dc: 9048 bb00 | 0000 0000 

  0x0000707278bfe8e4: ;   {runtime_call nmethod}
  0x0000707278bfe8e4: 0000 00e9 | fbff ffff 

  0x0000707278bfe8ec: ;   {static_stub}
  0x0000707278bfe8ec: 9048 bb00 | 0000 0000 

  0x0000707278bfe8f4: ;   {runtime_call nmethod}
  0x0000707278bfe8f4: 0000 00e9 | fbff ffff 

  0x0000707278bfe8fc: ;   {static_stub}
  0x0000707278bfe8fc: 9048 bb00 | 0000 0000 

  0x0000707278bfe904: ;   {runtime_call nmethod}
  0x0000707278bfe904: 0000 00e9 | fbff ffff 

  0x0000707278bfe90c: ;   {static_stub}
  0x0000707278bfe90c: 9048 bb00 | 0000 0000 

  0x0000707278bfe914: ;   {runtime_call nmethod}
  0x0000707278bfe914: 0000 00e9 | fbff ffff 

  0x0000707278bfe91c: ;   {static_stub}
  0x0000707278bfe91c: 9048 bb00 | 0000 0000 

  0x0000707278bfe924: ;   {runtime_call nmethod}
  0x0000707278bfe924: 0000 00e9 | fbff ffff 

  0x0000707278bfe92c: ;   {static_stub}
  0x0000707278bfe92c: 9048 bb00 | 0000 0000 

  0x0000707278bfe934: ;   {runtime_call nmethod}
  0x0000707278bfe934: 0000 00e9 | fbff ffff 

  0x0000707278bfe93c: ;   {static_stub}
  0x0000707278bfe93c: 9048 bb00 | 0000 0000 

  0x0000707278bfe944: ;   {runtime_call nmethod}
  0x0000707278bfe944: 0000 00e9 | fbff ffff 

  0x0000707278bfe94c: ;   {static_stub}
  0x0000707278bfe94c: 9048 bb00 | 0000 0000 

  0x0000707278bfe954: ;   {runtime_call nmethod}
  0x0000707278bfe954: 0000 00e9 | fbff ffff 

  0x0000707278bfe95c: ;   {static_stub}
  0x0000707278bfe95c: 9048 bb00 | 0000 0000 

  0x0000707278bfe964: ;   {runtime_call nmethod}
  0x0000707278bfe964: 0000 00e9 | fbff ffff 

  0x0000707278bfe96c: ;   {static_stub}
  0x0000707278bfe96c: 9048 bb00 | 0000 0000 

  0x0000707278bfe974: ;   {runtime_call nmethod}
  0x0000707278bfe974: 0000 00e9 | fbff ffff 

  0x0000707278bfe97c: ;   {static_stub}
  0x0000707278bfe97c: 9048 bb00 | 0000 0000 

  0x0000707278bfe984: ;   {runtime_call nmethod}
  0x0000707278bfe984: 0000 00e9 | fbff ffff 

  0x0000707278bfe98c: ;   {static_stub}
  0x0000707278bfe98c: 9048 bb00 | 0000 0000 

  0x0000707278bfe994: ;   {runtime_call nmethod}
  0x0000707278bfe994: 0000 00e9 | fbff ffff 

  0x0000707278bfe99c: ;   {static_stub}
  0x0000707278bfe99c: 9048 bb00 | 0000 0000 

  0x0000707278bfe9a4: ;   {runtime_call nmethod}
  0x0000707278bfe9a4: 0000 00e9 | fbff ffff 

  0x0000707278bfe9ac: ;   {static_stub}
  0x0000707278bfe9ac: 9048 bb00 | 0000 0000 

  0x0000707278bfe9b4: ;   {runtime_call nmethod}
  0x0000707278bfe9b4: 0000 00e9 | fbff ffff 

  0x0000707278bfe9bc: ;   {static_stub}
  0x0000707278bfe9bc: 9048 bb00 | 0000 0000 

  0x0000707278bfe9c4: ;   {runtime_call nmethod}
  0x0000707278bfe9c4: 0000 00e9 | fbff ffff 

  0x0000707278bfe9cc: ;   {static_stub}
  0x0000707278bfe9cc: 9048 bb00 | 0000 0000 

  0x0000707278bfe9d4: ;   {runtime_call nmethod}
  0x0000707278bfe9d4: 0000 00e9 | fbff ffff 

  0x0000707278bfe9dc: ;   {static_stub}
  0x0000707278bfe9dc: 9048 bb00 | 0000 0000 

  0x0000707278bfe9e4: ;   {runtime_call nmethod}
  0x0000707278bfe9e4: 0000 00e9 | fbff ffff 

  0x0000707278bfe9ec: ;   {static_stub}
  0x0000707278bfe9ec: 9048 bb00 | 0000 0000 

  0x0000707278bfe9f4: ;   {runtime_call nmethod}
  0x0000707278bfe9f4: 0000 00e9 | fbff ffff 

  0x0000707278bfe9fc: ;   {static_stub}
  0x0000707278bfe9fc: 9048 bb00 | 0000 0000 

  0x0000707278bfea04: ;   {runtime_call nmethod}
  0x0000707278bfea04: 0000 00e9 | fbff ffff 

  0x0000707278bfea0c: ;   {static_stub}
  0x0000707278bfea0c: 9048 bb00 | 0000 0000 

  0x0000707278bfea14: ;   {runtime_call nmethod}
  0x0000707278bfea14: 0000 00e9 | fbff ffff 

  0x0000707278bfea1c: ;   {static_stub}
  0x0000707278bfea1c: 9048 bb00 | 0000 0000 

  0x0000707278bfea24: ;   {runtime_call nmethod}
  0x0000707278bfea24: 0000 00e9 | fbff ffff 

  0x0000707278bfea2c: ;   {static_stub}
  0x0000707278bfea2c: 9048 bb00 | 0000 0000 

  0x0000707278bfea34: ;   {runtime_call nmethod}
  0x0000707278bfea34: 0000 00e9 | fbff ffff 

  0x0000707278bfea3c: ;   {static_stub}
  0x0000707278bfea3c: 9048 bb00 | 0000 0000 

  0x0000707278bfea44: ;   {runtime_call nmethod}
  0x0000707278bfea44: 0000 00e9 | fbff ffff 

  0x0000707278bfea4c: ;   {static_stub}
  0x0000707278bfea4c: 9048 bb00 | 0000 0000 

  0x0000707278bfea54: ;   {runtime_call nmethod}
  0x0000707278bfea54: 0000 00e9 | fbff ffff 

  0x0000707278bfea5c: ;   {static_stub}
  0x0000707278bfea5c: 9048 bb00 | 0000 0000 

  0x0000707278bfea64: ;   {runtime_call nmethod}
  0x0000707278bfea64: 0000 00e9 | fbff ffff 

  0x0000707278bfea6c: ;   {static_stub}
  0x0000707278bfea6c: 9048 bb00 | 0000 0000 

  0x0000707278bfea74: ;   {runtime_call nmethod}
  0x0000707278bfea74: 0000 00e9 | fbff ffff 

  0x0000707278bfea7c: ;   {static_stub}
  0x0000707278bfea7c: 9048 bb00 | 0000 0000 

  0x0000707278bfea84: ;   {runtime_call nmethod}
  0x0000707278bfea84: 0000 00e9 | fbff ffff 

  0x0000707278bfea8c: ;   {static_stub}
  0x0000707278bfea8c: 9048 bb00 | 0000 0000 

  0x0000707278bfea94: ;   {runtime_call nmethod}
  0x0000707278bfea94: 0000 00e9 | fbff ffff 

  0x0000707278bfea9c: ;   {static_stub}
  0x0000707278bfea9c: 9048 bb00 | 0000 0000 

  0x0000707278bfeaa4: ;   {runtime_call nmethod}
  0x0000707278bfeaa4: 0000 00e9 | fbff ffff 

  0x0000707278bfeaac: ;   {static_stub}
  0x0000707278bfeaac: 9048 bb00 | 0000 0000 

  0x0000707278bfeab4: ;   {runtime_call nmethod}
  0x0000707278bfeab4: 0000 00e9 | fbff ffff 

  0x0000707278bfeabc: ;   {static_stub}
  0x0000707278bfeabc: 9048 bb00 | 0000 0000 

  0x0000707278bfeac4: ;   {runtime_call nmethod}
  0x0000707278bfeac4: 0000 00e9 | fbff ffff 

  0x0000707278bfeacc: ;   {static_stub}
  0x0000707278bfeacc: 9048 bb00 | 0000 0000 

  0x0000707278bfead4: ;   {runtime_call nmethod}
  0x0000707278bfead4: 0000 00e9 | fbff ffff 

  0x0000707278bfeadc: ;   {static_stub}
  0x0000707278bfeadc: 9048 bb00 | 0000 0000 

  0x0000707278bfeae4: ;   {runtime_call nmethod}
  0x0000707278bfeae4: 0000 00e9 | fbff ffff 

  0x0000707278bfeaec: ;   {static_stub}
  0x0000707278bfeaec: 9048 bb00 | 0000 0000 

  0x0000707278bfeaf4: ;   {runtime_call nmethod}
  0x0000707278bfeaf4: 0000 00e9 | fbff ffff 

  0x0000707278bfeafc: ;   {static_stub}
  0x0000707278bfeafc: 9048 bb00 | 0000 0000 

  0x0000707278bfeb04: ;   {runtime_call nmethod}
  0x0000707278bfeb04: 0000 00e9 | fbff ffff 

  0x0000707278bfeb0c: ;   {static_stub}
  0x0000707278bfeb0c: 9048 bb00 | 0000 0000 

  0x0000707278bfeb14: ;   {runtime_call nmethod}
  0x0000707278bfeb14: 0000 00e9 | fbff ffff 

  0x0000707278bfeb1c: ;   {static_stub}
  0x0000707278bfeb1c: 9048 bb00 | 0000 0000 

  0x0000707278bfeb24: ;   {runtime_call nmethod}
  0x0000707278bfeb24: 0000 00e9 | fbff ffff 

  0x0000707278bfeb2c: ;   {static_stub}
  0x0000707278bfeb2c: 48bb 0000 | 0000 0000 

  0x0000707278bfeb34: ;   {runtime_call nmethod}
  0x0000707278bfeb34: 0000 e9fb 

  0x0000707278bfeb38: ;   {static_stub}
  0x0000707278bfeb38: ffff ff48 | bb00 0000 | 0000 0000 

  0x0000707278bfeb44: ;   {runtime_call nmethod}
  0x0000707278bfeb44: 00e9 fbff 

  0x0000707278bfeb48: ;   {static_stub}
  0x0000707278bfeb48: ffff 48bb | 0000 0000 | 0000 0000 

  0x0000707278bfeb54: ;   {runtime_call nmethod}
  0x0000707278bfeb54: e9fb ffff 

  0x0000707278bfeb58: ;   {static_stub}
  0x0000707278bfeb58: ff48 bb00 | 0000 0000 

  0x0000707278bfeb60: ;   {runtime_call nmethod}
  0x0000707278bfeb60: 0000 00e9 | fbff ffff 

  0x0000707278bfeb68: ;   {static_stub}
  0x0000707278bfeb68: 48bb 0000 | 0000 0000 

  0x0000707278bfeb70: ;   {runtime_call nmethod}
  0x0000707278bfeb70: 0000 e9fb 

  0x0000707278bfeb74: ;   {static_stub}
  0x0000707278bfeb74: ffff ff48 | bb00 0000 | 0000 0000 

  0x0000707278bfeb80: ;   {runtime_call nmethod}
  0x0000707278bfeb80: 00e9 fbff 

  0x0000707278bfeb84: ;   {static_stub}
  0x0000707278bfeb84: ffff 48bb | e8fa 0f50 | c563 0000 

  0x0000707278bfeb90: ;   {runtime_call I2C/C2I adapters}
  0x0000707278bfeb90: e9d1 b106 

  0x0000707278bfeb94: ;   {static_stub}
  0x0000707278bfeb94: 0748 bb00 | 0000 0000 

  0x0000707278bfeb9c: ;   {runtime_call nmethod}
  0x0000707278bfeb9c: 0000 00e9 | fbff ffff 
[Exception Handler]
  0x0000707278bfeba4: ;   {runtime_call handle_exception_from_callee Runtime1 stub}
  0x0000707278bfeba4: e8d7 5511 

  0x0000707278bfeba8: ;   {external_word}
  0x0000707278bfeba8: 0748 bfbb | 5154 9772 | 7000 0048 

  0x0000707278bfebb4: ;   {runtime_call MacroAssembler::debug64(char*, long, long*)}
  0x0000707278bfebb4: 83e4 f0e8 | 94c2 401e 

  0x0000707278bfebbc: ;   {section_word}
  0x0000707278bfebbc: f449 babd | ebbf 7872 | 7000 0041 

  0x0000707278bfebc8: ;   {runtime_call DeoptimizationBlob}
  0x0000707278bfebc8: 52e9 d2ba | 0607 f4f4 
[/MachCode]


Compiled method (c2) 5115 2463   !   4       org.apache.xalan.templates.ElemApplyTemplates::execute (141 bytes)
 total in heap  [0x000070728051ed90,0x00007072805208e0] = 6992
 relocation     [0x000070728051eee8,0x000070728051eff0] = 264
 main code      [0x000070728051f000,0x000070728051fec8] = 3784
 stub code      [0x000070728051fec8,0x000070728051ff28] = 96
 oops           [0x000070728051ff28,0x000070728051ff30] = 8
 metadata       [0x000070728051ff30,0x0000707280520018] = 232
 scopes data    [0x0000707280520018,0x0000707280520510] = 1272
 scopes pcs     [0x0000707280520510,0x00007072805207c0] = 688
 dependencies   [0x00007072805207c0,0x0000707280520818] = 88
 handler table  [0x0000707280520818,0x0000707280520890] = 120
 nul chk table  [0x0000707280520890,0x00007072805208e0] = 80

[Constant Pool (empty)]

[MachCode]
[Entry Point]
  # {method} {0x000063c55055ac20} 'execute' '(Lorg/apache/xalan/transformer/TransformerImpl;)V' in 'org/apache/xalan/templates/ElemApplyTemplates'
  # this:     rsi:rsi   = 'org/apache/xalan/templates/ElemApplyTemplates'
  # parm0:    rdx:rdx   = 'org/apache/xalan/transformer/TransformerImpl'
  #           [sp+0x70]  (sp of caller)
  0x000070728051f000: 448b 5608 | 49bb 0000 | 005b c563 | 0000 4d03 | d349 3bc2 

  0x000070728051f014: ;   {runtime_call ic_miss_stub}
  0x000070728051f014: 0f85 665d | 74ff 6690 | 0f1f 4000 
[Verified Entry Point]
  0x000070728051f020: 8984 2400 | c0fe ff55 | 4883 ec60 | 4181 7f20 | 0100 0000 | 0f85 7d0e | 0000 4889 | 7424 0848 
  0x000070728051f040: 8954 2430 

  0x000070728051f044: ; implicit exception: dispatches to 0x000070728051fc04
  0x000070728051f044: 448b 5a74 

  0x000070728051f048: ; implicit exception: dispatches to 0x000070728051fc1c
  0x000070728051f048: 458b 4310 | 418b 6b0c | ffcd 443b | c50f 84e5 | 0700 0041 | 8b4b 1441 | 8d68 0141 | 896b 1044 
  0x000070728051f068: 8b59 0c41 | 3beb 0f83 | 0207 0000 | 8baa 9000 | 0000 4d63 | d046 8864 | 1111 85ed | 0f84 0e07 
  0x000070728051f088: 0000 4c8b | dd48 8d5c | 2440 498b | 03a8 020f | 8523 0000 | 0048 83c8 | 0148 8903 | f049 0fb1 
  0x000070728051f0a8: 1b0f 8437 | 0000 0048 | 2bc4 4825 | 07f0 ffff | 4889 03e9 | 2400 0000 | 4c8b d048 | 33c0 f04d 
  0x000070728051f0c8: 0fb1 7a3e | 48c7 0303 | 0000 0074 | 114c 3bf8 | 7515 49ff | 8286 0000 | 0048 33c0 | 7509 49ff 
  0x000070728051f0e8: 8768 0800 | 0033 c00f | 85d3 0600 | 008b 6d10 | 488d 4424 | 4048 8338 | 000f 8479 | 0000 004d 
  0x000070728051f108: 8b13 41f6 | c202 0f84 

  0x000070728051f110: ;   {no_reloc}
  0x000070728051f110: 6200 0000 | 4983 ba86 | 0000 0000 | 7409 49ff | 8a86 0000 | 00eb 4b49 | 8b82 9600 | 0000 490b 
  0x000070728051f130: 828e 0000 | 0075 0a49 | c742 3e00 | 0000 00eb | 3d49 83ba | 9e00 0000 | 0074 2248 | 33c0 49c7 
  0x000070728051f150: 423e 0000 | 0000 f083 | 0424 0049 | 83ba 9e00 | 0000 0075 | 0df0 4d0f | b17a 3e75 | 0583 c801 
  0x000070728051f170: eb0c a800 | eb08 4c8b | 10f0 4d0f | b113 750a | 49ff 8f68 | 0800 0045 | 33d2 0f85 | 6e06 0000 
  0x000070728051f190: 4c8b 5424 | 3045 8b9a | 9000 0000 | 4489 5c24 | 2085 ed0f | 85d6 0300 | 0045 33db | 4c8b 5424 
  0x000070728051f1b0: 0845 0fb6 | 524d 4585 | d20f 8533 | 0500 004d | 85db 0f85 | 5b06 0000 | 4c8b 5424 | 0845 8b42 
  0x000070728051f1d0: 6845 85c0 | 0f85 8b00 | 0000 4533 | db44 895c | 2410 4c8b | 5424 3041 | 0fb6 6a15 | 85ed 0f85 
  0x000070728051f1f0: 7406 0000 | 488b 7424 | 0849 8bd2 

  0x000070728051f1fc: ;   {optimized virtual_call}
  0x000070728051f1fc: 6666 90e8 

  0x000070728051f200: ; ImmutableOopMap {[8]=Oop [48]=Oop }
                      ;*invokevirtual transformSelectedNodes {reexecute=0 rethrow=0 return_oop=0}
                      ; - org.apache.xalan.templates.ElemApplyTemplates::execute@75 (line 178)
  0x000070728051f200: bc04 6df8 

  0x000070728051f204: ;   {other}
  0x000070728051f204: 0f1f 8400 | 7404 0000 | 4c8b 5424 | 3041 0fb6 | 6a15 85ed | 0f85 6606 | 0000 448b | 5424 1045 
  0x000070728051f224: 85d2 0f85 | a801 0000 | 4c8b 5424 | 3045 8b52 | 7445 8b4a | 1441 8b6a | 1044 8d45 | ff45 8942 
  0x000070728051f244: 1045 8b59 | 0c41 3beb | 0f83 5e05 | 0000 4883 

  0x000070728051f254: ;   {poll_return}
  0x000070728051f254: c460 5d49 | 3ba7 6807 | 0000 0f87 | 3d0c 0000 | c344 8b54 | 2420 4585 | d20f 842d | 0600 004d 
  0x000070728051f274: 8bca 488d | 5c24 4049 | 8b01 a802 | 0f85 2300 | 0000 4883 | c801 4889 | 03f0 490f | b119 0f84 
  0x000070728051f294: 3700 0000 | 482b c448 | 2507 f0ff | ff48 8903 | e924 0000 | 004c 8bd0 | 4833 c0f0 | 4d0f b17a 
  0x000070728051f2b4: 3e48 c703 | 0300 0000 | 7411 4c3b | f875 1549 | ff82 8600 | 0000 4833 | c075 0949 | ff87 6808 
  0x000070728051f2d4: 0000 33c0 | 0f85 1606 | 0000 448b | 5424 2045 | 8b52 188b | 4c24 20ff | 410c 458b | 5a0c 8b69 
  0x000070728051f2f4: 1041 3beb | 0f84 0104 | 0000 458b | 5a0c 413b | eb0f 83b1 | 0500 0045 

  0x000070728051f30c: ;   {metadata('java/lang/Object'[])}
  0x000070728051f30c: 8b5a 0841 | 81fb 8812 | 0000 0f85 | 4606 0000 | 4589 44aa | 10ff c544 | 8b5c 2420 | 4189 6b10 
  0x000070728051f32c: 488d 4424 | 4048 8338 | 000f 8479 | 0000 004d | 8b11 41f6 | c202 0f84 | 6200 0000 | 4983 ba86 
  0x000070728051f34c: 0000 0000 | 7409 49ff | 8a86 0000 | 00eb 4b49 | 8b82 9600 | 0000 490b | 828e 0000 | 0075 0a49 
  0x000070728051f36c: c742 3e00 | 0000 00eb | 3d49 83ba | 9e00 0000 | 0074 2248 | 33c0 49c7 | 423e 0000 | 0000 f083 
  0x000070728051f38c: 0424 0049 | 83ba 9e00 | 0000 0075 | 0df0 4d0f | b17a 3e75 | 0583 c801 | eb0c a800 | eb08 4c8b 
  0x000070728051f3ac: 10f0 4d0f | b111 750a | 49ff 8f68 | 0800 0045 | 33d2 0f85 | d805 0000 | 41ba 0100 | 0000 4489 
  0x000070728051f3cc: 5424 10e9 | 0efe ffff | 4c8b 5424 | 3045 8b9a | 9000 0000 | 4489 5c24 | 2045 85db | 0f84 d305 
  0x000070728051f3ec: 0000 4d8b | c348 8d5c | 2440 498b | 00a8 020f | 8523 0000 | 0048 83c8 | 0148 8903 | f049 0fb1 
  0x000070728051f40c: ;   {no_reloc}
  0x000070728051f40c: 180f 8437 | 0000 0048 | 2bc4 4825 | 07f0 ffff | 4889 03e9 | 2400 0000 | 4c8b d048 | 33c0 f04d 
  0x000070728051f42c: 0fb1 7a3e | 48c7 0303 | 0000 0074 | 114c 3bf8 | 7515 49ff | 8286 0000 | 0048 33c0 | 7509 49ff 
  0x000070728051f44c: 8768 0800 | 0033 c00f | 85b7 0500 | 0044 8b5c | 2420 418b | 4b10 85c9 | 0f84 d405 | 0000 448d 
  0x000070728051f46c: 49ff 443b | c90f 8ded | 0500 0044 | 8b54 2420 | 458b 5218 

  0x000070728051f480: ; implicit exception: dispatches to 0x000070728051fc90
  0x000070728051f480: 458b 5a0c | 453b cb0f | 834b 0500 | 0041 8b6c | 8a0c 443b | c90f 8dfd | 0500 0045 | 85c9 0f8c 
  0x000070728051f4a0: 2406 0000 | 4589 648a | 0c44 8b5c | 2420 4589 | 4b10 458b | 5b0c 41ff | c344 8b4c | 2420 4589 
  0x000070728051f4c0: 590c 488d | 4424 4048 | 8338 000f | 8479 0000 | 004d 8b10 | 41f6 c202 | 0f84 6200 | 0000 4983 
  0x000070728051f4e0: ba86 0000 | 0000 7409 | 49ff 8a86 | 0000 00eb | 4b49 8b82 | 9600 0000 | 490b 828e | 0000 0075 
  0x000070728051f500: 0a49 c742 | 3e00 0000 | 00eb 3d49 

  0x000070728051f50c: ;   {no_reloc}
  0x000070728051f50c: 83ba 9e00 | 0000 0074 | 2248 33c0 | 49c7 423e | 0000 0000 | f083 0424 | 0049 83ba | 9e00 0000 
  0x000070728051f52c: 0075 0df0 | 4d0f b17a | 3e75 0583 | c801 eb0c | a800 eb08 | 4c8b 10f0 | 4d0f b110 | 750a 49ff 
  0x000070728051f54c: 8f68 0800 | 0045 33d2 | 0f84 d2fc | ffff 498b | f848 8d74 | 2440 498b | d749 baa0 | 891e 9772 
  0x000070728051f56c: 7000 0041 

  0x000070728051f570: ;   {other}
  0x000070728051f570: ffd2 0f1f | 8400 0000 | 0000 e9ad | fcff ff45 | 85db 0f84 | 6c05 0000 | 4d8b c348 | 8d5c 2440 
  0x000070728051f590: 498b 00a8 | 020f 8523 | 0000 0048 | 83c8 0148 | 8903 f049 | 0fb1 180f | 8437 0000 | 0048 2bc4 
  0x000070728051f5b0: 4825 07f0 | ffff 4889 | 03e9 2400 | 0000 4c8b | d048 33c0 | f04d 0fb1 | 7a3e 48c7 | 0303 0000 
  0x000070728051f5d0: 0074 114c | 3bf8 7515 | 49ff 8286 | 0000 0048 | 33c0 7509 | 49ff 8768 | 0800 0033 | c00f 853d 
  0x000070728051f5f0: 0500 0044 | 8b54 2420 | 458b 4a10 | 4585 c90f | 847e 0500 | 0041 8d49 | ff41 3bc9 | 0f8d 8e05 
  0x000070728051f610: 0000 448b | 5c24 2041 | 8b6b 1844 | 8b55 0c41 | 3bca 0f83 | e404 0000 | 428b 6c8d | 0c48 8d44 
  0x000070728051f630: 2440 4883 | 3800 0f84 | 7900 0000 | 4d8b 1041 | f6c2 020f | 8462 0000 | 0049 83ba | 8600 0000 
  0x000070728051f650: 0074 0949 | ff8a 8600 | 0000 eb4b | 498b 8296 | 0000 0049 | 0b82 8e00 | 0000 750a | 49c7 423e 
  0x000070728051f670: ;   {no_reloc}
  0x000070728051f670: 0000 0000 | eb3d 4983 | ba9e 0000 | 0000 7422 | 4833 c049 | c742 3e00 | 0000 00f0 | 8304 2400 
  0x000070728051f690: 4983 ba9e | 0000 0000 | 750d f04d | 0fb1 7a3e | 7505 83c8 | 01eb 0ca8 | 00eb 084c | 8b10 f04d 
  0x000070728051f6b0: 0fb1 1075 | 0a49 ff8f | 6808 0000 | 4533 d20f | 8599 0400 | 0044 8b5d 

  0x000070728051f6c8: ;   {metadata('org/apache/xml/utils/QName')}
  0x000070728051f6c8: 0841 81fb | a8f5 0201 | 0f85 1205 | 0000 4c8b | 5424 3045 | 8b92 9000 | 0000 4489 | 5424 204c 
  0x000070728051f6e8: 8bd5 4d8b | dae9 bafa | ffff 4533 | d244 8954 | 2410 e9e3 | faff ff4c | 894c 2418 | 4489 4424 
  0x000070728051f708: 1448 8944 | 24f8 8b44 | 2420 8944 | 2410 488b | 4424 f848 | ff74 2408 | 488f 0424 | 48ff 7424 
  0x000070728051f728: 3048 8f44 | 2408 498b 

  0x000070728051f730: ;   {optimized virtual_call}
  0x000070728051f730: f166 90e8 

  0x000070728051f734: ; ImmutableOopMap {[0]=Oop [8]=Oop [16]=NarrowOop [20]=NarrowOop [24]=Oop [48]=Oop }
                      ;*invokevirtual grow {reexecute=0 rethrow=0 return_oop=1}
                      ; - java.util.Vector::add@7 (line 782)
                      ; - java.util.Vector::addElement@20 (line 617)
                      ; - java.util.Stack::push@2 (line 68)
                      ; - org.apache.xalan.transformer.TransformerImpl::pushMode@5 (line 3208)
                      ; - org.apache.xalan.templates.ElemApplyTemplates::execute@55 (line 172)
  0x000070728051f734: 4859 74ff 

  0x000070728051f738: ;   {other}
  0x000070728051f738: 0f1f 8400 | a809 0001 | 4c8b d048 | 85c0 0f84 | 8804 0000 | 48ff 3424 | 488f 4424 | 0848 8944 
  0x000070728051f758: 24f8 8b44 | 2410 8944 | 2420 488b | 4424 f844 | 8b44 2414 | 4c8b 4c24 | 18e9 88fb | ffff bee4 
  0x000070728051f778: ffff ff48 | ff74 2408 | 488f 0424 | 894c 2410 

  0x000070728051f788: ;   {runtime_call UncommonTrapBlob}
  0x000070728051f788: 6666 90e8 

  0x000070728051f78c: ; ImmutableOopMap {[0]=Oop [16]=NarrowOop [48]=Oop }
                      ;*bastore {reexecute=0 rethrow=0 return_oop=0}
                      ; - org.apache.xml.utils.BoolStack::push@34 (line 94)
                      ; - org.apache.xalan.transformer.TransformerImpl::pushCurrentTemplateRuleIsNull@5 (line 3041)
                      ; - org.apache.xalan.templates.ElemApplyTemplates::execute@2 (line 153)
  0x000070728051f78c: 70ab 74ff 

  0x000070728051f790: ;   {other}
  0x000070728051f790: 0f1f 8400 | 000a 0002 | bef6 ffff | ff48 8b6c 

  0x000070728051f7a0: ;   {runtime_call UncommonTrapBlob}
  0x000070728051f7a0: 2408 90e8 

  0x000070728051f7a4: ; ImmutableOopMap {rbp=Oop [48]=Oop }
                      ;*invokevirtual isEmpty {reexecute=0 rethrow=0 return_oop=0}
                      ; - org.apache.xalan.transformer.TransformerImpl::getMode@4 (line 3195)
                      ; - org.apache.xalan.templates.ElemApplyTemplates::execute@8 (line 163)
  0x000070728051f7a4: 58ab 74ff 

  0x000070728051f7a8: ;   {other}
  0x000070728051f7a8: 0f1f 8400 | 180a 0003 | bee4 ffff | ff44 890c 

  0x000070728051f7b8: ;   {runtime_call UncommonTrapBlob}
  0x000070728051f7b8: 2466 90e8 

  0x000070728051f7bc: ; ImmutableOopMap {[0]=NarrowOop }
                      ;*baload {reexecute=0 rethrow=0 return_oop=0}
                      ; - org.apache.xml.utils.BoolStack::pop@15 (line 106)
                      ; - org.apache.xalan.transformer.TransformerImpl::popCurrentTemplateRuleIsNull@4 (line 3050)
                      ; - org.apache.xalan.templates.ElemApplyTemplates::execute@102 (line 188)
  0x000070728051f7bc: 40ab 74ff 

  0x000070728051f7c0: ;   {other}
  0x000070728051f7c0: 0f1f 8400 | 300a 0004 | 498b f348 | 8d54 2440 | 48ff 7424 | 3048 8f44 | 2410 4c89 | 5c24 284c 
  0x000070728051f7e0: 895c 2438 

  0x000070728051f7e4: ;   {runtime_call _complete_monitor_locking_Java}
  0x000070728051f7e4: 6666 90e8 

  0x000070728051f7e8: ; ImmutableOopMap {rbp=NarrowOop [8]=Oop [16]=Oop [40]=Oop [48]=Oop [56]=Oop }
                      ;*synchronization entry
                      ; - java.util.Vector::isEmpty@-1 (line 316)
                      ; - org.apache.xalan.transformer.TransformerImpl::getMode@4 (line 3195)
                      ; - org.apache.xalan.templates.ElemApplyTemplates::execute@8 (line 163)
  0x000070728051f7e8: 9421 80ff 

  0x000070728051f7ec: ;   {other}
  0x000070728051f7ec: 0f1f 8400 | 5c0a 0005 | 4c8b 5c24 | 28e9 f7f8 | ffff 498b | fb48 8d74 | 2440 498b | d749 baa0 
  0x000070728051f80c: 891e 9772 | 7000 0041 

  0x000070728051f814: ;   {other}
  0x000070728051f814: ffd2 0f1f | 8400 0000 | 0000 e96d | f9ff ffbe | 45ff ffff | 488b 6c24 | 084c 895c 

  0x000070728051f830: ;   {runtime_call UncommonTrapBlob}
  0x000070728051f830: 2410 90e8 

  0x000070728051f834: ; ImmutableOopMap {rbp=Oop [16]=Oop [48]=Oop }
                      ;*if_acmpne {reexecute=1 rethrow=0 return_oop=0}
                      ; - (reexecute) org.apache.xalan.templates.ElemApplyTemplates::execute@21 (line 167)
  0x000070728051f834: c8aa 74ff 

  0x000070728051f838: ;   {other}
  0x000070728051f838: 0f1f 8400 | a80a 0006 | be45 ffff | ff48 ff74 | 2408 488f | 0424 4489 | 5c24 1044 | 8944 2414 
  0x000070728051f858: ;   {runtime_call UncommonTrapBlob}
  0x000070728051f858: 6666 90e8 

  0x000070728051f85c: ; ImmutableOopMap {[0]=Oop [16]=NarrowOop [48]=Oop }
                      ;*if_icmpne {reexecute=1 rethrow=0 return_oop=0}
                      ; - (reexecute) org.apache.xml.utils.BoolStack::push@10 (line 91)
                      ; - org.apache.xalan.transformer.TransformerImpl::pushCurrentTemplateRuleIsNull@5 (line 3041)
                      ; - org.apache.xalan.templates.ElemApplyTemplates::execute@2 (line 153)
  0x000070728051f85c: a0aa 74ff 

  0x000070728051f860: ;   {other}
  0x000070728051f860: 0f1f 8400 | d00a 0007 | be45 ffff | ff48 ff74 | 2408 488f 

  0x000070728051f874: ;   {runtime_call UncommonTrapBlob}
  0x000070728051f874: 0424 90e8 

  0x000070728051f878: ; ImmutableOopMap {[0]=Oop [48]=Oop }
                      ;*ifeq {reexecute=1 rethrow=0 return_oop=0}
                      ; - (reexecute) org.apache.xalan.templates.ElemApplyTemplates::execute@62 (line 175)
  0x000070728051f878: 84aa 74ff 

  0x000070728051f87c: ;   {other}
  0x000070728051f87c: 0f1f 8400 | ec0a 0008 | be45 ffff | ff48 ff74 | 2408 488f 

  0x000070728051f890: ;   {runtime_call UncommonTrapBlob}
  0x000070728051f890: 0424 90e8 

  0x000070728051f894: ; ImmutableOopMap {[0]=Oop [48]=Oop }
                      ;*ifeq {reexecute=1 rethrow=0 return_oop=0}
                      ; - (reexecute) org.apache.xalan.templates.ElemApplyTemplates::execute@82 (line 182)
  0x000070728051f894: 68aa 74ff 

  0x000070728051f898: ;   {other}
  0x000070728051f898: 0f1f 8400 | 080b 0009 | bef6 ffff | ff48 8b6c | 2408 4489 

  0x000070728051f8ac: ;   {runtime_call UncommonTrapBlob}
  0x000070728051f8ac: 4424 08e8 

  0x000070728051f8b0: ; ImmutableOopMap {rbp=Oop [8]=NarrowOop [48]=Oop }
                      ;*invokevirtual push {reexecute=0 rethrow=0 return_oop=0}
                      ; - org.apache.xalan.transformer.TransformerImpl::pushMode@5 (line 3208)
                      ; - org.apache.xalan.templates.ElemApplyTemplates::execute@55 (line 172)
  0x000070728051f8b0: 4caa 74ff 

  0x000070728051f8b4: ;   {other}
  0x000070728051f8b4: 0f1f 8400 | 240b 000a | bee4 ffff | ff48 ff74 | 2408 488f | 0424 4889 | 4424 f88b | 4424 2089 
  0x000070728051f8d4: 4424 1848 | 8b44 24f8 | 4c89 5424 | 2044 8944 

  0x000070728051f8e4: ;   {runtime_call UncommonTrapBlob}
  0x000070728051f8e4: 241c 90e8 

  0x000070728051f8e8: ; ImmutableOopMap {[0]=Oop [24]=NarrowOop [28]=NarrowOop [32]=Oop [48]=Oop }
                      ;*aastore {reexecute=1 rethrow=0 return_oop=0}
                      ; - (reexecute) java.util.Vector::add@14 (line 783)
                      ; - java.util.Vector::addElement@20 (line 617)
                      ; - java.util.Stack::push@2 (line 68)
                      ; - org.apache.xalan.transformer.TransformerImpl::pushMode@5 (line 3208)
                      ; - org.apache.xalan.templates.ElemApplyTemplates::execute@55 (line 172)
  0x000070728051f8e8: 14aa 74ff 

  0x000070728051f8ec: ;   {other}
  0x000070728051f8ec: 0f1f 8400 | 5c0b 000b | 4c89 4c24 | 1844 8944 | 2414 4889 | 4424 f88b | 4424 2089 | 4424 1048 
  0x000070728051f90c: 8b44 24f8 | 48ff 7424 | 0848 8f04 | 2448 8b6c | 2430 498b | f148 8d54 | 2440 4489 

  0x000070728051f928: ;   {runtime_call _complete_monitor_locking_Java}
  0x000070728051f928: 4424 0ce8 

  0x000070728051f92c: ; ImmutableOopMap {rbp=Oop [0]=Oop [12]=NarrowOop [16]=NarrowOop [20]=NarrowOop [24]=Oop [48]=Oop }
                      ;*synchronization entry
                      ; - java.util.Vector::addElement@-1 (line 616)
                      ; - java.util.Stack::push@2 (line 68)
                      ; - org.apache.xalan.transformer.TransformerImpl::pushMode@5 (line 3208)
                      ; - org.apache.xalan.templates.ElemApplyTemplates::execute@55 (line 172)
  0x000070728051f92c: 5020 80ff 

  0x000070728051f930: ;   {other}
  0x000070728051f930: 0f1f 8400 | a00b 000c | 48ff 3424 | 488f 4424 | 0848 8944 | 24f8 8b44 | 2410 8944 | 2420 488b 
  0x000070728051f950: 4424 f844 | 8b44 2414 | 4c8b 4c24 | 18e9 7cf9 | ffff bed6 | ffff ff48 | ff74 2408 | 488f 0424 
  0x000070728051f970: 4889 4424 | f88b 4424 | 2089 4424 | 1848 8b44 | 24f8 4c89 | 5424 2044 | 8944 241c 

  0x000070728051f98c: ;   {runtime_call UncommonTrapBlob}
  0x000070728051f98c: 6666 90e8 

  0x000070728051f990: ; ImmutableOopMap {[0]=Oop [24]=NarrowOop [28]=NarrowOop [32]=Oop [48]=Oop }
                      ;*aastore {reexecute=1 rethrow=0 return_oop=0}
                      ; - (reexecute) java.util.Vector::add@14 (line 783)
                      ; - java.util.Vector::addElement@20 (line 617)
                      ; - java.util.Stack::push@2 (line 68)
                      ; - org.apache.xalan.transformer.TransformerImpl::pushMode@5 (line 3208)
                      ; - org.apache.xalan.templates.ElemApplyTemplates::execute@55 (line 172)
  0x000070728051f990: 6ca9 74ff 

  0x000070728051f994: ;   {other}
  0x000070728051f994: 0f1f 8400 | 040c 000d | 498b f948 | 8d74 2440 | 498b d749 | baa0 891e | 9772 7000 | 0041 ffd2 
  0x000070728051f9b4: ;   {other}
  0x000070728051f9b4: 0f1f 8400 | 0000 0000 | e903 faff | ffbe f6ff | ffff 498b 

  0x000070728051f9c8: ;   {runtime_call UncommonTrapBlob}
  0x000070728051f9c8: ea66 90e8 

  0x000070728051f9cc: ; ImmutableOopMap {rbp=Oop }
                      ;*invokevirtual pop {reexecute=0 rethrow=0 return_oop=0}
                      ; - org.apache.xalan.transformer.TransformerImpl::popMode@4 (line 3219)
                      ; - org.apache.xalan.templates.ElemApplyTemplates::execute@98 (line 186)
  0x000070728051f9cc: 30a9 74ff 

  0x000070728051f9d0: ;   {other}
  0x000070728051f9d0: 0f1f 8400 | 400c 000e | bee4 ffff | ff48 8b6c | 2430 4889 | 4424 f88b | 4424 2089 | 0424 488b 
  0x000070728051f9f0: 4424 f889 | 4c24 0444 | 8954 2414 | 4489 4c24 

  0x000070728051fa00: ;   {runtime_call UncommonTrapBlob}
  0x000070728051fa00: 1866 90e8 

  0x000070728051fa04: ; ImmutableOopMap {rbp=Oop [0]=NarrowOop [20]=NarrowOop }
                      ;*aaload {reexecute=0 rethrow=0 return_oop=0}
                      ; - java.util.Vector::elementData@5 (line 731)
                      ; - java.util.Vector::elementAt@44 (line 469)
                      ; - java.util.Stack::peek@21 (line 104)
                      ; - java.util.Stack::pop@6 (line 85)
                      ; - org.apache.xalan.transformer.TransformerImpl::popMode@4 (line 3219)
                      ; - org.apache.xalan.templates.ElemApplyTemplates::execute@98 (line 186)
  0x000070728051fa04: f8a8 74ff 

  0x000070728051fa08: ;   {other}
  0x000070728051fa08: 0f1f 8400 | 780c 000f | 498b f048 | 8d54 2440 | 488b 6c24 | 304c 8944 | 2408 4c89 

  0x000070728051fa24: ;   {runtime_call _complete_monitor_locking_Java}
  0x000070728051fa24: 4424 10e8 

  0x000070728051fa28: ; ImmutableOopMap {rbp=Oop [8]=Oop [16]=Oop [32]=NarrowOop [48]=Oop }
                      ;*synchronization entry
                      ; - java.util.Stack::pop@-1 (line 83)
                      ; - org.apache.xalan.transformer.TransformerImpl::popMode@4 (line 3219)
                      ; - org.apache.xalan.templates.ElemApplyTemplates::execute@98 (line 186)
  0x000070728051fa28: 541f 80ff 

  0x000070728051fa2c: ;   {other}
  0x000070728051fa2c: 0f1f 8400 | 9c0c 0010 | 4c8b 4424 | 08e9 1bfa | ffff be45 | ffff ff48 | 8b6c 2430 | 4489 5c24 
  0x000070728051fa4c: 0889 4c24 | 0c44 895c 

  0x000070728051fa54: ;   {runtime_call UncommonTrapBlob}
  0x000070728051fa54: 2410 90e8 

  0x000070728051fa58: ; ImmutableOopMap {rbp=Oop [8]=NarrowOop [16]=NarrowOop }
                      ;*ifne {reexecute=1 rethrow=0 return_oop=0}
                      ; - (reexecute) java.util.Stack::peek@6 (line 102)
                      ; - java.util.Stack::pop@6 (line 85)
                      ; - org.apache.xalan.transformer.TransformerImpl::popMode@4 (line 3219)
                      ; - org.apache.xalan.templates.ElemApplyTemplates::execute@98 (line 186)
  0x000070728051fa58: a4a8 74ff 

  0x000070728051fa5c: ;   {other}
  0x000070728051fa5c: 0f1f 8400 | cc0c 0011 | be45 ffff | ff48 8b6c | 2430 4889 | 4424 f88b | 4424 2089 | 0424 488b 
  0x000070728051fa7c: 4424 f844 | 894c 2418 | 894c 241c 

  0x000070728051fa88: ;   {runtime_call UncommonTrapBlob}
  0x000070728051fa88: 6666 90e8 

  0x000070728051fa8c: ; ImmutableOopMap {rbp=Oop [0]=NarrowOop }
                      ;*if_icmplt {reexecute=1 rethrow=0 return_oop=0}
                      ; - (reexecute) java.util.Vector::elementAt@5 (line 465)
                      ; - java.util.Stack::peek@21 (line 104)
                      ; - java.util.Stack::pop@6 (line 85)
                      ; - org.apache.xalan.transformer.TransformerImpl::popMode@4 (line 3219)
                      ; - org.apache.xalan.templates.ElemApplyTemplates::execute@98 (line 186)
  0x000070728051fa8c: 70a8 74ff 

  0x000070728051fa90: ;   {other}
  0x000070728051fa90: 0f1f 8400 | 000d 0012 | be45 ffff | ff48 8944 | 24f8 8b44 | 2420 8944 | 2408 488b | 4424 f844 
  0x000070728051fab0: 894c 2414 | 894c 2418 

  0x000070728051fab8: ;   {runtime_call UncommonTrapBlob}
  0x000070728051fab8: 6666 90e8 

  0x000070728051fabc: ; ImmutableOopMap {rbp=NarrowOop [8]=NarrowOop [48]=Oop }
                      ;*if_icmplt {reexecute=1 rethrow=0 return_oop=0}
                      ; - (reexecute) java.util.Vector::removeElementAt@5 (line 548)
                      ; - java.util.Stack::pop@14 (line 86)
                      ; - org.apache.xalan.transformer.TransformerImpl::popMode@4 (line 3219)
                      ; - org.apache.xalan.templates.ElemApplyTemplates::execute@98 (line 186)
  0x000070728051fabc: 40a8 74ff 

  0x000070728051fac0: ;   {other}
  0x000070728051fac0: 0f1f 8400 | 300d 0013 | be45 ffff | ff48 8944 | 24f8 8b44 | 2420 8944 | 2408 488b | 4424 f844 
  0x000070728051fae0: 894c 2410 

  0x000070728051fae4: ;   {runtime_call UncommonTrapBlob}
  0x000070728051fae4: 6666 90e8 

  0x000070728051fae8: ; ImmutableOopMap {rbp=NarrowOop [8]=NarrowOop [48]=Oop }
                      ;*ifge {reexecute=1 rethrow=0 return_oop=0}
                      ; - (reexecute) java.util.Vector::removeElementAt@43 (line 552)
                      ; - java.util.Stack::pop@14 (line 86)
                      ; - org.apache.xalan.transformer.TransformerImpl::popMode@4 (line 3219)
                      ; - org.apache.xalan.templates.ElemApplyTemplates::execute@98 (line 186)
  0x000070728051fae8: 14a8 74ff 

  0x000070728051faec: ;   {other}
  0x000070728051faec: 0f1f 8400 | 5c0d 0014 | bef6 ffff | ff48 8b6c 

  0x000070728051fafc: ;   {runtime_call UncommonTrapBlob}
  0x000070728051fafc: 2408 90e8 

  0x000070728051fb00: ; ImmutableOopMap {rbp=Oop [48]=Oop }
                      ;*invokevirtual peek {reexecute=0 rethrow=0 return_oop=0}
                      ; - org.apache.xalan.transformer.TransformerImpl::getMode@18 (line 3195)
                      ; - org.apache.xalan.templates.ElemApplyTemplates::execute@8 (line 163)
  0x000070728051fb00: fca7 74ff 

  0x000070728051fb04: ;   {other}
  0x000070728051fb04: 0f1f 8400 | 740d 0015 | bee4 ffff | ff48 ff74 | 2408 488f | 0424 4489 | 5c24 1489 

  0x000070728051fb20: ;   {runtime_call UncommonTrapBlob}
  0x000070728051fb20: 4c24 18e8 

  0x000070728051fb24: ; ImmutableOopMap {rbp=NarrowOop [0]=Oop [20]=NarrowOop [32]=NarrowOop [48]=Oop }
                      ;*aaload {reexecute=0 rethrow=0 return_oop=0}
                      ; - java.util.Vector::elementData@5 (line 731)
                      ; - java.util.Vector::elementAt@44 (line 469)
                      ; - java.util.Stack::peek@21 (line 104)
                      ; - org.apache.xalan.transformer.TransformerImpl::getMode@18 (line 3195)
                      ; - org.apache.xalan.templates.ElemApplyTemplates::execute@8 (line 163)
  0x000070728051fb24: d8a7 74ff 

  0x000070728051fb28: ;   {other}
  0x000070728051fb28: 0f1f 8400 | 980d 0016 | 498b f048 | 8d54 2440 | 488b 6c24 | 084c 8944 | 2418 4c89 

  0x000070728051fb44: ;   {runtime_call _complete_monitor_locking_Java}
  0x000070728051fb44: 4424 28e8 

  0x000070728051fb48: ; ImmutableOopMap {rbp=Oop [8]=Oop [24]=Oop [32]=NarrowOop [40]=Oop [48]=Oop }
                      ;*synchronization entry
                      ; - java.util.Stack::peek@-1 (line 100)
                      ; - org.apache.xalan.transformer.TransformerImpl::getMode@18 (line 3195)
                      ; - org.apache.xalan.templates.ElemApplyTemplates::execute@8 (line 163)
  0x000070728051fb48: 341e 80ff 

  0x000070728051fb4c: ;   {other}
  0x000070728051fb4c: 0f1f 8400 | bc0d 0017 | 4c8b 4424 | 18e9 95fa | ffff 498b | f848 8d74 | 2440 498b | d749 baa0 
  0x000070728051fb6c: 891e 9772 | 7000 0041 

  0x000070728051fb74: ;   {other}
  0x000070728051fb74: ffd2 0f1f | 8400 0000 | 0000 e942 | fbff ffbe | 45ff ffff | 488b 6c24 | 0844 894c 

  0x000070728051fb90: ;   {runtime_call UncommonTrapBlob}
  0x000070728051fb90: 2408 90e8 

  0x000070728051fb94: ; ImmutableOopMap {rbp=Oop [32]=NarrowOop [48]=Oop }
                      ;*ifne {reexecute=1 rethrow=0 return_oop=0}
                      ; - (reexecute) java.util.Stack::peek@6 (line 102)
                      ; - org.apache.xalan.transformer.TransformerImpl::getMode@18 (line 3195)
                      ; - org.apache.xalan.templates.ElemApplyTemplates::execute@8 (line 163)
  0x000070728051fb94: 68a7 74ff 

  0x000070728051fb98: ;   {other}
  0x000070728051fb98: 0f1f 8400 | 080e 0018 | be45 ffff | ff48 8b6c | 2408 4889 | 4424 f88b | 4424 2089 | 4424 0848 
  0x000070728051fbb8: 8b44 24f8 | 894c 2414 | 4489 4c24 

  0x000070728051fbc4: ;   {runtime_call UncommonTrapBlob}
  0x000070728051fbc4: 1866 90e8 

  0x000070728051fbc8: ; ImmutableOopMap {rbp=Oop [8]=NarrowOop [48]=Oop }
                      ;*if_icmplt {reexecute=1 rethrow=0 return_oop=0}
                      ; - (reexecute) java.util.Vector::elementAt@5 (line 465)
                      ; - java.util.Stack::peek@21 (line 104)
                      ; - org.apache.xalan.transformer.TransformerImpl::getMode@18 (line 3195)
                      ; - org.apache.xalan.templates.ElemApplyTemplates::execute@8 (line 163)
  0x000070728051fbc8: 34a7 74ff 

  0x000070728051fbcc: ;   {other}
  0x000070728051fbcc: 0f1f 8400 | 3c0e 0019 | bef6 ffff 

  0x000070728051fbd8: ;   {runtime_call UncommonTrapBlob}
  0x000070728051fbd8: ff66 90e8 

  0x000070728051fbdc: ; ImmutableOopMap {[0]=Oop [8]=Oop [16]=NarrowOop [20]=NarrowOop }
                      ;*aastore {reexecute=1 rethrow=0 return_oop=0}
                      ; - (reexecute) java.util.Vector::add@14 (line 783)
                      ; - java.util.Vector::addElement@20 (line 617)
                      ; - java.util.Stack::push@2 (line 68)
                      ; - org.apache.xalan.transformer.TransformerImpl::pushMode@5 (line 3208)
                      ; - org.apache.xalan.templates.ElemApplyTemplates::execute@55 (line 172)
  0x000070728051fbdc: 20a7 74ff 

  0x000070728051fbe0: ;   {other}
  0x000070728051fbe0: 0f1f 8400 | 500e 001a | bede ffff | ff48 ff74 | 2408 488f 

  0x000070728051fbf4: ;   {runtime_call UncommonTrapBlob}
  0x000070728051fbf4: 0424 90e8 

  0x000070728051fbf8: ; ImmutableOopMap {rbp=NarrowOop [0]=Oop [48]=Oop }
                      ;*checkcast {reexecute=0 rethrow=0 return_oop=0}
                      ; - org.apache.xalan.transformer.TransformerImpl::getMode@21 (line 3195)
                      ; - org.apache.xalan.templates.ElemApplyTemplates::execute@8 (line 163)
  0x000070728051fbf8: 04a7 74ff 

  0x000070728051fbfc: ;   {other}
  0x000070728051fbfc: 0f1f 8400 | 6c0e 001b | bef6 ffff | ff48 8b6c 

  0x000070728051fc0c: ;   {runtime_call UncommonTrapBlob}
  0x000070728051fc0c: 2408 90e8 

  0x000070728051fc10: ; ImmutableOopMap {rbp=Oop }
                      ;*invokevirtual pushCurrentTemplateRuleIsNull {reexecute=0 rethrow=0 return_oop=0}
                      ; - org.apache.xalan.templates.ElemApplyTemplates::execute@2 (line 153)
  0x000070728051fc10: eca6 74ff 

  0x000070728051fc14: ;   {other}
  0x000070728051fc14: 0f1f 8400 | 840e 001c | bef6 ffff | ff48 8b6c 

  0x000070728051fc24: ;   {runtime_call UncommonTrapBlob}
  0x000070728051fc24: 2408 90e8 

  0x000070728051fc28: ; ImmutableOopMap {rbp=Oop [48]=Oop }
                      ;*invokevirtual push {reexecute=0 rethrow=0 return_oop=0}
                      ; - org.apache.xalan.transformer.TransformerImpl::pushCurrentTemplateRuleIsNull@5 (line 3041)
                      ; - org.apache.xalan.templates.ElemApplyTemplates::execute@2 (line 153)
  0x000070728051fc28: d4a6 74ff 

  0x000070728051fc2c: ;   {other}
  0x000070728051fc2c: 0f1f 8400 | 9c0e 001d | bef6 ffff | ff48 ff74 | 2408 488f 

  0x000070728051fc40: ;   {runtime_call UncommonTrapBlob}
  0x000070728051fc40: 0424 90e8 

  0x000070728051fc44: ; ImmutableOopMap {[0]=Oop [48]=Oop }
                      ;*bastore {reexecute=0 rethrow=0 return_oop=0}
                      ; - org.apache.xml.utils.BoolStack::push@34 (line 94)
                      ; - org.apache.xalan.transformer.TransformerImpl::pushCurrentTemplateRuleIsNull@5 (line 3041)
                      ; - org.apache.xalan.templates.ElemApplyTemplates::execute@2 (line 153)
  0x000070728051fc44: b8a6 74ff 

  0x000070728051fc48: ;   {other}
  0x000070728051fc48: 0f1f 8400 | b80e 001e | bef6 ffff 

  0x000070728051fc54: ;   {runtime_call UncommonTrapBlob}
  0x000070728051fc54: ff66 90e8 

  0x000070728051fc58: ; ImmutableOopMap {}
                      ;*invokevirtual pop {reexecute=0 rethrow=0 return_oop=0}
                      ; - org.apache.xalan.transformer.TransformerImpl::popCurrentTemplateRuleIsNull@4 (line 3050)
                      ; - org.apache.xalan.templates.ElemApplyTemplates::execute@102 (line 188)
  0x000070728051fc58: a4a6 74ff 

  0x000070728051fc5c: ;   {other}
  0x000070728051fc5c: 0f1f 8400 | cc0e 001f | bef6 ffff 

  0x000070728051fc68: ;   {runtime_call UncommonTrapBlob}
  0x000070728051fc68: ff66 90e8 

  0x000070728051fc6c: ; ImmutableOopMap {}
                      ;*baload {reexecute=0 rethrow=0 return_oop=0}
                      ; - org.apache.xml.utils.BoolStack::pop@15 (line 106)
                      ; - org.apache.xalan.transformer.TransformerImpl::popCurrentTemplateRuleIsNull@4 (line 3050)
                      ; - org.apache.xalan.templates.ElemApplyTemplates::execute@102 (line 188)
  0x000070728051fc6c: 90a6 74ff 

  0x000070728051fc70: ;   {other}
  0x000070728051fc70: 0f1f 8400 | e00e 0020 | bef6 ffff | ff48 8b6c 

  0x000070728051fc80: ;   {runtime_call UncommonTrapBlob}
  0x000070728051fc80: 2408 90e8 

  0x000070728051fc84: ; ImmutableOopMap {rbp=Oop [32]=NarrowOop [48]=Oop }
                      ;*arraylength {reexecute=0 rethrow=0 return_oop=0}
                      ; - java.util.Vector::add@2 (line 781)
                      ; - java.util.Vector::addElement@20 (line 617)
                      ; - java.util.Stack::push@2 (line 68)
                      ; - org.apache.xalan.transformer.TransformerImpl::pushMode@5 (line 3208)
                      ; - org.apache.xalan.templates.ElemApplyTemplates::execute@55 (line 172)
  0x000070728051fc84: 78a6 74ff 

  0x000070728051fc88: ;   {other}
  0x000070728051fc88: 0f1f 8400 | f80e 0021 | bef6 ffff | ff48 8b6c | 2430 4889 | 4424 f88b | 4424 2089 | 0424 488b 
  0x000070728051fca8: 4424 f844 | 894c 240c 

  0x000070728051fcb0: ;   {runtime_call UncommonTrapBlob}
  0x000070728051fcb0: 6666 90e8 

  0x000070728051fcb4: ; ImmutableOopMap {rbp=Oop [0]=NarrowOop }
                      ;*aaload {reexecute=0 rethrow=0 return_oop=0}
                      ; - java.util.Vector::elementData@5 (line 731)
                      ; - java.util.Vector::elementAt@44 (line 469)
                      ; - java.util.Stack::peek@21 (line 104)
                      ; - java.util.Stack::pop@6 (line 85)
                      ; - org.apache.xalan.transformer.TransformerImpl::popMode@4 (line 3219)
                      ; - org.apache.xalan.templates.ElemApplyTemplates::execute@98 (line 186)
  0x000070728051fcb4: 48a6 74ff 

  0x000070728051fcb8: ;   {other}
  0x000070728051fcb8: 0f1f 8400 | 280f 0022 | bef6 ffff | ff48 8b6c | 2408 4489 | 5c24 0c89 

  0x000070728051fcd0: ;   {runtime_call UncommonTrapBlob}
  0x000070728051fcd0: 4c24 10e8 

  0x000070728051fcd4: ; ImmutableOopMap {rbp=Oop [12]=NarrowOop [32]=NarrowOop [48]=Oop }
                      ;*aaload {reexecute=0 rethrow=0 return_oop=0}
                      ; - java.util.Vector::elementData@5 (line 731)
                      ; - java.util.Vector::elementAt@44 (line 469)
                      ; - java.util.Stack::peek@21 (line 104)
                      ; - org.apache.xalan.transformer.TransformerImpl::getMode@18 (line 3195)
                      ; - org.apache.xalan.templates.ElemApplyTemplates::execute@8 (line 163)
  0x000070728051fcd4: 28a6 74ff 

  0x000070728051fcd8: ;   {other}
  0x000070728051fcd8: 0f1f 8400 | 480f 0023 | bef4 ffff | ff48 8b6c 

  0x000070728051fce8: ;   {runtime_call UncommonTrapBlob}
  0x000070728051fce8: 2408 90e8 

  0x000070728051fcec: ; ImmutableOopMap {rbp=Oop [48]=Oop }
                      ;*checkcast {reexecute=0 rethrow=0 return_oop=0}
                      ; - org.apache.xalan.transformer.TransformerImpl::getMode@21 (line 3195)
                      ; - org.apache.xalan.templates.ElemApplyTemplates::execute@8 (line 163)
  0x000070728051fcec: 10a6 74ff 

  0x000070728051fcf0: ;   {other}
  0x000070728051fcf0: 0f1f 8400 | 600f 0024 | 488b f0e9 | 5f01 0000 | 488b f0e9 | 5701 0000 | 488b f0e9 | 4f01 0000 
  0x000070728051fd10: 488b d84c | 8b5c 2418 | 488d 4424 | 4048 8338 | 000f 8479 | 0000 004d | 8b13 41f6 | c202 0f84 
  0x000070728051fd30: 6200 0000 | 4983 ba86 | 0000 0000 | 7409 49ff | 8a86 0000 | 00eb 4b49 | 8b82 9600 | 0000 490b 
  0x000070728051fd50: 828e 0000 | 0075 0a49 | c742 3e00 | 0000 00eb | 3d49 83ba | 9e00 0000 | 0074 2248 | 33c0 49c7 
  0x000070728051fd70: 423e 0000 | 0000 f083 | 0424 0049 | 83ba 9e00 | 0000 0075 | 0df0 4d0f | b17a 3e75 | 0583 c801 
  0x000070728051fd90: eb0c a800 | eb08 4c8b | 10f0 4d0f | b113 750a | 49ff 8f68 | 0800 0045 | 33d2 0f85 | cc00 0000 
  0x000070728051fdb0: 4c8b 5424 | 0845 0fb6 | 5215 4585 | d274 254c | 8b54 2408 | 458b 9284 | 0000 0048 | 8beb 48ff 
  0x000070728051fdd0: 3424 488f | 4424 0841 | b801 0000 | 0044 8944 | 2410 eb2c | 41ba 0100 | 0000 4489 

  0x000070728051fdec: ;   {no_reloc}
  0x000070728051fdec: 5424 1048 | 8beb eb38 | 488b d84c | 8b54 2430 | 450f b65a | 1545 85db | 74e9 458b | 9284 0000 
  0x000070728051fe0c: 0048 8be8 | 4585 d274 | 5449 8bf2 | 488b 5424 

  0x000070728051fe1c: ;   {optimized virtual_call}
  0x000070728051fe1c: 0866 90e8 

  0x000070728051fe20: ; ImmutableOopMap {rbp=Oop [48]=Oop }
                      ;*invokevirtual fireTraceEndEvent {reexecute=0 rethrow=0 return_oop=0}
                      ; - org.apache.xalan.templates.ElemApplyTemplates::execute@122 (line 183)
  0x000070728051fe20: 5c52 74ff 

  0x000070728051fe24: ;   {other}
  0x000070728051fe24: 0f1f 8400 | 9410 0025 | 448b 5424 | 1045 85d2 | 7412 488b 

  0x000070728051fe38: ;   {optimized virtual_call}
  0x000070728051fe38: 7424 30e8 

  0x000070728051fe3c: ; ImmutableOopMap {rbp=Oop [48]=Oop }
                      ;*invokevirtual popMode {reexecute=0 rethrow=0 return_oop=0}
                      ; - org.apache.xalan.templates.ElemApplyTemplates::execute@130 (line 186)
  0x000070728051fe3c: a600 0000 

  0x000070728051fe40: ;   {other}
  0x000070728051fe40: 0f1f 8400 | b010 0026 | 488b 7424 

  0x000070728051fe4c: ;   {optimized virtual_call}
  0x000070728051fe4c: 3066 90e8 

  0x000070728051fe50: ; ImmutableOopMap {rbp=Oop }
                      ;*invokevirtual popCurrentTemplateRuleIsNull {reexecute=0 rethrow=0 return_oop=0}
                      ; - org.apache.xalan.templates.ElemApplyTemplates::execute@134 (line 188)
  0x000070728051fe50: 8ccf 6af8 

  0x000070728051fe54: ;   {other}
  0x000070728051fe54: 0f1f 8400 | c410 0027 | 488b f548 | 83c4 605d 

  0x000070728051fe64: ;   {runtime_call _rethrow_Java}
  0x000070728051fe64: e917 2480 | ffbe f6ff 

  0x000070728051fe6c: ;   {runtime_call UncommonTrapBlob}
  0x000070728051fe6c: ffff 90e8 

  0x000070728051fe70: ; ImmutableOopMap {rbp=Oop [8]=Oop [48]=Oop }
                      ;*invokevirtual fireTraceEndEvent {reexecute=0 rethrow=0 return_oop=0}
                      ; - org.apache.xalan.templates.ElemApplyTemplates::execute@122 (line 183)
  0x000070728051fe70: 8ca4 74ff 

  0x000070728051fe74: ;   {other}
  0x000070728051fe74: 0f1f 8400 | e410 0028 | 498b fb48 | 8d74 2440 | 498b d749 | baa0 891e | 9772 7000 | 0041 ffd2 
  0x000070728051fe94: ;   {other}
  0x000070728051fe94: 0f1f 8400 | 0000 0000 | e90f ffff 

  0x000070728051fea0: ;   {internal_word}
  0x000070728051fea0: ff49 ba57 | f251 8072 | 7000 004d | 8997 8007 

  0x000070728051feb0: ;   {runtime_call SafepointBlob}
  0x000070728051feb0: 0000 e949 

  0x000070728051feb4: ;   {runtime_call StubRoutines (final stubs)}
  0x000070728051feb4: b574 ffe8 | a4ef 72ff | e979 f1ff | fff4 f4f4 | f4f4 f4f4 
[Stub Code]
  0x000070728051fec8: ;   {no_reloc}
  0x000070728051fec8: 48bb 0000 | 0000 0000 

  0x000070728051fed0: ;   {runtime_call nmethod}
  0x000070728051fed0: 0000 e9fb 

  0x000070728051fed4: ;   {static_stub}
  0x000070728051fed4: ffff ff48 | bb00 0000 | 0000 0000 

  0x000070728051fee0: ;   {runtime_call nmethod}
  0x000070728051fee0: 00e9 fbff 

  0x000070728051fee4: ;   {static_stub}
  0x000070728051fee4: ffff 48bb | 087b 6550 | c563 0000 

  0x000070728051fef0: ;   {runtime_call I2C/C2I adapters}
  0x000070728051fef0: e9ee 4574 

  0x000070728051fef4: ;   {static_stub}
  0x000070728051fef4: ff48 bb00 | 0000 0000 

  0x000070728051fefc: ;   {runtime_call nmethod}
  0x000070728051fefc: 0000 00e9 | fbff ffff 

  0x000070728051ff04: ;   {static_stub}
  0x000070728051ff04: 48bb 0000 | 0000 0000 

  0x000070728051ff0c: ;   {runtime_call nmethod}
  0x000070728051ff0c: 0000 e9fb 

  0x000070728051ff10: ;   {runtime_call ExceptionBlob}
  0x000070728051ff10: ffff ffe9 | e8a0 7fff 
[Deopt Handler Code]
  0x000070728051ff18: e800 0000 | 0048 832c 

  0x000070728051ff20: ;   {runtime_call DeoptimizationBlob}
  0x000070728051ff20: 2405 e979 | a774 fff4 
[/MachCode]


Compiled method (c2) 5128 2275   !   4       org.apache.xalan.transformer.TransformerImpl::executeChildTemplates (218 bytes)
 total in heap  [0x00007072804bb210,0x00007072804bcb30] = 6432
 relocation     [0x00007072804bb368,0x00007072804bb4a0] = 312
 main code      [0x00007072804bb4a0,0x00007072804bbf80] = 2784
 stub code      [0x00007072804bbf80,0x00007072804bbfe0] = 96
 oops           [0x00007072804bbfe0,0x00007072804bbfe8] = 8
 metadata       [0x00007072804bbfe8,0x00007072804bc0a0] = 184
 scopes data    [0x00007072804bc0a0,0x00007072804bc648] = 1448
 scopes pcs     [0x00007072804bc648,0x00007072804bc978] = 816
 dependencies   [0x00007072804bc978,0x00007072804bc9b0] = 56
 handler table  [0x00007072804bc9b0,0x00007072804bca88] = 216
 nul chk table  [0x00007072804bca88,0x00007072804bcb30] = 168

[Constant Pool (empty)]

[MachCode]
[Entry Point]
  # {method} {0x000063c5506553d8} 'executeChildTemplates' '(Lorg/apache/xalan/templates/ElemTemplateElement;Z)V' in 'org/apache/xalan/transformer/TransformerImpl'
  # this:     rsi:rsi   = 'org/apache/xalan/transformer/TransformerImpl'
  # parm0:    rdx:rdx   = 'org/apache/xalan/templates/ElemTemplateElement'
  # parm1:    rcx       = boolean
  #           [sp+0x60]  (sp of caller)
  0x00007072804bb4a0: 448b 5608 | 49bb 0000 | 005b c563 | 0000 4d03 | d349 3bc2 

  0x00007072804bb4b4: ;   {runtime_call ic_miss_stub}
  0x00007072804bb4b4: 0f85 c698 | 7aff 6690 | 0f1f 4000 
[Verified Entry Point]
  0x00007072804bb4c0: 8984 2400 | c0fe ff55 | 4883 ec50 | 4181 7f20 | 0100 0000 | 0f85 950a | 0000 8bc1 | 4c8b d644 
  0x00007072804bb4e0: 8b42 4445 | 85c0 0f84 | a601 0000 | 4c8b ce44 | 8b5e 4c44 | 0fb6 520e | 498b c845 | 85d2 0f85 
  0x00007072804bb500: a101 0000 | 8b5e 5c8b | 7b2c 8b57 | 1044 8b6f | 1444 8d52 | 0145 3bd5 | 0f8d be03 | 0000 8b6f 
  0x00007072804bb520: 1844 8b6d | 0c41 3bd5 | 0f83 f202 | 0000 4489 | 6495 1044 | 8957 1045 | 8b53 1045 | 8b6b 1441 
  0x00007072804bb540: 8d52 0141 | 3bd5 0f8d | c003 0000 | 418b 6b18 

  0x00007072804bb550: ; implicit exception: dispatches to 0x00007072804bbb9c
  0x00007072804bb550: 448b 6d0c | 453b d50f | 83ef 0200 | 0046 8964 | 9510 4189 | 5310 448b | d845 85db | 0f84 0a03 
  0x00007072804bb570: 0000 488b | f348 8bd1 | eb1a 660f | 1f44 0000 | 498b d04c | 8b0c 2444 | 8b5c 2408 | 448b d548 
  0x00007072804bb590: 8b74 2410 

  0x00007072804bb594: ; implicit exception: dispatches to 0x00007072804bba44
  0x00007072804bb594: 8b4f 1844 | 8b47 1041 | 8d68 ff8b | 790c 3bef | 0f83 bd01 | 0000 8b79 

  0x00007072804bb5ac: ;   {metadata('java/lang/Object'[])}
  0x00007072804bb5ac: 0881 ff88 | 1200 000f | 850b 0200 | 0041 8b41 | 4c48 8bfa | 4289 7c81 | 0c8b 6818 

  0x00007072804bb5c8: ; implicit exception: dispatches to 0x00007072804bbac8
  0x00007072804bb5c8: 8b4d 0c44 | 3bd1 0f83 | c401 0000 

  0x00007072804bb5d4: ;   {metadata('java/lang/Object'[])}
  0x00007072804bb5d4: 8b4d 0881 | f988 1200 | 000f 8511 | 0200 0048 | 8954 2418 | 4889 7424 | 1089 5c24 | 0c44 895c 
  0x00007072804bb5f4: 2408 4c89 | 0c24 4289 | 7c95 1089 | 7c24 2041 | 8bea 488b | f249 8bd1 | 9048 b8ff | ffff ffff 
  0x00007072804bb614: ;   {virtual_call}
  0x00007072804bb614: ffff ffe8 

  0x00007072804bb618: ; ImmutableOopMap {[0]=Oop [12]=NarrowOop [16]=Oop [24]=Oop [32]=NarrowOop }
                      ;*invokevirtual execute {reexecute=0 rethrow=0 return_oop=0}
                      ; - org.apache.xalan.transformer.TransformerImpl::executeChildTemplates@150 (line 2402)
  0x00007072804bb618: 04ad abff 

  0x00007072804bb61c: ;   {other}
  0x00007072804bb61c: 0f1f 8400 | 0c04 0000 | 4d8b 9770 | 0700 004c | 8b5c 2418 

  0x00007072804bb630: ; ImmutableOopMap {r8=NarrowOop [0]=Oop [12]=NarrowOop [16]=Oop }
                      ;*goto {reexecute=1 rethrow=0 return_oop=0}
                      ; - (reexecute) org.apache.xalan.transformer.TransformerImpl::executeChildTemplates@158 (line 2394)
  0x00007072804bb630: 458b 4340 

  0x00007072804bb634: ;   {poll}
  0x00007072804bb634: 4185 028b | 5c24 0c8b | 7b2c 4585 | c00f 8539 | ffff ff4c | 8b14 2445 | 8b52 4c41 | 8b4a 1845 
  0x00007072804bb654: 8b5a 1041 | 8d6b ff41 | 896a 1044 | 8b41 0c41 | 3be8 0f83 | 3802 0000 | 4689 6499 | 0c44 8b57 
  0x00007072804bb674: 1844 8b5f | 1041 8d6b | ff89 6f10 

  0x00007072804bb680: ; implicit exception: dispatches to 0x00007072804bbc00
  0x00007072804bb680: 458b 420c | 413b e80f | 8333 0200 | 0047 8964 | 9a0c 4883 

  0x00007072804bb694: ;   {poll_return}
  0x00007072804bb694: c450 5d49 | 3ba7 6807 | 0000 0f87 | b508 0000 | c30f b66e | 1285 ed0f | 842b 0300 | 0045 8b50 
  0x00007072804bb6b4: ;   {metadata('org/apache/xalan/templates/ElemTextLiteral')}
  0x00007072804bb6b4: 0841 81fa | 98eb 0301 | 0f85 6603 | 0000 8b51 | 5045 8b43 | 1045 8b53 | 1441 8d58 | 0141 3bda 
  0x00007072804bb6d4: 0f8d 2203 | 0000 418b | 7b18 448b | 570c 453b | c20f 8355 | 0200 008b 

  0x00007072804bb6ec: ;   {metadata('java/lang/Object'[])}
  0x00007072804bb6ec: 7708 81fe | 8812 0000 | 0f85 9202 | 0000 4189 | 5b10 418b | 6964 4c8b | d946 895c | 8710 448b 
  0x00007072804bb70c: 5a0c 448b 

  0x00007072804bb710: ;   {metadata('org/apache/xml/serializer/ToHTMLStream')}
  0x00007072804bb710: 5508 4181 | fa58 040f | 010f 859d | 0200 004c | 890c 2448 | 8bf5 33c9 | 458b c349 

  0x00007072804bb72c: ;   {optimized virtual_call}
  0x00007072804bb72c: 8be9 90e8 

  0x00007072804bb730: ; ImmutableOopMap {rbp=Oop [0]=Oop }
                      ;*invokeinterface characters {reexecute=0 rethrow=0 return_oop=0}
                      ; - org.apache.xalan.transformer.TransformerImpl::executeChildTemplates@49 (line 2366)
  0x00007072804bb730: 8c29 ffff 

  0x00007072804bb734: ;   {other}
  0x00007072804bb734: 0f1f 8400 | 2405 0002 | 448b 554c 

  0x00007072804bb740: ; implicit exception: dispatches to 0x00007072804bbc90
  0x00007072804bb740: 418b 4a18 | 458b 5a10 | 418d 6bff | 4189 6a10 

  0x00007072804bb750: ; implicit exception: dispatches to 0x00007072804bbca4
  0x00007072804bb750: 448b 410c | 413b e80f | 8313 0200 | 0046 8964 | 990c e92b | ffff ffbe | e4ff ffff | 894c 2408 
  0x00007072804bb770: 4889 5424 | 104c 894c | 2418 4489 | 5c24 0c89 | 5c24 2044 | 8954 2424 

  0x00007072804bb788: ;   {runtime_call UncommonTrapBlob}
  0x00007072804bb788: 6666 90e8 

  0x00007072804bb78c: ; ImmutableOopMap {[8]=NarrowOop [16]=Oop [24]=Oop [32]=NarrowOop }
                      ;*aastore {reexecute=1 rethrow=0 return_oop=0}
                      ; - (reexecute) org.apache.xml.utils.ObjectStack::setTop@11 (line 162)
                      ; - org.apache.xpath.XPathContext::setSAXLocator@5 (line 405)
                      ; - org.apache.xalan.transformer.TransformerImpl::executeChildTemplates@135 (line 2400)
  0x00007072804bb78c: 70eb 7aff 

  0x00007072804bb790: ;   {other}
  0x00007072804bb790: 0f1f 8400 | 8005 0003 | bee4 ffff | ff48 8954 | 2408 4c89 | 4c24 1044 | 895c 2418 | 895c 241c 
  0x00007072804bb7b0: 4489 5424 

  0x00007072804bb7b4: ;   {runtime_call UncommonTrapBlob}
  0x00007072804bb7b4: 2466 90e8 

  0x00007072804bb7b8: ; ImmutableOopMap {rbp=NarrowOop [8]=Oop [16]=Oop [28]=NarrowOop }
                      ;*aastore {reexecute=1 rethrow=0 return_oop=0}
                      ; - (reexecute) org.apache.xml.utils.ObjectVector::setElementAt@6 (line 304)
                      ; - org.apache.xalan.transformer.TransformerImpl::executeChildTemplates@145 (line 2401)
  0x00007072804bb7b8: 44eb 7aff 

  0x00007072804bb7bc: ;   {other}
  0x00007072804bb7bc: 0f1f 8400 | ac05 0004 | bed6 ffff | ff89 4c24 | 0848 8954 | 2410 4c89 | 4c24 1844 | 895c 240c 
  0x00007072804bb7dc: 895c 2420 | 4489 5424 

  0x00007072804bb7e4: ;   {runtime_call UncommonTrapBlob}
  0x00007072804bb7e4: 2466 90e8 

  0x00007072804bb7e8: ; ImmutableOopMap {[8]=NarrowOop [16]=Oop [24]=Oop [32]=NarrowOop }
                      ;*aastore {reexecute=1 rethrow=0 return_oop=0}
                      ; - (reexecute) org.apache.xml.utils.ObjectStack::setTop@11 (line 162)
                      ; - org.apache.xpath.XPathContext::setSAXLocator@5 (line 405)
                      ; - org.apache.xalan.transformer.TransformerImpl::executeChildTemplates@135 (line 2400)
  0x00007072804bb7e8: 14eb 7aff 

  0x00007072804bb7ec: ;   {other}
  0x00007072804bb7ec: 0f1f 8400 | dc05 0005 | bed6 ffff | ff48 8954 | 2408 4c89 | 4c24 1044 | 895c 2418 | 895c 241c 
  0x00007072804bb80c: 4489 5424 

  0x00007072804bb810: ;   {runtime_call UncommonTrapBlob}
  0x00007072804bb810: 2466 90e8 

  0x00007072804bb814: ; ImmutableOopMap {rbp=NarrowOop [8]=Oop [16]=Oop [28]=NarrowOop }
                      ;*aastore {reexecute=1 rethrow=0 return_oop=0}
                      ; - (reexecute) org.apache.xml.utils.ObjectVector::setElementAt@6 (line 304)
                      ; - org.apache.xalan.transformer.TransformerImpl::executeChildTemplates@145 (line 2401)
  0x00007072804bb814: e8ea 7aff 

  0x00007072804bb818: ;   {other}
  0x00007072804bb818: 0f1f 8400 | 0806 0006 | bee4 ffff | ff89 3c24 | 4c89 4c24 | 0889 4424 | 0444 8944 | 2410 895c 
  0x00007072804bb838: 2414 8954 

  0x00007072804bb83c: ;   {runtime_call UncommonTrapBlob}
  0x00007072804bb83c: 2418 90e8 

  0x00007072804bb840: ; ImmutableOopMap {rbp=NarrowOop [0]=NarrowOop [8]=Oop [16]=NarrowOop [20]=NarrowOop }
                      ;*aastore {reexecute=1 rethrow=0 return_oop=0}
                      ; - (reexecute) org.apache.xml.utils.ObjectStack::push@64 (line 86)
                      ; - org.apache.xpath.XPathContext::pushSAXLocatorNull@5 (line 425)
                      ; - org.apache.xalan.transformer.TransformerImpl::executeChildTemplates@91 (line 2386)
  0x00007072804bb840: bcea 7aff 

  0x00007072804bb844: ;   {other}
  0x00007072804bb844: 0f1f 8400 | 3406 0007 | bee4 ffff | ff4c 890c | 2489 4424 | 0844 8944 | 240c 895c | 2410 4489 
  0x00007072804bb864: 5c24 1844 | 8954 241c 

  0x00007072804bb86c: ;   {runtime_call UncommonTrapBlob}
  0x00007072804bb86c: 6666 90e8 

  0x00007072804bb870: ; ImmutableOopMap {rbp=NarrowOop [0]=Oop [12]=NarrowOop [16]=NarrowOop [24]=NarrowOop }
                      ;*aastore {reexecute=1 rethrow=0 return_oop=0}
                      ; - (reexecute) org.apache.xml.utils.ObjectStack::push@64 (line 86)
                      ; - org.apache.xalan.transformer.TransformerImpl::executeChildTemplates@108 (line 2388)
  0x00007072804bb870: 8cea 7aff 

  0x00007072804bb874: ;   {other}
  0x00007072804bb874: 0f1f 8400 | 6406 0008 | be76 ffff | ff49 8be9 | 4489 1c24 | 895c 2408 | 4489 5424 | 0c44 8944 
  0x00007072804bb894: ;   {runtime_call UncommonTrapBlob}
  0x00007072804bb894: 2410 90e8 

  0x00007072804bb898: ; ImmutableOopMap {rbp=Oop [8]=NarrowOop [16]=NarrowOop }
                      ;*ifnull {reexecute=1 rethrow=0 return_oop=0}
                      ; - (reexecute) org.apache.xalan.transformer.TransformerImpl::executeChildTemplates@113 (line 2394)
  0x00007072804bb898: 64ea 7aff 

  0x00007072804bb89c: ;   {other}
  0x00007072804bb89c: 0f1f 8400 | 8c06 0009 | bee4 ffff | ff44 8954 | 2404 894c 

  0x00007072804bb8b0: ;   {runtime_call UncommonTrapBlob}
  0x00007072804bb8b0: 2408 90e8 

  0x00007072804bb8b4: ; ImmutableOopMap {[4]=NarrowOop [8]=NarrowOop [12]=NarrowOop }
                      ;*aaload {reexecute=0 rethrow=0 return_oop=0}
                      ; - org.apache.xml.utils.ObjectStack::pop@15 (line 101)
                      ; - org.apache.xalan.transformer.TransformerImpl::executeChildTemplates@165 (line 2413)
  0x00007072804bb8b4: 48ea 7aff 

  0x00007072804bb8b8: ;   {other}
  0x00007072804bb8b8: 0f1f 8400 | a806 000a | bee4 ffff | ff89 3c24 | 4489 5424 

  0x00007072804bb8cc: ;   {runtime_call UncommonTrapBlob}
  0x00007072804bb8cc: 0466 90e8 

  0x00007072804bb8d0: ; ImmutableOopMap {[0]=NarrowOop [4]=NarrowOop }
                      ;*aaload {reexecute=0 rethrow=0 return_oop=0}
                      ; - org.apache.xml.utils.ObjectStack::pop@15 (line 101)
                      ; - org.apache.xpath.XPathContext::popSAXLocator@4 (line 434)
                      ; - org.apache.xalan.transformer.TransformerImpl::executeChildTemplates@171 (line 2414)
  0x00007072804bb8d0: 2cea 7aff 

  0x00007072804bb8d4: ;   {other}
  0x00007072804bb8d4: 0f1f 8400 | c406 000b | be45 ffff | ff8b ef4c | 890c 2489 | 4424 0844 | 8944 240c | 895c 2410 
  0x00007072804bb8f4: 4489 5424 | 1444 896c 

  0x00007072804bb8fc: ;   {runtime_call UncommonTrapBlob}
  0x00007072804bb8fc: 2418 90e8 

  0x00007072804bb900: ; ImmutableOopMap {rbp=NarrowOop [0]=Oop [12]=NarrowOop [16]=NarrowOop }
                      ;*if_icmplt {reexecute=1 rethrow=0 return_oop=0}
                      ; - (reexecute) org.apache.xml.utils.ObjectStack::push@10 (line 75)
                      ; - org.apache.xpath.XPathContext::pushSAXLocatorNull@5 (line 425)
                      ; - org.apache.xalan.transformer.TransformerImpl::executeChildTemplates@91 (line 2386)
  0x00007072804bb900: fce9 7aff 

  0x00007072804bb904: ;   {other}
  0x00007072804bb904: 0f1f 8400 | f406 000c | be45 ffff | ff49 8be9 | 8904 2444 | 8944 2404 | 895c 2408 | 4489 5424 
  0x00007072804bb924: 0c44 895c | 2410 8954 | 2414 4489 

  0x00007072804bb930: ;   {runtime_call UncommonTrapBlob}
  0x00007072804bb930: 6c24 18e8 

  0x00007072804bb934: ; ImmutableOopMap {rbp=Oop [4]=NarrowOop [8]=NarrowOop [16]=NarrowOop }
                      ;*if_icmplt {reexecute=1 rethrow=0 return_oop=0}
                      ; - (reexecute) org.apache.xml.utils.ObjectStack::push@10 (line 75)
                      ; - org.apache.xalan.transformer.TransformerImpl::executeChildTemplates@108 (line 2388)
  0x00007072804bb934: c8e9 7aff 

  0x00007072804bb938: ;   {other}
  0x00007072804bb938: 0f1f 8400 | 2807 000d | bee4 ffff | ff48 890c | 244c 894c | 2408 8954 | 2410 4489 | 5c24 1489 
  0x00007072804bb958: 7c24 1844 | 8944 241c 

  0x00007072804bb960: ;   {runtime_call UncommonTrapBlob}
  0x00007072804bb960: 6666 90e8 

  0x00007072804bb964: ; ImmutableOopMap {[0]=Oop [8]=Oop [16]=NarrowOop [20]=NarrowOop [24]=NarrowOop }
                      ;*aastore {reexecute=1 rethrow=0 return_oop=0}
                      ; - (reexecute) org.apache.xml.utils.ObjectStack::push@64 (line 86)
                      ; - org.apache.xalan.transformer.TransformerImpl::pushElemTemplateElement@5 (line 2624)
                      ; - org.apache.xalan.transformer.TransformerImpl::executeChildTemplates@36 (line 2365)
  0x00007072804bb964: 98e9 7aff 

  0x00007072804bb968: ;   {other}
  0x00007072804bb968: 0f1f 8400 | 5807 000e | bee4 ffff | ff44 8914 | 2489 4c24 

  0x00007072804bb97c: ;   {runtime_call UncommonTrapBlob}
  0x00007072804bb97c: 0466 90e8 

  0x00007072804bb980: ; ImmutableOopMap {[0]=NarrowOop [4]=NarrowOop }
                      ;*aaload {reexecute=0 rethrow=0 return_oop=0}
                      ; - org.apache.xml.utils.ObjectStack::pop@15 (line 101)
                      ; - org.apache.xalan.transformer.TransformerImpl::popElemTemplateElement@4 (line 2632)
                      ; - org.apache.xalan.transformer.TransformerImpl::executeChildTemplates@55 (line 2374)
  0x00007072804bb980: 7ce9 7aff 

  0x00007072804bb984: ;   {other}
  0x00007072804bb984: 0f1f 8400 | 7407 000f | bed6 ffff | ff48 890c | 244c 894c | 2408 8954 | 2410 4489 | 5c24 1489 
  0x00007072804bb9a4: 7c24 1844 | 8944 241c 

  0x00007072804bb9ac: ;   {runtime_call UncommonTrapBlob}
  0x00007072804bb9ac: 6666 90e8 

  0x00007072804bb9b0: ; ImmutableOopMap {[0]=Oop [8]=Oop [16]=NarrowOop [20]=NarrowOop [24]=NarrowOop }
                      ;*aastore {reexecute=1 rethrow=0 return_oop=0}
                      ; - (reexecute) org.apache.xml.utils.ObjectStack::push@64 (line 86)
                      ; - org.apache.xalan.transformer.TransformerImpl::pushElemTemplateElement@5 (line 2624)
                      ; - org.apache.xalan.transformer.TransformerImpl::executeChildTemplates@36 (line 2365)
  0x00007072804bb9b0: 4ce9 7aff 

  0x00007072804bb9b4: ;   {other}
  0x00007072804bb9b4: 0f1f 8400 | a407 0010 | bede ffff | ff4c 890c | 2489 5424 | 0844 895c 

  0x00007072804bb9cc: ;   {runtime_call UncommonTrapBlob}
  0x00007072804bb9cc: 240c 90e8 

  0x00007072804bb9d0: ; ImmutableOopMap {rbp=NarrowOop [0]=Oop [8]=NarrowOop }
                      ;*invokeinterface characters {reexecute=0 rethrow=0 return_oop=0}
                      ; - org.apache.xalan.transformer.TransformerImpl::executeChildTemplates@49 (line 2366)
  0x00007072804bb9d0: 2ce9 7aff 

  0x00007072804bb9d4: ;   {other}
  0x00007072804bb9d4: 0f1f 8400 | c407 0011 | be45 ffff | ff4c 890c | 2489 4424 | 0844 8944 

  0x00007072804bb9ec: ;   {runtime_call UncommonTrapBlob}
  0x00007072804bb9ec: 240c 90e8 

  0x00007072804bb9f0: ; ImmutableOopMap {[0]=Oop [12]=NarrowOop }
                      ;*ifeq {reexecute=1 rethrow=0 return_oop=0}
                      ; - (reexecute) org.apache.xalan.transformer.TransformerImpl::executeChildTemplates@22 (line 2359)
  0x00007072804bb9f0: 0ce9 7aff 

  0x00007072804bb9f4: ;   {other}
  0x00007072804bb9f4: 0f1f 8400 | e407 0012 | be45 ffff | ff48 8be9 | 4c89 0c24 | 8954 2408 | 4489 5c24 | 0c89 5c24 
  0x00007072804bba14: 1044 8954 

  0x00007072804bba18: ;   {runtime_call UncommonTrapBlob}
  0x00007072804bba18: 2414 90e8 

  0x00007072804bba1c: ; ImmutableOopMap {rbp=Oop [0]=Oop [8]=NarrowOop [12]=NarrowOop }
                      ;*if_icmplt {reexecute=1 rethrow=0 return_oop=0}
                      ; - (reexecute) org.apache.xml.utils.ObjectStack::push@10 (line 75)
                      ; - org.apache.xalan.transformer.TransformerImpl::pushElemTemplateElement@5 (line 2624)
                      ; - org.apache.xalan.transformer.TransformerImpl::executeChildTemplates@36 (line 2365)
  0x00007072804bba1c: e0e8 7aff 

  0x00007072804bba20: ;   {other}
  0x00007072804bba20: 0f1f 8400 | 1008 0013 | bede ffff | ff49 8be9 | 4489 4424 

  0x00007072804bba34: ;   {runtime_call UncommonTrapBlob}
  0x00007072804bba34: 0466 90e8 

  0x00007072804bba38: ; ImmutableOopMap {rbp=Oop [4]=NarrowOop }
                      ;*checkcast {reexecute=0 rethrow=0 return_oop=0}
                      ; - org.apache.xalan.transformer.TransformerImpl::executeChildTemplates@26 (line 2361)
  0x00007072804bba38: c4e8 7aff 

  0x00007072804bba3c: ;   {other}
  0x00007072804bba3c: 0f1f 8400 | 2c08 0014 | bef6 ffff | ff48 8914 | 244c 894c | 2408 4489 | 5c24 1089 | 5c24 1444 
  0x00007072804bba5c: 8954 2418 

  0x00007072804bba60: ;   {runtime_call UncommonTrapBlob}
  0x00007072804bba60: 6666 90e8 

  0x00007072804bba64: ; ImmutableOopMap {[0]=Oop [8]=Oop [20]=NarrowOop }
                      ;*invokevirtual setTop {reexecute=0 rethrow=0 return_oop=0}
                      ; - org.apache.xpath.XPathContext::setSAXLocator@5 (line 405)
                      ; - org.apache.xalan.transformer.TransformerImpl::executeChildTemplates@135 (line 2400)
  0x00007072804bba64: 98e8 7aff 

  0x00007072804bba68: ;   {other}
  0x00007072804bba68: 0f1f 8400 | 5808 0015 | bef6 ffff | ff48 8954 | 2408 4c89 | 4c24 1044 | 895c 2418 | 895c 241c 
  0x00007072804bba88: 4489 5424 

  0x00007072804bba8c: ;   {runtime_call UncommonTrapBlob}
  0x00007072804bba8c: 2066 90e8 

  0x00007072804bba90: ; ImmutableOopMap {[8]=Oop [16]=Oop [28]=NarrowOop }
                      ;*aastore {reexecute=1 rethrow=0 return_oop=0}
                      ; - (reexecute) org.apache.xml.utils.ObjectStack::setTop@11 (line 162)
                      ; - org.apache.xpath.XPathContext::setSAXLocator@5 (line 405)
                      ; - org.apache.xalan.transformer.TransformerImpl::executeChildTemplates@135 (line 2400)
  0x00007072804bba90: 6ce8 7aff 

  0x00007072804bba94: ;   {other}
  0x00007072804bba94: 0f1f 8400 | 8408 0016 | bef6 ffff | ff48 8914 | 244c 894c | 2408 4489 | 5c24 1089 | 5c24 1444 
  0x00007072804bbab4: 8954 241c 

  0x00007072804bbab8: ;   {runtime_call UncommonTrapBlob}
  0x00007072804bbab8: 6666 90e8 

  0x00007072804bbabc: ; ImmutableOopMap {[0]=Oop [8]=Oop [20]=NarrowOop }
                      ;*invokevirtual setElementAt {reexecute=0 rethrow=0 return_oop=0}
                      ; - org.apache.xalan.transformer.TransformerImpl::executeChildTemplates@145 (line 2401)
  0x00007072804bbabc: 40e8 7aff 

  0x00007072804bbac0: ;   {other}
  0x00007072804bbac0: 0f1f 8400 | b008 0017 | bef6 ffff | ff48 8914 | 244c 894c | 2408 4489 | 5c24 1089 | 5c24 1444 
  0x00007072804bbae0: 8954 241c 

  0x00007072804bbae4: ;   {runtime_call UncommonTrapBlob}
  0x00007072804bbae4: 6666 90e8 

  0x00007072804bbae8: ; ImmutableOopMap {[0]=Oop [8]=Oop [20]=NarrowOop }
                      ;*aastore {reexecute=1 rethrow=0 return_oop=0}
                      ; - (reexecute) org.apache.xml.utils.ObjectVector::setElementAt@6 (line 304)
                      ; - org.apache.xalan.transformer.TransformerImpl::executeChildTemplates@145 (line 2401)
  0x00007072804bbae8: 14e8 7aff 

  0x00007072804bbaec: ;   {other}
  0x00007072804bbaec: 0f1f 8400 | dc08 0018 | bef6 ffff | ff49 8bea 

  0x00007072804bbafc: ;   {runtime_call UncommonTrapBlob}
  0x00007072804bbafc: 890c 24e8 

  0x00007072804bbb00: ; ImmutableOopMap {rbp=Oop }
                      ;*invokevirtual getFirstChildElem {reexecute=0 rethrow=0 return_oop=0}
                      ; - org.apache.xalan.transformer.TransformerImpl::executeChildTemplates@1 (line 2354)
  0x00007072804bbb00: fce7 7aff 

  0x00007072804bbb04: ;   {other}
  0x00007072804bbb04: 0f1f 8400 | f408 0019 | bef6 ffff | ff49 8be9 | 8904 2444 | 8944 2404 

  0x00007072804bbb1c: ;   {runtime_call UncommonTrapBlob}
  0x00007072804bbb1c: 6666 90e8 

  0x00007072804bbb20: ; ImmutableOopMap {rbp=Oop [4]=NarrowOop }
                      ;*invokevirtual pushSAXLocatorNull {reexecute=0 rethrow=0 return_oop=0}
                      ; - org.apache.xalan.transformer.TransformerImpl::executeChildTemplates@91 (line 2386)
  0x00007072804bbb20: dce7 7aff 

  0x00007072804bbb24: ;   {other}
  0x00007072804bbb24: 0f1f 8400 | 1409 001a | bef6 ffff | ff49 8be9 | 8904 2444 | 8944 2404 | 895c 2408 

  0x00007072804bbb40: ;   {runtime_call UncommonTrapBlob}
  0x00007072804bbb40: 6666 90e8 

  0x00007072804bbb44: ; ImmutableOopMap {rbp=Oop [4]=NarrowOop [8]=NarrowOop }
                      ;*invokevirtual push {reexecute=0 rethrow=0 return_oop=0}
                      ; - org.apache.xpath.XPathContext::pushSAXLocatorNull@5 (line 425)
                      ; - org.apache.xalan.transformer.TransformerImpl::executeChildTemplates@91 (line 2386)
  0x00007072804bbb44: b8e7 7aff 

  0x00007072804bbb48: ;   {other}
  0x00007072804bbb48: 0f1f 8400 | 3809 001b | bef6 ffff | ff49 8be9 | 8904 2444 | 8944 2404 | 895c 2408 | 8954 240c 
  0x00007072804bbb68: ;   {runtime_call UncommonTrapBlob}
  0x00007072804bbb68: 6666 90e8 

  0x00007072804bbb6c: ; ImmutableOopMap {rbp=Oop [4]=NarrowOop [8]=NarrowOop }
                      ;*aastore {reexecute=1 rethrow=0 return_oop=0}
                      ; - (reexecute) org.apache.xml.utils.ObjectStack::push@64 (line 86)
                      ; - org.apache.xpath.XPathContext::pushSAXLocatorNull@5 (line 425)
                      ; - org.apache.xalan.transformer.TransformerImpl::executeChildTemplates@91 (line 2386)
  0x00007072804bbb6c: 90e7 7aff 

  0x00007072804bbb70: ;   {other}
  0x00007072804bbb70: 0f1f 8400 | 6009 001c | bef6 ffff | ff49 8be9 | 8904 2444 | 8944 2404 | 895c 2408 

  0x00007072804bbb8c: ;   {runtime_call UncommonTrapBlob}
  0x00007072804bbb8c: 6666 90e8 

  0x00007072804bbb90: ; ImmutableOopMap {rbp=Oop [4]=NarrowOop [8]=NarrowOop }
                      ;*invokevirtual size {reexecute=0 rethrow=0 return_oop=0}
                      ; - org.apache.xalan.transformer.TransformerImpl::executeChildTemplates@98 (line 2387)
  0x00007072804bbb90: 6ce7 7aff 

  0x00007072804bbb94: ;   {other}
  0x00007072804bbb94: 0f1f 8400 | 8409 001d | bef6 ffff | ff49 8be9 | 8904 2444 | 8944 2404 | 895c 2408 | 4489 5424 
  0x00007072804bbbb4: ;   {runtime_call UncommonTrapBlob}
  0x00007072804bbbb4: 1066 90e8 

  0x00007072804bbbb8: ; ImmutableOopMap {rbp=Oop [4]=NarrowOop [8]=NarrowOop }
                      ;*aastore {reexecute=1 rethrow=0 return_oop=0}
                      ; - (reexecute) org.apache.xml.utils.ObjectStack::push@64 (line 86)
                      ; - org.apache.xalan.transformer.TransformerImpl::executeChildTemplates@108 (line 2388)
  0x00007072804bbbb8: 44e7 7aff 

  0x00007072804bbbbc: ;   {other}
  0x00007072804bbbbc: 0f1f 8400 | ac09 001e | bef6 ffff 

  0x00007072804bbbc8: ;   {runtime_call UncommonTrapBlob}
  0x00007072804bbbc8: ff8b ebe8 

  0x00007072804bbbcc: ; ImmutableOopMap {rbp=NarrowOop }
                      ;*invokevirtual pop {reexecute=0 rethrow=0 return_oop=0}
                      ; - org.apache.xalan.transformer.TransformerImpl::executeChildTemplates@165 (line 2413)
  0x00007072804bbbcc: 30e7 7aff 

  0x00007072804bbbd0: ;   {other}
  0x00007072804bbbd0: 0f1f 8400 | c009 001f | bef6 ffff 

  0x00007072804bbbdc: ;   {runtime_call UncommonTrapBlob}
  0x00007072804bbbdc: ff66 90e8 

  0x00007072804bbbe0: ; ImmutableOopMap {[12]=NarrowOop }
                      ;*aaload {reexecute=0 rethrow=0 return_oop=0}
                      ; - org.apache.xml.utils.ObjectStack::pop@15 (line 101)
                      ; - org.apache.xalan.transformer.TransformerImpl::executeChildTemplates@165 (line 2413)
  0x00007072804bbbe0: 1ce7 7aff 

  0x00007072804bbbe4: ;   {other}
  0x00007072804bbbe4: 0f1f 8400 | d409 0020 | bef6 ffff 

  0x00007072804bbbf0: ;   {runtime_call UncommonTrapBlob}
  0x00007072804bbbf0: ff66 90e8 

  0x00007072804bbbf4: ; ImmutableOopMap {}
                      ;*invokevirtual pop {reexecute=0 rethrow=0 return_oop=0}
                      ; - org.apache.xpath.XPathContext::popSAXLocator@4 (line 434)
                      ; - org.apache.xalan.transformer.TransformerImpl::executeChildTemplates@171 (line 2414)
  0x00007072804bbbf4: 08e7 7aff 

  0x00007072804bbbf8: ;   {other}
  0x00007072804bbbf8: 0f1f 8400 | e809 0021 | bef6 ffff 

  0x00007072804bbc04: ;   {runtime_call UncommonTrapBlob}
  0x00007072804bbc04: ff66 90e8 

  0x00007072804bbc08: ; ImmutableOopMap {}
                      ;*aaload {reexecute=0 rethrow=0 return_oop=0}
                      ; - org.apache.xml.utils.ObjectStack::pop@15 (line 101)
                      ; - org.apache.xpath.XPathContext::popSAXLocator@4 (line 434)
                      ; - org.apache.xalan.transformer.TransformerImpl::executeChildTemplates@171 (line 2414)
  0x00007072804bbc08: f4e6 7aff 

  0x00007072804bbc0c: ;   {other}
  0x00007072804bbc0c: 0f1f 8400 | fc09 0022 | bef6 ffff | ff48 8be9 | 4c89 0c24 | 8954 2408 

  0x00007072804bbc24: ;   {runtime_call UncommonTrapBlob}
  0x00007072804bbc24: 6666 90e8 

  0x00007072804bbc28: ; ImmutableOopMap {rbp=Oop [0]=Oop [8]=NarrowOop }
                      ;*invokevirtual push {reexecute=0 rethrow=0 return_oop=0}
                      ; - org.apache.xalan.transformer.TransformerImpl::pushElemTemplateElement@5 (line 2624)
                      ; - org.apache.xalan.transformer.TransformerImpl::executeChildTemplates@36 (line 2365)
  0x00007072804bbc28: d4e6 7aff 

  0x00007072804bbc2c: ;   {other}
  0x00007072804bbc2c: 0f1f 8400 | 1c0a 0023 | bef6 ffff | ff48 8be9 | 4c89 0c24 | 8954 2408 | 4489 4424 

  0x00007072804bbc48: ;   {runtime_call UncommonTrapBlob}
  0x00007072804bbc48: 0c66 90e8 

  0x00007072804bbc4c: ; ImmutableOopMap {rbp=Oop [0]=Oop [8]=NarrowOop }
                      ;*aastore {reexecute=1 rethrow=0 return_oop=0}
                      ; - (reexecute) org.apache.xml.utils.ObjectStack::push@64 (line 86)
                      ; - org.apache.xalan.transformer.TransformerImpl::pushElemTemplateElement@5 (line 2624)
                      ; - org.apache.xalan.transformer.TransformerImpl::executeChildTemplates@36 (line 2365)
  0x00007072804bbc4c: b0e6 7aff 

  0x00007072804bbc50: ;   {other}
  0x00007072804bbc50: 0f1f 8400 | 400a 0024 | bef6 ffff | ff4c 890c 

  0x00007072804bbc60: ;   {runtime_call UncommonTrapBlob}
  0x00007072804bbc60: 2466 90e8 

  0x00007072804bbc64: ; ImmutableOopMap {rbp=NarrowOop [0]=Oop }
                      ;*arraylength {reexecute=0 rethrow=0 return_oop=0}
                      ; - org.apache.xalan.transformer.TransformerImpl::executeChildTemplates@48 (line 2366)
  0x00007072804bbc64: 98e6 7aff 

  0x00007072804bbc68: ;   {other}
  0x00007072804bbc68: 0f1f 8400 | 580a 0025 | bef6 ffff | ff49 8be9 | 8914 2444 | 895c 2404 

  0x00007072804bbc80: ;   {runtime_call UncommonTrapBlob}
  0x00007072804bbc80: 6666 90e8 

  0x00007072804bbc84: ; ImmutableOopMap {rbp=Oop [0]=NarrowOop }
                      ;*invokeinterface characters {reexecute=0 rethrow=0 return_oop=0}
                      ; - org.apache.xalan.transformer.TransformerImpl::executeChildTemplates@49 (line 2366)
  0x00007072804bbc84: 78e6 7aff 

  0x00007072804bbc88: ;   {other}
  0x00007072804bbc88: 0f1f 8400 | 780a 0026 | bef6 ffff 

  0x00007072804bbc94: ;   {runtime_call UncommonTrapBlob}
  0x00007072804bbc94: ff66 90e8 

  0x00007072804bbc98: ; ImmutableOopMap {}
                      ;*invokevirtual pop {reexecute=0 rethrow=0 return_oop=0}
                      ; - org.apache.xalan.transformer.TransformerImpl::popElemTemplateElement@4 (line 2632)
                      ; - org.apache.xalan.transformer.TransformerImpl::executeChildTemplates@55 (line 2374)
  0x00007072804bbc98: 64e6 7aff 

  0x00007072804bbc9c: ;   {other}
  0x00007072804bbc9c: 0f1f 8400 | 8c0a 0027 | bef6 ffff 

  0x00007072804bbca8: ;   {runtime_call UncommonTrapBlob}
  0x00007072804bbca8: ff66 90e8 

  0x00007072804bbcac: ; ImmutableOopMap {}
                      ;*aaload {reexecute=0 rethrow=0 return_oop=0}
                      ; - org.apache.xml.utils.ObjectStack::pop@15 (line 101)
                      ; - org.apache.xalan.transformer.TransformerImpl::popElemTemplateElement@4 (line 2632)
                      ; - org.apache.xalan.transformer.TransformerImpl::executeChildTemplates@55 (line 2374)
  0x00007072804bbcac: 50e6 7aff 

  0x00007072804bbcb0: ;   {other}
  0x00007072804bbcb0: 0f1f 8400 | a00a 0028 | 488b e8e9 | f800 0000 | 488b e8e9 | ed01 0000 | 488b e8e9 | e800 0000 
  0x00007072804bbcd0: 488b f0e9 | 1302 0000 | 488b e8e9 | d501 0000 | 488b f0e9 | 0302 0000 | 488b f0e9 | fb01 0000 
  0x00007072804bbcf0: 448b 5808 

  0x00007072804bbcf4: ;   {metadata('org/xml/sax/SAXException')}
  0x00007072804bbcf4: 49ba 1084 | 015c c563 | 0000 49b8 | 0000 005b | c563 0000 | 4d03 c34d | 8b58 484d | 3bda 0f85 
  0x00007072804bbd14: e201 0000 | 4c8b d04c | 8954 2408 | 498b 87b8 | 0400 004c | 8bd0 4983 | c230 4d3b | 97c0 0400 
  0x00007072804bbd34: 000f 8301 | 0200 004d | 8997 b804 | 0000 4c8b | d84d 8bc3 | 49c1 e806 | 49ba 0000 | 40d4 c563 
  0x00007072804bbd54: 0000 4d03 | c249 c1eb | 034d 8bd0 | 410f b60a | 4983 e307 | 458b c341 | bb01 0000 | 00c4 4239 
  0x00007072804bbd74: f7db 410b | cb41 880a | 48c7 0001 

  0x00007072804bbd80: ;   {metadata('javax/xml/transform/TransformerException')}
  0x00007072804bbd80: 0000 00c7 | 4008 9030 | 0101 4489 | 600c 4c89 | 6010 4c89 | 6018 4c89 | 6020 4c89 | 6028 488b 
  0x00007072804bbda0: e848 8bf5 | 488b 5424 

  0x00007072804bbda8: ;   {optimized virtual_call}
  0x00007072804bbda8: 0866 90e8 

  0x00007072804bbdac: ; ImmutableOopMap {rbp=Oop [0]=Oop }
                      ;*invokespecial <init> {reexecute=0 rethrow=0 return_oop=0}
                      ; - org.apache.xalan.transformer.TransformerImpl::executeChildTemplates@69 (line 2370)
  0x00007072804bbdac: d092 7aff 

  0x00007072804bbdb0: ;   {other}
  0x00007072804bbdb0: 0f1f 8400 | a00b 0029 | 488b 3424 

  0x00007072804bbdbc: ;   {optimized virtual_call}
  0x00007072804bbdbc: 6666 90e8 

  0x00007072804bbdc0: ; ImmutableOopMap {rbp=Oop }
                      ;*invokevirtual popElemTemplateElement {reexecute=0 rethrow=0 return_oop=0}
                      ; - org.apache.xalan.transformer.TransformerImpl::executeChildTemplates@76 (line 2374)
  0x00007072804bbdc0: bc92 7aff 

  0x00007072804bbdc4: ;   {other}
  0x00007072804bbdc4: 0f1f 8400 | b40b 002a | 488b f5e9 | 1701 0000 | 448b 4008 

  0x00007072804bbdd8: ;   {metadata('java/lang/RuntimeException')}
  0x00007072804bbdd8: 49ba c0e3 | 055b c563 | 0000 49bb | 0000 005b | c563 0000 | 4d03 d84d | 8b5b 484d | 3bda 0f85 
  0x00007072804bbdf8: f900 0000 | 488b c849 | 8b87 b804 | 0000 4c8b | d049 83c2 | 304d 3b97 | c004 0000 | 0f83 e800 
  0x00007072804bbe18: 0000 4d89 | 97b8 0400 | 004c 8bd8 | 4d8b c349 | c1e8 0649 | ba00 0040 | d4c5 6300 | 004d 03c2 
  0x00007072804bbe38: 49c1 eb03 | 498b d844 | 0fb6 0349 | 83e3 0745 | 8bcb 41ba | 0100 0000 | c442 31f7 | da45 0bc3 
  0x00007072804bbe58: 4488 0348 | c700 0100 

  0x00007072804bbe60: ;   {metadata('javax/xml/transform/TransformerException')}
  0x00007072804bbe60: 0000 c740 | 0890 3001 | 0144 8960 | 0c4c 8960 | 104c 8960 | 184c 8960 | 204c 8960 | 2848 894c 
  0x00007072804bbe80: 2428 4c8b | d04c 8954 | 2430 488b | 6c24 1849 | 8bf2 488b 

  0x00007072804bbe94: ;   {optimized virtual_call}
  0x00007072804bbe94: 5424 28e8 

  0x00007072804bbe98: ; ImmutableOopMap {rbp=Oop [0]=Oop [12]=NarrowOop [16]=Oop [32]=NarrowOop [48]=Oop }
                      ;*invokespecial <init> {reexecute=0 rethrow=0 return_oop=0}
                      ; - org.apache.xalan.transformer.TransformerImpl::executeChildTemplates@185 (line 2407)
  0x00007072804bbe98: 1101 0000 

  0x00007072804bbe9c: ;   {other}
  0x00007072804bbe9c: 0f1f 8400 | 8c0c 002b | 4c8b 5424 | 3044 8b5c | 2420 4589 | 5a24 498b | ea4c 8b14 | 2445 8b52 
  0x00007072804bbebc: 4c45 85d2 | 7467 498b 

  0x00007072804bbec4: ;   {optimized virtual_call}
  0x00007072804bbec4: f266 90e8 

  0x00007072804bbec8: ; ImmutableOopMap {rbp=Oop [16]=Oop }
                      ;*invokevirtual pop {reexecute=0 rethrow=0 return_oop=1}
                      ; - org.apache.xalan.transformer.TransformerImpl::executeChildTemplates@205 (line 2413)
  0x00007072804bbec8: 745a fbff 

  0x00007072804bbecc: ;   {other}
  0x00007072804bbecc: 0f1f 8400 | bc0c 002c | 488b 7424 

  0x00007072804bbed8: ;   {optimized virtual_call}
  0x00007072804bbed8: 1066 90e8 

  0x00007072804bbedc: ; ImmutableOopMap {rbp=Oop }
                      ;*invokevirtual popSAXLocator {reexecute=0 rethrow=0 return_oop=0}
                      ; - org.apache.xalan.transformer.TransformerImpl::executeChildTemplates@211 (line 2414)
  0x00007072804bbedc: 80a2 6cf8 

  0x00007072804bbee0: ;   {other}
  0x00007072804bbee0: 0f1f 8400 | d00c 002d | 488b f548 | 83c4 505d 

  0x00007072804bbef0: ;   {runtime_call _rethrow_Java}
  0x00007072804bbef0: e98b 6386 | ff48 8be8 | ebbb 488b | e8e9 b6fe | ffff 4889 

  0x00007072804bbf04: ;   {metadata('javax/xml/transform/TransformerException')}
  0x00007072804bbf04: 4c24 2848 | be90 3001 | 5cc5 6300 | 0048 8b2c 

  0x00007072804bbf14: ;   {runtime_call _new_instance_Java}
  0x00007072804bbf14: 2466 90e8 

  0x00007072804bbf18: ; ImmutableOopMap {rbp=Oop [0]=Oop [12]=NarrowOop [16]=Oop [24]=Oop [32]=NarrowOop [40]=Oop }
                      ;*new {reexecute=0 rethrow=0 return_oop=1}
                      ; - org.apache.xalan.transformer.TransformerImpl::executeChildTemplates@179 (line 2407)
  0x00007072804bbf18: 64d1 85ff 

  0x00007072804bbf1c: ;   {other}
  0x00007072804bbf1c: 0f1f 8400 | 0c0d 002e | e959 ffff | ffbe f6ff 

  0x00007072804bbf2c: ;   {runtime_call UncommonTrapBlob}
  0x00007072804bbf2c: ffff 90e8 

  0x00007072804bbf30: ; ImmutableOopMap {rbp=Oop [12]=NarrowOop }
                      ;*invokevirtual pop {reexecute=0 rethrow=0 return_oop=0}
                      ; - org.apache.xalan.transformer.TransformerImpl::executeChildTemplates@205 (line 2413)
  0x00007072804bbf30: cce3 7aff 

  0x00007072804bbf34: ;   {other}
  0x00007072804bbf34: 0f1f 8400 | 240d 002f 

  0x00007072804bbf3c: ;   {metadata('javax/xml/transform/TransformerException')}
  0x00007072804bbf3c: 48be 9030 | 015c c563 

  0x00007072804bbf44: ;   {runtime_call _new_instance_Java}
  0x00007072804bbf44: 0000 90e8 

  0x00007072804bbf48: ; ImmutableOopMap {rbp=Oop [0]=Oop [8]=Oop }
                      ;*new {reexecute=0 rethrow=0 return_oop=1}
                      ; - org.apache.xalan.transformer.TransformerImpl::executeChildTemplates@63 (line 2370)
  0x00007072804bbf48: 34d1 85ff 

  0x00007072804bbf4c: ;   {other}
  0x00007072804bbf4c: 0f1f 8400 | 3c0d 0030 | e945 feff 

  0x00007072804bbf58: ;   {internal_word}
  0x00007072804bbf58: ff49 ba97 | b64b 8072 | 7000 004d | 8997 8007 

  0x00007072804bbf68: ;   {runtime_call SafepointBlob}
  0x00007072804bbf68: 0000 e991 

  0x00007072804bbf6c: ;   {runtime_call StubRoutines (final stubs)}
  0x00007072804bbf6c: f47a ffe8 | ec2e 79ff | e961 f5ff | fff4 f4f4 | f4f4 f4f4 
[Stub Code]
  0x00007072804bbf80: ;   {no_reloc}
  0x00007072804bbf80: 48bb 0000 | 0000 0000 

  0x00007072804bbf88: ;   {runtime_call nmethod}
  0x00007072804bbf88: 0000 e9fb 

  0x00007072804bbf8c: ;   {static_stub}
  0x00007072804bbf8c: ffff ff48 | bb00 0000 | 0000 0000 

  0x00007072804bbf98: ;   {runtime_call nmethod}
  0x00007072804bbf98: 00e9 fbff 

  0x00007072804bbf9c: ;   {static_stub}
  0x00007072804bbf9c: ffff 48bb | 0000 0000 | 0000 0000 

  0x00007072804bbfa8: ;   {runtime_call nmethod}
  0x00007072804bbfa8: e9fb ffff 

  0x00007072804bbfac: ;   {static_stub}
  0x00007072804bbfac: ff48 bb68 | 8a4a 50c5 

  0x00007072804bbfb4: ;   {runtime_call I2C/C2I adapters}
  0x00007072804bbfb4: 6300 00e9 | abe0 7aff 

  0x00007072804bbfbc: ;   {static_stub}
  0x00007072804bbfbc: 48bb 0000 | 0000 0000 

  0x00007072804bbfc4: ;   {runtime_call nmethod}
  0x00007072804bbfc4: 0000 e9fb 

  0x00007072804bbfc8: ;   {runtime_call ExceptionBlob}
  0x00007072804bbfc8: ffff ffe9 | 30e0 85ff 
[Deopt Handler Code]
  0x00007072804bbfd0: e800 0000 | 0048 832c 

  0x00007072804bbfd8: ;   {runtime_call DeoptimizationBlob}
  0x00007072804bbfd8: 2405 e9c1 | e67a fff4 
[/MachCode]


---------------  P R O C E S S  ---------------

Threads class SMR info:
_java_thread_list=0x000063c458007c00, length=55, elements={
0x000070729002b240, 0x0000707290526f50, 0x00007072905287e0, 0x000070729052a2d0,
0x0000707290548b20, 0x000070729054a470, 0x000070729054bd30, 0x000070729054db70,
0x0000707290557540, 0x000063c4d404db20, 0x00007072905a60a0, 0x00007072905a90b0,
0x000063c4c8026530, 0x000063c4c8048ed0, 0x000063c4c804a710, 0x000063c4c804bd50,
0x000063c4b8001d50, 0x000063c4b8003610, 0x000070729078f600, 0x0000707290782db0,
0x0000707290783a20, 0x00007072903e1860, 0x00007072903e2bb0, 0x00007072903e3f00,
0x00007072905d9460, 0x00007072905da830, 0x00007072905dbce0, 0x00007072905dd270,
0x00007072905de800, 0x00007072905dfcb0, 0x00007072905e1160, 0x00007072905cf030,
0x00007072905d0050, 0x00007072905d1810, 0x00007072905d2d30, 0x00007072905d41d0,
0x00007072905d57a0, 0x00007072903d4610, 0x00007072903d51d0, 0x00007072903d6670,
0x00007072903d7b10, 0x00007072903d8fb0, 0x00007072903da450, 0x00007072903dbce0,
0x00007072903dd570, 0x00007072903def80, 0x00007072903bd390, 0x00007072903beba0,
0x00007072903c06b0, 0x000063c4c80a6080, 0x000063c4b80841c0, 0x000063c4d40e3130,
0x000063c4b809ea90, 0x000063c4bc075930, 0x000063c4b00cac50
}

Java Threads: ( => current thread )
  0x000070729002b240 JavaThread "main"                              [_thread_blocked, id=442140, stack(0x0000707296217000,0x0000707296317000) (1024K)]
  0x0000707290526f50 JavaThread "Reference Handler"          daemon [_thread_blocked, id=442144, stack(0x0000707294b00000,0x0000707294c00000) (1024K)]
  0x00007072905287e0 JavaThread "Finalizer"                  daemon [_thread_blocked, id=442145, stack(0x0000707294a00000,0x0000707294b00000) (1024K)]
  0x000070729052a2d0 JavaThread "MMTk Finalizer Thread"      daemon [_thread_blocked, id=442146, stack(0x0000707294900000,0x0000707294a00000) (1024K)]
  0x0000707290548b20 JavaThread "Signal Dispatcher"          daemon [_thread_blocked, id=442170, stack(0x000063c5a05f5000,0x000063c5a06f5000) (1024K)]
  0x000070729054a470 JavaThread "Service Thread"             daemon [_thread_blocked, id=442171, stack(0x000063c5a04f5000,0x000063c5a05f5000) (1024K)]
  0x000070729054bd30 JavaThread "Monitor Deflation Thread"   daemon [_thread_blocked, id=442172, stack(0x000063c5a03f5000,0x000063c5a04f5000) (1024K)]
  0x000070729054db70 JavaThread "C2 CompilerThread0"         daemon [_thread_blocked, id=442173, stack(0x000063c5a02f5000,0x000063c5a03f5000) (1024K)]
  0x0000707290557540 JavaThread "C1 CompilerThread0"         daemon [_thread_blocked, id=442174, stack(0x000063c5a01f5000,0x000063c5a02f5000) (1024K)]
  0x000063c4d404db20 JavaThread "C1 CompilerThread1"         daemon [_thread_blocked, id=442175, stack(0x000063c5a00f5000,0x000063c5a01f5000) (1024K)]
  0x00007072905a60a0 JavaThread "Notification Thread"        daemon [_thread_blocked, id=442176, stack(0x000063c55af00000,0x000063c55b000000) (1024K)]
  0x00007072905a90b0 JavaThread "Common-Cleaner"             daemon [_thread_blocked, id=442177, stack(0x000063c55ae00000,0x000063c55af00000) (1024K)]
  0x000063c4c8026530 JavaThread "C2 CompilerThread1"         daemon [_thread_blocked, id=442178, stack(0x000063c55ad00000,0x000063c55ae00000) (1024K)]
  0x000063c4c8048ed0 JavaThread "C1 CompilerThread2"         daemon [_thread_blocked, id=442179, stack(0x000063c55ac00000,0x000063c55ad00000) (1024K)]
  0x000063c4c804a710 JavaThread "C1 CompilerThread3"         daemon [_thread_blocked, id=442180, stack(0x000063c55ab00000,0x000063c55ac00000) (1024K)]
  0x000063c4c804bd50 JavaThread "C1 CompilerThread4"         daemon [_thread_blocked, id=442181, stack(0x000063c55aa00000,0x000063c55ab00000) (1024K)]
  0x000063c4b8001d50 JavaThread "C2 CompilerThread2"         daemon [_thread_blocked, id=442182, stack(0x000063c55a900000,0x000063c55aa00000) (1024K)]
  0x000063c4b8003610 JavaThread "C2 CompilerThread3"         daemon [_thread_blocked, id=442183, stack(0x000063c55a800000,0x000063c55a900000) (1024K)]
  0x000070729078f600 JavaThread "Thread-0"                          [_thread_blocked, id=442184, stack(0x000063c55a700000,0x000063c55a800000) (1024K)]
  0x0000707290782db0 JavaThread "Thread-1"                          [_thread_blocked, id=442185, stack(0x000063c55a600000,0x000063c55a700000) (1024K)]
  0x0000707290783a20 JavaThread "Thread-2"                          [_thread_blocked, id=442186, stack(0x000063c55a500000,0x000063c55a600000) (1024K)]
  0x00007072903e1860 JavaThread "Thread-3"                          [_thread_blocked, id=442187, stack(0x000063c55a400000,0x000063c55a500000) (1024K)]
  0x00007072903e2bb0 JavaThread "Thread-4"                          [_thread_blocked, id=442188, stack(0x000063c55a300000,0x000063c55a400000) (1024K)]
  0x00007072903e3f00 JavaThread "Thread-5"                          [_thread_blocked, id=442189, stack(0x000063c55a200000,0x000063c55a300000) (1024K)]
  0x00007072905d9460 JavaThread "Thread-6"                          [_thread_blocked, id=442190, stack(0x000063c55a100000,0x000063c55a200000) (1024K)]
  0x00007072905da830 JavaThread "Thread-7"                          [_thread_blocked, id=442191, stack(0x000063c55a000000,0x000063c55a100000) (1024K)]
  0x00007072905dbce0 JavaThread "Thread-8"                          [_thread_blocked, id=442192, stack(0x000063c559f00000,0x000063c55a000000) (1024K)]
  0x00007072905dd270 JavaThread "Thread-9"                          [_thread_blocked, id=442193, stack(0x000063c559e00000,0x000063c559f00000) (1024K)]
=>0x00007072905de800 JavaThread "Thread-10"                         [_thread_in_vm, id=442194, stack(0x000063c559d00000,0x000063c559e00000) (1024K)]
  0x00007072905dfcb0 JavaThread "Thread-11"                         [_thread_blocked, id=442195, stack(0x000063c559c00000,0x000063c559d00000) (1024K)]
  0x00007072905e1160 JavaThread "Thread-12"                         [_thread_blocked, id=442196, stack(0x000063c559b00000,0x000063c559c00000) (1024K)]
  0x00007072905cf030 JavaThread "Thread-13"                         [_thread_blocked, id=442197, stack(0x000063c559a00000,0x000063c559b00000) (1024K)]
  0x00007072905d0050 JavaThread "Thread-14"                         [_thread_blocked, id=442198, stack(0x000063c559900000,0x000063c559a00000) (1024K)]
  0x00007072905d1810 JavaThread "Thread-15"                         [_thread_blocked, id=442199, stack(0x000063c559800000,0x000063c559900000) (1024K)]
  0x00007072905d2d30 JavaThread "Thread-16"                         [_thread_blocked, id=442200, stack(0x000063c559700000,0x000063c559800000) (1024K)]
  0x00007072905d41d0 JavaThread "Thread-17"                         [_thread_blocked, id=442201, stack(0x000063c559600000,0x000063c559700000) (1024K)]
  0x00007072905d57a0 JavaThread "Thread-18"                         [_thread_blocked, id=442202, stack(0x000063c559500000,0x000063c559600000) (1024K)]
  0x00007072903d4610 JavaThread "Thread-20"                         [_thread_blocked, id=442204, stack(0x000063c559300000,0x000063c559400000) (1024K)]
  0x00007072903d51d0 JavaThread "Thread-21"                         [_thread_blocked, id=442205, stack(0x000063c559200000,0x000063c559300000) (1024K)]
  0x00007072903d6670 JavaThread "Thread-22"                         [_thread_blocked, id=442206, stack(0x000063c559100000,0x000063c559200000) (1024K)]
  0x00007072903d7b10 JavaThread "Thread-23"                         [_thread_blocked, id=442207, stack(0x000063c559000000,0x000063c559100000) (1024K)]
  0x00007072903d8fb0 JavaThread "Thread-24"                         [_thread_blocked, id=442208, stack(0x000063c558f00000,0x000063c559000000) (1024K)]
  0x00007072903da450 JavaThread "Thread-25"                         [_thread_blocked, id=442209, stack(0x000063c558e00000,0x000063c558f00000) (1024K)]
  0x00007072903dbce0 JavaThread "Thread-26"                         [_thread_blocked, id=442210, stack(0x000063c558d00000,0x000063c558e00000) (1024K)]
  0x00007072903dd570 JavaThread "Thread-27"                         [_thread_blocked, id=442211, stack(0x000063c558c00000,0x000063c558d00000) (1024K)]
  0x00007072903def80 JavaThread "Thread-28"                         [_thread_blocked, id=442212, stack(0x000063c558b00000,0x000063c558c00000) (1024K)]
  0x00007072903bd390 JavaThread "Thread-29"                         [_thread_blocked, id=442213, stack(0x000063c558a00000,0x000063c558b00000) (1024K)]
  0x00007072903beba0 JavaThread "Thread-30"                         [_thread_blocked, id=442214, stack(0x000063c558900000,0x000063c558a00000) (1024K)]
  0x00007072903c06b0 JavaThread "Thread-31"                         [_thread_blocked, id=442215, stack(0x000063c558800000,0x000063c558900000) (1024K)]
  0x000063c4c80a6080 JavaThread "C2 CompilerThread4"         daemon [_thread_blocked, id=442216, stack(0x000063c558700000,0x000063c558800000) (1024K)]
  0x000063c4b80841c0 JavaThread "C2 CompilerThread5"         daemon [_thread_blocked, id=442217, stack(0x000063c558600000,0x000063c558700000) (1024K)]
  0x000063c4d40e3130 JavaThread "C2 CompilerThread6"         daemon [_thread_blocked, id=442218, stack(0x000063c558500000,0x000063c558600000) (1024K)]
  0x000063c4b809ea90 JavaThread "C2 CompilerThread7"         daemon [_thread_blocked, id=442219, stack(0x000063c558400000,0x000063c558500000) (1024K)]
  0x000063c4bc075930 JavaThread "C2 CompilerThread8"         daemon [_thread_blocked, id=442220, stack(0x000063c558300000,0x000063c558400000) (1024K)]
  0x000063c4b00cac50 JavaThread "C2 CompilerThread9"         daemon [_thread_blocked, id=442221, stack(0x000063c558200000,0x000063c558300000) (1024K)]
Total: 55

Other Threads:
  0x000070729051ba90 VMThread "VM Thread"                           [id=442143, stack(0x0000707294efd000,0x0000707294ffd000) (1024K)] _threads_hazard_ptr=0x000063c458007c00
  0x00007072905096c0 WatcherThread "VM Periodic Task Thread"        [id=442142, stack(0x0000707294ffe000,0x00007072950fe000) (1024K)]
Total: 2

Threads with active compile tasks:
Total: 0

VM state: synchronizing (normal execution)

VM Mutex/Monitor currently owned by a thread:  ([mutex/lock_event])
[0x00007072979580d0] Threads_lock - owner thread: 0x000070729051ba90

Heap address: 0x0000000040000000, size: 3072 MB, Compressed Oops mode: 32-bit

CDS archive(s) mapped at: [0x000063c55b000000-0x000063c55bca3000-0x000063c55bca3000), size 13250560, SharedBaseAddress: 0x000063c55b000000, ArchiveRelocationMode: 1.
Compressed class space mapped at: 0x000063c55c000000-0x000063c59c000000, reserved size: 1073741824
Narrow klass base: 0x000063c55b000000, Narrow klass shift: 0, Narrow klass range: 0x100000000

GC Precious Log:
<Empty>

Heap:

[error occurred during error reporting (printing heap information), id 0xe0000000, Internal Error (/mydata/mmtk-openjdk/openjdk/share/mmtkHeap.cpp:424)]
Metaspace:

Usage:
  Non-class:      7.14 MB used.
      Class:    971.75 KB used.
       Both:      8.09 MB used.

Virtual space:
  Non-class space:       64.00 MB reserved,       7.25 MB ( 11%) committed,  1 nodes.
      Class space:        1.00 GB reserved,       1.06 MB ( <1%) committed,  1 nodes.
             Both:        1.06 GB reserved,       8.31 MB ( <1%) committed. 

Chunk freelists:
   Non-Class:  7.27 MB
       Class:  14.99 MB
        Both:  22.26 MB

MaxMetaspaceSize: unlimited
CompressedClassSpaceSize: 1.00 GB
Initial GC threshold: 21.00 MB
Current GC threshold: 21.00 MB
CDS: on
 - commit_granule_bytes: 65536.
 - commit_granule_words: 8192.
 - virtual_space_node_default_size: 8388608.
 - enlarge_chunks_in_place: 1.
 - use_allocation_guard: 0.


Internal statistics:

num_allocs_failed_limit: 0.
num_arena_births: 130.
num_arena_deaths: 0.
num_vsnodes_births: 2.
num_vsnodes_deaths: 0.
num_space_committed: 133.
num_space_uncommitted: 0.
num_chunks_returned_to_freelist: 0.
num_chunks_taken_from_freelist: 382.
num_chunk_merges: 0.
num_chunk_splits: 270.
num_chunks_enlarged: 207.
num_inconsistent_stats: 0.

CodeHeap 'non-profiled nmethods': size=118880Kb used=2033Kb max_used=2033Kb free=116846Kb
 bounds [0x00007072803e8000, 0x0000707280658000, 0x0000707287800000]
CodeHeap 'profiled nmethods': size=118876Kb used=6632Kb max_used=6632Kb free=112243Kb
 bounds [0x0000707278800000, 0x0000707278e80000, 0x000070727fc17000]
CodeHeap 'non-nmethods': size=8004Kb used=3461Kb max_used=3567Kb free=4542Kb
 bounds [0x000070727fc17000, 0x000070727ffa7000, 0x00007072803e8000]
CodeCache: size=245760Kb, used=12126Kb, max_used=12232Kb, free=233631Kb
 total_blobs=3562, nmethods=3080, adapters=381, full_count=0
Compilation: enabled, stopped_count=0, restarted_count=0

Compilation events (20 events):
Event: 3.050 Thread 0x000063c4c8026530 nmethod 2513 0x0000707280545a90 code [0x0000707280545c40, 0x0000707280546168]
Event: 3.050 Thread 0x000063c4c8026530 2738   !   4       org.apache.xpath.XPath::getMatchScore (49 bytes)
Event: 3.051 Thread 0x000063c4b809ea90 nmethod 2634 0x0000707280546410 code [0x00007072805465c0, 0x00007072805469d8]
Event: 3.051 Thread 0x000063c4b809ea90 2642       4       org.apache.xml.serializer.ToHTMLStream::processAttribute (101 bytes)
Event: 3.053 Thread 0x000063c4b80841c0 nmethod 2391 0x0000707280546c90 code [0x0000707280547220, 0x000070728054a7e8]
Event: 3.053 Thread 0x000063c4b80841c0 2938       4       org.apache.xerces.util.XMLAttributesImpl::addAttributeNS (169 bytes)
Event: 3.085 Thread 0x000063c4b80841c0 nmethod 2938 0x000070728054d110 code [0x000070728054d2c0, 0x000070728054d508]
Event: 3.085 Thread 0x000063c4b80841c0 2754       4       org.apache.xpath.objects.XString::str (21 bytes)
Event: 3.085 Thread 0x000063c4b80841c0 nmethod 2754 0x000070728054db10 code [0x000070728054dca0, 0x000070728054dd68]
Event: 3.085 Thread 0x000063c4b80841c0 2940       4       org.apache.xerces.impl.XMLScanner::scanAttributeValue (995 bytes)
Event: 3.086 Thread 0x000063c4b8003610 nmethod 2671 0x000070728054de10 code [0x000070728054e020, 0x000070728054ed98]
Event: 3.086 Thread 0x000063c4bc075930 nmethod 2670 0x000070728054f710 code [0x000070728054f920, 0x0000707280550718]
Event: 3.086 Thread 0x000063c4bc075930 2620       4       org.apache.xml.dtm.ref.DTMDefaultBase::_firstch (73 bytes)
Event: 3.086 Thread 0x000063c4d40e3130 nmethod 2935 0x0000707280551110 code [0x0000707280551340, 0x0000707280552060]
Event: 3.086 Thread 0x000063c4d40e3130 2773       4       org.apache.xml.dtm.ref.DTMDefaultBaseTraversers$ChildTraverser::next (9 bytes)
Event: 3.087 Thread 0x000063c4b00cac50 nmethod 2422 0x0000707280552790 code [0x0000707280552f20, 0x0000707280558c10]
Event: 3.087 Thread 0x000063c4b8003610 2942       4       org.apache.xpath.axes.AxesWalker::nextNode (89 bytes)
Event: 3.087 Thread 0x000063c4b00cac50 2943       4       java.util.StringTokenizer::skipDelimiters (116 bytes)
Event: 3.088 Thread 0x000063c4bc075930 nmethod 2620 0x000070728055d410 code [0x000070728055d5a0, 0x000070728055d778]
Event: 3.088 Thread 0x000063c4bc075930 2946   !   4       org.apache.xalan.templates.ElemLiteralResult::execute (312 bytes)

GC Heap History (0 events):
No events

Dll operation events (7 events):
Event: 0.001 Loaded shared library /mydata/openjdk-mmtk/build/b0test/images/jdk/lib/libjava.so
Event: 2.214 Loaded shared library /mydata/openjdk-mmtk/build/b0test/images/jdk/lib/libjsvml.so
Event: 2.227 Loaded shared library /mydata/openjdk-mmtk/build/b0test/images/jdk/lib/libnio.so
Event: 2.231 Loaded shared library /mydata/openjdk-mmtk/build/b0test/images/jdk/lib/libzip.so
Event: 2.244 Loaded shared library /mydata/openjdk-mmtk/build/b0test/images/jdk/lib/libjimage.so
Event: 2.269 Loaded shared library /mydata/openjdk-mmtk/build/b0test/images/jdk/lib/libnet.so
Event: 2.370 Loaded shared library /mydata/openjdk-mmtk/build/b0test/images/jdk/lib/libverify.so

Deoptimization events (20 events):
Event: 3.087 Thread 0x00007072903e1860 Uncommon trap: trap_request=0xffffff6e fr.pc=0x0000707280553dec relative=0x0000000000000ecc
Event: 3.087 Thread 0x00007072903e1860 Uncommon trap: reason=loop_limit_check action=maybe_recompile pc=0x0000707280553dec method=org.apache.xalan.templates.ElemLiteralResult.execute(Lorg/apache/xalan/transformer/TransformerImpl;)V @ 110 c2
Event: 3.087 Thread 0x00007072903e2bb0 Uncommon trap: reason=loop_limit_check action=maybe_recompile pc=0x0000707280553dec method=org.apache.xalan.templates.ElemLiteralResult.execute(Lorg/apache/xalan/transformer/TransformerImpl;)V @ 110 c2
Event: 3.087 Thread 0x00007072905e1160 DEOPT UNPACKING pc=0x000070727fc6a399 sp=0x000063c559bfcd10 mode 2
Event: 3.087 Thread 0x00007072903e2bb0 DEOPT PACKING pc=0x0000707280553dec sp=0x000063c55a3fd300
Event: 3.087 Thread 0x00007072903e1860 DEOPT PACKING pc=0x0000707280553dec sp=0x000063c55a4fd8c0
Event: 3.087 Thread 0x00007072903e2bb0 DEOPT UNPACKING pc=0x000070727fc6a399 sp=0x000063c55a3fd2f0 mode 2
Event: 3.087 Thread 0x00007072903dbce0 Uncommon trap: trap_request=0xffffff6e fr.pc=0x0000707280553dec relative=0x0000000000000ecc
Event: 3.087 Thread 0x00007072903dbce0 Uncommon trap: reason=loop_limit_check action=maybe_recompile pc=0x0000707280553dec method=org.apache.xalan.templates.ElemLiteralResult.execute(Lorg/apache/xalan/transformer/TransformerImpl;)V @ 110 c2
Event: 3.087 Thread 0x00007072903dbce0 DEOPT PACKING pc=0x0000707280553dec sp=0x000063c558dfcd30
Event: 3.087 Thread 0x00007072903e1860 DEOPT UNPACKING pc=0x000070727fc6a399 sp=0x000063c55a4fd8b0 mode 2
Event: 3.087 Thread 0x00007072903dbce0 DEOPT UNPACKING pc=0x000070727fc6a399 sp=0x000063c558dfcd20 mode 2
Event: 3.089 Thread 0x00007072905d6d80 Uncommon trap: trap_request=0xffffffde fr.pc=0x00007072805227e8 relative=0x0000000000000368
Event: 3.089 Thread 0x00007072905d6d80 Uncommon trap: reason=class_check action=maybe_recompile pc=0x00007072805227e8 method=org.apache.xpath.axes.IteratorPool.getInstance()Lorg/apache/xml/dtm/DTMIterator; @ 49 c2
Event: 3.089 Thread 0x00007072905d6d80 DEOPT PACKING pc=0x00007072805227e8 sp=0x000063c5594fcdd0
Event: 3.089 Thread 0x00007072905d6d80 DEOPT UNPACKING pc=0x000070727fc6a399 sp=0x000063c5594fcd18 mode 2
Event: 3.089 Thread 0x00007072905de800 Uncommon trap: trap_request=0xffffffde fr.pc=0x00007072805227e8 relative=0x0000000000000368
Event: 3.089 Thread 0x00007072905de800 Uncommon trap: reason=class_check action=maybe_recompile pc=0x00007072805227e8 method=org.apache.xpath.axes.IteratorPool.getInstance()Lorg/apache/xml/dtm/DTMIterator; @ 49 c2
Event: 3.089 Thread 0x00007072905de800 DEOPT PACKING pc=0x00007072805227e8 sp=0x000063c559dfb5a0
Event: 3.089 Thread 0x00007072905de800 DEOPT UNPACKING pc=0x000070727fc6a399 sp=0x000063c559dfb4e8 mode 2

Classes loaded (20 events):
Event: 2.647 Loading class java/util/ResourceBundle$KeyElementReference
Event: 2.647 Loading class java/util/ResourceBundle$CacheKeyReference
Event: 2.647 Loading class java/util/ResourceBundle$CacheKeyReference done
Event: 2.647 Loading class java/util/ResourceBundle$KeyElementReference done
Event: 2.648 Loading class java/util/ResourceBundle$Control$2
Event: 2.648 Loading class java/util/ResourceBundle$Control$2 done
Event: 2.649 Loading class sun/util/PropertyResourceBundleCharset
Event: 2.649 Loading class sun/util/PropertyResourceBundleCharset done
Event: 2.649 Loading class sun/util/PropertyResourceBundleCharset$PropertiesFileDecoder
Event: 2.649 Loading class sun/util/PropertyResourceBundleCharset$PropertiesFileDecoder done
Event: 2.651 Loading class java/util/ResourceBundle$BundleReference
Event: 2.651 Loading class java/util/ResourceBundle$BundleReference done
Event: 2.652 Loading class sun/util/ResourceBundleEnumeration
Event: 2.652 Loading class sun/util/ResourceBundleEnumeration done
Event: 2.660 Loading class sun/nio/cs/ISO_8859_1$Encoder
Event: 2.660 Loading class sun/nio/cs/ISO_8859_1$Encoder done
Event: 2.689 Loading class java/util/ResourceBundle$Control$1
Event: 2.689 Loading class java/util/ResourceBundle$Control$1 done
Event: 2.710 Loading class java/lang/foreign/MemorySegment
Event: 2.714 Loading class java/lang/foreign/MemorySegment done

Classes unloaded (0 events):
No events

Classes redefined (0 events):
No events

Internal exceptions (14 events):
Event: 2.237 Thread 0x000070729002b240 Exception <a 'java/lang/NoSuchMethodError'{0x000000004033c090}: 'java.lang.Object java.lang.invoke.DirectMethodHandle$Holder.newInvokeSpecial(java.lang.Object, int, java.lang.Object)'> (0x000000004033c090) 
thrown [src/hotspot/share/interpreter/linkResolver.cpp, line 772]
Event: 2.246 Thread 0x000070729002b240 Exception <a 'java/lang/NoSuchMethodError'{0x0000000040301e28}: 'void java.lang.invoke.DirectMethodHandle$Holder.invokeStatic(java.lang.Object, java.lang.Object)'> (0x0000000040301e28) 
thrown [src/hotspot/share/interpreter/linkResolver.cpp, line 772]
Event: 2.247 Thread 0x000070729002b240 Exception <a 'java/lang/NoSuchMethodError'{0x0000000040305820}: 'void java.lang.invoke.DirectMethodHandle$Holder.invokeSpecial(java.lang.Object, java.lang.Object, java.lang.Object)'> (0x0000000040305820) 
thrown [src/hotspot/share/interpreter/linkResolver.cpp, line 772]
Event: 2.289 Thread 0x000070729002b240 Exception <a 'java/lang/NoSuchMethodError'{0x00000000401b5c58}: 'void java.lang.invoke.DirectMethodHandle$Holder.invokeVirtual(java.lang.Object, java.lang.Object)'> (0x00000000401b5c58) 
thrown [src/hotspot/share/interpreter/linkResolver.cpp, line 772]
Event: 2.294 Thread 0x000070729002b240 Exception <a 'java/io/FileNotFoundException'{0x0000000040196c40}> (0x0000000040196c40) 
thrown [src/hotspot/share/prims/jni.cpp, line 520]
Event: 2.305 Thread 0x000070729002b240 Exception <a 'java/lang/NoSuchMethodError'{0x00000000401298c8}: 'java.lang.Object java.lang.invoke.Invokers$Holder.invokeExact_MT(java.lang.Object, java.lang.Object, java.lang.Object, java.lang.Object, java.lang.Object)'> (0x00000000401298c8) 
thrown [src/hotspot/share/interpreter/linkResolver.cpp, line 772]
Event: 2.498 Thread 0x000070729002b240 Exception <a 'java/lang/NoSuchMethodError'{0x0000000040eaa4f8}: 'void java.lang.invoke.DirectMethodHandle$Holder.invokeVirtual(java.lang.Object, java.lang.Object, int)'> (0x0000000040eaa4f8) 
thrown [src/hotspot/share/interpreter/linkResolver.cpp, line 772]
Event: 2.498 Thread 0x000070729002b240 Exception <a 'java/lang/NoSuchMethodError'{0x0000000040eaec20}: 'int java.lang.invoke.DirectMethodHandle$Holder.invokeSpecial(java.lang.Object, java.lang.Object, java.lang.Object, int)'> (0x0000000040eaec20) 
thrown [src/hotspot/share/interpreter/linkResolver.cpp, line 772]
Event: 2.500 Thread 0x000070729002b240 Exception <a 'java/lang/NoSuchMethodError'{0x0000000040e909e0}: 'java.lang.Object java.lang.invoke.DirectMethodHandle$Holder.invokeStatic(java.lang.Object, java.lang.Object, java.lang.Object, java.lang.Object, int)'> (0x0000000040e909e0) 
thrown [src/hotspot/share/interpreter/linkResolver.cpp, line 772]
Event: 2.501 Thread 0x000070729002b240 Exception <a 'java/lang/NoSuchMethodError'{0x0000000040e8bbe0}: 'void java.lang.invoke.DelegatingMethodHandle$Holder.reinvoke_L(java.lang.Object, java.lang.Object, int)'> (0x0000000040e8bbe0) 
thrown [src/hotspot/share/interpreter/linkResolver.cpp, line 772]
Event: 2.502 Thread 0x000070729002b240 Exception <a 'java/lang/NoSuchMethodError'{0x0000000040e82938}: 'int java.lang.invoke.DirectMethodHandle$Holder.invokeSpecial(java.lang.Object, java.lang.Object, java.lang.Object)'> (0x0000000040e82938) 
thrown [src/hotspot/share/interpreter/linkResolver.cpp, line 772]
Event: 2.580 Thread 0x000070729002b240 Exception <a 'java/lang/NoSuchMethodError'{0x00000000413ac670}: 'void java.lang.invoke.DelegatingMethodHandle$Holder.reinvoke_L(java.lang.Object, java.lang.Object, int, int)'> (0x00000000413ac670) 
thrown [src/hotspot/share/interpreter/linkResolver.cpp, line 772]
Event: 2.646 Thread 0x00007072905d41d0 Exception <a 'java/lang/NoSuchMethodError'{0x0000000040d0edd0}: 'java.lang.Object java.lang.invoke.DirectMethodHandle$Holder.invokeInterface(java.lang.Object, java.lang.Object)'> (0x0000000040d0edd0) 
thrown [src/hotspot/share/interpreter/linkResolver.cpp, line 772]
Event: 3.089 Thread 0x00007072905d6d80 Exception <a 'java/lang/ClassCastException'{0x0000000040118af8}: class java.util.HashMap$Node cannot be cast to class org.apache.xml.dtm.DTMIterator (java.util.HashMap$Node is in module java.base of loader 'bootstrap'; org.apache.xml.dtm.DTMIterator is in unnamed module of loader org.dacapo.harness.DacapoClassLoader @68fb2c38)> (0x0000000040118af8) 
thrown [src/hotspot/share/interpreter/interpreterRuntime.cpp, line 455]

ZGC Phase Switch (0 events):
No events

VM Operations (20 events):
Event: 2.747 Executing VM operation: ICBufferFull
Event: 2.747 Executing VM operation: ICBufferFull done
Event: 2.747 Executing VM operation: ICBufferFull
Event: 2.751 Executing VM operation: ICBufferFull done
Event: 2.754 Executing VM operation: ICBufferFull
Event: 2.754 Executing VM operation: ICBufferFull done
Event: 2.758 Executing VM operation: ICBufferFull
Event: 2.758 Executing VM operation: ICBufferFull done
Event: 2.758 Executing VM operation: ICBufferFull
Event: 2.761 Executing VM operation: ICBufferFull done
Event: 2.761 Executing VM operation: ICBufferFull
Event: 2.761 Executing VM operation: ICBufferFull done
Event: 2.761 Executing VM operation: ICBufferFull
Event: 2.762 Executing VM operation: ICBufferFull done
Event: 2.869 Executing VM operation: ICBufferFull
Event: 2.869 Executing VM operation: ICBufferFull done
Event: 3.033 Executing VM operation: ThirdPartyHeapOperation
Event: 3.050 Executing VM operation: ThirdPartyHeapOperation done
Event: 3.055 Executing VM operation: ThirdPartyHeapOperation
Event: 3.085 Executing VM operation: ThirdPartyHeapOperation done

Memory protections (20 events):
Event: 2.615 Protecting memory [0x000063c559500000,0x000063c559504000] with protection modes 0
Event: 2.615 Protecting memory [0x000063c559400000,0x000063c559404000] with protection modes 0
Event: 2.615 Protecting memory [0x000063c559300000,0x000063c559304000] with protection modes 0
Event: 2.616 Protecting memory [0x000063c559200000,0x000063c559204000] with protection modes 0
Event: 2.616 Protecting memory [0x000063c559100000,0x000063c559104000] with protection modes 0
Event: 2.616 Protecting memory [0x000063c559000000,0x000063c559004000] with protection modes 0
Event: 2.616 Protecting memory [0x000063c558f00000,0x000063c558f04000] with protection modes 0
Event: 2.616 Protecting memory [0x000063c558e00000,0x000063c558e04000] with protection modes 0
Event: 2.616 Protecting memory [0x000063c558d00000,0x000063c558d04000] with protection modes 0
Event: 2.616 Protecting memory [0x000063c558c00000,0x000063c558c04000] with protection modes 0
Event: 2.616 Protecting memory [0x000063c558b00000,0x000063c558b04000] with protection modes 0
Event: 2.616 Protecting memory [0x000063c558a00000,0x000063c558a04000] with protection modes 0
Event: 2.616 Protecting memory [0x000063c558900000,0x000063c558904000] with protection modes 0
Event: 2.616 Protecting memory [0x000063c558800000,0x000063c558804000] with protection modes 0
Event: 2.691 Protecting memory [0x000063c558700000,0x000063c558704000] with protection modes 0
Event: 2.693 Protecting memory [0x000063c558600000,0x000063c558604000] with protection modes 0
Event: 2.697 Protecting memory [0x000063c558500000,0x000063c558504000] with protection modes 0
Event: 2.714 Protecting memory [0x000063c558400000,0x000063c558404000] with protection modes 0
Event: 2.718 Protecting memory [0x000063c558300000,0x000063c558304000] with protection modes 0
Event: 2.725 Protecting memory [0x000063c558200000,0x000063c558204000] with protection modes 0

Nmethod flushes (0 events):
No events

Events (20 events):
Event: 2.615 Thread 0x000070729002b240 Thread added: 0x00007072905d57a0
Event: 2.615 Thread 0x000070729002b240 Thread added: 0x00007072905d6d80
Event: 2.615 Thread 0x000070729002b240 Thread added: 0x00007072903d4610
Event: 2.616 Thread 0x000070729002b240 Thread added: 0x00007072903d51d0
Event: 2.616 Thread 0x000070729002b240 Thread added: 0x00007072903d6670
Event: 2.616 Thread 0x000070729002b240 Thread added: 0x00007072903d7b10
Event: 2.616 Thread 0x000070729002b240 Thread added: 0x00007072903d8fb0
Event: 2.616 Thread 0x000070729002b240 Thread added: 0x00007072903da450
Event: 2.616 Thread 0x000070729002b240 Thread added: 0x00007072903dbce0
Event: 2.616 Thread 0x000070729002b240 Thread added: 0x00007072903dd570
Event: 2.616 Thread 0x000070729002b240 Thread added: 0x00007072903def80
Event: 2.616 Thread 0x000070729002b240 Thread added: 0x00007072903bd390
Event: 2.616 Thread 0x000070729002b240 Thread added: 0x00007072903beba0
Event: 2.616 Thread 0x000070729002b240 Thread added: 0x00007072903c06b0
Event: 2.691 Thread 0x000063c4d404db20 Thread added: 0x000063c4c80a6080
Event: 2.693 Thread 0x000063c4c8048ed0 Thread added: 0x000063c4b80841c0
Event: 2.695 Thread 0x0000707290557540 Thread added: 0x000063c4d40e3130
Event: 2.714 Thread 0x000063c4c8048ed0 Thread added: 0x000063c4b809ea90
Event: 2.718 Thread 0x000063c4c804a710 Thread added: 0x000063c4bc075930
Event: 2.725 Thread 0x000063c4c804bd50 Thread added: 0x000063c4b00cac50


Dynamic libraries:
40000000-40400000 rw-p 00000000 00:00 0                                  [anon:mmtk:space:immix]
40400000-40800000 rw-p 00000000 00:00 0                                  [anon:mmtk:space:los]
40800000-41400000 rw-p 00000000 00:00 0                                  [anon:mmtk:space:immix]
41400000-41800000 rw-p 00000000 00:00 0                                  [anon:mmtk:space:los]
41800000-41c00000 rw-p 00000000 00:00 0                                  [anon:mmtk:space:immix]
41c00000-42000000 rw-p 00000000 00:00 0                                  [anon:mmtk:space:los]
42000000-42800000 rw-p 00000000 00:00 0                                  [anon:mmtk:space:immix]
42800000-42c00000 rw-p 00000000 00:00 0                                  [anon:mmtk:space:los]
42c00000-43000000 rw-p 00000000 00:00 0                                  [anon:mmtk:space:immix]
43000000-43400000 rw-p 00000000 00:00 0                                  [anon:mmtk:space:los]
43400000-43800000 rw-p 00000000 00:00 0                                  [anon:mmtk:space:immix]
43800000-43c00000 rw-p 00000000 00:00 0                                  [anon:mmtk:space:los]
43c00000-44400000 rw-p 00000000 00:00 0                                  [anon:mmtk:space:immix]
44400000-44800000 rw-p 00000000 00:00 0                                  [anon:mmtk:space:los]
44800000-44c00000 rw-p 00000000 00:00 0                                  [anon:mmtk:space:immix]
44c00000-45000000 rw-p 00000000 00:00 0                                  [anon:mmtk:space:los]
45000000-45800000 rw-p 00000000 00:00 0                                  [anon:mmtk:space:immix]
45800000-45c00000 rw-p 00000000 00:00 0                                  [anon:mmtk:space:los]
45c00000-46400000 rw-p 00000000 00:00 0                                  [anon:mmtk:space:immix]
46400000-46800000 rw-p 00000000 00:00 0                                  [anon:mmtk:space:los]
46800000-46c00000 rw-p 00000000 00:00 0                                  [anon:mmtk:space:immix]
46c00000-47000000 rw-p 00000000 00:00 0                                  [anon:mmtk:space:los]
47000000-47800000 rw-p 00000000 00:00 0                                  [anon:mmtk:space:immix]
47800000-47c00000 rw-p 00000000 00:00 0                                  [anon:mmtk:space:los]
47c00000-48400000 rw-p 00000000 00:00 0                                  [anon:mmtk:space:immix]
48400000-48800000 rw-p 00000000 00:00 0                                  [anon:mmtk:space:los]
48800000-48c00000 rw-p 00000000 00:00 0                                  [anon:mmtk:space:immix]
48c00000-49000000 rw-p 00000000 00:00 0                                  [anon:mmtk:space:los]
49000000-49800000 rw-p 00000000 00:00 0                                  [anon:mmtk:space:immix]
49800000-49c00000 rw-p 00000000 00:00 0                                  [anon:mmtk:space:los]
49c00000-4a000000 rw-p 00000000 00:00 0                                  [anon:mmtk:space:immix]
4a000000-4a400000 rw-p 00000000 00:00 0                                  [anon:mmtk:space:los]
4a400000-4ac00000 rw-p 00000000 00:00 0                                  [anon:mmtk:space:immix]
4ac00000-4b000000 rw-p 00000000 00:00 0                                  [anon:mmtk:space:los]
4b000000-4b400000 rw-p 00000000 00:00 0                                  [anon:mmtk:space:immix]
4b400000-4b800000 rw-p 00000000 00:00 0                                  [anon:mmtk:space:los]
4b800000-4c000000 rw-p 00000000 00:00 0                                  [anon:mmtk:space:immix]
4c000000-4c400000 rw-p 00000000 00:00 0                                  [anon:mmtk:space:los]
4c400000-4cc00000 rw-p 00000000 00:00 0                                  [anon:mmtk:space:immix]
4cc00000-4d000000 rw-p 00000000 00:00 0                                  [anon:mmtk:space:los]
4d000000-4d400000 rw-p 00000000 00:00 0                                  [anon:mmtk:space:immix]
4d400000-4d800000 rw-p 00000000 00:00 0                                  [anon:mmtk:space:los]
4d800000-4dc00000 rw-p 00000000 00:00 0                                  [anon:mmtk:space:immix]
4dc00000-4e000000 rw-p 00000000 00:00 0                                  [anon:mmtk:space:los]
4e000000-4e800000 rw-p 00000000 00:00 0                                  [anon:mmtk:space:immix]
4e800000-4ec00000 rw-p 00000000 00:00 0                                  [anon:mmtk:space:los]
4ec00000-4f400000 rw-p 00000000 00:00 0                                  [anon:mmtk:space:immix]
4f400000-4f800000 rw-p 00000000 00:00 0                                  [anon:mmtk:space:los]
4f800000-50000000 rw-p 00000000 00:00 0                                  [anon:mmtk:space:immix]
50000000-50400000 rw-p 00000000 00:00 0                                  [anon:mmtk:space:los]
200000000000-2000c00c0000 rw-s 00000000 00:10 68                         anon_inode:bpf-map
5e4e3440d000-5e4e3440e000 r--p 00000000 fc:00 49676352                   /mydata/openjdk-mmtk/build/b0test/images/jdk/bin/java
5e4e3440e000-5e4e3440f000 r-xp 00001000 fc:00 49676352                   /mydata/openjdk-mmtk/build/b0test/images/jdk/bin/java
5e4e3440f000-5e4e34410000 r--p 00002000 fc:00 49676352                   /mydata/openjdk-mmtk/build/b0test/images/jdk/bin/java
5e4e34410000-5e4e34411000 r--p 00002000 fc:00 49676352                   /mydata/openjdk-mmtk/build/b0test/images/jdk/bin/java
5e4e34411000-5e4e34412000 rw-p 00003000 fc:00 49676352                   /mydata/openjdk-mmtk/build/b0test/images/jdk/bin/java
5e4e3d505000-5e4e3d54d000 rw-p 00000000 00:00 0                          [heap]
63c410000000-63c410aeb000 rw-p 00000000 00:00 0 
63c410aeb000-63c414000000 ---p 00000000 00:00 0 
63c4178c5000-63c417bb5000 rw-p 00000000 00:00 0 
63c417d10000-63c418550000 rw-p 00000000 00:00 0 
63c418550000-63c41c000000 ---p 00000000 00:00 0 
63c41c000000-63c41c52d000 rw-p 00000000 00:00 0 
63c41c52d000-63c420000000 ---p 00000000 00:00 0 
63c420000000-63c420708000 rw-p 00000000 00:00 0 
63c420708000-63c424000000 ---p 00000000 00:00 0 
63c424000000-63c42469f000 rw-p 00000000 00:00 0 
63c42469f000-63c428000000 ---p 00000000 00:00 0 
63c428000000-63c428021000 rw-p 00000000 00:00 0 
63c428021000-63c42c000000 ---p 00000000 00:00 0 
63c42c000000-63c42caeb000 rw-p 00000000 00:00 0 
63c42caeb000-63c430000000 ---p 00000000 00:00 0 
63c430000000-63c430048000 rw-p 00000000 00:00 0 
63c430048000-63c434000000 ---p 00000000 00:00 0 
63c434000000-63c43402f000 rw-p 00000000 00:00 0 
63c43402f000-63c438000000 ---p 00000000 00:00 0 
63c438000000-63c438021000 rw-p 00000000 00:00 0 
63c438021000-63c43c000000 ---p 00000000 00:00 0 
63c43c000000-63c43c021000 rw-p 00000000 00:00 0 
63c43c021000-63c440000000 ---p 00000000 00:00 0 
63c440000000-63c440021000 rw-p 00000000 00:00 0 
63c440021000-63c444000000 ---p 00000000 00:00 0 
63c444000000-63c444021000 rw-p 00000000 00:00 0 
63c444021000-63c448000000 ---p 00000000 00:00 0 
63c448000000-63c448021000 rw-p 00000000 00:00 0 
63c448021000-63c44c000000 ---p 00000000 00:00 0 
63c44c000000-63c44c021000 rw-p 00000000 00:00 0 
63c44c021000-63c450000000 ---p 00000000 00:00 0 
63c450000000-63c450021000 rw-p 00000000 00:00 0 
63c450021000-63c454000000 ---p 00000000 00:00 0 
63c454000000-63c454021000 rw-p 00000000 00:00 0 
63c454021000-63c458000000 ---p 00000000 00:00 0 
63c458000000-63c458021000 rw-p 00000000 00:00 0 
63c458021000-63c45c000000 ---p 00000000 00:00 0 
63c45c000000-63c45c041000 rw-p 00000000 00:00 0 
63c45c041000-63c460000000 ---p 00000000 00:00 0 
63c460000000-63c460021000 rw-p 00000000 00:00 0 
63c460021000-63c464000000 ---p 00000000 00:00 0 
63c464000000-63c464021000 rw-p 00000000 00:00 0 
63c464021000-63c468000000 ---p 00000000 00:00 0 
63c468000000-63c468021000 rw-p 00000000 00:00 0 
63c468021000-63c46c000000 ---p 00000000 00:00 0 
63c46c000000-63c46c021000 rw-p 00000000 00:00 0 
63c46c021000-63c470000000 ---p 00000000 00:00 0 
63c470000000-63c470021000 rw-p 00000000 00:00 0 
63c470021000-63c474000000 ---p 00000000 00:00 0 
63c474000000-63c474021000 rw-p 00000000 00:00 0 
63c474021000-63c478000000 ---p 00000000 00:00 0 
63c478000000-63c478021000 rw-p 00000000 00:00 0 
63c478021000-63c47c000000 ---p 00000000 00:00 0 
63c47c000000-63c47c021000 rw-p 00000000 00:00 0 
63c47c021000-63c480000000 ---p 00000000 00:00 0 
63c480000000-63c480052000 rw-p 00000000 00:00 0 
63c480052000-63c484000000 ---p 00000000 00:00 0 
63c484000000-63c484344000 rw-p 00000000 00:00 0 
63c484344000-63c488000000 ---p 00000000 00:00 0 
63c488000000-63c488021000 rw-p 00000000 00:00 0 
63c488021000-63c48c000000 ---p 00000000 00:00 0 
63c48c000000-63c48c021000 rw-p 00000000 00:00 0 
63c48c021000-63c490000000 ---p 00000000 00:00 0 
63c490000000-63c490021000 rw-p 00000000 00:00 0 
63c490021000-63c494000000 ---p 00000000 00:00 0 
63c494000000-63c494021000 rw-p 00000000 00:00 0 
63c494021000-63c498000000 ---p 00000000 00:00 0 
63c498000000-63c49805d000 rw-p 00000000 00:00 0 
63c49805d000-63c49c000000 ---p 00000000 00:00 0 
63c49c000000-63c49c026000 rw-p 00000000 00:00 0 
63c49c026000-63c4a0000000 ---p 00000000 00:00 0 
63c4a0000000-63c4a0021000 rw-p 00000000 00:00 0 
63c4a0021000-63c4a4000000 ---p 00000000 00:00 0 
63c4a4000000-63c4a4021000 rw-p 00000000 00:00 0 
63c4a4021000-63c4a8000000 ---p 00000000 00:00 0 
63c4a8000000-63c4a8659000 rw-p 00000000 00:00 0 
63c4a8659000-63c4ac000000 ---p 00000000 00:00 0 
63c4ac000000-63c4ac021000 rw-p 00000000 00:00 0 
63c4ac021000-63c4b0000000 ---p 00000000 00:00 0 
63c4b0000000-63c4b02c2000 rw-p 00000000 00:00 0 
63c4b02c2000-63c4b4000000 ---p 00000000 00:00 0 
63c4b4000000-63c4b4b14000 rw-p 00000000 00:00 0 
63c4b4b14000-63c4b8000000 ---p 00000000 00:00 0 
63c4b8000000-63c4b820e000 rw-p 00000000 00:00 0 
63c4b820e000-63c4bc000000 ---p 00000000 00:00 0 
63c4bc000000-63c4bc354000 rw-p 00000000 00:00 0 
63c4bc354000-63c4c0000000 ---p 00000000 00:00 0 
63c4c0000000-63c4c0021000 rw-p 00000000 00:00 0 
63c4c0021000-63c4c4000000 ---p 00000000 00:00 0 
63c4c4000000-63c4c4cf4000 rw-p 00000000 00:00 0 
63c4c4cf4000-63c4c8000000 ---p 00000000 00:00 0 
63c4c8000000-63c4c841f000 rw-p 00000000 00:00 0 
63c4c841f000-63c4cc000000 ---p 00000000 00:00 0 
63c4cc000000-63c4cc021000 rw-p 00000000 00:00 0 
63c4cc021000-63c4d0000000 ---p 00000000 00:00 0 
63c4d0000000-63c4d0bd2000 rw-p 00000000 00:00 0 
63c4d0bd2000-63c4d4000000 ---p 00000000 00:00 0 
63c4d4000000-63c4d429f000 rw-p 00000000 00:00 0 
63c4d429f000-63c4d8000000 ---p 00000000 00:00 0 
63c4d8000000-63c4d8021000 rw-p 00000000 00:00 0 
63c4d8021000-63c4dc000000 ---p 00000000 00:00 0 
63c4dc000000-63c4dc021000 rw-p 00000000 00:00 0 
63c4dc021000-63c4e0000000 ---p 00000000 00:00 0 
63c4e0000000-63c4e0021000 rw-p 00000000 00:00 0 
63c4e0021000-63c4e4000000 ---p 00000000 00:00 0 
63c4e4000000-63c4e4021000 rw-p 00000000 00:00 0 
63c4e4021000-63c4e8000000 ---p 00000000 00:00 0 
63c4e8000000-63c4e8021000 rw-p 00000000 00:00 0 
63c4e8021000-63c4ec000000 ---p 00000000 00:00 0 
63c4ec000000-63c4ec02a000 rw-p 00000000 00:00 0 
63c4ec02a000-63c4f0000000 ---p 00000000 00:00 0 
63c4f0000000-63c4f0023000 rw-p 00000000 00:00 0 
63c4f0023000-63c4f4000000 ---p 00000000 00:00 0 
63c4f4000000-63c4f4026000 rw-p 00000000 00:00 0 
63c4f4026000-63c4f8000000 ---p 00000000 00:00 0 
63c4f8000000-63c4f802b000 rw-p 00000000 00:00 0 
63c4f802b000-63c4fc000000 ---p 00000000 00:00 0 
63c4fc000000-63c4fc022000 rw-p 00000000 00:00 0 
63c4fc022000-63c500000000 ---p 00000000 00:00 0 
63c500000000-63c500190000 rw-p 00000000 00:00 0 
63c500190000-63c504000000 ---p 00000000 00:00 0 
63c504000000-63c50406a000 rw-p 00000000 00:00 0 
63c50406a000-63c508000000 ---p 00000000 00:00 0 
63c508000000-63c508021000 rw-p 00000000 00:00 0 
63c508021000-63c50c000000 ---p 00000000 00:00 0 
63c50c000000-63c50c023000 rw-p 00000000 00:00 0 
63c50c023000-63c510000000 ---p 00000000 00:00 0 
63c510000000-63c51003a000 rw-p 00000000 00:00 0 
63c51003a000-63c514000000 ---p 00000000 00:00 0 
63c514000000-63c514033000 rw-p 00000000 00:00 0 
63c514033000-63c518000000 ---p 00000000 00:00 0 
63c518000000-63c518023000 rw-p 00000000 00:00 0 
63c518023000-63c51c000000 ---p 00000000 00:00 0 
63c51c000000-63c51c022000 rw-p 00000000 00:00 0 
63c51c022000-63c520000000 ---p 00000000 00:00 0 
63c520000000-63c52004b000 rw-p 00000000 00:00 0 
63c52004b000-63c524000000 ---p 00000000 00:00 0 
63c524000000-63c524022000 rw-p 00000000 00:00 0 
63c524022000-63c528000000 ---p 00000000 00:00 0 
63c528000000-63c528033000 rw-p 00000000 00:00 0 
63c528033000-63c52c000000 ---p 00000000 00:00 0 
63c52c000000-63c52c021000 rw-p 00000000 00:00 0 
63c52c021000-63c530000000 ---p 00000000 00:00 0 
63c530000000-63c53002a000 rw-p 00000000 00:00 0 
63c53002a000-63c534000000 ---p 00000000 00:00 0 
63c534000000-63c534022000 rw-p 00000000 00:00 0 
63c534022000-63c538000000 ---p 00000000 00:00 0 
63c538000000-63c53803c000 rw-p 00000000 00:00 0 
63c53803c000-63c53c000000 ---p 00000000 00:00 0 
63c53c000000-63c53c032000 rw-p 00000000 00:00 0 
63c53c032000-63c540000000 ---p 00000000 00:00 0 
63c540000000-63c540021000 rw-p 00000000 00:00 0 
63c540021000-63c544000000 ---p 00000000 00:00 0 
63c544000000-63c544021000 rw-p 00000000 00:00 0 
63c544021000-63c548000000 ---p 00000000 00:00 0 
63c548000000-63c548021000 rw-p 00000000 00:00 0 
63c548021000-63c54c000000 ---p 00000000 00:00 0 
63c54c000000-63c54c021000 rw-p 00000000 00:00 0 
63c54c021000-63c550000000 ---p 00000000 00:00 0 
63c550000000-63c550280000 rw-p 00000000 00:00 0 
63c550280000-63c550400000 ---p 00000000 00:00 0 
63c550400000-63c5508c0000 rw-p 00000000 00:00 0 
63c5508c0000-63c554000000 ---p 00000000 00:00 0 
63c554000000-63c554021000 rw-p 00000000 00:00 0 
63c554021000-63c558000000 ---p 00000000 00:00 0 
63c558200000-63c558204000 ---p 00000000 00:00 0 
63c558204000-63c558300000 rw-p 00000000 00:00 0 
63c558300000-63c558304000 ---p 00000000 00:00 0 
63c558304000-63c558400000 rw-p 00000000 00:00 0 
63c558400000-63c558404000 ---p 00000000 00:00 0 
63c558404000-63c558500000 rw-p 00000000 00:00 0 
63c558500000-63c558504000 ---p 00000000 00:00 0 
63c558504000-63c558600000 rw-p 00000000 00:00 0 
63c558600000-63c558604000 ---p 00000000 00:00 0 
63c558604000-63c558700000 rw-p 00000000 00:00 0 
63c558700000-63c558704000 ---p 00000000 00:00 0 
63c558704000-63c558800000 rw-p 00000000 00:00 0 
63c558800000-63c558804000 ---p 00000000 00:00 0 
63c558804000-63c558900000 rw-p 00000000 00:00 0 
63c558900000-63c558904000 ---p 00000000 00:00 0 
63c558904000-63c558a00000 rw-p 00000000 00:00 0 
63c558a00000-63c558a04000 ---p 00000000 00:00 0 
63c558a04000-63c558b00000 rw-p 00000000 00:00 0 
63c558b00000-63c558b04000 ---p 00000000 00:00 0 
63c558b04000-63c558c00000 rw-p 00000000 00:00 0 
63c558c00000-63c558c04000 ---p 00000000 00:00 0 
63c558c04000-63c558d00000 rw-p 00000000 00:00 0 
63c558d00000-63c558d04000 ---p 00000000 00:00 0 
63c558d04000-63c558e00000 rw-p 00000000 00:00 0 
63c558e00000-63c558e04000 ---p 00000000 00:00 0 
63c558e04000-63c558f00000 rw-p 00000000 00:00 0 
63c558f00000-63c558f04000 ---p 00000000 00:00 0 
63c558f04000-63c559000000 rw-p 00000000 00:00 0 
63c559000000-63c559004000 ---p 00000000 00:00 0 
63c559004000-63c559100000 rw-p 00000000 00:00 0 
63c559100000-63c559104000 ---p 00000000 00:00 0 
63c559104000-63c559200000 rw-p 00000000 00:00 0 
63c559200000-63c559204000 ---p 00000000 00:00 0 
63c559204000-63c559300000 rw-p 00000000 00:00 0 
63c559300000-63c559304000 ---p 00000000 00:00 0 
63c559304000-63c559400000 rw-p 00000000 00:00 0 
63c559400000-63c559404000 ---p 00000000 00:00 0 
63c559404000-63c559500000 rw-p 00000000 00:00 0 
63c559500000-63c559504000 ---p 00000000 00:00 0 
63c559504000-63c559600000 rw-p 00000000 00:00 0 
63c559600000-63c559604000 ---p 00000000 00:00 0 
63c559604000-63c559700000 rw-p 00000000 00:00 0 
63c559700000-63c559704000 ---p 00000000 00:00 0 
63c559704000-63c559800000 rw-p 00000000 00:00 0 
63c559800000-63c559804000 ---p 00000000 00:00 0 
63c559804000-63c559900000 rw-p 00000000 00:00 0 
63c559900000-63c559904000 ---p 00000000 00:00 0 
63c559904000-63c559a00000 rw-p 00000000 00:00 0 
63c559a00000-63c559a04000 ---p 00000000 00:00 0 
63c559a04000-63c559b00000 rw-p 00000000 00:00 0 
63c559b00000-63c559b04000 ---p 00000000 00:00 0 
63c559b04000-63c559c00000 rw-p 00000000 00:00 0 
63c559c00000-63c559c04000 ---p 00000000 00:00 0 
63c559c04000-63c559d00000 rw-p 00000000 00:00 0 
63c559d00000-63c559d04000 ---p 00000000 00:00 0 
63c559d04000-63c559e00000 rw-p 00000000 00:00 0 
63c559e00000-63c559e04000 ---p 00000000 00:00 0 
63c559e04000-63c559f00000 rw-p 00000000 00:00 0 
63c559f00000-63c559f04000 ---p 00000000 00:00 0 
63c559f04000-63c55a000000 rw-p 00000000 00:00 0 
63c55a000000-63c55a004000 ---p 00000000 00:00 0 
63c55a004000-63c55a100000 rw-p 00000000 00:00 0 
63c55a100000-63c55a104000 ---p 00000000 00:00 0 
63c55a104000-63c55a200000 rw-p 00000000 00:00 0 
63c55a200000-63c55a204000 ---p 00000000 00:00 0 
63c55a204000-63c55a300000 rw-p 00000000 00:00 0 
63c55a300000-63c55a304000 ---p 00000000 00:00 0 
63c55a304000-63c55a400000 rw-p 00000000 00:00 0 
63c55a400000-63c55a404000 ---p 00000000 00:00 0 
63c55a404000-63c55a500000 rw-p 00000000 00:00 0 
63c55a500000-63c55a504000 ---p 00000000 00:00 0 
63c55a504000-63c55a600000 rw-p 00000000 00:00 0 
63c55a600000-63c55a604000 ---p 00000000 00:00 0 
63c55a604000-63c55a700000 rw-p 00000000 00:00 0 
63c55a700000-63c55a704000 ---p 00000000 00:00 0 
63c55a704000-63c55a800000 rw-p 00000000 00:00 0 
63c55a800000-63c55a804000 ---p 00000000 00:00 0 
63c55a804000-63c55a900000 rw-p 00000000 00:00 0 
63c55a900000-63c55a904000 ---p 00000000 00:00 0 
63c55a904000-63c55aa00000 rw-p 00000000 00:00 0 
63c55aa00000-63c55aa04000 ---p 00000000 00:00 0 
63c55aa04000-63c55ab00000 rw-p 00000000 00:00 0 
63c55ab00000-63c55ab04000 ---p 00000000 00:00 0 
63c55ab04000-63c55ac00000 rw-p 00000000 00:00 0 
63c55ac00000-63c55ac04000 ---p 00000000 00:00 0 
63c55ac04000-63c55ad00000 rw-p 00000000 00:00 0 
63c55ad00000-63c55ad04000 ---p 00000000 00:00 0 
63c55ad04000-63c55ae00000 rw-p 00000000 00:00 0 
63c55ae00000-63c55ae04000 ---p 00000000 00:00 0 
63c55ae04000-63c55af00000 rw-p 00000000 00:00 0 
63c55af00000-63c55af04000 ---p 00000000 00:00 0 
63c55af04000-63c55b000000 rw-p 00000000 00:00 0 
63c55b000000-63c55bca3000 rw-p 00001000 fc:00 49677059                   /mydata/openjdk-mmtk/build/b0test/images/jdk/lib/server/classes.jsa
63c55bca3000-63c55c000000 ---p 00000000 00:00 0 
63c55c000000-63c55c040000 rw-p 00000000 00:00 0 
63c55c040000-63c55c110000 rw-p 00000000 00:00 0 
63c55c110000-63c59c000000 ---p 00000000 00:00 0 
63c59c000000-63c59c021000 rw-p 00000000 00:00 0 
63c59c021000-63c5a0000000 ---p 00000000 00:00 0 
63c5a00f5000-63c5a00f9000 ---p 00000000 00:00 0 
63c5a00f9000-63c5a01f5000 rw-p 00000000 00:00 0 
63c5a01f5000-63c5a01f9000 ---p 00000000 00:00 0 
63c5a01f9000-63c5a02f5000 rw-p 00000000 00:00 0 
63c5a02f5000-63c5a02f9000 ---p 00000000 00:00 0 
63c5a02f9000-63c5a03f5000 rw-p 00000000 00:00 0 
63c5a03f5000-63c5a03f9000 ---p 00000000 00:00 0 
63c5a03f9000-63c5a04f5000 rw-p 00000000 00:00 0 
63c5a04f5000-63c5a04f9000 ---p 00000000 00:00 0 
63c5a04f9000-63c5a05f5000 rw-p 00000000 00:00 0 
63c5a05f5000-63c5a05f9000 ---p 00000000 00:00 0 
63c5a05f9000-63c5a06f5000 rw-p 00000000 00:00 0 
63c5a06f5000-63c5a06f6000 ---p 00000000 00:00 0 
63c5a06f6000-63c5a07f6000 rw-p 00000000 00:00 0 
63c5a07f6000-63c5a07f7000 ---p 00000000 00:00 0 
63c5a07f7000-63c5a08f7000 rw-p 00000000 00:00 0 
63c5a08f7000-63c5a08f8000 ---p 00000000 00:00 0 
63c5a08f8000-63c5a09f8000 rw-p 00000000 00:00 0 
63c5a09f8000-63c5a09f9000 ---p 00000000 00:00 0 
63c5a09f9000-63c5a0af9000 rw-p 00000000 00:00 0 
63c5a0af9000-63c5a0afa000 ---p 00000000 00:00 0 
63c5a0afa000-63c5a0bfa000 rw-p 00000000 00:00 0 
63c5a0bfa000-63c5a0bfb000 ---p 00000000 00:00 0 
63c5a0bfb000-63c5a0cfb000 rw-p 00000000 00:00 0 
63c5a0cfb000-63c5a0cfc000 ---p 00000000 00:00 0 
63c5a0cfc000-63c5a0dfc000 rw-p 00000000 00:00 0 
63c5a0dfc000-63c5a0dfd000 ---p 00000000 00:00 0 
63c5a0dfd000-63c5a0efd000 rw-p 00000000 00:00 0 
63c5a0efd000-63c5a0efe000 ---p 00000000 00:00 0 
63c5a0efe000-63c5a0ffe000 rw-p 00000000 00:00 0 
63c5a0ffe000-63c5a0fff000 ---p 00000000 00:00 0 
63c5a0fff000-63c5a10ff000 rw-p 00000000 00:00 0 
63c5a10ff000-63c5a1100000 ---p 00000000 00:00 0 
63c5a1100000-63c5a1200000 rw-p 00000000 00:00 0 
63c5a1200000-63c5a4200000 rw-p 00000000 00:00 0 
63c5a42fb000-63c5a42fc000 ---p 00000000 00:00 0 
63c5a42fc000-63c5a43fc000 rw-p 00000000 00:00 0 
63c5a43fc000-63c5d4400000 rw-p 00000000 00:00 0 
63c5d4400000-63c5d5400000 ---p 00000000 00:00 0                          [anon:mmtk:sidemeta:all:all-quarantined]
63c5d5400000-63c5d5800000 rw-p 00000000 00:00 0                          [anon:mmtk:sidemeta:immix:VO_BIT]
63c5d5800000-63c5d5c00000 rw-p 00000000 00:00 0                          [anon:mmtk:sidemeta:los:VO_BIT]
63c5d5c00000-65c5d6400000 ---p 00000000 00:00 0                          [anon:mmtk:sidemeta:all:all-quarantined]
65c5d6400000-65c5d6800000 rw-p 00000000 00:00 0                          [anon:mmtk:sidemeta:immix:CHUNK_MARK]
65c5d6800000-65c5d9400000 ---p 00000000 00:00 0                          [anon:mmtk:sidemeta:all:all-quarantined]
65c5d9400000-65c5d9800000 rw-p 00000000 00:00 0                          [anon:mmtk:sidemeta:immix:VMGlobalLogBitSpec]
65c5d9800000-65c5d9c00000 rw-p 00000000 00:00 0                          [anon:mmtk:sidemeta:los:VMGlobalLogBitSpec]
65c5d9c00000-67cdd8800000 ---p 00000000 00:00 0                          [anon:mmtk:sidemeta:all:all-quarantined]
67cdd8800000-67cdd8c00000 rw-p 00000000 00:00 0                          [anon:mmtk:sidemeta:immix:IX_LINE_MARK]
67cdd8c00000-684dd8400000 ---p 00000000 00:00 0                          [anon:mmtk:sidemeta:all:all-quarantined]
684dd8400000-684dd8800000 rw-p 00000000 00:00 0                          [anon:mmtk:sidemeta:immix:IX_BLOCK_DEFRAG]
684dd8800000-684ed8400000 ---p 00000000 00:00 0                          [anon:mmtk:sidemeta:all:all-quarantined]
684ed8400000-684ed8800000 rw-p 00000000 00:00 0                          [anon:mmtk:sidemeta:immix:IX_BLOCK_MARK]
684ed8800000-6e7058400000 ---p 00000000 00:00 0                          [anon:mmtk:sidemeta:all:all-quarantined]
6e7058400000-6e7058800000 rw-p 00000000 00:00 0                          [anon:mmtk:sidemeta:los:VMLocalLOSMarkNurserySpec]
6e7058800000-6e7259400000 ---p 00000000 00:00 0                          [anon:mmtk:sidemeta:all:all-quarantined]
6e7259400000-6e7259800000 rw-p 00000000 00:00 0                          [anon:mmtk:sidemeta:immix:VMLocalMarkBitSpec]
6e7259800000-707258400000 ---p 00000000 00:00 0                          [anon:mmtk:sidemeta:all:all-quarantined]
7072584fc000-7072584fd000 ---p 00000000 00:00 0 
7072584fd000-7072585fd000 rw-p 00000000 00:00 0 
7072585fd000-7072585fe000 ---p 00000000 00:00 0 
7072585fe000-7072586fe000 rw-p 00000000 00:00 0 
7072586fe000-7072586ff000 ---p 00000000 00:00 0 
7072586ff000-7072587ff000 rw-p 00000000 00:00 0 
7072587ff000-707278800000 rw-p 00000000 00:00 0 
707278800000-707278e80000 rwxp 00000000 00:00 0 
707278e80000-70727fc17000 ---p 00000000 00:00 0 
70727fc17000-70727ffa7000 rwxp 00000000 00:00 0 
70727ffa7000-7072803e8000 ---p 00000000 00:00 0 
7072803e8000-707280658000 rwxp 00000000 00:00 0 
707280658000-707287800000 ---p 00000000 00:00 0 
707287800000-70728ffa0000 r--s 00000000 fc:00 49676300                   /mydata/openjdk-mmtk/build/b0test/images/jdk/lib/modules
707290000000-7072907e2000 rw-p 00000000 00:00 0 
7072907e2000-707294000000 ---p 00000000 00:00 0 
707294027000-70729402c000 r--p 00000000 fc:00 49676433                   /mydata/openjdk-mmtk/build/b0test/images/jdk/lib/libjsvml.so
70729402c000-70729406d000 r-xp 00005000 fc:00 49676433                   /mydata/openjdk-mmtk/build/b0test/images/jdk/lib/libjsvml.so
70729406d000-7072940f6000 r--p 00046000 fc:00 49676433                   /mydata/openjdk-mmtk/build/b0test/images/jdk/lib/libjsvml.so
7072940f6000-7072940f7000 r--p 000ce000 fc:00 49676433                   /mydata/openjdk-mmtk/build/b0test/images/jdk/lib/libjsvml.so
7072940f7000-7072940f8000 rw-p 000cf000 fc:00 49676433                   /mydata/openjdk-mmtk/build/b0test/images/jdk/lib/libjsvml.so
7072940f8000-7072940f9000 ---p 00000000 00:00 0 
7072940f9000-7072941f9000 rw-p 00000000 00:00 0 
7072941f9000-7072941fa000 ---p 00000000 00:00 0 
7072941fa000-7072942fa000 rw-p 00000000 00:00 0 
7072942fa000-7072942fb000 ---p 00000000 00:00 0 
7072942fb000-7072943fb000 rw-p 00000000 00:00 0 
7072943fb000-7072943fc000 ---p 00000000 00:00 0 
7072943fc000-7072944fc000 rw-p 00000000 00:00 0 
7072944fc000-7072944fd000 ---p 00000000 00:00 0 
7072944fd000-7072945fd000 rw-p 00000000 00:00 0 
7072945fd000-7072945fe000 ---p 00000000 00:00 0 
7072945fe000-7072946fe000 rw-p 00000000 00:00 0 
7072946fe000-7072946ff000 ---p 00000000 00:00 0 
7072946ff000-7072947ff000 rw-p 00000000 00:00 0 
7072947ff000-707294800000 ---p 00000000 00:00 0 
707294800000-707294900000 rw-p 00000000 00:00 0 
707294900000-707294904000 ---p 00000000 00:00 0 
707294904000-707294a00000 rw-p 00000000 00:00 0 
707294a00000-707294a04000 ---p 00000000 00:00 0 
707294a04000-707294b00000 rw-p 00000000 00:00 0 
707294b00000-707294b04000 ---p 00000000 00:00 0 
707294b04000-707294c00000 rw-p 00000000 00:00 0 
707294c00000-707294eeb000 r--p 00000000 08:03 1410552                    /usr/lib/locale/locale-archive
707294efc000-707294efd000 ---p 00000000 00:00 0 
707294efd000-707294ffd000 rw-p 00000000 00:00 0 
707294ffd000-707294ffe000 ---p 00000000 00:00 0 
707294ffe000-7072950fe000 rw-p 00000000 00:00 0 
7072950fe000-7072950ff000 ---p 00000000 00:00 0 
7072950ff000-7072951ff000 rw-p 00000000 00:00 0 
7072951ff000-707295800000 rw-p 00000000 00:00 0 
707295800000-70729580c000 r--p 00000000 fc:00 13107796                   /mydata/gc-bpf-fault/shim/libgcbpf.so
70729580c000-70729586e000 r-xp 0000c000 fc:00 13107796                   /mydata/gc-bpf-fault/shim/libgcbpf.so
70729586e000-707295ade000 r--p 0006e000 fc:00 13107796                   /mydata/gc-bpf-fault/shim/libgcbpf.so
707295ade000-707295ae0000 r--p 002de000 fc:00 13107796                   /mydata/gc-bpf-fault/shim/libgcbpf.so
707295ae0000-707295ae1000 rw-p 002e0000 fc:00 13107796                   /mydata/gc-bpf-fault/shim/libgcbpf.so
707295ae1000-707295ae2000 rw-p 00000000 00:00 0 
707295b04000-707295b0b000 r--s 00000000 08:03 1436340                    /usr/lib/x86_64-linux-gnu/gconv/gconv-modules.cache
707295b0b000-707295b0f000 r--p 00000000 fc:00 49676379                   /mydata/openjdk-mmtk/build/b0test/images/jdk/lib/libverify.so
707295b0f000-707295b16000 r-xp 00004000 fc:00 49676379                   /mydata/openjdk-mmtk/build/b0test/images/jdk/lib/libverify.so
707295b16000-707295b18000 r--p 0000b000 fc:00 49676379                   /mydata/openjdk-mmtk/build/b0test/images/jdk/lib/libverify.so
707295b18000-707295b1a000 r--p 0000c000 fc:00 49676379                   /mydata/openjdk-mmtk/build/b0test/images/jdk/lib/libverify.so
707295b1a000-707295b1b000 rw-p 0000e000 fc:00 49676379                   /mydata/openjdk-mmtk/build/b0test/images/jdk/lib/libverify.so
707295b1b000-707295b22000 r--p 00000000 fc:00 49676377                   /mydata/openjdk-mmtk/build/b0test/images/jdk/lib/libnio.so
707295b22000-707295b2b000 r-xp 00007000 fc:00 49676377                   /mydata/openjdk-mmtk/build/b0test/images/jdk/lib/libnio.so
707295b2b000-707295b2f000 r--p 00010000 fc:00 49676377                   /mydata/openjdk-mmtk/build/b0test/images/jdk/lib/libnio.so
707295b2f000-707295b30000 r--p 00014000 fc:00 49676377                   /mydata/openjdk-mmtk/build/b0test/images/jdk/lib/libnio.so
707295b30000-707295b31000 rw-p 00015000 fc:00 49676377                   /mydata/openjdk-mmtk/build/b0test/images/jdk/lib/libnio.so
707295b31000-707295b35000 r--p 00000000 08:03 1410107                    /usr/lib/x86_64-linux-gnu/libzstd.so.1.5.5
707295b35000-707295bdc000 r-xp 00004000 08:03 1410107                    /usr/lib/x86_64-linux-gnu/libzstd.so.1.5.5
707295bdc000-707295be9000 r--p 000ab000 08:03 1410107                    /usr/lib/x86_64-linux-gnu/libzstd.so.1.5.5
707295be9000-707295bea000 r--p 000b7000 08:03 1410107                    /usr/lib/x86_64-linux-gnu/libzstd.so.1.5.5
707295bea000-707295beb000 rw-p 000b8000 08:03 1410107                    /usr/lib/x86_64-linux-gnu/libzstd.so.1.5.5
707295beb000-707295bee000 r--p 00000000 08:03 1410420                    /usr/lib/x86_64-linux-gnu/libelf-0.190.so
707295bee000-707295c04000 r-xp 00003000 08:03 1410420                    /usr/lib/x86_64-linux-gnu/libelf-0.190.so
707295c04000-707295c08000 r--p 00019000 08:03 1410420                    /usr/lib/x86_64-linux-gnu/libelf-0.190.so
707295c08000-707295c09000 r--p 0001c000 08:03 1410420                    /usr/lib/x86_64-linux-gnu/libelf-0.190.so
707295c09000-707295c0a000 rw-p 0001d000 08:03 1410420                    /usr/lib/x86_64-linux-gnu/libelf-0.190.so
707295c0a000-707295c0f000 rw-p 00000000 00:00 0 
707295c0f000-707295cf3000 ---p 00000000 00:00 0 
707295cf3000-707295d00000 rw-p 00000000 00:00 0 
707295d00000-707295ddc000 ---p 00000000 00:00 0 
707295ddc000-707295de9000 r--p 00000000 fc:00 49676369                   /mydata/openjdk-mmtk/build/b0test/images/jdk/lib/libjava.so
707295de9000-707295df8000 r-xp 0000d000 fc:00 49676369                   /mydata/openjdk-mmtk/build/b0test/images/jdk/lib/libjava.so
707295df8000-707295dfd000 r--p 0001c000 fc:00 49676369                   /mydata/openjdk-mmtk/build/b0test/images/jdk/lib/libjava.so
707295dfd000-707295dfe000 r--p 00021000 fc:00 49676369                   /mydata/openjdk-mmtk/build/b0test/images/jdk/lib/libjava.so
707295dfe000-707295dff000 rw-p 00022000 fc:00 49676369                   /mydata/openjdk-mmtk/build/b0test/images/jdk/lib/libjava.so
707295dff000-707295e00000 rw-p 00000000 00:00 0 
707295e00000-707295f48000 r--p 00000000 fc:00 49676390                   /mydata/openjdk-mmtk/build/b0test/images/jdk/lib/server/libmmtk_openjdk.so
707295f48000-7072961cd000 r-xp 00147000 fc:00 49676390                   /mydata/openjdk-mmtk/build/b0test/images/jdk/lib/server/libmmtk_openjdk.so
7072961cd000-70729620e000 r--p 003cb000 fc:00 49676390                   /mydata/openjdk-mmtk/build/b0test/images/jdk/lib/server/libmmtk_openjdk.so
70729620e000-707296210000 rw-p 0040b000 fc:00 49676390                   /mydata/openjdk-mmtk/build/b0test/images/jdk/lib/server/libmmtk_openjdk.so
707296210000-707296212000 rw-p 00000000 00:00 0 
707296217000-70729621b000 ---p 00000000 00:00 0 
70729621b000-707296317000 rw-p 00000000 00:00 0 
707296317000-707296327000 r--p 00000000 08:03 1411099                    /usr/lib/x86_64-linux-gnu/libm.so.6
707296327000-7072963a6000 r-xp 00010000 08:03 1411099                    /usr/lib/x86_64-linux-gnu/libm.so.6
7072963a6000-7072963fe000 r--p 0008f000 08:03 1411099                    /usr/lib/x86_64-linux-gnu/libm.so.6
7072963fe000-7072963ff000 r--p 000e7000 08:03 1411099                    /usr/lib/x86_64-linux-gnu/libm.so.6
7072963ff000-707296400000 rw-p 000e8000 08:03 1411099                    /usr/lib/x86_64-linux-gnu/libm.so.6
707296400000-7072966a9000 r--p 00000000 fc:00 49676389                   /mydata/openjdk-mmtk/build/b0test/images/jdk/lib/server/libjvm.so
7072966a9000-70729753c000 r-xp 002a9000 fc:00 49676389                   /mydata/openjdk-mmtk/build/b0test/images/jdk/lib/server/libjvm.so
70729753c000-707297820000 r--p 0113c000 fc:00 49676389                   /mydata/openjdk-mmtk/build/b0test/images/jdk/lib/server/libjvm.so
707297820000-7072978f6000 r--p 0141f000 fc:00 49676389                   /mydata/openjdk-mmtk/build/b0test/images/jdk/lib/server/libjvm.so
7072978f6000-707297926000 rw-p 014f5000 fc:00 49676389                   /mydata/openjdk-mmtk/build/b0test/images/jdk/lib/server/libjvm.so
707297926000-70729798c000 rw-p 00000000 00:00 0 
707297990000-707297993000 r--p 00000000 fc:00 49676376                   /mydata/openjdk-mmtk/build/b0test/images/jdk/lib/libnet.so
707297993000-70729799b000 r-xp 00003000 fc:00 49676376                   /mydata/openjdk-mmtk/build/b0test/images/jdk/lib/libnet.so
70729799b000-70729799d000 r--p 0000b000 fc:00 49676376                   /mydata/openjdk-mmtk/build/b0test/images/jdk/lib/libnet.so
70729799d000-70729799e000 r--p 0000c000 fc:00 49676376                   /mydata/openjdk-mmtk/build/b0test/images/jdk/lib/libnet.so
70729799e000-70729799f000 rw-p 0000d000 fc:00 49676376                   /mydata/openjdk-mmtk/build/b0test/images/jdk/lib/libnet.so
70729799f000-7072979a7000 rw-p 00000000 00:00 0 
7072979a7000-7072979af000 ---p 00000000 00:00 0 
7072979af000-7072979b3000 r--p 00000000 fc:00 49676370                   /mydata/openjdk-mmtk/build/b0test/images/jdk/lib/libjimage.so
7072979b3000-7072979ca000 r-xp 00004000 fc:00 49676370                   /mydata/openjdk-mmtk/build/b0test/images/jdk/lib/libjimage.so
7072979ca000-7072979cf000 r--p 0001b000 fc:00 49676370                   /mydata/openjdk-mmtk/build/b0test/images/jdk/lib/libjimage.so
7072979cf000-7072979d1000 r--p 00020000 fc:00 49676370                   /mydata/openjdk-mmtk/build/b0test/images/jdk/lib/libjimage.so
7072979d1000-7072979d2000 rw-p 00022000 fc:00 49676370                   /mydata/openjdk-mmtk/build/b0test/images/jdk/lib/libjimage.so
7072979d2000-7072979d6000 r--p 00000000 08:03 1410148                    /usr/lib/x86_64-linux-gnu/libgcc_s.so.1
7072979d6000-7072979fa000 r-xp 00004000 08:03 1410148                    /usr/lib/x86_64-linux-gnu/libgcc_s.so.1
7072979fa000-7072979fe000 r--p 00028000 08:03 1410148                    /usr/lib/x86_64-linux-gnu/libgcc_s.so.1
7072979fe000-7072979ff000 r--p 0002b000 08:03 1410148                    /usr/lib/x86_64-linux-gnu/libgcc_s.so.1
7072979ff000-707297a00000 rw-p 0002c000 08:03 1410148                    /usr/lib/x86_64-linux-gnu/libgcc_s.so.1
707297a00000-707297a28000 r--p 00000000 08:03 1410238                    /usr/lib/x86_64-linux-gnu/libc.so.6
707297a28000-707297bb0000 r-xp 00028000 08:03 1410238                    /usr/lib/x86_64-linux-gnu/libc.so.6
707297bb0000-707297bff000 r--p 001b0000 08:03 1410238                    /usr/lib/x86_64-linux-gnu/libc.so.6
707297bff000-707297c03000 r--p 001fe000 08:03 1410238                    /usr/lib/x86_64-linux-gnu/libc.so.6
707297c03000-707297c05000 rw-p 00202000 08:03 1410238                    /usr/lib/x86_64-linux-gnu/libc.so.6
707297c05000-707297c12000 rw-p 00000000 00:00 0 
707297c13000-707297c15000 r--p 00000000 fc:00 49676380                   /mydata/openjdk-mmtk/build/b0test/images/jdk/lib/libzip.so
707297c15000-707297c1a000 r-xp 00002000 fc:00 49676380                   /mydata/openjdk-mmtk/build/b0test/images/jdk/lib/libzip.so
707297c1a000-707297c1c000 r--p 00007000 fc:00 49676380                   /mydata/openjdk-mmtk/build/b0test/images/jdk/lib/libzip.so
707297c1c000-707297c1d000 r--p 00008000 fc:00 49676380                   /mydata/openjdk-mmtk/build/b0test/images/jdk/lib/libzip.so
707297c1d000-707297c1e000 rw-p 00009000 fc:00 49676380                   /mydata/openjdk-mmtk/build/b0test/images/jdk/lib/libzip.so
707297c1e000-707297c26000 rw-s 00000000 08:03 237602                     /tmp/hsperfdata_root/442139
707297c26000-707297c28000 rw-p 00000000 00:00 0 
707297c28000-707297c2a000 r--p 00000000 08:03 1409104                    /usr/lib/x86_64-linux-gnu/libz.so.1.3
707297c2a000-707297c3c000 r-xp 00002000 08:03 1409104                    /usr/lib/x86_64-linux-gnu/libz.so.1.3
707297c3c000-707297c42000 r--p 00014000 08:03 1409104                    /usr/lib/x86_64-linux-gnu/libz.so.1.3
707297c42000-707297c43000 r--p 0001a000 08:03 1409104                    /usr/lib/x86_64-linux-gnu/libz.so.1.3
707297c43000-707297c44000 rw-p 0001b000 08:03 1409104                    /usr/lib/x86_64-linux-gnu/libz.so.1.3
707297c49000-707297c4a000 rw-s 00000000 00:10 68                         anon_inode:bpf-map
707297c4a000-707297c4b000 r--s 00000000 00:10 68                         anon_inode:bpf-map
707297c4b000-707297c4c000 ---p 00000000 00:00 0 
707297c4c000-707297c4d000 r--p 00000000 00:00 0 
707297c4d000-707297c4e000 ---p 00000000 00:00 0 
707297c4e000-707297c50000 r--p 00000000 fc:00 49676372                   /mydata/openjdk-mmtk/build/b0test/images/jdk/lib/libjli.so
707297c50000-707297c5a000 r-xp 00002000 fc:00 49676372                   /mydata/openjdk-mmtk/build/b0test/images/jdk/lib/libjli.so
707297c5a000-707297c5d000 r--p 0000c000 fc:00 49676372                   /mydata/openjdk-mmtk/build/b0test/images/jdk/lib/libjli.so
707297c5d000-707297c5e000 r--p 0000f000 fc:00 49676372                   /mydata/openjdk-mmtk/build/b0test/images/jdk/lib/libjli.so
707297c5e000-707297c5f000 rw-p 00010000 fc:00 49676372                   /mydata/openjdk-mmtk/build/b0test/images/jdk/lib/libjli.so
707297c5f000-707297c61000 rw-p 00000000 00:00 0 
707297c61000-707297c65000 r--p 00000000 00:00 0                          [vvar]
707297c65000-707297c67000 r--p 00000000 00:00 0                          [vvar_vclock]
707297c67000-707297c69000 r-xp 00000000 00:00 0                          [vdso]
707297c69000-707297c6a000 r--p 00000000 08:03 1409763                    /usr/lib/x86_64-linux-gnu/ld-linux-x86-64.so.2
707297c6a000-707297c95000 r-xp 00001000 08:03 1409763                    /usr/lib/x86_64-linux-gnu/ld-linux-x86-64.so.2
707297c95000-707297c9f000 r--p 0002c000 08:03 1409763                    /usr/lib/x86_64-linux-gnu/ld-linux-x86-64.so.2
707297c9f000-707297ca1000 r--p 00036000 08:03 1409763                    /usr/lib/x86_64-linux-gnu/ld-linux-x86-64.so.2
707297ca1000-707297ca3000 rw-p 00038000 08:03 1409763                    /usr/lib/x86_64-linux-gnu/ld-linux-x86-64.so.2
7ffcc47c3000-7ffcc47e4000 rw-p 00000000 00:00 0                          [stack]
ffffffffff600000-ffffffffff601000 --xp 00000000 00:00 0                  [vsyscall]
Total number of mappings: 540

JVMTI agents: none


VM Arguments:
jvm_args: -XX:+UseThirdPartyHeap -Xms512m -Xmx512m 
java_command: /mydata/dacapo/dacapo-23.11/dacapo-23.11-MR2-chopin.jar xalan -n 3
java_class_path (initial): /mydata/dacapo/dacapo-23.11/dacapo-23.11-MR2-chopin.jar
Launcher Type: SUN_STANDARD

[Global flags]
     intx CICompilerCount                          = 15                                        {product} {ergonomic}
   size_t InitialHeapSize                          = 536870912                                 {product} {command line}
   size_t MaxHeapSize                              = 536870912                                 {product} {command line}
   size_t MinHeapDeltaBytes                        = 524288                                    {product} {ergonomic}
   size_t MinHeapSize                              = 536870912                                 {product} {command line}
    uintx NonNMethodCodeHeapSize                   = 8192380                                {pd product} {ergonomic}
    uintx NonProfiledCodeHeapSize                  = 121732930                              {pd product} {ergonomic}
    uintx ProfiledCodeHeapSize                     = 121732930                              {pd product} {ergonomic}
    uintx ReservedCodeCacheSize                    = 251658240                              {pd product} {ergonomic}
     bool SegmentedCodeCache                       = true                                      {product} {ergonomic}
   size_t SoftMaxHeapSize                          = 536870912                              {manageable} {ergonomic}
     bool UseCompressedOops                        = true                           {product lp64_product} {ergonomic}

Logging:
Log output configuration:
 #0: stdout all=warning uptime,level,tags foldmultilines=false
 #1: stderr all=off uptime,level,tags foldmultilines=false

Release file:
IMPLEMENTOR="N/A"
JAVA_RUNTIME_VERSION="21.0.9-internal-adhoc.talzuss.openjdk-mmtk"
JAVA_VERSION="21.0.9"
JAVA_VERSION_DATE="2025-10-21"
LIBC="gnu"
MODULES="java.base java.compiler java.datatransfer java.xml java.prefs java.desktop java.instrument java.logging java.management java.security.sasl java.naming java.rmi java.management.rmi java.net.http java.scripting java.security.jgss java.transaction.xa java.sql java.sql.rowset java.xml.crypto java.se java.smartcardio jdk.accessibility jdk.internal.jvmstat jdk.attach jdk.charsets jdk.internal.opt jdk.zipfs jdk.compiler jdk.crypto.ec jdk.crypto.cryptoki jdk.dynalink jdk.internal.ed jdk.editpad jdk.hotspot.agent jdk.httpserver jdk.incubator.vector jdk.internal.le jdk.internal.vm.ci jdk.internal.vm.compiler jdk.internal.vm.compiler.management jdk.jartool jdk.javadoc jdk.jcmd jdk.management jdk.management.agent jdk.jconsole jdk.jdeps jdk.jdwp.agent jdk.jdi jdk.jfr jdk.jlink jdk.jpackage jdk.jshell jdk.jsobject jdk.jstatd jdk.localedata jdk.management.jfr jdk.naming.dns jdk.naming.rmi jdk.net jdk.nio.mapmode jdk.random jdk.sctp jdk.security.auth jdk.security.jgss jdk.unsupported jdk.unsupported.desktop jdk.xml.dom"
OS_ARCH="x86_64"
OS_NAME="Linux"
SOURCE=".:git:b557520f04b3+"

Environment Variables:
PATH=/usr/local/sbin:/usr/local/bin:/usr/sbin:/usr/bin:/sbin:/bin:/snap/bin
SHELL=/bin/bash
LANG=en_US.UTF-8
TERM=tmux-256color

Active Locale:
LC_ALL=en_US.UTF-8
LC_COLLATE=en_US.UTF-8
LC_CTYPE=en_US.UTF-8
LC_MESSAGES=en_US.UTF-8
LC_MONETARY=en_US.UTF-8
LC_NUMERIC=en_US.UTF-8
LC_TIME=en_US.UTF-8

Signal Handlers:
   SIGSEGV: crash_handler in libjvm.so, mask=11100100010111111101111111111110, flags=SA_RESTART|SA_SIGINFO, unblocked
    SIGBUS: crash_handler in libjvm.so, mask=11100100010111111101111111111110, flags=SA_RESTART|SA_SIGINFO, unblocked
    SIGFPE: crash_handler in libjvm.so, mask=11100100010111111101111111111110, flags=SA_RESTART|SA_SIGINFO, unblocked
   SIGPIPE: javaSignalHandler in libjvm.so, mask=11100100010111111101111111111110, flags=SA_RESTART|SA_SIGINFO, blocked
   SIGXFSZ: javaSignalHandler in libjvm.so, mask=11100100010111111101111111111110, flags=SA_RESTART|SA_SIGINFO, blocked
    SIGILL: crash_handler in libjvm.so, mask=11100100010111111101111111111110, flags=SA_RESTART|SA_SIGINFO, unblocked
   SIGUSR2: SR_handler in libjvm.so, mask=00000000000000000000000000000000, flags=SA_RESTART|SA_SIGINFO, blocked
    SIGHUP: UserHandler in libjvm.so, mask=11100100010111111101111111111110, flags=SA_RESTART|SA_SIGINFO, blocked
    SIGINT: UserHandler in libjvm.so, mask=11100100010111111101111111111110, flags=SA_RESTART|SA_SIGINFO, blocked
   SIGTERM: UserHandler in libjvm.so, mask=11100100010111111101111111111110, flags=SA_RESTART|SA_SIGINFO, blocked
   SIGQUIT: UserHandler in libjvm.so, mask=11100100010111111101111111111110, flags=SA_RESTART|SA_SIGINFO, blocked
   SIGTRAP: crash_handler in libjvm.so, mask=11100100010111111101111111111110, flags=SA_RESTART|SA_SIGINFO, unblocked


Periodic native trim disabled

---------------  S Y S T E M  ---------------

OS:
DISTRIB_ID=Ubuntu
DISTRIB_RELEASE=24.04
DISTRIB_CODENAME=noble
DISTRIB_DESCRIPTION="Ubuntu 24.04.4 LTS"
uname: Linux 6.17.0-bpf-fault+ #1 SMP PREEMPT_DYNAMIC Mon Jul  6 16:43:12 MDT 2026 x86_64
OS uptime: 1 days 2:59 hours
libc: glibc 2.39 NPTL 2.39 
rlimit (soft/hard): STACK 8192k/infinity , CORE 0k/0k , NPROC 513205/513205 , NOFILE 1048576/1048576 , AS infinity/infinity , CPU infinity/infinity , DATA infinity/infinity , FSIZE infinity/infinity , MEMLOCK 16436528k/16436528k
load average: 1.75 0.87 0.74

/proc/meminfo:
MemTotal:       131492232 kB
MemFree:        64922568 kB
MemAvailable:   112185272 kB
Buffers:          563704 kB
Cached:         45957220 kB
SwapCached:            0 kB
Active:          4389208 kB
Inactive:       45697356 kB
Active(anon):    3582720 kB
Inactive(anon):        0 kB
Active(file):     806488 kB
Inactive(file): 45697356 kB
Unevictable:       41912 kB
Mlocked:           38840 kB
SwapTotal:       8388604 kB
SwapFree:        8388604 kB
Zswap:                 0 kB
Zswapped:              0 kB
Dirty:              8416 kB
Writeback:             0 kB
AnonPages:       3608996 kB
Mapped:         12928996 kB
Shmem:              5320 kB
KReclaimable:    2010544 kB
Slab:            2552812 kB
SReclaimable:    2010544 kB
SUnreclaim:       542268 kB
KernelStack:       12960 kB
PageTables:        72912 kB
SecPageTables:      9412 kB
NFS_Unstable:          0 kB
Bounce:                0 kB
WritebackTmp:          0 kB
CommitLimit:    74134720 kB
Committed_AS:   165126908 kB
VmallocTotal:   34359738367 kB
VmallocUsed:       38912 kB
VmallocChunk:          0 kB
Percpu:            51072 kB
HardwareCorrupted:     0 kB
AnonHugePages:         0 kB
ShmemHugePages:        0 kB
ShmemPmdMapped:        0 kB
FileHugePages:   2177024 kB
FilePmdMapped:         0 kB
Unaccepted:            0 kB
Balloon:               0 kB
HugePages_Total:       0
HugePages_Free:        0
HugePages_Rsvd:        0
HugePages_Surp:        0
Hugepagesize:       2048 kB
Hugetlb:               0 kB
DirectMap4k:     1065792 kB
DirectMap2M:    29978624 kB
DirectMap1G:    102760448 kB

/sys/kernel/mm/transparent_hugepage/enabled: always [madvise] never
/sys/kernel/mm/transparent_hugepage/hpage_pmd_size: 2097152
/sys/kernel/mm/transparent_hugepage/defrag (defrag/compaction efforts parameter): always defer defer+madvise [madvise] never

Process Memory:
Virtual Size: 13620283376K (peak: 13620284764K)
Resident Set Size: 4183668K (peak: 4183668K) (anon: 1010416K, file: 3173252K, shmem: 0K)
Swapped out: 0K
C-Heap outstanding allocations: 1392209K, retained: 52794K
glibc malloc tunables: (default)

/proc/sys/kernel/threads-max (system-wide limit on the number of threads): 1026411
/proc/sys/vm/max_map_count (maximum number of memory map areas a process may have): 1048576
/proc/sys/vm/swappiness (control to define how aggressively the kernel swaps out anonymous memory): 60
/proc/sys/kernel/pid_max (system-wide limit on number of process identifiers): 4194304

container information not found.
Steal ticks since vm start: 0
Steal ticks percentage since vm start:  0.000

CPU: total 32 (initial active 32) (32 cores per cpu, 2 threads per core) family 23 model 49 stepping 0 microcode 0x830107c, cx8, cmov, fxsr, ht, mmx, 3dnowpref, sse, sse2, sse3, ssse3, sse4a, sse4.1, sse4.2, popcnt, lzcnt, tsc, tscinvbit, avx, avx2, aes, clmul, bmi1, bmi2, adx, sha, fma, vzeroupper, clflush, clflushopt, rdtscp, rdpid, f16c
CPU Model and flags from /proc/cpuinfo:
model name	: AMD EPYC 7302P 16-Core Processor
flags		: fpu vme de pse tsc msr pae mce cx8 apic sep mtrr pge mca cmov pat pse36 clflush mmx fxsr sse sse2 ht syscall nx mmxext fxsr_opt pdpe1gb rdtscp lm constant_tsc rep_good nopl xtopology nonstop_tsc cpuid extd_apicid aperfmperf rapl pni pclmulqdq monitor ssse3 fma cx16 sse4_1 sse4_2 movbe popcnt aes xsave avx f16c rdrand lahf_lm cmp_legacy svm extapic cr8_legacy abm sse4a misalignsse 3dnowprefetch osvw ibs skinit wdt tce topoext perfctr_core perfctr_nb bpext perfctr_llc mwaitx cpb cat_l3 cdp_l3 hw_pstate ssbd mba ibrs ibpb stibp vmmcall fsgsbase bmi1 avx2 smep bmi2 cqm rdt_a rdseed adx smap clflushopt clwb sha_ni xsaveopt xsavec xgetbv1 xsaves cqm_llc cqm_occup_llc cqm_mbm_total cqm_mbm_local clzero irperf xsaveerptr rdpru wbnoinvd amd_ppin arat npt lbrv svm_lock nrip_save tsc_scale vmcb_clean flushbyasid decodeassists pausefilter pfthreshold avic v_vmsave_vmload vgif v_spec_ctrl umip rdpid overflow_recov succor smca sev sev_es

Online cpus: 0-31
Offline cpus: 
BIOS frequency limitation: <Not Available>
Frequency switch latency (ns): <Not Available>
Available cpu frequencies: <Not Available>
Current governor: <Not Available>
Core performance/turbo boost: <Not Available>

Memory: 4k page, physical 131492232k(112185272k free), swap 8388604k(8388604k free)
Page Sizes: 4k

vm_info: OpenJDK 64-Bit Server VM (21.0.9-internal-adhoc.talzuss.openjdk-mmtk) for linux-amd64 JRE (21.0.9-internal-adhoc.talzuss.openjdk-mmtk), built on 2026-07-06T23:13:08Z by "talzuss" with gcc 13.3.0
heap_info: MMTk OpenJDK 0.32.0 (f59b93a-dirty), using MMTk 0.32.0 (3ecdf08-dirty, BUILTIN_ENV_LOGGER, DEFAULT, EAGER_SWEEPING, VO_BIT)—rp

END.
