#
# A fatal error has been detected by the Java Runtime Environment:
#
#  SIGSEGV (0xb) at pc=0x000072cee7f74eb7, pid=442882, tid=442950
#
# JRE version: OpenJDK Runtime Environment (21.0.9) (build 21.0.9-internal-adhoc.talzuss.openjdk-mmtk)
# Java VM: OpenJDK 64-Bit Server VM (21.0.9-internal-adhoc.talzuss.openjdk-mmtk, mixed mode, sharing, tiered, compressed oops, compressed class ptrs, third-party gc, linux-amd64)
# Problematic frame:
# v  ~BufferBlob::vtable chunks 0x000072cee7f74eb7
#
# No core dump will be written. Core dumps have been disabled. To enable core dumping, try "ulimit -c unlimited" before starting Java again
#
# If you would like to submit a bug report, please visit:
#   https://bugreport.java.com/bugreport/crash.jsp
#

---------------  S U M M A R Y ------------

Command Line: -XX:+UseThirdPartyHeap -Xms512m -Xmx512m /mydata/dacapo/dacapo-23.11/dacapo-23.11-MR2-chopin.jar pmd -n 3

Host: AMD EPYC 7302P 16-Core Processor, 32 cores, 125G, Ubuntu 24.04.4 LTS
Time: Tue Jul  7 19:56:53 2026 MDT elapsed time: 4.123892 seconds (0d 0h 0m 4s)

---------------  T H R E A D  ---------------

Current thread (0x000072cef885d300):  JavaThread "PmdThread 21"        [_thread_in_Java, id=442950, stack(0x00006621c2200000,0x00006621c2300000) (1024K)]

Stack: [0x00006621c2200000,0x00006621c2300000],  sp=0x00006621c22fc9d8,  free space=1010k
Native frames: (J=compiled Java code, j=interpreted, Vv=VM code, C=native code)
v  ~BufferBlob::vtable chunks 0x000072cee7f74eb7
j  net.sf.saxon.functions.SystemFunction.copy()Lnet/sf/saxon/expr/Expression;+28
j  net.sf.saxon.expr.FilterExpression.optimize(Lnet/sf/saxon/expr/ExpressionVisitor;Lnet/sf/saxon/type/ItemType;)Lnet/sf/saxon/expr/Expression;+76
J 4581 c1 net.sf.saxon.expr.PathExpression.optimize(Lnet/sf/saxon/expr/ExpressionVisitor;Lnet/sf/saxon/type/ItemType;)Lnet/sf/saxon/expr/Expression; (212 bytes) @ 0x000072cee1220b14 [0x000072cee12201e0+0x0000000000000934]
J 4402 c1 net.sf.saxon.expr.ExpressionVisitor.optimize(Lnet/sf/saxon/expr/Expression;Lnet/sf/saxon/type/ItemType;)Lnet/sf/saxon/expr/Expression; (32 bytes) @ 0x000072cee115e03c [0x000072cee115db20+0x000000000000051c]
j  net.sf.saxon.expr.QuantifiedExpression.optimize(Lnet/sf/saxon/expr/ExpressionVisitor;Lnet/sf/saxon/type/ItemType;)Lnet/sf/saxon/expr/Expression;+15
J 4402 c1 net.sf.saxon.expr.ExpressionVisitor.optimize(Lnet/sf/saxon/expr/Expression;Lnet/sf/saxon/type/ItemType;)Lnet/sf/saxon/expr/Expression; (32 bytes) @ 0x000072cee115e03c [0x000072cee115db20+0x000000000000051c]
j  net.sf.saxon.expr.LetExpression.optimize(Lnet/sf/saxon/expr/ExpressionVisitor;Lnet/sf/saxon/type/ItemType;)Lnet/sf/saxon/expr/Expression;+260
J 4402 c1 net.sf.saxon.expr.ExpressionVisitor.optimize(Lnet/sf/saxon/expr/Expression;Lnet/sf/saxon/type/ItemType;)Lnet/sf/saxon/expr/Expression; (32 bytes) @ 0x000072cee115e03c [0x000072cee115db20+0x000000000000051c]
j  net.sf.saxon.expr.QuantifiedExpression.optimize(Lnet/sf/saxon/expr/ExpressionVisitor;Lnet/sf/saxon/type/ItemType;)Lnet/sf/saxon/expr/Expression;+137
j  net.sf.saxon.expr.FilterExpression.optimize(Lnet/sf/saxon/expr/ExpressionVisitor;Lnet/sf/saxon/type/ItemType;)Lnet/sf/saxon/expr/Expression;+103
J 4581 c1 net.sf.saxon.expr.PathExpression.optimize(Lnet/sf/saxon/expr/ExpressionVisitor;Lnet/sf/saxon/type/ItemType;)Lnet/sf/saxon/expr/Expression; (212 bytes) @ 0x000072cee1222a94 [0x000072cee12201e0+0x00000000000028b4]
J 4581 c1 net.sf.saxon.expr.PathExpression.optimize(Lnet/sf/saxon/expr/ExpressionVisitor;Lnet/sf/saxon/type/ItemType;)Lnet/sf/saxon/expr/Expression; (212 bytes) @ 0x000072cee1221d3c [0x000072cee12201e0+0x0000000000001b5c]
J 4581 c1 net.sf.saxon.expr.PathExpression.optimize(Lnet/sf/saxon/expr/ExpressionVisitor;Lnet/sf/saxon/type/ItemType;)Lnet/sf/saxon/expr/Expression; (212 bytes) @ 0x000072cee1221d3c [0x000072cee12201e0+0x0000000000001b5c]
J 4581 c1 net.sf.saxon.expr.PathExpression.optimize(Lnet/sf/saxon/expr/ExpressionVisitor;Lnet/sf/saxon/type/ItemType;)Lnet/sf/saxon/expr/Expression; (212 bytes) @ 0x000072cee1221d3c [0x000072cee12201e0+0x0000000000001b5c]
J 4402 c1 net.sf.saxon.expr.ExpressionVisitor.optimize(Lnet/sf/saxon/expr/Expression;Lnet/sf/saxon/type/ItemType;)Lnet/sf/saxon/expr/Expression; (32 bytes) @ 0x000072cee115e03c [0x000072cee115db20+0x000000000000051c]
j  net.sf.saxon.sort.DocumentSorter.optimize(Lnet/sf/saxon/expr/ExpressionVisitor;Lnet/sf/saxon/type/ItemType;)Lnet/sf/saxon/expr/Expression;+7
J 4402 c1 net.sf.saxon.expr.ExpressionVisitor.optimize(Lnet/sf/saxon/expr/Expression;Lnet/sf/saxon/type/ItemType;)Lnet/sf/saxon/expr/Expression; (32 bytes) @ 0x000072cee115e03c [0x000072cee115db20+0x000000000000051c]
j  net.sf.saxon.expr.BinaryExpression.optimize(Lnet/sf/saxon/expr/ExpressionVisitor;Lnet/sf/saxon/type/ItemType;)Lnet/sf/saxon/expr/Expression;+7
j  net.sf.saxon.expr.VennExpression.optimize(Lnet/sf/saxon/expr/ExpressionVisitor;Lnet/sf/saxon/type/ItemType;)Lnet/sf/saxon/expr/Expression;+3
J 4402 c1 net.sf.saxon.expr.ExpressionVisitor.optimize(Lnet/sf/saxon/expr/Expression;Lnet/sf/saxon/type/ItemType;)Lnet/sf/saxon/expr/Expression; (32 bytes) @ 0x000072cee115e03c [0x000072cee115db20+0x000000000000051c]
j  net.sf.saxon.sxpath.XPathEvaluator.createExpression(Ljava/lang/String;)Lnet/sf/saxon/sxpath/XPathExpression;+51
j  net.sourceforge.pmd.lang.rule.xpath.SaxonXPathRuleQuery.initializeXPathExpression()V+168
j  net.sourceforge.pmd.lang.rule.xpath.SaxonXPathRuleQuery.getRuleChainVisits()Ljava/util/List;+1
j  net.sourceforge.pmd.lang.rule.XPathRule.getRuleChainVisits()Ljava/util/List;+15
J 4639 c1 net.sourceforge.pmd.lang.rule.AbstractRule.isRuleChain()Z (18 bytes) @ 0x000072cee12444c4 [0x000072cee12443c0+0x0000000000000104]
J 4637 c1 net.sourceforge.pmd.lang.rule.AbstractDelegateRule.isRuleChain()Z (10 bytes) @ 0x000072cee12435cc [0x000072cee12434c0+0x000000000000010c]
j  net.sourceforge.pmd.lang.rule.AbstractRuleChainVisitor.initialize()V+90
j  net.sourceforge.pmd.lang.rule.AbstractRuleChainVisitor.visitAll(Ljava/util/List;Lnet/sourceforge/pmd/RuleContext;)V+1
j  net.sourceforge.pmd.RuleChain.apply(Ljava/util/List;Lnet/sourceforge/pmd/RuleContext;Lnet/sourceforge/pmd/lang/Language;)V+16
j  net.sourceforge.pmd.RuleSets.apply(Ljava/util/List;Lnet/sourceforge/pmd/RuleContext;Lnet/sourceforge/pmd/lang/Language;)V+7
j  net.sourceforge.pmd.SourceCodeProcessor.processSource(Ljava/io/Reader;Lnet/sourceforge/pmd/RuleSets;Lnet/sourceforge/pmd/RuleContext;)V+103
j  net.sourceforge.pmd.SourceCodeProcessor.processSourceCodeWithoutCache(Ljava/io/Reader;Lnet/sourceforge/pmd/RuleSets;Lnet/sourceforge/pmd/RuleContext;)V+9
j  net.sourceforge.pmd.SourceCodeProcessor.processSourceCode(Ljava/io/Reader;Lnet/sourceforge/pmd/RuleSets;Lnet/sourceforge/pmd/RuleContext;)V+39
j  net.sourceforge.pmd.SourceCodeProcessor.processSourceCode(Ljava/io/InputStream;Lnet/sourceforge/pmd/RuleSets;Lnet/sourceforge/pmd/RuleContext;)V+22
j  net.sourceforge.pmd.processor.PmdRunnable.call()Lnet/sourceforge/pmd/Report;+215
j  net.sourceforge.pmd.processor.PmdRunnable.call()Ljava/lang/Object;+1
j  java.util.concurrent.FutureTask.run()V+39 java.base@21.0.9-internal
j  java.util.concurrent.Executors$RunnableAdapter.call()Ljava/lang/Object;+4 java.base@21.0.9-internal
j  java.util.concurrent.FutureTask.run()V+39 java.base@21.0.9-internal
j  java.util.concurrent.ThreadPoolExecutor.runWorker(Ljava/util/concurrent/ThreadPoolExecutor$Worker;)V+92 java.base@21.0.9-internal
j  java.util.concurrent.ThreadPoolExecutor$Worker.run()V+5 java.base@21.0.9-internal
j  java.lang.Thread.runWith(Ljava/lang/Object;Ljava/lang/Runnable;)V+5 java.base@21.0.9-internal
j  java.lang.Thread.run()V+19 java.base@21.0.9-internal
v  ~StubRoutines::call_stub 0x000072cee7c17cc6
V  [libjvm.so+0x92b2fa]  JavaCalls::call_helper(JavaValue*, methodHandle const&, JavaCallArguments*, JavaThread*)+0x2da  (javaCalls.cpp:415)
V  [libjvm.so+0x92ccb2]  JavaCalls::call_virtual(JavaValue*, Handle, Klass*, Symbol*, Symbol*, JavaThread*)+0x1c2  (javaCalls.cpp:329)
V  [libjvm.so+0x9fc323]  thread_entry(JavaThread*, JavaThread*)+0x93  (jvm.cpp:2930)
V  [libjvm.so+0x941e38]  JavaThread::thread_main_inner() [clone .part.0]+0xb8  (javaThread.cpp:717)
V  [libjvm.so+0xf9e927]  Thread::call_run()+0xa7  (thread.cpp:236)
V  [libjvm.so+0xd290e5]  thread_native_entry(Thread*)+0xd5  (os_linux.cpp:789)
C  [libc.so.6+0x9caa4]

siginfo: si_signo: 11 (SIGSEGV), si_code: 128 (SI_KERNEL), si_addr: 0x0000000000000000

Registers:
RAX=0x00006621c3000000, RBX=0x000072ceffb04c60, RCX=0x0000000000169588, RDX=0x00006621b80070c0
RSP=0x00006621c22fc9d8, RBP=0x00006621c22fcaa0, RSI=0x000000005109acc8, RDI=0x00006621c3000000
R8 =0x0000000000000001, R9 =0x000072cef885d300, R10=0x00006621c3000000, R11=0x000072cee122b100
R12=0x0000000000000000, R13=0x00006621c22fca40, R14=0x0000000000000000, R15=0x000072cef885d300
RIP=0x000072cee7f74eb7, EFLAGS=0x0000000000010206, CSGSFS=0x002b000000000033, ERR=0x0000000000000000
  TRAPNO=0x000000000000000d

XMM[0]=0x0000000000000000 0x0000000000000000
XMM[1]=0x0000000000000000 0x400051eb851eb852
XMM[2]=0x0000000000000000 0x4078000000000000
XMM[3]=0x0000000000000000 0x41abee0000000000
XMM[4]=0x0000000000000000 0x00000000173f4425
XMM[5]=0x0000000000000000 0x00000000002bd2fe
XMM[6]=0x0000000000000000 0x00006621c22fcb60
XMM[7]=0x0000000000000000 0x000072cee126f91c
XMM[8]=0x0000000000000000 0x001d0002001c0000
XMM[9]=0x0000000000000000 0xf4496d14fd69eed4
XMM[10]=0x0000000000000000 0x00000000092081c0
XMM[11]=0x0000000000000000 0xefe56f2fed4f5e03
XMM[12]=0x0000000000000000 0x00000000fd69eed4
XMM[13]=0x0000000000000000 0xf29e52a2b90150b5
XMM[14]=0x0000000000000000 0x00000000c662fe13
XMM[15]=0x0000000000000000 0x0000000000000000
  MXCSR=0x00001fa3


Register to memory mapping:

RAX=
[error occurred during error reporting (printing register info), id 0xe0000000, Internal Error (/mydata/mmtk-openjdk/openjdk/share/mmtkHeap.cpp:444)]
RBX=
[error occurred during error reporting (printing register info, attempt 2), id 0xe0000000, Internal Error (/mydata/mmtk-openjdk/openjdk/share/mmtkHeap.cpp:444)]
RCX=
[error occurred during error reporting (printing register info, attempt 3), id 0xe0000000, Internal Error (/mydata/mmtk-openjdk/openjdk/share/mmtkHeap.cpp:444)]
Top of Stack: (sp=0x00006621c22fc9d8)
0x00006621c22fc9d8:   000072cee122b36c 00006621c22fca60
0x00006621c22fc9e8:   000072ceffaf7bb0 0000000000000001
0x00006621c22fc9f8:   0000000100000004 000072cf00634240
0x00006621c22fca08:   0000000051355e30 0000000051141d28
0x00006621c22fca18:   0000000051141d50 0000660100000001
0x00006621c22fca28:   0000000050638108 00006621c22fcaa0
0x00006621c22fca38:   000072cee7c1eff2 0000000051355e30
0x00006621c22fca48:   0000000051141d00 0000000051141d00
0x00006621c22fca58:   00006621c22fca58 00006621b8cd8098
0x00006621c22fca68:   0000000000000002 00006621b8cf1eb0
0x00006621c22fca78:   0000000000000000 00000000449f7b20
0x00006621c22fca88:   00006621b8cd80c0 00006621c22fca40
0x00006621c22fca98:   00006621c22fcab0 00006621c22fcb10
0x00006621c22fcaa8:   000072cee7c1eff2 0000000051355e58
0x00006621c22fcab8:   0000000000000000 0000000051141ce8
0x00006621c22fcac8:   00006621c22fcac8 00006621b8b8bc84
0x00006621c22fcad8:   0000000000000004 00006621b8bba5c0
0x00006621c22fcae8:   0000000000000000 000000004b46e468
0x00006621c22fcaf8:   00006621b8b8bcf0 00006621c22fcab0
0x00006621c22fcb08:   00006621c22fcb30 00006621c22fcb80
0x00006621c22fcb18:   000072cee7c1eff2 0000000000000000
0x00006621c22fcb28:   0000000051141ce8 00000000511401a8
0x00006621c22fcb38:   00006621c22fcb38 00006621b8cd5d74
0x00006621c22fcb48:   0000000000000010 00006621b8cf1eb0
0x00006621c22fcb58:   00006621b8da5040 00000000449f7b20
0x00006621c22fcb68:   00006621b8cd62c8 00006621c22fcb30
0x00006621c22fcb78:   00006621c22fcc10 00006621c22fcf18
0x00006621c22fcb88:   000072cee1220b14 0000000000000000
0x00006621c22fcb98:   0000000000000000 0000000000000000
0x00006621c22fcba8:   0000000000000000 0000000000000000
0x00006621c22fcbb8:   0000000000000000 0000000000000000
0x00006621c22fcbc8:   0000000051355ad8 000000005109c638 

Instructions: (pc=0x000072cee7f74eb7)
0x000072cee7f74db7:   00 c3 21 66 00 00 49 03 c2 48 8b 98 b0 03 00 00
0x000072cee7f74dc7:   ff 63 40 89 0c 24 44 89 54 98 87 f7 e7 ce 72 00
0x000072cee7f74dd7:   00 0b 00 17 00 00 00 01 24 8b 46 08 49 ba 00 00
0x000072cee7f74de7:   00 c3 21 66 00 00 49 03 c2 48 8b 98 30 02 00 00
0x000072cee7f74df7:   ff 63 40 ff ff ff 44 8b 54 40 c1 d1 e7 ce 72 00
0x000072cee7f74e07:   00 2f 00 17 00 00 00 01 04 8b 46 08 49 ba 00 00
0x000072cee7f74e17:   00 c3 21 66 00 00 49 03 c2 48 8b 98 50 03 00 00
0x000072cee7f74e27:   ff 63 40 00 00 48 8b f0 c5 00 00 00 00 00 00 00
0x000072cee7f74e37:   00 11 00 17 00 00 00 01 ff 8b 46 08 49 ba 00 00
0x000072cee7f74e47:   00 c3 21 66 00 00 49 03 c2 48 8b 98 60 02 00 00
0x000072cee7f74e57:   ff 63 40 8b ea 44 89 0c 24 00 00 00 00 00 00 00
0x000072cee7f74e67:   00 41 00 17 00 00 00 01 90 8b 46 08 49 ba 00 00
0x000072cee7f74e77:   00 c3 21 66 00 00 49 03 c2 48 8b 98 e0 03 00 00
0x000072cee7f74e87:   ff 63 40 77 e8 70 54 cf ff 88 c0 d1 e7 ce 72 00
0x000072cee7f74e97:   00 30 00 17 00 00 00 01 00 8b 46 08 49 ba 00 00
0x000072cee7f74ea7:   00 c3 21 66 00 00 49 03 c2 48 8b 98 58 03 00 00
0x000072cee7f74eb7:   ff 63 40 f7 e7 ce 72 00 00 88 8f f7 e7 ce 72 00
0x000072cee7f74ec7:   00 17 00 17 00 00 00 01 00 8b 46 08 49 ba 00 00
0x000072cee7f74ed7:   00 c3 21 66 00 00 49 03 c2 48 8b 98 90 02 00 00
0x000072cee7f74ee7:   ff 63 40 00 00 00 00 00 b8 00 00 00 00 00 00 00
0x000072cee7f74ef7:   00 48 00 17 00 00 00 01 00 8b 46 08 49 ba 00 00
0x000072cee7f74f07:   00 c3 21 66 00 00 49 03 c2 48 8b 98 18 04 00 00
0x000072cee7f74f17:   ff 63 40 66 90 ce 72 00 00 00 00 00 00 00 00 00
0x000072cee7f74f27:   00 45 00 17 00 00 00 01 00 8b 46 08 49 ba 00 00
0x000072cee7f74f37:   00 c3 21 66 00 00 49 03 c2 48 8b 98 00 04 00 00
0x000072cee7f74f47:   ff 63 40 00 00 00 00 00 00 f8 bb d1 e7 ce 72 00
0x000072cee7f74f57:   00 15 00 82 00 07 00 00 00 4c 8b 70 08 48 8b 00
0x000072cee7f74f67:   44 8b 56 08 49 bb 00 00 00 c3 21 66 00 00 4d 03
0x000072cee7f74f77:   d3 45 8b 9a ac 00 00 00 4b 8b 9c da d8 01 00 00
0x000072cee7f74f87:   4f 8d 9c da e8 01 00 00 4d 33 ed 49 3b c6 75 24
0x000072cee7f74f97:   48 85 db 74 49 48 3b c3 74 35 49 8b 1b 49 83 c3
0x000072cee7f74fa7:   10 48 3b c3 74 29 48 85 db 75 ef eb 31 49 8b 1b 


Stack slot to memory mapping:

stack at sp + 0 slots: 0x000072cee122b36c is at entry_point+652 in (nmethod*)0x000072cee122af10
Compiled method (c1) 5886 4620       3       net.sf.saxon.expr.PathExpression::copy (22 bytes)
 total in heap  [0x000072cee122af10,0x000072cee122b5b0] = 1696
 relocation     [0x000072cee122b068,0x000072cee122b0d0] = 104
 main code      [0x000072cee122b0e0,0x000072cee122b440] = 864
 stub code      [0x000072cee122b440,0x000072cee122b4a0] = 96
 oops           [0x000072cee122b4a0,0x000072cee122b4a8] = 8
 metadata       [0x000072cee122b4a8,0x000072cee122b4b0] = 8
 scopes data    [0x000072cee122b4b0,0x000072cee122b500] = 80
 scopes pcs     [0x000072cee122b500,0x000072cee122b590] = 144
 dependencies   [0x000072cee122b590,0x000072cee122b598] = 8
 nul chk table  [0x000072cee122b598,0x000072cee122b5b0] = 24
stack at sp + 1 slots: 
[error occurred during error reporting (inspecting top of stack), id 0xe0000000, Internal Error (/mydata/mmtk-openjdk/openjdk/share/mmtkHeap.cpp:444)]
stack at sp + 2 slots: 
[error occurred during error reporting (inspecting top of stack, attempt 2), id 0xe0000000, Internal Error (/mydata/mmtk-openjdk/openjdk/share/mmtkHeap.cpp:444)]
stack at sp + 3 slots: 
[error occurred during error reporting (inspecting top of stack, attempt 3), id 0xe0000000, Internal Error (/mydata/mmtk-openjdk/openjdk/share/mmtkHeap.cpp:444)]
--------------------------------------------------------------------------------
Decoding CodeBlob, name: vtable chunks, at  [0x000072cee7f74180, 0x000072cee7f75888]  5896 bytes
[MachCode]
  0x000072cee7f74180: 0000 0000 | 0000 0000 | 3300 8200 | 0700 0089 | 4c8b 7008 | 488b 0044 | 8b56 0849 | bb00 0000 
  0x000072cee7f741a0: c321 6600 | 004d 03d3 | 458b 9aac | 0000 004b | 8b9c dad8 | 0100 004f | 8d9c dae8 | 0100 004d 
  0x000072cee7f741c0: 33ed 493b | c675 2448 | 85db 7449 | 483b c374 | 3549 8b1b | 4983 c310 | 483b c374 | 2948 85db 
  0x000072cee7f741e0: 75ef eb31 | 498b 1b49 | 83c3 1048 | 3bc3 450f | 446b f84c | 3bf3 7407 | 4885 db75 | e7eb 164d 
  0x000072cee7f74200: 85ed 74cd | eb04 458b | 6bf8 4b8b | 9c2a 9801 | 0000 ff63 | 40e9 669d | caff 8d3c | 1748 f7da 
  0x000072cee7f74220: 0fb7 0456 | a900 ff00 | 0075 0088 | 0417 48ff | c275 ed58 | eb00 33c0 | 28bc d1e7 | ce72 0000 
  0x000072cee7f74240: 2c00 8200 | 0700 0072 | 4c8b 7008 | 488b 0044 | 8b56 0849 | bb00 0000 | c321 6600 | 004d 03d3 
  0x000072cee7f74260: 458b 9aac | 0000 004b | 8b9c dad8 | 0100 004f | 8d9c dae8 | 0100 004d | 33ed 493b | c675 2448 
  0x000072cee7f74280: 85db 7449 | 483b c374 | 3549 8b1b | 4983 c310 | 483b c374 | 2948 85db | 75ef eb31 | 498b 1b49 
  0x000072cee7f742a0: 83c3 1048 | 3bc3 450f | 446b f84c | 3bf3 7407 | 4885 db75 | e7eb 164d | 85ed 74cd | eb04 458b 
  0x000072cee7f742c0: 6bf8 4b8b | 9c2a 6001 | 0000 ff63 | 40e9 ae9c | caff 83fd | 020f 8625 | 0500 004c | 63d5 4d63 
  0x000072cee7f742e0: d84d 8d4b | ff4d 3bca | 0f83 1205 | 0000 4983 | 0000 0000 | 0000 0000 | 7c00 8200 | 0700 0000 
  0x000072cee7f74300: 4c8b 7008 | 488b 0044 | 8b56 0849 | bb00 0000 | c321 6600 | 004d 03d3 | 458b 9aac | 0000 004b 
  0x000072cee7f74320: 8b9c dad8 | 0100 004f | 8d9c dae8 | 0100 004d | 33ed 493b | c675 2448 | 85db 7449 | 483b c374 
  0x000072cee7f74340: 3549 8b1b | 4983 c310 | 483b c374 | 2948 85db | 75ef eb31 | 498b 1b49 | 83c3 1048 | 3bc3 450f 
  0x000072cee7f74360: 446b f84c | 3bf3 7407 | 4885 db75 | e7eb 164d | 85ed 74cd | eb04 458b | 6bf8 4b8b | 9c2a e003 
  0x000072cee7f74380: 0000 ff63 | 40e9 f69b | caff 4c24 | 1c44 3bcd | 0f8c c701 | 0000 488b | 6c24 0844 | 8b5d 0c44 
  0x000072cee7f743a0: 3b5c 2404 | 0f85 1204 | 0000 0000 | 0000 0000 | 2900 8200 | 0700 0050 | 4c8b 7008 | 488b 0044 
  0x000072cee7f743c0: 8b56 0849 | bb00 0000 | c321 6600 | 004d 03d3 | 458b 9aac | 0000 004b | 8b9c dad8 | 0100 004f 
  0x000072cee7f743e0: 8d9c dae8 | 0100 004d | 33ed 493b | c675 2448 | 85db 7449 | 483b c374 | 3549 8b1b | 4983 c310 
  0x000072cee7f74400: 483b c374 | 2948 85db | 75ef eb31 | 498b 1b49 | 83c3 1048 | 3bc3 450f | 446b f84c | 3bf3 7407 
  0x000072cee7f74420: 4885 db75 | e7eb 164d | 85ed 74cd | eb04 458b | 6bf8 4b8b | 9c2a 4801 | 0000 ff63 | 40e9 3e9b 
  0x000072cee7f74440: caff 8400 | 0000 0000 | 48b8 30fc | 02c4 2166 | 0000 4833 | ff4c 8b9e | a000 0000 | 498b d348 
  0x000072cee7f74460: 0000 0000 | 0000 0000 | 1400 1700 | 0000 018b | 8b46 0849 | ba00 0000 | c321 6600 | 0049 03c2 
  0x000072cee7f74480: 488b 9878 | 0200 00ff | 6340 48ff | c748 85ff | 0000 0000 | 0000 0000 | 7400 8200 | 0700 0000 
  0x000072cee7f744a0: 4c8b 7008 | 488b 0044 | 8b56 0849 | bb00 0000 | c321 6600 | 004d 03d3 | 458b 9aac | 0000 004b 
  0x000072cee7f744c0: 8b9c dad8 | 0100 004f | 8d9c dae8 | 0100 004d | 33ed 493b | c675 2448 | 85db 7449 | 483b c374 
  0x000072cee7f744e0: 3549 8b1b | 4983 c310 | 483b c374 | 2948 85db | 75ef eb31 | 498b 1b49 | 83c3 1048 | 3bc3 450f 
  0x000072cee7f74500: 446b f84c | 3bf3 7407 | 4885 db75 | e7eb 164d | 85ed 74cd | eb04 458b | 6bf8 4b8b | 9c2a a003 
  0x000072cee7f74520: 0000 ff63 | 40e9 569a | caff ec60 | 4181 7f20 | 0000 0000 | 0f85 2705 | 0000 4889 | 5424 084c 
  0x000072cee7f74540: 8944 2410 | 85c9 0f84 | 6044 f7e7 | ce72 0000 | 1f00 8200 | 0700 0024 | 4c8b 7008 | 488b 0044 
  0x000072cee7f74560: 8b56 0849 | bb00 0000 | c321 6600 | 004d 03d3 | 458b 9aac | 0000 004b | 8b9c dad8 | 0100 004f 
  0x000072cee7f74580: 8d9c dae8 | 0100 004d | 33ed 493b | c675 2448 | 85db 7449 | 483b c374 | 3549 8b1b | 4983 c310 
  0x000072cee7f745a0: 483b c374 | 2948 85db | 75ef eb31 | 498b 1b49 | 83c3 1048 | 3bc3 450f | 446b f84c | 3bf3 7407 
  0x000072cee7f745c0: 4885 db75 | e7eb 164d | 85ed 74cd | eb04 458b | 6bf8 4b8b | 9c2a f800 | 0000 ff63 | 40e9 9e99 
  0x000072cee7f745e0: caff 5a40 | 4585 db0f | 84a4 0000 | 004d 8bd3 | 458b 5a08 | 4181 fbd0 | 8f37 000f | 8567 0100 
  0x000072cee7f74600: 0000 0000 | 0000 0000 | 4400 8200 | 0700 0045 | 4c8b 7008 | 488b 0044 | 8b56 0849 | bb00 0000 
  0x000072cee7f74620: c321 6600 | 004d 03d3 | 458b 9aac | 0000 004b | 8b9c dad8 | 0100 004f | 8d9c dae8 | 0100 004d 
  0x000072cee7f74640: 33ed 493b | c675 2448 | 85db 7449 | 483b c374 | 3549 8b1b | 4983 c310 | 483b c374 | 2948 85db 
  0x000072cee7f74660: 75ef eb31 | 498b 1b49 | 83c3 1048 | 3bc3 450f | 446b f84c | 3bf3 7407 | 4885 db75 | e7eb 164d 
  0x000072cee7f74680: 85ed 74cd | eb04 458b | 6bf8 4b8b | 9c2a 2002 | 0000 ff63 | 40e9 e698 | caff 90e8 | e009 cfff 
  0x000072cee7f746a0: 0f1f 8400 | 0000 0000 | 4c8b d048 | 85c0 0f85 | 3cff ffff | bef6 ffff | 0000 0000 | 0000 0000 
  0x000072cee7f746c0: 7500 8200 | 0700 0000 | 4c8b 7008 | 488b 0044 | 8b56 0849 | bb00 0000 | c321 6600 | 004d 03d3 
  0x000072cee7f746e0: 458b 9aac | 0000 004b | 8b9c dad8 | 0100 004f | 8d9c dae8 | 0100 004d | 33ed 493b | c675 2448 
  0x000072cee7f74700: 85db 7449 | 483b c374 | 3549 8b1b | 4983 c310 | 483b c374 | 2948 85db | 75ef eb31 | 498b 1b49 
  0x000072cee7f74720: 83c3 1048 | 3bc3 450f | 446b f84c | 3bf3 7407 | 4885 db75 | e7eb 164d | 85ed 74cd | eb04 458b 
  0x000072cee7f74740: 6bf8 4b8b | 9c2a a803 | 0000 ff63 | 40e9 2e98 | caff 3600 | cf72 0000 | d01e 0000 | 6000 0000 
  0x000072cee7f74760: ffff ffff | d01e 0000 | 0000 0000 | 0000 006c | 80cf f7e7 | ce72 0000 | 2700 8200 | 0700 0000 
  0x000072cee7f74780: 4c8b 7008 | 488b 0044 | 8b56 0849 | bb00 0000 | c321 6600 | 004d 03d3 | 458b 9aac | 0000 004b 
  0x000072cee7f747a0: 8b9c dad8 | 0100 004f | 8d9c dae8 | 0100 004d | 33ed 493b | c675 2448 | 85db 7449 | 483b c374 
  0x000072cee7f747c0: 3549 8b1b | 4983 c310 | 483b c374 | 2948 85db | 75ef eb31 | 498b 1b49 | 83c3 1048 | 3bc3 450f 
  0x000072cee7f747e0: 446b f84c | 3bf3 7407 | 4885 db75 | e7eb 164d | 85ed 74cd | eb04 458b | 6bf8 4b8b | 9c2a 3801 
  0x000072cee7f74800: 0000 ff63 | 40e9 7697 | caff 0424 | 8b4c 2418 | 8b74 241c | 4c8b 4424 | 2045 8bd1 | 4c8b 4c24 
  0x000072cee7f74820: 0845 8b69 | 1441 8bda | 0000 0000 | 0000 0000 | 7700 8200 | 0700 0001 | 4c8b 7008 | 488b 0044 
  0x000072cee7f74840: 8b56 0849 | bb00 0000 | c321 6600 | 004d 03d3 | 458b 9aac | 0000 004b | 8b9c dad8 | 0100 004f 
  0x000072cee7f74860: 8d9c dae8 | 0100 004d | 33ed 493b | c675 2448 | 85db 7449 | 483b c374 | 3549 8b1b | 4983 c310 
  0x000072cee7f74880: 483b c374 | 2948 85db | 75ef eb31 | 498b 1b49 | 83c3 1048 | 3bc3 450f | 446b f84c | 3bf3 7407 
  0x000072cee7f748a0: 4885 db75 | e7eb 164d | 85ed 74cd | eb04 458b | 6bf8 4b8b | 9c2a b803 | 0000 ff63 | 40e9 be96 
  0x000072cee7f748c0: caff 8b6c | 2428 eb08 | 4533 d233 | ed45 8bcb | 41c6 4630 | 014c 8b44 | 2408 458b | 5810 413b 
  0x000072cee7f748e0: 0000 0000 | 0000 0000 | 6b00 8200 | 0700 0008 | 4c8b 7008 | 488b 0044 | 8b56 0849 | bb00 0000 
  0x000072cee7f74900: c321 6600 | 004d 03d3 | 458b 9aac | 0000 004b | 8b9c dad8 | 0100 004f | 8d9c dae8 | 0100 004d 
  0x000072cee7f74920: 33ed 493b | c675 2448 | 85db 7449 | 483b c374 | 3549 8b1b | 4983 c310 | 483b c374 | 2948 85db 
  0x000072cee7f74940: 75ef eb31 | 498b 1b49 | 83c3 1048 | 3bc3 450f | 446b f84c | 3bf3 7407 | 4885 db75 | e7eb 164d 
  0x000072cee7f74960: 85ed 74cd | eb04 458b | 6bf8 4b8b | 9c2a 5803 | 0000 ff63 | 40e9 0696 | caff 3bd5 | 0f83 3601 
  0x000072cee7f74980: 0000 418b | fa0f b754 | 7a10 4489 | 5424 2ce9 | c7fe ffff | 896c 2414 | 0000 0000 | 0000 0000 
  0x000072cee7f749a0: 1e00 8200 | 0700 0000 | 4c8b 7008 | 488b 0044 | 8b56 0849 | bb00 0000 | c321 6600 | 004d 03d3 
  0x000072cee7f749c0: 458b 9aac | 0000 004b | 8b9c dad8 | 0100 004f | 8d9c dae8 | 0100 004d | 33ed 493b | c675 2448 
  0x000072cee7f749e0: 85db 7449 | 483b c374 | 3549 8b1b | 4983 c310 | 483b c374 | 2948 85db | 75ef eb31 | 498b 1b49 
  0x000072cee7f74a00: 83c3 1048 | 3bc3 450f | 446b f84c | 3bf3 7407 | 4885 db75 | e7eb 164d | 85ed 74cd | eb04 458b 
  0x000072cee7f74a20: 6bf8 4b8b | 9c2a f000 | 0000 ff63 | 40e9 4e95 | caff 5424 | 1c4c 8974 | 2420 894c | 2428 897c 
  0x000072cee7f74a40: 242c 90e8 | b858 cfff | 0f1f 8400 | 0000 0000 | 0000 0000 | 0000 0000 | 1800 1700 | 0000 0189 
  0x000072cee7f74a60: 8b46 0849 | ba00 0000 | c321 6600 | 0049 03c2 | 488b 9898 | 0200 00ff | 6340 894c | 2428 90e8 
  0x000072cee7f74a80: 0000 0000 | 0000 0000 | 4400 1700 | 0000 01ff | 8b46 0849 | ba00 0000 | c321 6600 | 0049 03c2 
  0x000072cee7f74aa0: 488b 98f8 | 0300 00ff | 6340 90e8 | 5058 cfff | 90d4 f7e7 | ce72 0000 | 0400 1700 | 0000 0174 
  0x000072cee7f74ac0: 8b46 0849 | ba00 0000 | c321 6600 | 0049 03c2 | 488b 98f8 | 0100 00ff | 6340 5424 | 2044 8954 
  0x000072cee7f74ae0: 38d2 f7e7 | ce72 0000 | 2200 1700 | 0000 01ff | 8b46 0849 | ba00 0000 | c321 6600 | 0049 03c2 
  0x000072cee7f74b00: 488b 98e8 | 0200 00ff | 6340 0000 | bef6 ffff | 0000 0000 | 0000 0000 | 7100 8200 | 0700 0000 
  0x000072cee7f74b20: 4c8b 7008 | 488b 0044 | 8b56 0849 | bb00 0000 | c321 6600 | 004d 03d3 | 458b 9aac | 0000 004b 
  0x000072cee7f74b40: 8b9c dad8 | 0100 004f | 8d9c dae8 | 0100 004d | 33ed 493b | c675 2448 | 85db 7449 | 483b c374 
  0x000072cee7f74b60: 3549 8b1b | 4983 c310 | 483b c374 | 2948 85db | 75ef eb31 | 498b 1b49 | 83c3 1048 | 3bc3 450f 
  0x000072cee7f74b80: 446b f84c | 3bf3 7407 | 4885 db75 | e7eb 164d | 85ed 74cd | eb04 458b | 6bf8 4b8b | 9c2a 8803 
  0x000072cee7f74ba0: 0000 ff63 | 40e9 d693 | caff 2048 | 83c7 4048 | 83e9 087d | ed48 83c1 | 047c 00c5 | fe7f 0748 
  0x000072cee7f74bc0: 83c7 2048 | 83e9 0448 | 0000 0000 | 0000 0000 | 4d00 8200 | 0700 0008 | 4c8b 7008 | 488b 0044 
  0x000072cee7f74be0: 8b56 0849 | bb00 0000 | c321 6600 | 004d 03d3 | 458b 9aac | 0000 004b | 8b9c dad8 | 0100 004f 
  0x000072cee7f74c00: 8d9c dae8 | 0100 004d | 33ed 493b | c675 2448 | 85db 7449 | 483b c374 | 3549 8b1b | 4983 c310 
  0x000072cee7f74c20: 483b c374 | 2948 85db | 75ef eb31 | 498b 1b49 | 83c3 1048 | 3bc3 450f | 446b f84c | 3bf3 7407 
  0x000072cee7f74c40: 4885 db75 | e7eb 164d | 85ed 74cd | eb04 458b | 6bf8 4b8b | 9c2a 6802 | 0000 ff63 | 40e9 1e93 
  0x000072cee7f74c60: caff 3bca | 0f84 c6fe | ffff 418b | 4e0c 448b | 5424 0c44 | 8b44 2408 | e903 feff | ff48 b830 
  0x000072cee7f74c80: 2886 f7e7 | ce72 0000 | 1300 1700 | 0000 0100 | 8b46 0849 | ba00 0000 | c321 6600 | 0049 03c2 
  0x000072cee7f74ca0: 488b 9870 | 0200 00ff | 6340 f7e7 | ce72 0000 | f890 f7e7 | ce72 0000 | 1f00 1700 | 0000 0100 
  0x000072cee7f74cc0: 8b46 0849 | ba00 0000 | c321 6600 | 0049 03c2 | 488b 98d0 | 0200 00ff | 6340 0000 | 6000 0000 
  0x000072cee7f74ce0: a843 f7e7 | ce72 0000 | 0a00 1700 | 0000 0189 | 8b46 0849 | ba00 0000 | c321 6600 | 0049 03c2 
  0x000072cee7f74d00: 488b 9828 | 0200 00ff | 6340 0000 | 00c5 400f | 0000 0000 | 0000 0000 | 3500 1700 | 0000 0190 
  0x000072cee7f74d20: 8b46 0849 | ba00 0000 | c321 6600 | 0049 03c2 | 488b 9880 | 0300 00ff | 6340 be76 | ffff ff41 
  0x000072cee7f74d40: d0bf d1e7 | ce72 0000 | 2100 1700 | 0000 0110 | 8b46 0849 | ba00 0000 | c321 6600 | 0049 03c2 
  0x000072cee7f74d60: 488b 98e0 | 0200 00ff | 6340 2404 | 4489 5424 | 0000 0000 | 0000 0000 | 2400 1700 | 0000 0118 
  0x000072cee7f74d80: 8b46 0849 | ba00 0000 | c321 6600 | 0049 03c2 | 488b 98f8 | 0200 00ff | 6340 4489 | 4c24 0844 
  0x000072cee7f74da0: 0000 0000 | 0000 0000 | 3b00 1700 | 0000 0189 | 8b46 0849 | ba00 0000 | c321 6600 | 0049 03c2 
  0x000072cee7f74dc0: 488b 98b0 | 0300 00ff | 6340 890c | 2444 8954 | 9887 f7e7 | ce72 0000 | 0b00 1700 | 0000 0124 
  0x000072cee7f74de0: 8b46 0849 | ba00 0000 | c321 6600 | 0049 03c2 | 488b 9830 | 0200 00ff | 6340 ffff | ff44 8b54 
  0x000072cee7f74e00: 40c1 d1e7 | ce72 0000 | 2f00 1700 | 0000 0104 | 8b46 0849 | ba00 0000 | c321 6600 | 0049 03c2 
  0x000072cee7f74e20: 488b 9850 | 0300 00ff | 6340 0000 | 488b f0c5 | 0000 0000 | 0000 0000 | 1100 1700 | 0000 01ff 
  0x000072cee7f74e40: 8b46 0849 | ba00 0000 | c321 6600 | 0049 03c2 | 488b 9860 | 0200 00ff | 6340 8bea | 4489 0c24 
  0x000072cee7f74e60: 0000 0000 | 0000 0000 | 4100 1700 | 0000 0190 | 8b46 0849 | ba00 0000 | c321 6600 | 0049 03c2 
  0x000072cee7f74e80: 488b 98e0 | 0300 00ff | 6340 77e8 | 7054 cfff | 88c0 d1e7 | ce72 0000 | 3000 1700 | 0000 0100 
  0x000072cee7f74ea0: 8b46 0849 | ba00 0000 | c321 6600 | 0049 03c2 | 488b 9858 | 0300 00ff | 6340 f7e7 | ce72 0000 
  0x000072cee7f74ec0: 888f f7e7 | ce72 0000 | 1700 1700 | 0000 0100 | 8b46 0849 | ba00 0000 | c321 6600 | 0049 03c2 
  0x000072cee7f74ee0: 488b 9890 | 0200 00ff | 6340 0000 | 0000 00b8 | 0000 0000 | 0000 0000 | 4800 1700 | 0000 0100 
  0x000072cee7f74f00: 8b46 0849 | ba00 0000 | c321 6600 | 0049 03c2 | 488b 9818 | 0400 00ff | 6340 6690 | ce72 0000 
  0x000072cee7f74f20: 0000 0000 | 0000 0000 | 4500 1700 | 0000 0100 | 8b46 0849 | ba00 0000 | c321 6600 | 0049 03c2 
  0x000072cee7f74f40: 488b 9800 | 0400 00ff | 6340 0000 | 0000 0000 | f8bb d1e7 | ce72 0000 | 1500 8200 | 0700 0000 
  0x000072cee7f74f60: 4c8b 7008 | 488b 0044 | 8b56 0849 | bb00 0000 | c321 6600 | 004d 03d3 | 458b 9aac | 0000 004b 
  0x000072cee7f74f80: 8b9c dad8 | 0100 004f | 8d9c dae8 | 0100 004d | 33ed 493b | c675 2448 | 85db 7449 | 483b c374 
  0x000072cee7f74fa0: 3549 8b1b | 4983 c310 | 483b c374 | 2948 85db | 75ef eb31 | 498b 1b49 | 83c3 1048 | 3bc3 450f 
  0x000072cee7f74fc0: 446b f84c | 3bf3 7407 | 4885 db75 | e7eb 164d | 85ed 74cd | eb04 458b | 6bf8 4b8b | 9c2a a800 
  0x000072cee7f74fe0: 0000 ff63 | 40e9 968f | caff 150f | 84f3 1100 | 0083 fd17 | 0f85 5701 | 0000 418d | 6ee9 85ed 
  0x000072cee7f75000: 0f8c 6601 | 0000 4585 | 0000 0000 | 0000 0000 | 4a00 1700 | 0000 0180 | 8b46 0849 | ba00 0000 
  0x000072cee7f75020: c321 6600 | 0049 03c2 | 488b 9828 | 0400 00ff | 6340 2c24 | 4c89 5c24 | 0000 0000 | 0000 0000 
  0x000072cee7f75040: 3e00 1700 | 0000 0149 | 8b46 0849 | ba00 0000 | c321 6600 | 0049 03c2 | 488b 98c8 | 0300 00ff 
  0x000072cee7f75060: 6340 0048 | 83c6 1033 | 9849 f7e7 | ce72 0000 | 1500 1700 | 0000 01ff | 8b46 0849 | ba00 0000 
  0x000072cee7f75080: c321 6600 | 0049 03c2 | 488b 9880 | 0200 00ff | 6340 524c | 63db 4c63 | c54d 63ca | 4d03 c84d 
  0x000072cee7f750a0: 3bcb 0f83 | 6c14 0000 | 4983 c016 | 4d3b c30f | 8364 1400 | 0045 8bca | 4183 fa17 | 0f83 5a14 
  0x000072cee7f750c0: 0000 470f | be44 0d10 | 478d 5431 | e98b 5c24 | 3046 0fbe | 5413 1045 | 3bd0 7560 | 41ff c141 
  0x000072cee7f750e0: 83f9 177c | dd41 b9ff | ffff ff4c | 8b5c 2418 | 4c8b 2c24 | 448b 5424 | 144c 8b44 | 2428 4585 
  0x000072cee7f75100: c97d 6933 | ed45 85c9 | 400f 9cc5 | be45 ffff | ff4c 8b4c | 2408 4c89 | 0c24 4c89 | 5c24 0844 
  0x000072cee7f75120: 8954 2414 | 4c89 4424 | 2866 6690 | c5f8 77e8 | cc51 cfff | 0f1f 8400 | 0000 0000 | 4c8b 5c24 
  0x000072cee7f75140: 184c 8b2c | 2444 8b54 | 2414 4c8b | 4424 28eb | ad83 fd18 | 0f84 e211 | 0000 83fd | 110f 8409 
  0x000072cee7f75160: 1200 0083 | fd10 0f84 | 3012 0000 | 4c89 1c24 | 41ff c244 | 3b54 2410 | 0f8c 7a05 | 0000 4c8b 
  0x000072cee7f75180: 5424 0845 | 8b52 4041 | 8b6a 1085 | ed0f 8f39 | 1000 004c | 8b14 2441 | 8b5a 148b | 6b0c 450f 
  0x000072cee7f751a0: be52 10c4 | 622a f7dd | 4183 c3df | 4585 db7d | 0844 8beb | e9d8 0000 | 0045 85d2 | 0f85 a210 
  0x000072cee7f751c0: 0000 85ed | 0f86 020f | 0000 4c8b | db48 8d7b | 1080 3f68 | 7408 448b | ebe9 b300 | 0000 498b 
  0x000072cee7f751e0: f5ba 2100 | 0000 33c9 | c5f8 7749 | ba20 f0c4 | e7ce 7200 | 0041 ffd2 | 0f1f 8400 | 0000 0000 
  0x000072cee7f75200: 4c8b 1424 | 458b 6a14 | 450f be52 | 1044 8bd8 | 85c0 0f8d | d00b 0000 | 4183 c322 | 4183 fb21 
  0x000072cee7f75220: 7d47 443b | dd0f 83a1 | 1100 0083 | fd20 0f86 | 9811 0000 | 4183 fb21 | 0f83 8e11 | 0000 4d63 
  0x000072cee7f75240: c342 0fbe | 4c03 1049 | b9e0 632c | 3821 6600 | 0047 0fbe | 4401 1041 | 3bc8 0f85 | 7004 0000 
  0x000072cee7f75260: 41ff c341 | 83fb 217c | d541 8b5d | 0cc4 622a | f7f3 418d | 6edf 83fd | 140f 8430 | 0a00 0083 
  0x000072cee7f75280: fd1e 0f84 | c011 0000 | 83fd 290f | 84d7 1100 | 0041 8b6d | 0cc4 622a | f7c5 4183 | c0d8 4585 
  0x000072cee7f752a0: c07d 1145 | 85ed 0f84 | 0f04 0000 | 418b dde9 | d900 0000 | 4585 d20f | 85cf 0f00 | 0085 ed0f 
  0x000072cee7f752c0: 862b 0e00 | 004d 8bdd | 498d 7d10 | 803f 6874 | 1145 85ed | 0f84 e103 | 0000 418b | dde9 ab00 
  0x000072cee7f752e0: 0000 49be | 987f 1938 | 2166 0000 | 48be 987f | 1938 2166 | 0000 4883 | c610 ba28 | 0000 0033 
  0x000072cee7f75300: c9c5 f877 | 49ba 20f0 | c4e7 ce72 | 0000 41ff | d20f 1f84 | 0000 0000 | 004c 8b14 | 2441 8b5a 
  0x000072cee7f75320: 1445 0fbe | 5210 448b | d885 c00f | 8dc5 0a00 | 0041 83c3 | 2941 83fb | 287d 3d44 | 3bdd 0f83 
  0x000072cee7f75340: b010 0000 | 83fd 270f | 86a7 1000 | 0041 83fb | 280f 839d | 1000 004d | 63c3 470f | be4c 0510 
  0x000072cee7f75360: 430f be4c | 0610 443b | c90f 853b | 0300 0041 | ffc3 4183 | fb28 7cdf | 448b 430c | c4c2 2af7 
  0x000072cee7f75380: e883 c5d8 | 83fd 0c0f | 8433 1100 | 008b 6b0c | c462 2af7 | c541 83c0 | e245 85c0 | 0f8c b600 
  0x000072cee7f753a0: 48bb 0000 | 0000 0000 | 0000 e9fb | ffff ff61 | 0d00 004c | 8bd3 488d | 7b10 803f | 6874 0733 
  0x000072cee7f753c0: c0e9 8a00 | 0000 49bd | a87f 1938 | 2166 0000 | 48be a87f | 1938 2166 | 0000 4883 | c610 ba1e 
  0x000072cee7f753e0: 0000 0033 | c9c5 f877 | 49ba 20f0 | c4e7 ce72 | 0000 41ff | d20f 1f84 | 0000 0000 | 0085 c07d 
  0x000072cee7f75400: 4f83 c01f | 83f8 1e7d | 423b c50f | 830f 1000 | 0083 fd1d | 0f86 0610 | 0000 83f8 | 1e0f 83fd 
  0x000072cee7f75420: 0f00 000f | 1f80 0000 | 0000 660f | 1f44 0000 | 4c63 d046 | 0fbe 5c13 | 1047 0fbe | 4415 1045 
  0x000072cee7f75440: 3bd8 750c | ffc0 83f8 | 1e7c e5b8 | ffff ffff | 85c0 0f8c | 880e 0000 | 4c8b 5424 | 0845 8b52 
  0x000072cee7f75460: 0c45 8b6a | 1045 85ed | 0f8e 6601 | 0000 418b | 5214 448b | 520c 4585 | d20f 8625 | 0c00 004d 
  0x000072cee7f75480: 63da 4d63 | d549 ffca | 4d3b d30f | 8313 0c00 | 004c 8b14 | 2445 8b52 | 144c 8b1c | 2445 0fbe 
  0x000072cee7f754a0: 4310 4d8b | da4d 8d72 | 48bb 0000 | 0000 0000 | 0000 e9fb | ffff ff48 | bb00 0000 | 0000 0000 
  0x000072cee7f754c0: 00e9 fbff | ffff 48bb | 0000 0000 | 0000 0000 | e9fb ffff | ff48 bb00 | 0000 0000 | 0000 00e9 
  0x000072cee7f754e0: fbff ffff | 48bb 0000 | 0000 0000 | 0000 e9fb | ffff ff48 | bb00 0000 | 0000 0000 | 00e9 fbff 
  0x000072cee7f75500: 48bb 0000 | 0000 0000 | 0000 e9fb | ffff ffe9 | 48bb 0000 | 0000 0000 | 0000 e9fb | ffff ffe9 
  0x000072cee7f75520: 48bb 0000 | 0000 0000 | 0000 e9fb | ffff ff6d | 51cf ff83 | 2c24 05e9 | 6451 cfff | 05e9 5e51 
  0x000072cee7f75540: cfff 832c | 2405 e955 | 48bb 0000 | 0000 0000 | 0000 e9fb | ffff ffe9 | a444 daff | e800 0000 
  0x000072cee7f75560: 0048 832c | 2405 e935 | 51cf ff2c | 2405 e92d | 51cf fffc | 7419 488d | 3c0f 488d | 340e 48f7 
  0x000072cee7f75580: d98b 1c0f | 3b1c 0e75 | 3148 83c1 | 0475 f2a8 | 0274 120f | b71f 0fb7 | 0e3b d975 | 1d48 8d7f 
  0x000072cee7f755a0: 0248 8d76 | 02a8 0174 | 0a0f b61f | 0fb6 0e3b | d975 07b8 | 0100 0000 | eb02 33c0 | c5f5 efc9 
  0x000072cee7f755c0: c5fd efc0 | 85c0 7512 | 41ff c345 | 3bdd 0f8c | dcfe ffff | 41bb ffff | ffff 4585 | db0f 8c99 
  0x000072cee7f755e0: 0a00 004c | 8b54 2408 | 458b 5a10 | 4489 5c24 | 0845 85db | 0f84 8209 | 0000 4c8b | 1424 458b 
  0x000072cee7f75600: 520c 4585 | d275 5a4c | 8b14 2445 | 0fb6 5211 | 4585 d20f | 85c8 0700 | 004c 8b14 | 2445 0fbe 
  0x000072cee7f75620: 5210 4585 | d20f 8515 | 0f00 004c | 8b14 2445 | 8b52 1449 | 8bf2 6690 | c5f8 77e8 | 4000 cfff 
  0x000072cee7f75640: 0f1f 8400 | 0000 0000 | 85c0 0f84 | 0508 0000 | 4c8b 1424 | 4189 420c | 8bd0 c1ea | 1033 d0eb 
  0x000072cee7f75660: 0941 8bd2 | c1ea 1041 | 33d2 448b | 5c24 0849 | 8bf3 bf01 | 0000 0048 | 8b0c 244c | 8b44 2420 
  0x000072cee7f75680: 4533 c990 | c5f8 77e8 | f4f9 ceff | 0f1f 8400 | 0000 0000 | c5f8 7748 | 83c4 605d | 493b a768 
  0x000072cee7f756a0: 0700 000f | 873f 1200 | 00c3 4585 | db0f 8cc5 | fcff ff85 | db0f 85d2 | fcff ffbe | f6ff ffff 
  0x000072cee7f756c0: c5f8 77e8 | 384c cfff | 0f1f 8400 | 0000 0000 | 4585 db0f | 8c90 fbff | ff45 85ed | 0f85 affb 
  0x000072cee7f756e0: ffff bef6 | ffff ff90 | c5f8 77e8 | 104c cfff | 0f1f 8400 | 0000 0000 | 4c8b 4424 | 0845 8b40 
  0x000072cee7f75700: 444c 891c | 24e9 e300 | 0000 660f | 1f44 0000 | 448b 4c24 | 104c 8b5c | 2408 458b | 5b3c 418b 
  0x000072cee7f75720: 48bb 0000 | 0000 0000 | 0000 e9fb | ffff ff32 | 0700 0041 | 8b6b 1444 | 8b5d 0c45 | 3bd3 0f83 
  0x000072cee7f75740: 5407 0000 | 428b 6c95 | 1044 8b5d | 0848 be00 | 0000 c321 | 6600 0049 | 03f3 4c8b | 5e20 49b8 
  0x000072cee7f75760: 1092 08c4 | 2166 0000 | 4d3b d80f | 85a6 0200 | 0044 8954 | 2414 4489 | 4c24 1048 | 8bf5 488b 
  0x000072cee7f75780: 1424 488b | 4c24 2066 | 6690 c5f8 | 7748 b8ff | ffff ffff | ffff ffe8 | e4fb ceff | 0f1f 8400 
  0x000072cee7f757a0: 0000 0000 | 448b 5424 | 1441 ffc2 | 443b 5424 | 48bb 0000 | 0000 0000 | 0000 e9fb | ffff ffe9 
  0x000072cee7f757c0: 48bb 0000 | 0000 0000 | 0000 e9fb | ffff ff48 | bb00 0000 | 0000 0000 | 00e9 fbff | ffff 48bb 
  0x000072cee7f757e0: 0000 0000 | 0000 0000 | e9fb ffff | ff48 bb00 | 0000 0000 | 0000 00e9 | fbff ffff | e9ff 41da 
  0x000072cee7f75800: ffe8 0000 | 0000 4883 | 2c24 05e9 | 904e cfff | 0700 0042 | 8b6c 9510 | 448b 5d08 | 48be 0000 
  0x000072cee7f75820: 00c3 2166 | 0000 4903 | f34c 8b5e | 2049 b810 | 9208 c421 | 6600 004d | 3bd8 0f85 | 4402 0000 
  0x000072cee7f75840: e9bb 41da | ffe8 0000 | e9b3 41da | ffe8 0000 | 0000 4883 | 2c24 05e9 | 444e cfff | 8b5d 0c41 
  0x000072cee7f75860: 0fbe 4b10 | c462 72f7 | cb41 83c1 | df45 85c9 | 0f8c 4607 | 0000 85c9 | 0f85 ee08 | 0000 85db 
  0x000072cee7f75880: 0f86 9e07 | 0000 4c8b 
[/MachCode]
--------------------------------------------------------------------------------


Compiled method (c1) 5900 4581       3       net.sf.saxon.expr.PathExpression::optimize (212 bytes)
 total in heap  [0x000072cee121fd10,0x000072cee1224298] = 17800
 relocation     [0x000072cee121fe68,0x000072cee12201d8] = 880
 main code      [0x000072cee12201e0,0x000072cee12230f0] = 12048
 stub code      [0x000072cee12230f0,0x000072cee1223278] = 392
 oops           [0x000072cee1223278,0x000072cee1223280] = 8
 metadata       [0x000072cee1223280,0x000072cee1223330] = 176
 scopes data    [0x000072cee1223330,0x000072cee1223a90] = 1888
 scopes pcs     [0x000072cee1223a90,0x000072cee1224060] = 1488
 dependencies   [0x000072cee1224060,0x000072cee1224070] = 16
 handler table  [0x000072cee1224070,0x000072cee12241c0] = 336
 nul chk table  [0x000072cee12241c0,0x000072cee1224298] = 216

[Constant Pool (empty)]

[MachCode]
[Entry Point]
  # {method} {0x00006621b8ce2a28} 'optimize' '(Lnet/sf/saxon/expr/ExpressionVisitor;Lnet/sf/saxon/type/ItemType;)Lnet/sf/saxon/expr/Expression;' in 'net/sf/saxon/expr/PathExpression'
  # this:     rsi:rsi   = 'net/sf/saxon/expr/PathExpression'
  # parm0:    rdx:rdx   = 'net/sf/saxon/expr/ExpressionVisitor'
  # parm1:    rcx:rcx   = 'net/sf/saxon/type/ItemType'
  #           [sp+0x1a0]  (sp of caller)
  0x000072cee12201e0: 448b 5608 | 49bb 0000 | 00c3 2166 | 0000 4d03 | d34c 3bd0 

  0x000072cee12201f4: ;   {runtime_call ic_miss_stub}
  0x000072cee12201f4: 0f85 864b | a406 660f | 1f44 0000 
[Verified Entry Point]
  0x000072cee1220200: 8984 2400 | c0fe ff55 | 4881 ec90 | 0100 0090 | 4181 7f20 | 0100 0000 

  0x000072cee1220218: ;   {runtime_call StubRoutines (final stubs)}
  0x000072cee1220218: 7405 e841 | eca2 0648 | 89b4 24e0 | 0000 0048 | 8994 24e8 | 0000 0048 | 898c 24f0 

  0x000072cee1220234: ;   {metadata(method data for {method} {0x00006621b8ce2a28} 'optimize' '(Lnet/sf/saxon/expr/ExpressionVisitor;Lnet/sf/saxon/type/ItemType;)Lnet/sf/saxon/expr/Expression;' in 'net/sf/saxon/expr/PathExpression')}
  0x000072cee1220234: 0000 0048 | bfe0 05da | b821 6600 | 008b 87f4 | 0000 0083 | c002 8987 | f400 0000 | 25fe 0700 
  0x000072cee1220254: 0085 c00f | 8416 2900 | 0048 3b02 

  0x000072cee1220260: ;   {metadata(method data for {method} {0x00006621b8ce2a28} 'optimize' '(Lnet/sf/saxon/expr/ExpressionVisitor;Lnet/sf/saxon/type/ItemType;)Lnet/sf/saxon/expr/Expression;' in 'net/sf/saxon/expr/PathExpression')}
  0x000072cee1220260: 488b fa48 | b8e0 05da | b821 6600 | 0048 8380 | 5001 0000 | 018b 5a1c 

  0x000072cee1220278: ; implicit exception: dispatches to 0x000072cee1222b99
  0x000072cee1220278: 483b 0348 

  0x000072cee122027c: ;   {metadata(method data for {method} {0x00006621b8ce2a28} 'optimize' '(Lnet/sf/saxon/expr/ExpressionVisitor;Lnet/sf/saxon/type/ItemType;)Lnet/sf/saxon/expr/Expression;' in 'net/sf/saxon/expr/PathExpression')}
  0x000072cee122027c: 8bfb 48b8 | e005 dab8 | 2166 0000 | 4883 8088 | 0100 0001 

  0x000072cee1220290: ;   {metadata(method data for {method} {0x00006621b8aaa588} 'getOptimizer' '()Lnet/sf/saxon/expr/Optimizer;' in 'net/sf/saxon/Configuration')}
  0x000072cee1220290: 48bf 30c8 | d5b8 2166 | 0000 8b87 | f400 0000 | 83c0 0289 | 87f4 0000 | 0025 feff | 1f00 85c0 
  0x000072cee12202b0: 0f84 e828 | 0000 8bbb | a800 0000 

  0x000072cee12202bc: ;   {metadata(method data for {method} {0x00006621b8aaa588} 'getOptimizer' '()Lnet/sf/saxon/expr/Optimizer;' in 'net/sf/saxon/Configuration')}
  0x000072cee12202bc: 4885 ff48 | bf30 c8d5 | b821 6600 | 0048 c7c0 | 3801 0000 | 7507 48c7 | c048 0100 | 004c 8b04 
  0x000072cee12202dc: 074d 8d40 | 014c 8904 | 074c 8bc2 | 0f85 3001 

  0x000072cee12202ec: ;   {metadata('net/sf/saxon/expr/Optimizer')}
  0x000072cee12202ec: 0000 48ba | d0a0 22c4 | 2166 0000 | 498b 87b8 | 0400 0048 | 8d48 1048 | 3bc8 0f82 | b328 0000 
  0x000072cee122030c: 493b 8fc0 | 0400 000f | 87a6 2800 | 0049 898f | b804 0000 | 488b f848 | c1ef 0649 | ba00 0040 
  0x000072cee122032c: 3c22 6600 | 0045 8a14 | 3a48 8bc8 | 48c1 e903 | 4883 e107 | 48c7 c701 | 0000 0048 | d3e7 4c0b 
  0x000072cee122034c: d748 8bf8 | 48c1 ef06 | 48b9 0000 | 403c 2266 | 0000 4488 | 1439 4983 | 8728 0200 | 0010 4983 
  0x000072cee122036c: 8728 0200 | 0000 48c7 | 0001 0000 | 0048 8bca | 49ba 0000 | 00c3 2166 | 0000 492b | ca89 4808 
  0x000072cee122038c: 4833 c989 | 480c 4833 | c948 8bd0 

  0x000072cee1220398: ;   {metadata(method data for {method} {0x00006621b8aaa588} 'getOptimizer' '()Lnet/sf/saxon/expr/Optimizer;' in 'net/sf/saxon/Configuration')}
  0x000072cee1220398: 48be 30c8 | d5b8 2166 | 0000 4883 | 8658 0100 

  0x000072cee12203a8: ;   {metadata(method data for {method} {0x00006621b8d15ab0} '<init>' '(Lnet/sf/saxon/Configuration;)V' in 'net/sf/saxon/expr/Optimizer')}
  0x000072cee12203a8: 0001 48ba | 20fc d5b8 | 2166 0000 | 8bb2 f400 | 0000 83c6 | 0289 b2f4 | 0000 0081 | e6fe ff1f 
  0x000072cee12203c8: 0085 f60f | 84fb 2700 | 0048 8bd0 

  0x000072cee12203d4: ;   {metadata(method data for {method} {0x00006621b8d15ab0} '<init>' '(Lnet/sf/saxon/Configuration;)V' in 'net/sf/saxon/expr/Optimizer')}
  0x000072cee12203d4: 48be 20fc | d5b8 2166 | 0000 4883 | 8638 0100 

  0x000072cee12203e4: ;   {metadata(method data for {method} {0x00006621c34791f0} '<init>' '()V' in 'java/lang/Object')}
  0x000072cee12203e4: 0001 48ba | c070 00b8 | 2166 0000 | 8bb2 f400 | 0000 83c6 | 0289 b2f4 | 0000 0081 | e6fe ff1f 
  0x000072cee1220404: 0085 f60f | 84e0 2700 | 004c 8bd3 | 4489 500c | 4c8b d044 | 8993 a800 | 0000 448b | aba8 0000 
  0x000072cee1220424: 0049 8bd0 

  0x000072cee1220428: ;   {metadata(method data for {method} {0x00006621b8ce2a28} 'optimize' '(Lnet/sf/saxon/expr/ExpressionVisitor;Lnet/sf/saxon/type/ItemType;)Lnet/sf/saxon/expr/Expression;' in 'net/sf/saxon/expr/PathExpression')}
  0x000072cee1220428: 48be e005 | dab8 2166 | 0000 4883 | 86c0 0100 | 0001 488b 

  0x000072cee122043c: ;   {metadata(method data for {method} {0x00006621b8ce2a28} 'optimize' '(Lnet/sf/saxon/expr/ExpressionVisitor;Lnet/sf/saxon/type/ItemType;)Lnet/sf/saxon/expr/Expression;' in 'net/sf/saxon/expr/PathExpression')}
  0x000072cee122043c: d348 bee0 | 05da b821 | 6600 0048 | 8386 e001 

  0x000072cee122044c: ;   {metadata(method data for {method} {0x00006621b8aa8380} 'getTypeHierarchy' '()Lnet/sf/saxon/type/TypeHierarchy;' in 'net/sf/saxon/Configuration')}
  0x000072cee122044c: 0000 0148 | ba30 65d3 | b821 6600 | 008b b2f4 | 0000 0083 | c602 89b2 | f400 0000 | 81e6 feff 
  0x000072cee122046c: 1f00 85f6 | 0f84 9827 | 0000 8b93 | a000 0000 

  0x000072cee122047c: ;   {metadata(method data for {method} {0x00006621b8aa8380} 'getTypeHierarchy' '()Lnet/sf/saxon/type/TypeHierarchy;' in 'net/sf/saxon/Configuration')}
  0x000072cee122047c: 4885 d248 | ba30 65d3 | b821 6600 | 0048 c7c6 | 3801 0000 | 7507 48c7 | c648 0100 | 0048 8b3c 
  0x000072cee122049c: 3248 8d7f | 0148 893c | 324c 89ac | 24f8 0000 | 000f 8503 

  0x000072cee12204b0: ;   {metadata('net/sf/saxon/type/TypeHierarchy')}
  0x000072cee12204b0: 0100 0048 | ba10 8722 | c421 6600 | 0049 8b87 | b804 0000 | 488d 4818 | 483b c80f | 825e 2700 
  0x000072cee12204d0: 0049 3b8f | c004 0000 | 0f87 5127 | 0000 4989 | 8fb8 0400 | 0048 8bf8 | 48c1 ef06 | 49ba 0000 
  0x000072cee12204f0: 403c 2266 | 0000 458a | 143a 488b | c848 c1e9 | 0348 83e1 | 0748 c7c7 | 0100 0000 | 48d3 e74c 
  0x000072cee1220510: 0bd7 488b | f848 c1ef | 0648 b900 | 0040 3c22 | 6600 0044 | 8814 3949 | 8387 2802 | 0000 1849 
  0x000072cee1220530: 8387 2802 | 0000 0048 | c700 0100 | 0000 488b | ca49 ba00 | 0000 c321 | 6600 0049 | 2bca 8948 
  0x000072cee1220550: 0848 33c9 | 8948 0c48 | 33c9 4889 | 4810 488b 

  0x000072cee1220560: ;   {metadata(method data for {method} {0x00006621b8aa8380} 'getTypeHierarchy' '()Lnet/sf/saxon/type/TypeHierarchy;' in 'net/sf/saxon/Configuration')}
  0x000072cee1220560: d048 be30 | 65d3 b821 | 6600 0048 | 8386 5801 | 0000 0148 | 8bd3 488b | f048 899c | 24d8 0000 
  0x000072cee1220580: 0048 8984 | 24d0 0000 | 0066 0f1f 

  0x000072cee122058c: ;   {optimized virtual_call}
  0x000072cee122058c: 4400 00e8 

  0x000072cee1220590: ; ImmutableOopMap {[208]=Oop [216]=Oop [224]=Oop [232]=Oop [240]=Oop [248]=Oop }
                      ;*invokespecial <init> {reexecute=0 rethrow=0 return_oop=0}
                      ; - net.sf.saxon.Configuration::getTypeHierarchy@13 (line 1801)
                      ; - net.sf.saxon.expr.PathExpression::optimize@12 (line 303)
  0x000072cee1220590: ec4a a406 

  0x000072cee1220594: ;   {other}
  0x000072cee1220594: 0f1f 8400 | 8408 0000 | 488b 8424 | d000 0000 | 488b 9c24 | d800 0000 | 4c8b d044 | 8993 a000 
  0x000072cee12205b4: 0000 8bbb | a000 0000 | 488b b424 | e000 0000 | 8b46 2483 

  0x000072cee12205c8: ;   {metadata(method data for {method} {0x00006621b8ce2a28} 'optimize' '(Lnet/sf/saxon/expr/ExpressionVisitor;Lnet/sf/saxon/type/ItemType;)Lnet/sf/saxon/expr/Expression;' in 'net/sf/saxon/expr/PathExpression')}
  0x000072cee12205c8: f803 48b8 | e005 dab8 | 2166 0000 | 48c7 c218 | 0200 007c | 0748 c7c2 | 2802 0000 | 488b 1c10 
  0x000072cee12205e8: 488d 5b01 | 4889 1c10 | 0f8c 730a | 0000 8b5e | 1c48 8b94 | 24e8 0000 

  0x000072cee1220600: ;   {metadata(method data for {method} {0x00006621b8ce2a28} 'optimize' '(Lnet/sf/saxon/expr/ExpressionVisitor;Lnet/sf/saxon/type/ItemType;)Lnet/sf/saxon/expr/Expression;' in 'net/sf/saxon/expr/PathExpression')}
  0x000072cee1220600: 0048 b8e0 | 05da b821 

  0x000072cee1220608: ;   {metadata('net/sf/saxon/expr/ExpressionVisitor')}
  0x000072cee1220608: 6600 0049 | ba78 8422 | c421 6600 | 004c 8990 | 4802 0000 | 4883 8050 | 0200 0001 

  0x000072cee1220624: ;   {metadata(method data for {method} {0x00006621b8d04f28} 'optimize' '(Lnet/sf/saxon/expr/Expression;Lnet/sf/saxon/type/ItemType;)Lnet/sf/saxon/expr/Expression;' in 'net/sf/saxon/expr/ExpressionVisitor')}
  0x000072cee1220624: 48b8 e08a | d6b8 2166 | 0000 8b90 | f400 0000 | 83c2 0289 | 90f4 0000 | 0081 e2fe | ff1f 0085 
  0x000072cee1220644: d20f 84f1 | 2500 0048 

  0x000072cee122064c: ;   {metadata(method data for {method} {0x00006621b8d04f28} 'optimize' '(Lnet/sf/saxon/expr/Expression;Lnet/sf/saxon/type/ItemType;)Lnet/sf/saxon/expr/Expression;' in 'net/sf/saxon/expr/ExpressionVisitor')}
  0x000072cee122064c: 85db 48b8 | e08a d6b8 | 2166 0000 | 48c7 c238 | 0100 0074 | 0748 c7c2 | 4801 0000 | 488b 0c10 
  0x000072cee122066c: 488d 4901 | 4889 0c10 | 0f84 e704 | 0000 488b | 9424 e800 | 0000 8b4a | 0c48 3b01 

  0x000072cee1220688: ;   {metadata(method data for {method} {0x00006621b8d04f28} 'optimize' '(Lnet/sf/saxon/expr/Expression;Lnet/sf/saxon/type/ItemType;)Lnet/sf/saxon/expr/Expression;' in 'net/sf/saxon/expr/ExpressionVisitor')}
  0x000072cee1220688: 488b c149 | b8e0 8ad6 | b821 6600 | 0049 8380 | 7001 0000 

  0x000072cee122069c: ;   {metadata(method data for {method} {0x00006621b82b1f98} 'push' '(Ljava/lang/Object;)Ljava/lang/Object;' in 'java/util/Stack')}
  0x000072cee122069c: 0148 b830 | d12c b821 | 6600 0044 | 8b80 f400 | 0000 4183 | c002 4489 | 80f4 0000 | 0041 81e0 
  0x000072cee12206bc: feff 1f00 | 4585 c00f | 8499 2500 | 0048 8bc1 

  0x000072cee12206cc: ;   {metadata(method data for {method} {0x00006621b82b1f98} 'push' '(Ljava/lang/Object;)Ljava/lang/Object;' in 'java/util/Stack')}
  0x000072cee12206cc: 49b8 30d1 | 2cb8 2166 | 0000 8b40 | 0849 ba00 | 0000 c321 | 6600 0049 | 03c2 493b | 8048 0100 
  0x000072cee12206ec: 0075 0d49 | 8380 5001 | 0000 01e9 | 6000 0000 | 493b 8058 | 0100 0075 | 0d49 8380 | 6001 0000 
  0x000072cee122070c: 01e9 4a00 | 0000 4983 | b848 0100 | 0000 7517 | 4989 8048 | 0100 0049 | c780 5001 | 0000 0100 
  0x000072cee122072c: 0000 e929 | 0000 0049 | 83b8 5801 | 0000 0075 | 1749 8980 | 5801 0000 | 49c7 8060 | 0100 0001 
  0x000072cee122074c: 0000 00e9 | 0800 0000 | 4983 8038 | 0100 0001 | 4c8d 8424 | 7001 0000 | 4989 4808 | 488b 0148 
  0x000072cee122076c: 83c8 0149 | 8900 f04c | 0fb1 010f | 8412 0000 | 0048 2bc4 | 4825 07f0 | ffff 4989 | 000f 85f4 
  0x000072cee122078c: 2400 0049 | ff87 6808 

  0x000072cee1220794: ;   {metadata(method data for {method} {0x00006621b80fff78} 'addElement' '(Ljava/lang/Object;)V' in 'java/util/Vector')}
  0x000072cee1220794: 0000 48b8 | e8d2 2cb8 | 2166 0000 | 448b 80f4 | 0000 0041 | 83c0 0244 | 8980 f400 | 0000 4181 
  0x000072cee12207b4: e0fe ff1f | 0045 85c0 | 0f84 d424 | 0000 8b41 | 0cff c089 | 410c 8b41 | 1844 8b41 | 104c 8bc9 
  0x000072cee12207d4: ;   {metadata(method data for {method} {0x00006621b80fff78} 'addElement' '(Ljava/lang/Object;)V' in 'java/util/Vector')}
  0x000072cee12207d4: 49bb e8d2 | 2cb8 2166 | 0000 4983 | 8338 0100 

  0x000072cee12207e4: ;   {metadata(method data for {method} {0x00006621b8100870} 'add' '(Ljava/lang/Object;[Ljava/lang/Object;I)V' in 'java/util/Vector')}
  0x000072cee12207e4: 0001 49b9 | a0d4 2cb8 | 2166 0000 | 458b 99f4 | 0000 0041 | 83c3 0245 | 8999 f400 | 0000 4181 
  0x000072cee1220804: e3fe ff1f | 0045 85db | 0f84 a524 | 0000 448b | 480c 453b 

  0x000072cee1220818: ;   {metadata(method data for {method} {0x00006621b8100870} 'add' '(Ljava/lang/Object;[Ljava/lang/Object;I)V' in 'java/util/Vector')}
  0x000072cee1220818: c149 b9a0 | d42c b821 | 6600 0049 | c7c3 4801 | 0000 7407 | 49c7 c338 | 0100 004f | 8b2c 194d 
  0x000072cee1220838: 8d6d 014f | 892c 190f | 840d 0000 | 0048 89bc | 2418 0100 | 00e9 aa00 | 0000 4889 | 9c24 0801 
  0x000072cee1220858: 0000 4889 | bc24 1801 | 0000 488b 

  0x000072cee1220864: ;   {metadata(method data for {method} {0x00006621b8100870} 'add' '(Ljava/lang/Object;[Ljava/lang/Object;I)V' in 'java/util/Vector')}
  0x000072cee1220864: c149 b9a0 | d42c b821 | 6600 0049 | 8381 5801 

  0x000072cee1220874: ;   {metadata(method data for {method} {0x00006621b80fef50} 'grow' '()[Ljava/lang/Object;' in 'java/util/Vector')}
  0x000072cee1220874: 0000 0148 | b8c0 d62c | b821 6600 | 0044 8b88 | f400 0000 | 4183 c102 | 4489 88f4 | 0000 0041 
  0x000072cee1220894: 81e1 feff | 1f00 4585 | c90f 843a | 2400 0048 

  0x000072cee12208a4: ;   {metadata(method data for {method} {0x00006621b80fef50} 'grow' '()[Ljava/lang/Object;' in 'java/util/Vector')}
  0x000072cee12208a4: 8bc1 49b9 | c0d6 2cb8 | 2166 0000 | 4983 8138 | 0100 0001 | 498b c0ff | c048 8bd0 | 488b f148 
  0x000072cee12208c4: 898c 2410 | 0100 0044 | 8984 2400 | 0100 000f 

  0x000072cee12208d4: ;   {optimized virtual_call}
  0x000072cee12208d4: 1f40 00e8 

  0x000072cee12208d8: ; ImmutableOopMap {[224]=Oop [232]=Oop [240]=Oop [264]=Oop [272]=Oop [280]=Oop [376]=Oop }
                      ;*invokevirtual grow {reexecute=0 rethrow=0 return_oop=0}
                      ; - java.util.Vector::grow@7 (line 266)
                      ; - java.util.Vector::add@7 (line 782)
                      ; - java.util.Vector::addElement@20 (line 617)
                      ; - java.util.Stack::push@2 (line 68)
                      ; - net.sf.saxon.expr.ExpressionVisitor::optimize@9 (line 199)
                      ; - net.sf.saxon.expr.PathExpression::optimize@32 (line 308)
  0x000072cee12208d8: a447 a406 

  0x000072cee12208dc: ;   {other}
  0x000072cee12208dc: 0f1f 8400 | cc0b 0001 | 448b 8424 | 0001 0000 | 488b 8c24 | 1001 0000 | 488b 9c24 | 0801 0000 
  0x000072cee12208fc: ; implicit exception: dispatches to 0x000072cee1222cfe
  0x000072cee12208fc: 443b 400c | 0f83 0224 | 0000 4885 

  0x000072cee1220908: ;   {metadata(method data for {method} {0x00006621b8100870} 'add' '(Ljava/lang/Object;[Ljava/lang/Object;I)V' in 'java/util/Vector')}
  0x000072cee1220908: db75 1648 | bea0 d42c | b821 6600 | 0080 8e89 | 0100 0001 | e9f8 0000 | 008b 5008 | 49ba 0000 
  0x000072cee1220928: 00c3 2166 | 0000 4903 | d28b 7308 | 49ba 0000 | 00c3 2166 | 0000 4903 | f248 8b92 | e000 0000 
  0x000072cee1220948: 483b f20f | 8427 0000 | 008b 7a14 | 483b 143e | 0f84 1a00 | 0000 83ff | 200f 859b | 0000 0056 
  0x000072cee1220968: ;   {runtime_call slow_subtype_check Runtime1 stub}
  0x000072cee1220968: 52e8 1244 | af06 5e5a | 85d2 0f84 | 8a00 0000 

  0x000072cee1220978: ;   {metadata(method data for {method} {0x00006621b8100870} 'add' '(Ljava/lang/Object;[Ljava/lang/Object;I)V' in 'java/util/Vector')}
  0x000072cee1220978: 48be a0d4 | 2cb8 2166 | 0000 8b53 | 0849 ba00 | 0000 c321 | 6600 0049 | 03d2 483b | 96a0 0100 
  0x000072cee1220998: 0075 0d48 | 8386 a801 | 0000 01e9 | 7100 0000 | 483b 96b0 | 0100 0075 | 0d48 8386 | b801 0000 
  0x000072cee12209b8: 01e9 5b00 | 0000 4883 | bea0 0100 | 0000 7517 | 4889 96a0 | 0100 0048 | c786 a801 | 0000 0100 
  0x000072cee12209d8: 0000 e93a | 0000 0048 | 83be b001 | 0000 0075 | 1748 8996 | b001 0000 | 48c7 86b8 | 0100 0001 
  0x000072cee12209f8: 0000 00e9 | 1900 0000 

  0x000072cee1220a00: ;   {metadata(method data for {method} {0x00006621b8100870} 'add' '(Ljava/lang/Object;[Ljava/lang/Object;I)V' in 'java/util/Vector')}
  0x000072cee1220a00: eb17 48be | a0d4 2cb8 | 2166 0000 | 4883 ae90 | 0100 0001 | e902 2300 | 0049 63d0 | 4c8b d344 
  0x000072cee1220a20: 8954 9010 | 41ff c044 | 8941 1048 | 8d84 2470 | 0100 0048 | 8b10 4885 | d20f 840f | 0000 0048 
  0x000072cee1220a40: 8b48 08f0 | 480f b111 | 0f85 d622 | 0000 49ff | 8f68 0800 | 0048 8b94 | 24e8 0000 | 0048 3b03 
  0x000072cee1220a60: ;   {metadata(method data for {method} {0x00006621b8d04f28} 'optimize' '(Lnet/sf/saxon/expr/Expression;Lnet/sf/saxon/type/ItemType;)Lnet/sf/saxon/expr/Expression;' in 'net/sf/saxon/expr/ExpressionVisitor')}
  0x000072cee1220a60: 488b cb48 | bee0 8ad6 | b821 6600 | 008b 4908 | 49ba 0000 | 00c3 2166 | 0000 4903 | ca48 3b8e 
  0x000072cee1220a80: a001 0000 | 750d 4883 | 86a8 0100 | 0001 e960 | 0000 0048 | 3b8e b001 | 0000 750d | 4883 86b8 
  0x000072cee1220aa0: 0100 0001 | e94a 0000 | 0048 83be | a001 0000 | 0075 1748 | 898e a001 | 0000 48c7 | 86a8 0100 
  0x000072cee1220ac0: 0001 0000 | 00e9 2900 | 0000 4883 | beb0 0100 | 0000 7517 | 4889 8eb0 | 0100 0048 | c786 b801 
  0x000072cee1220ae0: 0000 0100 | 0000 e908 | 0000 0048 | 8386 9001 | 0000 0148 | 8bfa 488b | d748 8b8c | 24f0 0000 
  0x000072cee1220b00: 0048 8bf3 | 9048 b848 | b521 c421 

  0x000072cee1220b0c: ;   {virtual_call}
  0x000072cee1220b0c: 6600 00e8 

  0x000072cee1220b10: ; ImmutableOopMap {[224]=Oop [232]=Oop [280]=Oop }
                      ;*invokevirtual optimize {reexecute=0 rethrow=0 return_oop=0}
                      ; - net.sf.saxon.expr.ExpressionVisitor::optimize@16 (line 200)
                      ; - net.sf.saxon.expr.PathExpression::optimize@32 (line 308)
  0x000072cee1220b10: cc14 a406 

  0x000072cee1220b14: ;   {other}
  0x000072cee1220b14: 0f1f 8400 | 040e 0002 | 488b 9424 | e800 0000 | 8b72 0c48 | 3b06 488b 

  0x000072cee1220b2c: ;   {metadata(method data for {method} {0x00006621b8d04f28} 'optimize' '(Lnet/sf/saxon/expr/Expression;Lnet/sf/saxon/type/ItemType;)Lnet/sf/saxon/expr/Expression;' in 'net/sf/saxon/expr/ExpressionVisitor')}
  0x000072cee1220b2c: fe48 bbe0 | 8ad6 b821 | 6600 0048 | 8383 e001 | 0000 0148 | 8984 2420 

  0x000072cee1220b44: ;   {optimized virtual_call}
  0x000072cee1220b44: 0100 00e8 

  0x000072cee1220b48: ; ImmutableOopMap {[224]=Oop [232]=Oop [280]=Oop [288]=Oop }
                      ;*invokevirtual pop {reexecute=0 rethrow=0 return_oop=0}
                      ; - net.sf.saxon.expr.ExpressionVisitor::optimize@24 (line 201)
                      ; - net.sf.saxon.expr.PathExpression::optimize@32 (line 308)
  0x000072cee1220b48: 7428 4307 

  0x000072cee1220b4c: ;   {other}
  0x000072cee1220b4c: 0f1f 8400 | 3c0e 0003 | 488b 8424 | 2001 0000 | e912 0000 | 0048 89bc | 2418 0100 

  0x000072cee1220b68: ;   {oop(nullptr)}
  0x000072cee1220b68: 0048 b800 | 0000 0000 | 0000 0048 | 8bb4 24e0 | 0000 0048 

  0x000072cee1220b7c: ;   {metadata(method data for {method} {0x00006621b8ce2a28} 'optimize' '(Lnet/sf/saxon/expr/ExpressionVisitor;Lnet/sf/saxon/type/ItemType;)Lnet/sf/saxon/expr/Expression;' in 'net/sf/saxon/expr/PathExpression')}
  0x000072cee1220b7c: 8bd6 48bf | e005 dab8 | 2166 0000 | 8b52 0849 | ba00 0000 | c321 6600 | 0049 03d2 | 483b 9780 
  0x000072cee1220b9c: 0200 0075 | 0d48 8387 | 8802 0000 | 01e9 6000 | 0000 483b | 9790 0200 | 0075 0d48 | 8387 9802 
  0x000072cee1220bbc: 0000 01e9 | 4a00 0000 | 4883 bf80 | 0200 0000 | 7517 4889 | 9780 0200 | 0048 c787 | 8802 0000 
  0x000072cee1220bdc: 0100 0000 | e929 0000 | 0048 83bf | 9002 0000 | 0075 1748 | 8997 9002 | 0000 48c7 | 8798 0200 
  0x000072cee1220bfc: 0001 0000 | 00e9 0800 | 0000 4883 | 8770 0200 

  0x000072cee1220c0c: ;   {metadata(method data for {method} {0x00006621b8ca7528} 'setStartExpression' '(Lnet/sf/saxon/expr/Expression;)V' in 'net/sf/saxon/expr/SlashExpression')}
  0x000072cee1220c0c: 0001 48ba | 00bd d0b8 | 2166 0000 | 8bba f400 | 0000 83c7 | 0289 baf4 | 0000 0081 | e7fe ff1f 
  0x000072cee1220c2c: 0085 ff0f | 840f 2100 | 008b 561c 

  0x000072cee1220c38: ;   {metadata(method data for {method} {0x00006621b8ca7528} 'setStartExpression' '(Lnet/sf/saxon/expr/Expression;)V' in 'net/sf/saxon/expr/SlashExpression')}
  0x000072cee1220c38: 483b d048 | ba00 bdd0 | b821 6600 | 0048 c7c7 | 3801 0000 | 7407 48c7 | c748 0100 | 0048 8b1c 
  0x000072cee1220c58: 3a48 8d5b | 0148 891c | 3a0f 84b5 | 0000 004c | 8bd0 4489 | 561c 488b 

  0x000072cee1220c70: ;   {metadata(method data for {method} {0x00006621b8ca7528} 'setStartExpression' '(Lnet/sf/saxon/expr/Expression;)V' in 'net/sf/saxon/expr/SlashExpression')}
  0x000072cee1220c70: d648 bf00 | bdd0 b821 | 6600 008b | 5208 49ba | 0000 00c3 | 2166 0000 | 4903 d248 | 3b97 6801 
  0x000072cee1220c90: 0000 750d | 4883 8770 | 0100 0001 | e960 0000 | 0048 3b97 | 7801 0000 | 750d 4883 | 8780 0100 
  0x000072cee1220cb0: 0001 e94a | 0000 0048 | 83bf 6801 | 0000 0075 | 1748 8997 | 6801 0000 | 48c7 8770 | 0100 0001 
  0x000072cee1220cd0: 0000 00e9 | 2900 0000 | 4883 bf78 | 0100 0000 | 7517 4889 | 9778 0100 | 0048 c787 | 8001 0000 
  0x000072cee1220cf0: 0100 0000 | e908 0000 | 0048 8387 | 5801 0000 | 0148 8bd0 | 488b fe48 | 8bf7 0f1f 

  0x000072cee1220d0c: ;   {optimized virtual_call}
  0x000072cee1220d0c: 4400 00e8 

  0x000072cee1220d10: ; ImmutableOopMap {[224]=Oop [232]=Oop [280]=Oop }
                      ;*invokevirtual adoptChildExpression {reexecute=0 rethrow=0 return_oop=0}
                      ; - net.sf.saxon.expr.SlashExpression::setStartExpression@18 (line 58)
                      ; - net.sf.saxon.expr.PathExpression::optimize@35 (line 308)
  0x000072cee1220d10: 6c43 a406 

  0x000072cee1220d14: ;   {other}
  0x000072cee1220d14: 0f1f 8400 | 0410 0004 | 488b b424 | e000 0000 | 8b7e 208b | 5e1c 483b | 0348 8bd3 

  0x000072cee1220d30: ;   {metadata(method data for {method} {0x00006621b8ce2a28} 'optimize' '(Lnet/sf/saxon/expr/ExpressionVisitor;Lnet/sf/saxon/type/ItemType;)Lnet/sf/saxon/expr/Expression;' in 'net/sf/saxon/expr/PathExpression')}
  0x000072cee1220d30: 48b8 e005 | dab8 2166 | 0000 8b52 | 0849 ba00 | 0000 c321 | 6600 0049 | 03d2 483b | 90b8 0200 
  0x000072cee1220d50: 0075 0d48 | 8380 c002 | 0000 01e9 | 6000 0000 | 483b 90c8 | 0200 0075 | 0d48 8380 | d002 0000 
  0x000072cee1220d70: 01e9 4a00 | 0000 4883 | b8b8 0200 | 0000 7517 | 4889 90b8 | 0200 0048 | c780 c002 | 0000 0100 
  0x000072cee1220d90: 0000 e929 | 0000 0048 | 83b8 c802 | 0000 0075 | 1748 8990 | c802 0000 | 48c7 80d0 | 0200 0001 
  0x000072cee1220db0: 0000 00e9 | 0800 0000 | 4883 80a8 | 0200 0001 | 488b 9424 | 1801 0000 | 488b f348 | 89bc 2428 
  0x000072cee1220dd0: 0100 0066 | 9048 b848 | b521 c421 

  0x000072cee1220ddc: ;   {virtual_call}
  0x000072cee1220ddc: 6600 00e8 

  0x000072cee1220de0: ; ImmutableOopMap {[224]=Oop [232]=Oop [296]=Oop }
                      ;*invokevirtual getItemType {reexecute=0 rethrow=0 return_oop=0}
                      ; - net.sf.saxon.expr.PathExpression::optimize@50 (line 309)
  0x000072cee1220de0: 3c12 a406 

  0x000072cee1220de4: ;   {other}
  0x000072cee1220de4: 0f1f 8400 | d410 0005 | 488b bc24 | 2801 0000 

  0x000072cee1220df4: ; implicit exception: dispatches to 0x000072cee1222d6a
  0x000072cee1220df4: 483b 0748 

  0x000072cee1220df8: ;   {metadata(method data for {method} {0x00006621b8ce2a28} 'optimize' '(Lnet/sf/saxon/expr/ExpressionVisitor;Lnet/sf/saxon/type/ItemType;)Lnet/sf/saxon/expr/Expression;' in 'net/sf/saxon/expr/PathExpression')}
  0x000072cee1220df8: 8bd7 48b9 | e005 dab8 | 2166 0000 | 8b52 0849 | ba00 0000 | c321 6600 | 0049 03d2 | 483b 91f0 
  0x000072cee1220e18: 0200 0075 | 0d48 8381 | f802 0000 | 01e9 6000 | 0000 483b | 9100 0300 | 0075 0d48 | 8381 0803 
  0x000072cee1220e38: 0000 01e9 | 4a00 0000 | 4883 b9f0 | 0200 0000 | 7517 4889 | 91f0 0200 | 0048 c781 | f802 0000 
  0x000072cee1220e58: 0100 0000 | e929 0000 | 0048 83b9 | 0003 0000 | 0075 1748 | 8991 0003 | 0000 48c7 | 8108 0300 
  0x000072cee1220e78: 0001 0000 | 00e9 0800 | 0000 4883 | 81e0 0200 | 0001 488b | 9424 e800 | 0000 488b | c848 8bf7 
  0x000072cee1220e98: 0f1f 4400 | 0048 b848 | b521 c421 

  0x000072cee1220ea4: ;   {virtual_call}
  0x000072cee1220ea4: 6600 00e8 

  0x000072cee1220ea8: ; ImmutableOopMap {[224]=Oop }
                      ;*invokevirtual optimize {reexecute=0 rethrow=0 return_oop=0}
                      ; - net.sf.saxon.expr.PathExpression::optimize@53 (line 309)
  0x000072cee1220ea8: b417 a406 

  0x000072cee1220eac: ;   {other}
  0x000072cee1220eac: 0f1f 8400 | 9c11 0006 | 488b b424 | e000 0000 

  0x000072cee1220ebc: ;   {metadata(method data for {method} {0x00006621b8ce2a28} 'optimize' '(Lnet/sf/saxon/expr/ExpressionVisitor;Lnet/sf/saxon/type/ItemType;)Lnet/sf/saxon/expr/Expression;' in 'net/sf/saxon/expr/PathExpression')}
  0x000072cee1220ebc: 48ba e005 | dab8 2166 | 0000 8b76 | 0849 ba00 | 0000 c321 | 6600 0049 | 03f2 483b | b228 0300 
  0x000072cee1220edc: 0075 0d48 | 8382 3003 | 0000 01e9 | 6000 0000 | 483b b238 | 0300 0075 | 0d48 8382 | 4003 0000 
  0x000072cee1220efc: 01e9 4a00 | 0000 4883 | ba28 0300 | 0000 7517 | 4889 b228 | 0300 0048 | c782 3003 | 0000 0100 
  0x000072cee1220f1c: 0000 e929 | 0000 0048 | 83ba 3803 | 0000 0075 | 1748 89b2 | 3803 0000 | 48c7 8240 | 0300 0001 
  0x000072cee1220f3c: 0000 00e9 | 0800 0000 | 4883 8218 | 0300 0001 

  0x000072cee1220f4c: ;   {metadata(method data for {method} {0x00006621b8ca75f0} 'setStepExpression' '(Lnet/sf/saxon/expr/Expression;)V' in 'net/sf/saxon/expr/SlashExpression')}
  0x000072cee1220f4c: 48ba d8be | d0b8 2166 | 0000 8bb2 | f400 0000 | 83c6 0289 | b2f4 0000 | 0081 e6fe | ff1f 0085 
  0x000072cee1220f6c: f60f 84fc | 1d00 0048 | 8bb4 24e0 | 0000 008b | 5620 483b 

  0x000072cee1220f80: ;   {metadata(method data for {method} {0x00006621b8ca75f0} 'setStepExpression' '(Lnet/sf/saxon/expr/Expression;)V' in 'net/sf/saxon/expr/SlashExpression')}
  0x000072cee1220f80: d048 bad8 | bed0 b821 | 6600 0048 | c7c7 3801 | 0000 7407 | 48c7 c748 | 0100 0048 | 8b1c 3a48 
  0x000072cee1220fa0: 8d5b 0148 | 891c 3a0f | 8405 1b00 | 004c 8bd0 | 4489 5620 

  0x000072cee1220fb4: ;   {metadata(method data for {method} {0x00006621b8ca75f0} 'setStepExpression' '(Lnet/sf/saxon/expr/Expression;)V' in 'net/sf/saxon/expr/SlashExpression')}
  0x000072cee1220fb4: 488b d648 | bfd8 bed0 | b821 6600 | 008b 5208 | 49ba 0000 | 00c3 2166 | 0000 4903 | d248 3b97 
  0x000072cee1220fd4: 6801 0000 | 750d 4883 | 8770 0100 | 0001 e960 | 0000 0048 | 3b97 7801 | 0000 750d | 4883 8780 
  0x000072cee1220ff4: 0100 0001 | e94a 0000 | 0048 83bf | 6801 0000 | 0075 1748 | 8997 6801 | 0000 48c7 | 8770 0100 
  0x000072cee1221014: 0001 0000 | 00e9 2900 | 0000 4883 | bf78 0100 | 0000 7517 | 4889 9778 | 0100 0048 | c787 8001 
  0x000072cee1221034: 0000 0100 | 0000 e908 | 0000 0048 | 8387 5801 | 0000 0148 | 8bd0 488b | fe48 8bf7 | 0f1f 8000 
  0x000072cee1221054: ;   {optimized virtual_call}
  0x000072cee1221054: 0000 00e8 

  0x000072cee1221058: ; ImmutableOopMap {[224]=Oop }
                      ;*invokevirtual adoptChildExpression {reexecute=0 rethrow=0 return_oop=0}
                      ; - net.sf.saxon.expr.SlashExpression::setStepExpression@18 (line 65)
                      ; - net.sf.saxon.expr.PathExpression::optimize@56 (line 309)
  0x000072cee1221058: 2440 a406 

  0x000072cee122105c: ;   {other}
  0x000072cee122105c: 0f1f 8400 | 4c13 0007 | e949 1a00 | 0048 89bc | 2418 0100 | 00c7 4624 | 0300 0000 

  0x000072cee1221078: ;   {metadata(method data for {method} {0x00006621b8ce2a28} 'optimize' '(Lnet/sf/saxon/expr/ExpressionVisitor;Lnet/sf/saxon/type/ItemType;)Lnet/sf/saxon/expr/Expression;' in 'net/sf/saxon/expr/PathExpression')}
  0x000072cee1221078: 488b fe48 | bbe0 05da | b821 6600 | 0048 8383 | 5003 0000 

  0x000072cee122108c: ;   {metadata(method data for {method} {0x00006621b8ce3238} 'getLastStep' '()Lnet/sf/saxon/expr/Expression;' in 'net/sf/saxon/expr/PathExpression')}
  0x000072cee122108c: 0148 bf38 | 38da b821 | 6600 008b | 9ff4 0000 | 0083 c302 | 899f f400 | 0000 81e3 | feff 1f00 
  0x000072cee12210ac: 85db 0f84 | dc1c 0000 | 8b7e 2048 | 85ff 7516 

  0x000072cee12210bc: ;   {metadata(method data for {method} {0x00006621b8ce3238} 'getLastStep' '()Lnet/sf/saxon/expr/Expression;' in 'net/sf/saxon/expr/PathExpression')}
  0x000072cee12210bc: 48ba 3838 | dab8 2166 | 0000 808a | 3101 0000 | 01e9 cc00 

  0x000072cee12210d0: ;   {metadata('net/sf/saxon/expr/PathExpression')}
  0x000072cee12210d0: 0000 48b9 | b849 22c4 | 2166 0000 | 8b47 0849 | ba00 0000 | c321 6600 | 0049 03c2 | 483b c80f 
  0x000072cee12210f0: 858d 0000 

  0x000072cee12210f4: ;   {metadata(method data for {method} {0x00006621b8ce3238} 'getLastStep' '()Lnet/sf/saxon/expr/Expression;' in 'net/sf/saxon/expr/PathExpression')}
  0x000072cee12210f4: 0048 ba38 | 38da b821 | 6600 008b | 4f08 49ba | 0000 00c3 | 2166 0000 | 4903 ca48 | 3b8a 4801 
  0x000072cee1221114: 0000 750d | 4883 8250 | 0100 0001 | e97e 0000 | 0048 3b8a | 5801 0000 | 750d 4883 | 8260 0100 
  0x000072cee1221134: 0001 e968 | 0000 0048 | 83ba 4801 | 0000 0075 | 1748 898a | 4801 0000 | 48c7 8250 | 0100 0001 
  0x000072cee1221154: 0000 00e9 | 4700 0000 | 4883 ba58 | 0100 0000 | 7517 4889 | 8a58 0100 | 0048 c782 | 6001 0000 
  0x000072cee1221174: 0100 0000 | e926 0000 | 00e9 2100 

  0x000072cee1221180: ;   {metadata(method data for {method} {0x00006621b8ce3238} 'getLastStep' '()Lnet/sf/saxon/expr/Expression;' in 'net/sf/saxon/expr/PathExpression')}
  0x000072cee1221180: 0000 48ba | 3838 dab8 | 2166 0000 | 4883 aa38 | 0100 0001 | e905 0000 | 00e9 0500 | 0000 4833 
  0x000072cee12211a0: dbeb 0748 | c7c3 0100 | 0000 85db 

  0x000072cee12211ac: ;   {metadata(method data for {method} {0x00006621b8ce3238} 'getLastStep' '()Lnet/sf/saxon/expr/Expression;' in 'net/sf/saxon/expr/PathExpression')}
  0x000072cee12211ac: 48bb 3838 | dab8 2166 | 0000 48c7 | c070 0100 | 0074 0748 | c7c0 8001 | 0000 488b | 1403 488d 
  0x000072cee12211cc: 5201 4889 | 1403 0f84 | 6903 0000 | 4885 ff75 

  0x000072cee12211dc: ;   {metadata(method data for {method} {0x00006621b8ce3238} 'getLastStep' '()Lnet/sf/saxon/expr/Expression;' in 'net/sf/saxon/expr/PathExpression')}
  0x000072cee12211dc: 1648 b838 | 38da b821 | 6600 0080 | 8889 0100 | 0001 e9cc 

  0x000072cee12211f0: ;   {metadata('net/sf/saxon/expr/PathExpression')}
  0x000072cee12211f0: 0000 0048 | bab8 4922 | c421 6600 | 008b 5f08 | 49ba 0000 | 00c3 2166 | 0000 4903 | da48 3bd3 
  0x000072cee1221210: 0f85 8d00 

  0x000072cee1221214: ;   {metadata(method data for {method} {0x00006621b8ce3238} 'getLastStep' '()Lnet/sf/saxon/expr/Expression;' in 'net/sf/saxon/expr/PathExpression')}
  0x000072cee1221214: 0000 48b8 | 3838 dab8 | 2166 0000 | 8b57 0849 | ba00 0000 | c321 6600 | 0049 03d2 | 483b 90a0 
  0x000072cee1221234: 0100 0075 | 0d48 8380 | a801 0000 | 01e9 7900 | 0000 483b | 90b0 0100 | 0075 0d48 | 8380 b801 
  0x000072cee1221254: 0000 01e9 | 6300 0000 | 4883 b8a0 | 0100 0000 | 7517 4889 | 90a0 0100 | 0048 c780 | a801 0000 
  0x000072cee1221274: 0100 0000 | e942 0000 | 0048 83b8 | b001 0000 | 0075 1748 | 8990 b001 | 0000 48c7 | 80b8 0100 
  0x000072cee1221294: 0001 0000 | 00e9 2100 | 0000 e91c 

  0x000072cee12212a0: ;   {metadata(method data for {method} {0x00006621b8ce3238} 'getLastStep' '()Lnet/sf/saxon/expr/Expression;' in 'net/sf/saxon/expr/PathExpression')}
  0x000072cee12212a0: 0000 0048 | b838 38da | b821 6600 | 0048 83a8 | 9001 0000 | 01e9 f71a | 0000 e900 | 0000 0048 
  0x000072cee12212c0: 3b07 488b 

  0x000072cee12212c4: ;   {metadata(method data for {method} {0x00006621b8ce3238} 'getLastStep' '()Lnet/sf/saxon/expr/Expression;' in 'net/sf/saxon/expr/PathExpression')}
  0x000072cee12212c4: df48 b838 | 38da b821 | 6600 0048 | 8380 c801 

  0x000072cee12212d4: ;   {metadata(method data for {method} {0x00006621b8ce3238} 'getLastStep' '()Lnet/sf/saxon/expr/Expression;' in 'net/sf/saxon/expr/PathExpression')}
  0x000072cee12212d4: 0000 0148 | bb38 38da | b821 6600 | 008b 83f4 | 0000 0083 | c002 8983 | f400 0000 | 25fe ff1f 
  0x000072cee12212f4: 0085 c00f | 84c2 1a00 | 008b 7f20 | 4885 ff75 

  0x000072cee1221304: ;   {metadata(method data for {method} {0x00006621b8ce3238} 'getLastStep' '()Lnet/sf/saxon/expr/Expression;' in 'net/sf/saxon/expr/PathExpression')}
  0x000072cee1221304: 1648 ba38 | 38da b821 | 6600 0080 | 8a31 0100 | 0001 e9cc 

  0x000072cee1221318: ;   {metadata('net/sf/saxon/expr/PathExpression')}
  0x000072cee1221318: 0000 0048 | b9b8 4922 | c421 6600 | 008b 4708 | 49ba 0000 | 00c3 2166 | 0000 4903 | c248 3bc8 
  0x000072cee1221338: 0f85 8d00 

  0x000072cee122133c: ;   {metadata(method data for {method} {0x00006621b8ce3238} 'getLastStep' '()Lnet/sf/saxon/expr/Expression;' in 'net/sf/saxon/expr/PathExpression')}
  0x000072cee122133c: 0000 48ba | 3838 dab8 | 2166 0000 | 8b4f 0849 | ba00 0000 | c321 6600 | 0049 03ca | 483b 8a48 
  0x000072cee122135c: 0100 0075 | 0d48 8382 | 5001 0000 | 01e9 7e00 | 0000 483b | 8a58 0100 | 0075 0d48 | 8382 6001 
  0x000072cee122137c: 0000 01e9 | 6800 0000 | 4883 ba48 | 0100 0000 | 7517 4889 | 8a48 0100 | 0048 c782 | 5001 0000 
  0x000072cee122139c: 0100 0000 | e947 0000 | 0048 83ba | 5801 0000 | 0075 1748 | 898a 5801 | 0000 48c7 | 8260 0100 
  0x000072cee12213bc: 0001 0000 | 00e9 2600 | 0000 e921 

  0x000072cee12213c8: ;   {metadata(method data for {method} {0x00006621b8ce3238} 'getLastStep' '()Lnet/sf/saxon/expr/Expression;' in 'net/sf/saxon/expr/PathExpression')}
  0x000072cee12213c8: 0000 0048 | ba38 38da | b821 6600 | 0048 83aa | 3801 0000 | 01e9 0500 | 0000 e905 | 0000 0048 
  0x000072cee12213e8: 33db eb07 | 48c7 c301 | 0000 0085 

  0x000072cee12213f4: ;   {metadata(method data for {method} {0x00006621b8ce3238} 'getLastStep' '()Lnet/sf/saxon/expr/Expression;' in 'net/sf/saxon/expr/PathExpression')}
  0x000072cee12213f4: db48 bb38 | 38da b821 | 6600 0048 | c7c0 7001 | 0000 7407 | 48c7 c080 | 0100 0048 | 8b14 0348 
  0x000072cee1221414: 8d52 0148 | 8914 030f | 8418 0100 | 0048 85ff 

  0x000072cee1221424: ;   {metadata(method data for {method} {0x00006621b8ce3238} 'getLastStep' '()Lnet/sf/saxon/expr/Expression;' in 'net/sf/saxon/expr/PathExpression')}
  0x000072cee1221424: 7516 48b8 | 3838 dab8 | 2166 0000 | 8088 8901 | 0000 01e9 | cc00 0000 

  0x000072cee122143c: ;   {metadata('net/sf/saxon/expr/PathExpression')}
  0x000072cee122143c: 48ba b849 | 22c4 2166 | 0000 8b5f | 0849 ba00 | 0000 c321 | 6600 0049 | 03da 483b | d30f 858d 
  0x000072cee122145c: ;   {metadata(method data for {method} {0x00006621b8ce3238} 'getLastStep' '()Lnet/sf/saxon/expr/Expression;' in 'net/sf/saxon/expr/PathExpression')}
  0x000072cee122145c: 0000 0048 | b838 38da | b821 6600 | 008b 5708 | 49ba 0000 | 00c3 2166 | 0000 4903 | d248 3b90 
  0x000072cee122147c: a001 0000 | 750d 4883 | 80a8 0100 | 0001 e979 | 0000 0048 | 3b90 b001 | 0000 750d | 4883 80b8 
  0x000072cee122149c: 0100 0001 | e963 0000 | 0048 83b8 | a001 0000 | 0075 1748 | 8990 a001 | 0000 48c7 | 80a8 0100 
  0x000072cee12214bc: 0001 0000 | 00e9 4200 | 0000 4883 | b8b0 0100 | 0000 7517 | 4889 90b0 | 0100 0048 | c780 b801 
  0x000072cee12214dc: 0000 0100 | 0000 e921 | 0000 00e9 | 1c00 0000 

  0x000072cee12214ec: ;   {metadata(method data for {method} {0x00006621b8ce3238} 'getLastStep' '()Lnet/sf/saxon/expr/Expression;' in 'net/sf/saxon/expr/PathExpression')}
  0x000072cee12214ec: 48b8 3838 | dab8 2166 | 0000 4883 | a890 0100 | 0001 e9dd | 1800 00e9 | 0000 0000 

  0x000072cee1221508: ; implicit exception: dispatches to 0x000072cee1222de9
  0x000072cee1221508: 483b 0748 

  0x000072cee122150c: ;   {metadata(method data for {method} {0x00006621b8ce3238} 'getLastStep' '()Lnet/sf/saxon/expr/Expression;' in 'net/sf/saxon/expr/PathExpression')}
  0x000072cee122150c: 8bdf 48b8 | 3838 dab8 | 2166 0000 | 4883 80c8 | 0100 0001 | 488b f70f 

  0x000072cee1221524: ;   {optimized virtual_call}
  0x000072cee1221524: 1f40 00e8 

  0x000072cee1221528: ; ImmutableOopMap {[224]=Oop [232]=Oop [240]=Oop [248]=Oop [280]=Oop }
                      ;*invokevirtual getLastStep {reexecute=0 rethrow=0 return_oop=0}
                      ; - net.sf.saxon.expr.PathExpression::getLastStep@17 (line 556)
                      ; - net.sf.saxon.expr.PathExpression::getLastStep@17 (line 556)
                      ; - net.sf.saxon.expr.PathExpression::optimize@67 (line 316)
  0x000072cee1221528: 543b a406 

  0x000072cee122152c: ;   {other}
  0x000072cee122152c: 0f1f 8400 | 1c18 0008 | e90b 0000 | 0048 8bc7 | e903 0000 | 0048 8bc7 | 4885 c075 

  0x000072cee1221548: ;   {metadata(method data for {method} {0x00006621b8ce2a28} 'optimize' '(Lnet/sf/saxon/expr/ExpressionVisitor;Lnet/sf/saxon/type/ItemType;)Lnet/sf/saxon/expr/Expression;' in 'net/sf/saxon/expr/PathExpression')}
  0x000072cee1221548: 1648 bfe0 | 05da b821 | 6600 0080 | 8f81 0300 | 0001 e9cc 

  0x000072cee122155c: ;   {metadata('net/sf/saxon/expr/FilterExpression')}
  0x000072cee122155c: 0000 0048 | bbb8 3a22 | c421 6600 | 008b 5008 | 49ba 0000 | 00c3 2166 | 0000 4903 | d248 3bda 
  0x000072cee122157c: 0f85 8d00 

  0x000072cee1221580: ;   {metadata(method data for {method} {0x00006621b8ce2a28} 'optimize' '(Lnet/sf/saxon/expr/ExpressionVisitor;Lnet/sf/saxon/type/ItemType;)Lnet/sf/saxon/expr/Expression;' in 'net/sf/saxon/expr/PathExpression')}
  0x000072cee1221580: 0000 48bf | e005 dab8 | 2166 0000 | 8b58 0849 | ba00 0000 | c321 6600 | 0049 03da | 483b 9f98 
  0x000072cee12215a0: 0300 0075 | 0d48 8387 | a003 0000 | 01e9 7e00 | 0000 483b | 9fa8 0300 | 0075 0d48 | 8387 b003 
  0x000072cee12215c0: 0000 01e9 | 6800 0000 | 4883 bf98 | 0300 0000 | 7517 4889 | 9f98 0300 | 0048 c787 | a003 0000 
  0x000072cee12215e0: 0100 0000 | e947 0000 | 0048 83bf | a803 0000 | 0075 1748 | 899f a803 | 0000 48c7 | 87b0 0300 
  0x000072cee1221600: 0001 0000 | 00e9 2600 | 0000 e921 

  0x000072cee122160c: ;   {metadata(method data for {method} {0x00006621b8ce2a28} 'optimize' '(Lnet/sf/saxon/expr/ExpressionVisitor;Lnet/sf/saxon/type/ItemType;)Lnet/sf/saxon/expr/Expression;' in 'net/sf/saxon/expr/PathExpression')}
  0x000072cee122160c: 0000 0048 | bfe0 05da | b821 6600 | 0048 83af | 8803 0000 | 01e9 0500 | 0000 e905 | 0000 0048 
  0x000072cee122162c: 33f6 eb07 | 48c7 c601 | 0000 0085 

  0x000072cee1221638: ;   {metadata(method data for {method} {0x00006621b8ce2a28} 'optimize' '(Lnet/sf/saxon/expr/ExpressionVisitor;Lnet/sf/saxon/type/ItemType;)Lnet/sf/saxon/expr/Expression;' in 'net/sf/saxon/expr/PathExpression')}
  0x000072cee1221638: f648 bee0 | 05da b821 | 6600 0048 | c7c2 c003 | 0000 7407 | 48c7 c2d0 | 0300 0048 | 8b3c 1648 
  0x000072cee1221658: 8d7f 0148 | 893c 160f | 8490 0100 | 0048 85c0 

  0x000072cee1221668: ;   {metadata(method data for {method} {0x00006621b8ce2a28} 'optimize' '(Lnet/sf/saxon/expr/ExpressionVisitor;Lnet/sf/saxon/type/ItemType;)Lnet/sf/saxon/expr/Expression;' in 'net/sf/saxon/expr/PathExpression')}
  0x000072cee1221668: 7516 48bf | e005 dab8 | 2166 0000 | 808f d903 | 0000 01e9 | cc00 0000 

  0x000072cee1221680: ;   {metadata('net/sf/saxon/expr/FilterExpression')}
  0x000072cee1221680: 48bb b83a | 22c4 2166 | 0000 8b50 | 0849 ba00 | 0000 c321 | 6600 0049 | 03d2 483b | da0f 858d 
  0x000072cee12216a0: ;   {metadata(method data for {method} {0x00006621b8ce2a28} 'optimize' '(Lnet/sf/saxon/expr/ExpressionVisitor;Lnet/sf/saxon/type/ItemType;)Lnet/sf/saxon/expr/Expression;' in 'net/sf/saxon/expr/PathExpression')}
  0x000072cee12216a0: 0000 0048 | bfe0 05da | b821 6600 | 008b 5808 | 49ba 0000 | 00c3 2166 | 0000 4903 | da48 3b9f 
  0x000072cee12216c0: f003 0000 | 750d 4883 | 87f8 0300 | 0001 e979 | 0000 0048 | 3b9f 0004 | 0000 750d | 4883 8708 
  0x000072cee12216e0: 0400 0001 | e963 0000 | 0048 83bf | f003 0000 | 0075 1748 | 899f f003 | 0000 48c7 | 87f8 0300 
  0x000072cee1221700: 0001 0000 | 00e9 4200 | 0000 4883 | bf00 0400 | 0000 7517 | 4889 9f00 | 0400 0048 | c787 0804 
  0x000072cee1221720: 0000 0100 | 0000 e921 | 0000 00e9 | 1c00 0000 

  0x000072cee1221730: ;   {metadata(method data for {method} {0x00006621b8ce2a28} 'optimize' '(Lnet/sf/saxon/expr/ExpressionVisitor;Lnet/sf/saxon/type/ItemType;)Lnet/sf/saxon/expr/Expression;' in 'net/sf/saxon/expr/PathExpression')}
  0x000072cee1221730: 48bf e005 | dab8 2166 | 0000 4883 | afe0 0300 | 0001 e9a7 | 1600 00e9 | 0000 0000 | 488b f048 
  0x000072cee1221750: 3b06 488b 

  0x000072cee1221754: ;   {metadata(method data for {method} {0x00006621b8ce2a28} 'optimize' '(Lnet/sf/saxon/expr/ExpressionVisitor;Lnet/sf/saxon/type/ItemType;)Lnet/sf/saxon/expr/Expression;' in 'net/sf/saxon/expr/PathExpression')}
  0x000072cee1221754: d648 bfe0 | 05da b821 | 6600 0048 | 8387 1804 

  0x000072cee1221764: ;   {metadata(method data for {method} {0x00006621b8cd57c0} 'isPositional' '(Lnet/sf/saxon/type/TypeHierarchy;)Z' in 'net/sf/saxon/expr/FilterExpression')}
  0x000072cee1221764: 0000 0148 | ba38 47da | b821 6600 | 008b baf4 | 0000 0083 | c702 89ba | f400 0000 | 81e7 feff 
  0x000072cee1221784: 1f00 85ff | 0f84 6e16 | 0000 8b76 

  0x000072cee1221790: ;   {metadata(method data for {method} {0x00006621b8cd57c0} 'isPositional' '(Lnet/sf/saxon/type/TypeHierarchy;)Z' in 'net/sf/saxon/expr/FilterExpression')}
  0x000072cee1221790: 2448 ba38 | 47da b821 | 6600 0048 | 8382 3801 | 0000 0148 | 8b94 2418 | 0100 0048 | 8984 2430 
  0x000072cee12217b0: 0100 000f 

  0x000072cee12217b4: ;   {static_call}
  0x000072cee12217b4: 1f40 00e8 

  0x000072cee12217b8: ; ImmutableOopMap {[224]=Oop [232]=Oop [240]=Oop [248]=Oop [280]=Oop [304]=Oop }
                      ;*invokestatic isPositionalFilter {reexecute=0 rethrow=0 return_oop=0}
                      ; - net.sf.saxon.expr.FilterExpression::isPositional@5 (line 93)
                      ; - net.sf.saxon.expr.PathExpression::optimize@87 (line 317)
  0x000072cee12217b8: 4488 f6ff 

  0x000072cee12217bc: ;   {other}
  0x000072cee12217bc: 0f1f 8400 | ac1a 0009 | 83e0 0185 

  0x000072cee12217c8: ;   {metadata(method data for {method} {0x00006621b8ce2a28} 'optimize' '(Lnet/sf/saxon/expr/ExpressionVisitor;Lnet/sf/saxon/type/ItemType;)Lnet/sf/saxon/expr/Expression;' in 'net/sf/saxon/expr/PathExpression')}
  0x000072cee12217c8: c048 b8e0 | 05da b821 | 6600 0048 | c7c2 6004 | 0000 7407 | 48c7 c250 | 0400 0048 | 8b34 1048 
  0x000072cee12217e8: 8d76 0148 | 8934 100f | 846d 0b00 | 004c 8bac | 24f8 0000 | 0049 3b45 

  0x000072cee1221800: ;   {metadata(method data for {method} {0x00006621b8ce2a28} 'optimize' '(Lnet/sf/saxon/expr/ExpressionVisitor;Lnet/sf/saxon/type/ItemType;)Lnet/sf/saxon/expr/Expression;' in 'net/sf/saxon/expr/PathExpression')}
  0x000072cee1221800: 0048 b8e0 | 05da b821 | 6600 0048 | 8380 f805 

  0x000072cee1221810: ;   {metadata(method data for {method} {0x00006621b8d15fb0} 'convertPathExpressionToKey' '(Lnet/sf/saxon/expr/PathExpression;Lnet/sf/saxon/expr/ExpressionVisitor;)Lnet/sf/saxon/expr/Expression;' in 'net/sf/saxon/expr/Optimizer')}
  0x000072cee1221810: 0000 0148 | b848 64da | b821 6600 | 008b 90f4 | 0000 0083 | c202 8990 | f400 0000 | 81e2 feff 
  0x000072cee1221830: 1f00 85d2 | 0f84 e815 

  0x000072cee1221838: ;   {metadata(method data for {method} {0x00006621b8ce2a28} 'optimize' '(Lnet/sf/saxon/expr/ExpressionVisitor;Lnet/sf/saxon/type/ItemType;)Lnet/sf/saxon/expr/Expression;' in 'net/sf/saxon/expr/PathExpression')}
  0x000072cee1221838: 0000 48b8 | e005 dab8 | 2166 0000 | ff80 1806 | 0000 488b | b424 e000 | 0000 8b7e | 1c48 8b94 
  0x000072cee1221858: 24e8 0000 

  0x000072cee122185c: ;   {metadata(method data for {method} {0x00006621b8ce2a28} 'optimize' '(Lnet/sf/saxon/expr/ExpressionVisitor;Lnet/sf/saxon/type/ItemType;)Lnet/sf/saxon/expr/Expression;' in 'net/sf/saxon/expr/PathExpression')}
  0x000072cee122185c: 0048 b8e0 | 05da b821 | 6600 0048 | 8380 c006 

  0x000072cee122186c: ;   {metadata(method data for {method} {0x00006621b8d04f28} 'optimize' '(Lnet/sf/saxon/expr/Expression;Lnet/sf/saxon/type/ItemType;)Lnet/sf/saxon/expr/Expression;' in 'net/sf/saxon/expr/ExpressionVisitor')}
  0x000072cee122186c: 0000 0148 | b8e0 8ad6 | b821 6600 | 008b 90f4 | 0000 0083 | c202 8990 | f400 0000 | 81e2 feff 
  0x000072cee122188c: 1f00 85d2 | 0f84 ad15 | 0000 4885 

  0x000072cee1221898: ;   {metadata(method data for {method} {0x00006621b8d04f28} 'optimize' '(Lnet/sf/saxon/expr/Expression;Lnet/sf/saxon/type/ItemType;)Lnet/sf/saxon/expr/Expression;' in 'net/sf/saxon/expr/ExpressionVisitor')}
  0x000072cee1221898: ff48 b8e0 | 8ad6 b821 | 6600 0048 | c7c2 3801 | 0000 7407 | 48c7 c248 | 0100 0048 | 8b1c 1048 
  0x000072cee12218b8: 8d5b 0148 | 891c 100f | 84c4 0400 | 0048 8b94 | 24e8 0000 | 008b 5a0c 

  0x000072cee12218d0: ; implicit exception: dispatches to 0x000072cee1222e64
  0x000072cee12218d0: 483b 0348 

  0x000072cee12218d4: ;   {metadata(method data for {method} {0x00006621b8d04f28} 'optimize' '(Lnet/sf/saxon/expr/Expression;Lnet/sf/saxon/type/ItemType;)Lnet/sf/saxon/expr/Expression;' in 'net/sf/saxon/expr/ExpressionVisitor')}
  0x000072cee12218d4: 8bc3 48b9 | e08a d6b8 | 2166 0000 | 4883 8170 | 0100 0001 

  0x000072cee12218e8: ;   {metadata(method data for {method} {0x00006621b82b1f98} 'push' '(Ljava/lang/Object;)Ljava/lang/Object;' in 'java/util/Stack')}
  0x000072cee12218e8: 48b8 30d1 | 2cb8 2166 | 0000 8b88 | f400 0000 | 83c1 0289 | 88f4 0000 | 0081 e1fe | ff1f 0085 
  0x000072cee1221908: c90f 845a | 1500 0048 

  0x000072cee1221910: ;   {metadata(method data for {method} {0x00006621b82b1f98} 'push' '(Ljava/lang/Object;)Ljava/lang/Object;' in 'java/util/Stack')}
  0x000072cee1221910: 8bc3 48b9 | 30d1 2cb8 | 2166 0000 | 8b40 0849 | ba00 0000 | c321 6600 | 0049 03c2 | 483b 8148 
  0x000072cee1221930: 0100 0075 | 0d48 8381 | 5001 0000 | 01e9 6000 | 0000 483b | 8158 0100 | 0075 0d48 | 8381 6001 
  0x000072cee1221950: 0000 01e9 | 4a00 0000 | 4883 b948 | 0100 0000 | 7517 4889 | 8148 0100 | 0048 c781 | 5001 0000 
  0x000072cee1221970: 0100 0000 | e929 0000 | 0048 83b9 | 5801 0000 | 0075 1748 | 8981 5801 | 0000 48c7 | 8160 0100 
  0x000072cee1221990: 0001 0000 | 00e9 0800 | 0000 4883 | 8138 0100 | 0001 488d | 8c24 7001 | 0000 4889 | 5908 488b 
  0x000072cee12219b0: 0348 83c8 | 0148 8901 | f048 0fb1 | 0b0f 8412 | 0000 0048 | 2bc4 4825 | 07f0 ffff | 4889 010f 
  0x000072cee12219d0: 85b5 1400 | 0049 ff87 | 6808 0000 

  0x000072cee12219dc: ;   {metadata(method data for {method} {0x00006621b80fff78} 'addElement' '(Ljava/lang/Object;)V' in 'java/util/Vector')}
  0x000072cee12219dc: 48b8 e8d2 | 2cb8 2166 | 0000 8b88 | f400 0000 | 83c1 0289 | 88f4 0000 | 0081 e1fe | ff1f 0085 
  0x000072cee12219fc: c90f 849a | 1400 008b | 430c ffc0 | 8943 0c8b | 4318 8b4b | 104c 8bc3 

  0x000072cee1221a14: ;   {metadata(method data for {method} {0x00006621b80fff78} 'addElement' '(Ljava/lang/Object;)V' in 'java/util/Vector')}
  0x000072cee1221a14: 49b9 e8d2 | 2cb8 2166 | 0000 4983 | 8138 0100 

  0x000072cee1221a24: ;   {metadata(method data for {method} {0x00006621b8100870} 'add' '(Ljava/lang/Object;[Ljava/lang/Object;I)V' in 'java/util/Vector')}
  0x000072cee1221a24: 0001 49b8 | a0d4 2cb8 | 2166 0000 | 458b 88f4 | 0000 0041 | 83c1 0245 | 8988 f400 | 0000 4181 
  0x000072cee1221a44: e1fe ff1f | 0045 85c9 | 0f84 6c14 | 0000 448b | 400c 413b 

  0x000072cee1221a58: ;   {metadata(method data for {method} {0x00006621b8100870} 'add' '(Ljava/lang/Object;[Ljava/lang/Object;I)V' in 'java/util/Vector')}
  0x000072cee1221a58: c849 b8a0 | d42c b821 | 6600 0049 | c7c1 3801 | 0000 7507 | 49c7 c148 | 0100 004f | 8b1c 084d 
  0x000072cee1221a78: 8d5b 014f | 891c 080f | 859e 0000 | 0048 89bc | 2438 0100 | 0048 8bc3 

  0x000072cee1221a90: ;   {metadata(method data for {method} {0x00006621b8100870} 'add' '(Ljava/lang/Object;[Ljava/lang/Object;I)V' in 'java/util/Vector')}
  0x000072cee1221a90: 49b8 a0d4 | 2cb8 2166 | 0000 4983 | 8058 0100 

  0x000072cee1221aa0: ;   {metadata(method data for {method} {0x00006621b80fef50} 'grow' '()[Ljava/lang/Object;' in 'java/util/Vector')}
  0x000072cee1221aa0: 0001 48b8 | c0d6 2cb8 | 2166 0000 | 448b 80f4 | 0000 0041 | 83c0 0244 | 8980 f400 | 0000 4181 
  0x000072cee1221ac0: e0fe ff1f | 0045 85c0 | 0f84 1614 | 0000 488b 

  0x000072cee1221ad0: ;   {metadata(method data for {method} {0x00006621b80fef50} 'grow' '()[Ljava/lang/Object;' in 'java/util/Vector')}
  0x000072cee1221ad0: c349 b8c0 | d62c b821 | 6600 0049 | 8380 3801 | 0000 0148 | 8bc1 ffc0 | 488b d048 | 8bf3 4889 
  0x000072cee1221af0: 9c24 4001 | 0000 898c | 2404 0100 

  0x000072cee1221afc: ;   {optimized virtual_call}
  0x000072cee1221afc: 0066 90e8 

  0x000072cee1221b00: ; ImmutableOopMap {[224]=Oop [232]=Oop [240]=Oop [280]=Oop [312]=Oop [320]=Oop [376]=Oop }
                      ;*invokevirtual grow {reexecute=0 rethrow=0 return_oop=0}
                      ; - java.util.Vector::grow@7 (line 266)
                      ; - java.util.Vector::add@7 (line 782)
                      ; - java.util.Vector::addElement@20 (line 617)
                      ; - java.util.Stack::push@2 (line 68)
                      ; - net.sf.saxon.expr.ExpressionVisitor::optimize@9 (line 199)
                      ; - net.sf.saxon.expr.PathExpression::optimize@178 (line 329)
  0x000072cee1221b00: 7c35 a406 

  0x000072cee1221b04: ;   {other}
  0x000072cee1221b04: 0f1f 8400 | f41d 000a | 8b8c 2404 | 0100 0048 | 8b9c 2440 | 0100 0048 | 8bbc 2438 | 0100 003b 
  0x000072cee1221b24: 480c 0f83 | e313 0000 | 4885 ff75 

  0x000072cee1221b30: ;   {metadata(method data for {method} {0x00006621b8100870} 'add' '(Ljava/lang/Object;[Ljava/lang/Object;I)V' in 'java/util/Vector')}
  0x000072cee1221b30: 1648 bea0 | d42c b821 | 6600 0080 | 8e89 0100 | 0001 e9fa | 0000 008b | 5008 49ba | 0000 00c3 
  0x000072cee1221b50: 2166 0000 | 4903 d28b | 7708 49ba | 0000 00c3 | 2166 0000 | 4903 f248 | 8b92 e000 | 0000 483b 
  0x000072cee1221b70: f20f 8429 | 0000 0044 | 8b42 144a | 3b14 060f | 841b 0000 | 0041 83f8 | 200f 859b | 0000 0056 
  0x000072cee1221b90: ;   {runtime_call slow_subtype_check Runtime1 stub}
  0x000072cee1221b90: 52e8 ea31 | af06 5e5a | 85d2 0f84 | 8a00 0000 

  0x000072cee1221ba0: ;   {metadata(method data for {method} {0x00006621b8100870} 'add' '(Ljava/lang/Object;[Ljava/lang/Object;I)V' in 'java/util/Vector')}
  0x000072cee1221ba0: 48be a0d4 | 2cb8 2166 | 0000 8b57 | 0849 ba00 | 0000 c321 | 6600 0049 | 03d2 483b | 96a0 0100 
  0x000072cee1221bc0: 0075 0d48 | 8386 a801 | 0000 01e9 | 7100 0000 | 483b 96b0 | 0100 0075 | 0d48 8386 | b801 0000 
  0x000072cee1221be0: 01e9 5b00 | 0000 4883 | bea0 0100 | 0000 7517 | 4889 96a0 | 0100 0048 | c786 a801 | 0000 0100 
  0x000072cee1221c00: 0000 e93a | 0000 0048 | 83be b001 | 0000 0075 | 1748 8996 | b001 0000 | 48c7 86b8 | 0100 0001 
  0x000072cee1221c20: 0000 00e9 | 1900 0000 

  0x000072cee1221c28: ;   {metadata(method data for {method} {0x00006621b8100870} 'add' '(Ljava/lang/Object;[Ljava/lang/Object;I)V' in 'java/util/Vector')}
  0x000072cee1221c28: eb17 48be | a0d4 2cb8 | 2166 0000 | 4883 ae90 | 0100 0001 | e9e1 1200 | 0048 63d1 | 4c8b d744 
  0x000072cee1221c48: 8954 9010 | ffc1 894b | 1048 8d84 | 2470 0100 | 0048 8b10 | 4885 d20f | 840f 0000 | 0048 8b48 
  0x000072cee1221c68: 08f0 480f | b111 0f85 | b712 0000 | 49ff 8f68 | 0800 0048 | 8b94 24e8 | 0000 0048 | 3b07 488b 
  0x000072cee1221c88: ;   {metadata(method data for {method} {0x00006621b8d04f28} 'optimize' '(Lnet/sf/saxon/expr/Expression;Lnet/sf/saxon/type/ItemType;)Lnet/sf/saxon/expr/Expression;' in 'net/sf/saxon/expr/ExpressionVisitor')}
  0x000072cee1221c88: cf48 bee0 | 8ad6 b821 | 6600 008b | 4908 49ba | 0000 00c3 | 2166 0000 | 4903 ca48 | 3b8e a001 
  0x000072cee1221ca8: 0000 750d | 4883 86a8 | 0100 0001 | e960 0000 | 0048 3b8e | b001 0000 | 750d 4883 | 86b8 0100 
  0x000072cee1221cc8: 0001 e94a | 0000 0048 | 83be a001 | 0000 0075 | 1748 898e | a001 0000 | 48c7 86a8 | 0100 0001 
  0x000072cee1221ce8: 0000 00e9 | 2900 0000 | 4883 beb0 | 0100 0000 | 7517 4889 | 8eb0 0100 | 0048 c786 | b801 0000 
  0x000072cee1221d08: 0100 0000 | e908 0000 | 0048 8386 | 9001 0000 | 0148 8bda | 488b d348 | 8b8c 24f0 | 0000 0048 
  0x000072cee1221d28: 8bf7 6666 | 9048 b8ff | ffff ffff 

  0x000072cee1221d34: ;   {virtual_call}
  0x000072cee1221d34: ffff ffe8 

  0x000072cee1221d38: ; ImmutableOopMap {[224]=Oop [232]=Oop [240]=Oop [280]=Oop }
                      ;*invokevirtual optimize {reexecute=0 rethrow=0 return_oop=0}
                      ; - net.sf.saxon.expr.ExpressionVisitor::optimize@16 (line 200)
                      ; - net.sf.saxon.expr.PathExpression::optimize@178 (line 329)
  0x000072cee1221d38: d430 d506 

  0x000072cee1221d3c: ;   {other}
  0x000072cee1221d3c: 0f1f 8400 | 2c20 000b | 488b 9424 | e800 0000 | 8b72 0c48 | 3b06 488b 

  0x000072cee1221d54: ;   {metadata(method data for {method} {0x00006621b8d04f28} 'optimize' '(Lnet/sf/saxon/expr/Expression;Lnet/sf/saxon/type/ItemType;)Lnet/sf/saxon/expr/Expression;' in 'net/sf/saxon/expr/ExpressionVisitor')}
  0x000072cee1221d54: fe48 bbe0 | 8ad6 b821 | 6600 0048 | 8383 e001 | 0000 0148 | 8984 2448 

  0x000072cee1221d6c: ;   {optimized virtual_call}
  0x000072cee1221d6c: 0100 00e8 

  0x000072cee1221d70: ; ImmutableOopMap {[224]=Oop [232]=Oop [240]=Oop [280]=Oop [328]=Oop }
                      ;*invokevirtual pop {reexecute=0 rethrow=0 return_oop=0}
                      ; - net.sf.saxon.expr.ExpressionVisitor::optimize@24 (line 201)
                      ; - net.sf.saxon.expr.PathExpression::optimize@178 (line 329)
  0x000072cee1221d70: 4c16 4307 

  0x000072cee1221d74: ;   {other}
  0x000072cee1221d74: 0f1f 8400 | 6420 000c | 488b 8424 | 4801 0000 | e90a 0000 

  0x000072cee1221d88: ;   {oop(nullptr)}
  0x000072cee1221d88: 0048 b800 | 0000 0000 | 0000 0048 | 8bb4 24e0 | 0000 0048 

  0x000072cee1221d9c: ;   {metadata(method data for {method} {0x00006621b8ce2a28} 'optimize' '(Lnet/sf/saxon/expr/ExpressionVisitor;Lnet/sf/saxon/type/ItemType;)Lnet/sf/saxon/expr/Expression;' in 'net/sf/saxon/expr/PathExpression')}
  0x000072cee1221d9c: 8bd6 48bf | e005 dab8 | 2166 0000 | 8b52 0849 | ba00 0000 | c321 6600 | 0049 03d2 | 483b 97f0 
  0x000072cee1221dbc: 0600 0075 | 0d48 8387 | f806 0000 | 01e9 6000 | 0000 483b | 9700 0700 | 0075 0d48 | 8387 0807 
  0x000072cee1221ddc: 0000 01e9 | 4a00 0000 | 4883 bff0 | 0600 0000 | 7517 4889 | 97f0 0600 | 0048 c787 | f806 0000 
  0x000072cee1221dfc: 0100 0000 | e929 0000 | 0048 83bf | 0007 0000 | 0075 1748 | 8997 0007 | 0000 48c7 | 8708 0700 
  0x000072cee1221e1c: 0001 0000 | 00e9 0800 | 0000 4883 | 87e0 0600 

  0x000072cee1221e2c: ;   {metadata(method data for {method} {0x00006621b8ca7528} 'setStartExpression' '(Lnet/sf/saxon/expr/Expression;)V' in 'net/sf/saxon/expr/SlashExpression')}
  0x000072cee1221e2c: 0001 48ba | 00bd d0b8 | 2166 0000 | 8bba f400 | 0000 83c7 | 0289 baf4 | 0000 0081 | e7fe ff1f 
  0x000072cee1221e4c: 0085 ff0f | 84f6 1000 | 008b 561c 

  0x000072cee1221e58: ;   {metadata(method data for {method} {0x00006621b8ca7528} 'setStartExpression' '(Lnet/sf/saxon/expr/Expression;)V' in 'net/sf/saxon/expr/SlashExpression')}
  0x000072cee1221e58: 483b d048 | ba00 bdd0 | b821 6600 | 0048 c7c7 | 3801 0000 | 7407 48c7 | c748 0100 | 0048 8b1c 
  0x000072cee1221e78: 3a48 8d5b | 0148 891c | 3a0f 84b5 | 0000 004c | 8bd0 4489 | 561c 488b 

  0x000072cee1221e90: ;   {metadata(method data for {method} {0x00006621b8ca7528} 'setStartExpression' '(Lnet/sf/saxon/expr/Expression;)V' in 'net/sf/saxon/expr/SlashExpression')}
  0x000072cee1221e90: d648 bf00 | bdd0 b821 | 6600 008b | 5208 49ba | 0000 00c3 | 2166 0000 | 4903 d248 | 3b97 6801 
  0x000072cee1221eb0: 0000 750d | 4883 8770 | 0100 0001 | e960 0000 | 0048 3b97 | 7801 0000 | 750d 4883 | 8780 0100 
  0x000072cee1221ed0: 0001 e94a | 0000 0048 | 83bf 6801 | 0000 0075 | 1748 8997 | 6801 0000 | 48c7 8770 | 0100 0001 
  0x000072cee1221ef0: 0000 00e9 | 2900 0000 | 4883 bf78 | 0100 0000 | 7517 4889 | 9778 0100 | 0048 c787 | 8001 0000 
  0x000072cee1221f10: 0100 0000 | e908 0000 | 0048 8387 | 5801 0000 | 0148 8bd0 | 488b fe48 | 8bf7 0f1f 

  0x000072cee1221f2c: ;   {optimized virtual_call}
  0x000072cee1221f2c: 4400 00e8 

  0x000072cee1221f30: ; ImmutableOopMap {[224]=Oop [232]=Oop [240]=Oop [280]=Oop }
                      ;*invokevirtual adoptChildExpression {reexecute=0 rethrow=0 return_oop=0}
                      ; - net.sf.saxon.expr.SlashExpression::setStartExpression@18 (line 58)
                      ; - net.sf.saxon.expr.PathExpression::optimize@181 (line 329)
  0x000072cee1221f30: 2c1a 4407 

  0x000072cee1221f34: ;   {other}
  0x000072cee1221f34: 0f1f 8400 | 2422 000d | 488b bc24 | 1801 0000 | 488b b424 | e000 0000 | 8b5e 208b | 461c 483b 
  0x000072cee1221f54: 0048 8bd0 

  0x000072cee1221f58: ;   {metadata(method data for {method} {0x00006621b8ce2a28} 'optimize' '(Lnet/sf/saxon/expr/ExpressionVisitor;Lnet/sf/saxon/type/ItemType;)Lnet/sf/saxon/expr/Expression;' in 'net/sf/saxon/expr/PathExpression')}
  0x000072cee1221f58: 48b9 e005 | dab8 2166 | 0000 8b52 | 0849 ba00 | 0000 c321 | 6600 0049 | 03d2 483b | 9128 0700 
  0x000072cee1221f78: 0075 0d48 | 8381 3007 | 0000 01e9 | 6000 0000 | 483b 9138 | 0700 0075 | 0d48 8381 | 4007 0000 
  0x000072cee1221f98: 01e9 4a00 | 0000 4883 | b928 0700 | 0000 7517 | 4889 9128 | 0700 0048 | c781 3007 | 0000 0100 
  0x000072cee1221fb8: 0000 e929 | 0000 0048 | 83b9 3807 | 0000 0075 | 1748 8991 | 3807 0000 | 48c7 8140 | 0700 0001 
  0x000072cee1221fd8: 0000 00e9 | 0800 0000 | 4883 8118 | 0700 0001 | 488b d748 | 8bf0 4889 | 9c24 5001 | 0000 0f1f 
  0x000072cee1221ff8: 8000 0000 | 0048 b8ff | ffff ffff 

  0x000072cee1222004: ;   {virtual_call}
  0x000072cee1222004: ffff ffe8 

  0x000072cee1222008: ; ImmutableOopMap {[224]=Oop [232]=Oop [240]=Oop [336]=Oop }
                      ;*invokevirtual getItemType {reexecute=0 rethrow=0 return_oop=0}
                      ; - net.sf.saxon.expr.PathExpression::optimize@196 (line 330)
  0x000072cee1222008: a42d d506 

  0x000072cee122200c: ;   {other}
  0x000072cee122200c: 0f1f 8400 | fc22 000e | 488b 9c24 | 5001 0000 

  0x000072cee122201c: ; implicit exception: dispatches to 0x000072cee1222f71
  0x000072cee122201c: 483b 0348 

  0x000072cee1222020: ;   {metadata(method data for {method} {0x00006621b8ce2a28} 'optimize' '(Lnet/sf/saxon/expr/ExpressionVisitor;Lnet/sf/saxon/type/ItemType;)Lnet/sf/saxon/expr/Expression;' in 'net/sf/saxon/expr/PathExpression')}
  0x000072cee1222020: 8bd3 48b9 | e005 dab8 | 2166 0000 | 8b52 0849 | ba00 0000 | c321 6600 | 0049 03d2 | 483b 9160 
  0x000072cee1222040: 0700 0075 | 0d48 8381 | 6807 0000 | 01e9 6000 | 0000 483b | 9170 0700 | 0075 0d48 | 8381 7807 
  0x000072cee1222060: 0000 01e9 | 4a00 0000 | 4883 b960 | 0700 0000 | 7517 4889 | 9160 0700 | 0048 c781 | 6807 0000 
  0x000072cee1222080: 0100 0000 | e929 0000 | 0048 83b9 | 7007 0000 | 0075 1748 | 8991 7007 | 0000 48c7 | 8178 0700 
  0x000072cee12220a0: 0001 0000 | 00e9 0800 | 0000 4883 | 8150 0700 | 0001 488b | 9424 e800 | 0000 488b | c848 8bf3 
  0x000072cee12220c0: 0f1f 4400 | 0048 b8ff | ffff ffff 

  0x000072cee12220cc: ;   {virtual_call}
  0x000072cee12220cc: ffff ffe8 

  0x000072cee12220d0: ; ImmutableOopMap {[224]=Oop [232]=Oop [240]=Oop }
                      ;*invokevirtual optimize {reexecute=0 rethrow=0 return_oop=0}
                      ; - net.sf.saxon.expr.PathExpression::optimize@199 (line 330)
  0x000072cee12220d0: 3c2d d506 

  0x000072cee12220d4: ;   {other}
  0x000072cee12220d4: 0f1f 8400 | c423 000f | 488b b424 | e000 0000 

  0x000072cee12220e4: ;   {metadata(method data for {method} {0x00006621b8ce2a28} 'optimize' '(Lnet/sf/saxon/expr/ExpressionVisitor;Lnet/sf/saxon/type/ItemType;)Lnet/sf/saxon/expr/Expression;' in 'net/sf/saxon/expr/PathExpression')}
  0x000072cee12220e4: 48ba e005 | dab8 2166 | 0000 8b76 | 0849 ba00 | 0000 c321 | 6600 0049 | 03f2 483b | b298 0700 
  0x000072cee1222104: 0075 0d48 | 8382 a007 | 0000 01e9 | 6000 0000 | 483b b2a8 | 0700 0075 | 0d48 8382 | b007 0000 
  0x000072cee1222124: 01e9 4a00 | 0000 4883 | ba98 0700 | 0000 7517 | 4889 b298 | 0700 0048 | c782 a007 | 0000 0100 
  0x000072cee1222144: 0000 e929 | 0000 0048 | 83ba a807 | 0000 0075 | 1748 89b2 | a807 0000 | 48c7 82b0 | 0700 0001 
  0x000072cee1222164: 0000 00e9 | 0800 0000 | 4883 8288 | 0700 0001 

  0x000072cee1222174: ;   {metadata(method data for {method} {0x00006621b8ca75f0} 'setStepExpression' '(Lnet/sf/saxon/expr/Expression;)V' in 'net/sf/saxon/expr/SlashExpression')}
  0x000072cee1222174: 48ba d8be | d0b8 2166 | 0000 8bb2 | f400 0000 | 83c6 0289 | b2f4 0000 | 0081 e6fe | ff1f 0085 
  0x000072cee1222194: f60f 84db | 0d00 0048 | 8bb4 24e0 | 0000 008b | 5620 483b 

  0x000072cee12221a8: ;   {metadata(method data for {method} {0x00006621b8ca75f0} 'setStepExpression' '(Lnet/sf/saxon/expr/Expression;)V' in 'net/sf/saxon/expr/SlashExpression')}
  0x000072cee12221a8: d048 bad8 | bed0 b821 | 6600 0048 | c7c7 3801 | 0000 7407 | 48c7 c748 | 0100 0048 | 8b1c 3a48 
  0x000072cee12221c8: 8d5b 0148 | 891c 3a0f | 84b7 0000 | 004c 8bd0 | 4489 5620 

  0x000072cee12221dc: ;   {metadata(method data for {method} {0x00006621b8ca75f0} 'setStepExpression' '(Lnet/sf/saxon/expr/Expression;)V' in 'net/sf/saxon/expr/SlashExpression')}
  0x000072cee12221dc: 488b d648 | bfd8 bed0 | b821 6600 | 008b 5208 | 49ba 0000 | 00c3 2166 | 0000 4903 | d248 3b97 
  0x000072cee12221fc: 6801 0000 | 750d 4883 | 8770 0100 | 0001 e960 | 0000 0048 | 3b97 7801 | 0000 750d | 4883 8780 
  0x000072cee122221c: 0100 0001 | e94a 0000 | 0048 83bf | 6801 0000 | 0075 1748 | 8997 6801 | 0000 48c7 | 8770 0100 
  0x000072cee122223c: 0001 0000 | 00e9 2900 | 0000 4883 | bf78 0100 | 0000 7517 | 4889 9778 | 0100 0048 | c787 8001 
  0x000072cee122225c: 0000 0100 | 0000 e908 | 0000 0048 | 8387 5801 | 0000 0148 | 8bd0 488b | fe48 8bf7 | 0f1f 8000 
  0x000072cee122227c: ;   {optimized virtual_call}
  0x000072cee122227c: 0000 00e8 

  0x000072cee1222280: ; ImmutableOopMap {[224]=Oop [232]=Oop [240]=Oop }
                      ;*invokevirtual adoptChildExpression {reexecute=0 rethrow=0 return_oop=0}
                      ; - net.sf.saxon.expr.SlashExpression::setStepExpression@18 (line 65)
                      ; - net.sf.saxon.expr.PathExpression::optimize@202 (line 330)
  0x000072cee1222280: fc2d a406 

  0x000072cee1222284: ;   {other}
  0x000072cee1222284: 0f1f 8400 | 7425 0010 | 488b b424 | e000 0000 

  0x000072cee1222294: ;   {metadata(method data for {method} {0x00006621b8ce2a28} 'optimize' '(Lnet/sf/saxon/expr/ExpressionVisitor;Lnet/sf/saxon/type/ItemType;)Lnet/sf/saxon/expr/Expression;' in 'net/sf/saxon/expr/PathExpression')}
  0x000072cee1222294: 48ba e005 | dab8 2166 | 0000 8b76 | 0849 ba00 | 0000 c321 | 6600 0049 | 03f2 483b | b2d0 0700 
  0x000072cee12222b4: 0075 0d48 | 8382 d807 | 0000 01e9 | 6000 0000 | 483b b2e0 | 0700 0075 | 0d48 8382 | e807 0000 
  0x000072cee12222d4: 01e9 4a00 | 0000 4883 | bad0 0700 | 0000 7517 | 4889 b2d0 | 0700 0048 | c782 d807 | 0000 0100 
  0x000072cee12222f4: 0000 e929 | 0000 0048 | 83ba e007 | 0000 0075 | 1748 89b2 | e007 0000 | 48c7 82e8 | 0700 0001 
  0x000072cee1222314: 0000 00e9 | 0800 0000 | 4883 82c0 | 0700 0001 | 488b 9424 | e800 0000 | 488b 8c24 | f000 0000 
  0x000072cee1222334: 488b b424 | e000 0000 

  0x000072cee122233c: ;   {optimized virtual_call}
  0x000072cee122233c: 6666 90e8 

  0x000072cee1222340: ; ImmutableOopMap {}
                      ;*invokevirtual promoteFocusIndependentSubexpressions {reexecute=0 rethrow=0 return_oop=0}
                      ; - net.sf.saxon.expr.PathExpression::optimize@208 (line 336)
  0x000072cee1222340: 5ca8 ffff 

  0x000072cee1222344: ;   {other}
  0x000072cee1222344: 0f1f 8400 | 3426 0011 | 4881 c490 | 0100 005d 

  0x000072cee1222354: ;   {poll_return}
  0x000072cee1222354: 493b a768 | 0700 000f | 8736 0c00 | 00c3 488b | b424 e000 

  0x000072cee1222368: ;   {metadata(method data for {method} {0x00006621b8ce2a28} 'optimize' '(Lnet/sf/saxon/expr/ExpressionVisitor;Lnet/sf/saxon/type/ItemType;)Lnet/sf/saxon/expr/Expression;' in 'net/sf/saxon/expr/PathExpression')}
  0x000072cee1222368: 0000 48bf | e005 dab8 | 2166 0000 | 4883 8770 | 0400 0001 | 488b b424 | e000 0000 

  0x000072cee1222384: ;   {optimized virtual_call}
  0x000072cee1222384: 6666 90e8 

  0x000072cee1222388: ; ImmutableOopMap {[232]=Oop [240]=Oop [304]=Oop }
                      ;*invokevirtual getLeadingSteps {reexecute=0 rethrow=0 return_oop=0}
                      ; - net.sf.saxon.expr.PathExpression::optimize@94 (line 318)
  0x000072cee1222388: 1468 0d00 

  0x000072cee122238c: ;   {other}
  0x000072cee122238c: 0f1f 8400 | 7c26 0012 

  0x000072cee1222394: ;   {metadata('net/sf/saxon/expr/PathExpression')}
  0x000072cee1222394: 488b d848 | bab8 4922 | c421 6600 | 0049 8b87 | b804 0000 | 488d 4828 | 483b c80f | 82f8 0b00 
  0x000072cee12223b4: 0049 3b8f | c004 0000 | 0f87 eb0b | 0000 4989 | 8fb8 0400 | 0048 8bf8 | 48c1 ef06 | 49ba 0000 
  0x000072cee12223d4: 403c 2266 | 0000 458a | 143a 488b | c848 c1e9 | 0348 83e1 | 0748 c7c7 | 0100 0000 | 48d3 e74c 
  0x000072cee12223f4: 0bd7 488b | f848 c1ef | 0648 b900 | 0040 3c22 | 6600 0044 | 8814 3949 | 8387 2802 | 0000 2849 
  0x000072cee1222414: 8387 2802 | 0000 0048 | c700 0100 | 0000 488b | ca49 ba00 | 0000 c321 | 6600 0049 | 2bca 8948 
  0x000072cee1222434: 0848 33c9 | 8948 0c48 | 33c9 4889 | 4810 4889 | 4818 4889 | 4820 4889 | 8424 5801 | 0000 488b 
  0x000072cee1222454: bc24 3001 | 0000 4885 

  0x000072cee122245c: ;   {metadata(method data for {method} {0x00006621b8ce2a28} 'optimize' '(Lnet/sf/saxon/expr/ExpressionVisitor;Lnet/sf/saxon/type/ItemType;)Lnet/sf/saxon/expr/Expression;' in 'net/sf/saxon/expr/PathExpression')}
  0x000072cee122245c: ff75 1648 | bee0 05da | b821 6600 | 0080 8ea1 | 0400 0001 | e9cd 0000 

  0x000072cee1222474: ;   {metadata('net/sf/saxon/expr/FilterExpression')}
  0x000072cee1222474: 0049 b8b8 | 3a22 c421 | 6600 008b | 4f08 49ba | 0000 00c3 | 2166 0000 | 4903 ca4c | 3bc1 0f85 
  0x000072cee1222494: 8e00 0000 

  0x000072cee1222498: ;   {metadata(method data for {method} {0x00006621b8ce2a28} 'optimize' '(Lnet/sf/saxon/expr/ExpressionVisitor;Lnet/sf/saxon/type/ItemType;)Lnet/sf/saxon/expr/Expression;' in 'net/sf/saxon/expr/PathExpression')}
  0x000072cee1222498: 48be e005 | dab8 2166 | 0000 448b | 4708 49ba | 0000 00c3 | 2166 0000 | 4d03 c24c | 3b86 b804 
  0x000072cee12224b8: 0000 750d | 4883 86c0 | 0400 0001 | e979 0000 | 004c 3b86 | c804 0000 | 750d 4883 | 86d0 0400 
  0x000072cee12224d8: 0001 e963 | 0000 0048 | 83be b804 | 0000 0075 | 174c 8986 | b804 0000 | 48c7 86c0 | 0400 0001 
  0x000072cee12224f8: 0000 00e9 | 4200 0000 | 4883 bec8 | 0400 0000 | 7517 4c89 | 86c8 0400 | 0048 c786 | d004 0000 
  0x000072cee1222518: 0100 0000 | e921 0000 | 00e9 1c00 

  0x000072cee1222524: ;   {metadata(method data for {method} {0x00006621b8ce2a28} 'optimize' '(Lnet/sf/saxon/expr/ExpressionVisitor;Lnet/sf/saxon/type/ItemType;)Lnet/sf/saxon/expr/Expression;' in 'net/sf/saxon/expr/PathExpression')}
  0x000072cee1222524: 0000 48be | e005 dab8 | 2166 0000 | 4883 aea8 | 0400 0001 | e97d 0a00 | 00e9 0000 | 0000 488b 
  0x000072cee1222544: d748 3b02 

  0x000072cee1222548: ;   {metadata(method data for {method} {0x00006621b8ce2a28} 'optimize' '(Lnet/sf/saxon/expr/ExpressionVisitor;Lnet/sf/saxon/type/ItemType;)Lnet/sf/saxon/expr/Expression;' in 'net/sf/saxon/expr/PathExpression')}
  0x000072cee1222548: 488b ca48 | bee0 05da | b821 6600 | 0048 8386 | e004 0000 | 018b 4a20 

  0x000072cee1222560: ;   {metadata(method data for {method} {0x00006621b8ce2a28} 'optimize' '(Lnet/sf/saxon/expr/ExpressionVisitor;Lnet/sf/saxon/type/ItemType;)Lnet/sf/saxon/expr/Expression;' in 'net/sf/saxon/expr/PathExpression')}
  0x000072cee1222560: 488b d048 | bee0 05da | b821 6600 | 0048 8386 | 1805 0000 | 0148 8bd3 | 488b f048 | 89bc 2430 
  0x000072cee1222580: 0100 000f 

  0x000072cee1222584: ;   {optimized virtual_call}
  0x000072cee1222584: 1f40 00e8 

  0x000072cee1222588: ; ImmutableOopMap {[232]=Oop [240]=Oop [304]=Oop [344]=Oop }
                      ;*invokespecial <init> {reexecute=0 rethrow=0 return_oop=0}
                      ; - net.sf.saxon.expr.PathExpression::optimize@113 (line 319)
  0x000072cee1222588: d403 f7ff 

  0x000072cee122258c: ;   {other}
  0x000072cee122258c: 0f1f 8400 | 7c28 0013 

  0x000072cee1222594: ;   {metadata('net/sf/saxon/expr/FilterExpression')}
  0x000072cee1222594: 48ba b83a | 22c4 2166 | 0000 498b | 87b8 0400 | 0048 8d48 | 2848 3bc8 | 0f82 160a | 0000 493b 
  0x000072cee12225b4: 8fc0 0400 | 000f 8709 | 0a00 0049 | 898f b804 | 0000 488b | f848 c1ef | 0649 ba00 | 0040 3c22 
  0x000072cee12225d4: 6600 0045 | 8a14 3a48 | 8bc8 48c1 | e903 4883 | e107 48c7 | c701 0000 | 0048 d3e7 | 4c0b d748 
  0x000072cee12225f4: 8bf8 48c1 | ef06 48b9 | 0000 403c | 2266 0000 | 4488 1439 | 4983 8728 | 0200 0028 | 4983 8728 
  0x000072cee1222614: 0200 0000 | 48c7 0001 | 0000 0048 | 8bca 49ba | 0000 00c3 | 2166 0000 | 492b ca89 | 4808 4833 
  0x000072cee1222634: c989 480c | 4833 c948 | 8948 1048 | 8948 1848 | 8948 2048 | 8b94 2430 | 0100 0048 | 85d2 7516 
  0x000072cee1222654: ;   {metadata(method data for {method} {0x00006621b8ce2a28} 'optimize' '(Lnet/sf/saxon/expr/ExpressionVisitor;Lnet/sf/saxon/type/ItemType;)Lnet/sf/saxon/expr/Expression;' in 'net/sf/saxon/expr/PathExpression')}
  0x000072cee1222654: 48bf e005 | dab8 2166 | 0000 808f | 2105 0000 | 01e9 cc00 

  0x000072cee1222668: ;   {metadata('net/sf/saxon/expr/FilterExpression')}
  0x000072cee1222668: 0000 48bb | b83a 22c4 | 2166 0000 | 8b72 0849 | ba00 0000 | c321 6600 | 0049 03f2 | 483b de0f 
  0x000072cee1222688: 858d 0000 

  0x000072cee122268c: ;   {metadata(method data for {method} {0x00006621b8ce2a28} 'optimize' '(Lnet/sf/saxon/expr/ExpressionVisitor;Lnet/sf/saxon/type/ItemType;)Lnet/sf/saxon/expr/Expression;' in 'net/sf/saxon/expr/PathExpression')}
  0x000072cee122268c: 0048 bfe0 | 05da b821 | 6600 008b | 5a08 49ba | 0000 00c3 | 2166 0000 | 4903 da48 | 3b9f 3805 
  0x000072cee12226ac: 0000 750d | 4883 8740 | 0500 0001 | e979 0000 | 0048 3b9f | 4805 0000 | 750d 4883 | 8750 0500 
  0x000072cee12226cc: 0001 e963 | 0000 0048 | 83bf 3805 | 0000 0075 | 1748 899f | 3805 0000 | 48c7 8740 | 0500 0001 
  0x000072cee12226ec: 0000 00e9 | 4200 0000 | 4883 bf48 | 0500 0000 | 7517 4889 | 9f48 0500 | 0048 c787 | 5005 0000 
  0x000072cee122270c: 0100 0000 | e921 0000 | 00e9 1c00 

  0x000072cee1222718: ;   {metadata(method data for {method} {0x00006621b8ce2a28} 'optimize' '(Lnet/sf/saxon/expr/ExpressionVisitor;Lnet/sf/saxon/type/ItemType;)Lnet/sf/saxon/expr/Expression;' in 'net/sf/saxon/expr/PathExpression')}
  0x000072cee1222718: 0000 48bf | e005 dab8 | 2166 0000 | 4883 af28 | 0500 0001 | e9a4 0800 | 00e9 0000 | 0000 483b 
  0x000072cee1222738: 0248 8bf2 

  0x000072cee122273c: ;   {metadata(method data for {method} {0x00006621b8ce2a28} 'optimize' '(Lnet/sf/saxon/expr/ExpressionVisitor;Lnet/sf/saxon/type/ItemType;)Lnet/sf/saxon/expr/Expression;' in 'net/sf/saxon/expr/PathExpression')}
  0x000072cee122273c: 48bf e005 | dab8 2166 | 0000 4883 | 8760 0500 | 0001 8b7a | 2448 8bd0 

  0x000072cee1222754: ;   {metadata(method data for {method} {0x00006621b8ce2a28} 'optimize' '(Lnet/sf/saxon/expr/ExpressionVisitor;Lnet/sf/saxon/type/ItemType;)Lnet/sf/saxon/expr/Expression;' in 'net/sf/saxon/expr/PathExpression')}
  0x000072cee1222754: 48be e005 | dab8 2166 | 0000 4883 | 8698 0500 

  0x000072cee1222764: ;   {metadata(method data for {method} {0x00006621b8cd54d8} '<init>' '(Lnet/sf/saxon/expr/Expression;Lnet/sf/saxon/expr/Expression;)V' in 'net/sf/saxon/expr/FilterExpression')}
  0x000072cee1222764: 0001 48ba | d006 d0b8 | 2166 0000 | 8bb2 f400 | 0000 83c6 | 0289 b2f4 | 0000 0081 | e6fe ff1f 
  0x000072cee1222784: 0085 f60f | 8456 0800 | 0048 8bd0 

  0x000072cee1222790: ;   {metadata(method data for {method} {0x00006621b8cd54d8} '<init>' '(Lnet/sf/saxon/expr/Expression;Lnet/sf/saxon/expr/Expression;)V' in 'net/sf/saxon/expr/FilterExpression')}
  0x000072cee1222790: 48be d006 | d0b8 2166 | 0000 4883 | 8638 0100 

  0x000072cee12227a0: ;   {metadata(method data for {method} {0x00006621b8a99f08} '<init>' '()V' in 'net/sf/saxon/expr/Expression')}
  0x000072cee12227a0: 0001 48ba | 50c3 cfb8 | 2166 0000 | 8bb2 f400 | 0000 83c6 | 0289 b2f4 | 0000 0081 | e6fe ff1f 
  0x000072cee12227c0: 0085 f60f | 843b 0800 | 0048 8bd0 

  0x000072cee12227cc: ;   {metadata(method data for {method} {0x00006621b8a99f08} '<init>' '()V' in 'net/sf/saxon/expr/Expression')}
  0x000072cee12227cc: 48be 50c3 | cfb8 2166 | 0000 4883 | 8638 0100 

  0x000072cee12227dc: ;   {metadata(method data for {method} {0x00006621c34791f0} '<init>' '()V' in 'java/lang/Object')}
  0x000072cee12227dc: 0001 48ba | c070 00b8 | 2166 0000 | 8bb2 f400 | 0000 83c6 | 0289 b2f4 | 0000 0081 | e6fe ff1f 
  0x000072cee12227fc: 0085 f60f | 8420 0800 | 00c7 400c | ffff ffff | c740 10ff | ffff ff48 | 8b9c 2458 | 0100 004c 
  0x000072cee122281c: 8bd3 4489 | 5020 4c8b | d744 8950 | 2448 8bd0 

  0x000072cee122282c: ;   {metadata(method data for {method} {0x00006621b8cd54d8} '<init>' '(Lnet/sf/saxon/expr/Expression;Lnet/sf/saxon/expr/Expression;)V' in 'net/sf/saxon/expr/FilterExpression')}
  0x000072cee122282c: 48be d006 | d0b8 2166 | 0000 8b52 | 0849 ba00 | 0000 c321 | 6600 0049 | 03d2 483b | 9658 0100 
  0x000072cee122284c: 0075 0d48 | 8386 6001 | 0000 01e9 | 6000 0000 | 483b 9668 | 0100 0075 | 0d48 8386 | 7001 0000 
  0x000072cee122286c: 01e9 4a00 | 0000 4883 | be58 0100 | 0000 7517 | 4889 9658 | 0100 0048 | c786 6001 | 0000 0100 
  0x000072cee122288c: 0000 e929 | 0000 0048 | 83be 6801 | 0000 0075 | 1748 8996 | 6801 0000 | 48c7 8670 | 0100 0001 
  0x000072cee12228ac: 0000 00e9 | 0800 0000 | 4883 8648 | 0100 0001 | 488b d348 | 8bf0 4889 | bc24 6801 | 0000 4889 
  0x000072cee12228cc: 8424 6001 | 0000 0f1f 

  0x000072cee12228d4: ;   {optimized virtual_call}
  0x000072cee12228d4: 4400 00e8 

  0x000072cee12228d8: ; ImmutableOopMap {[232]=Oop [240]=Oop [344]=Oop [352]=Oop [360]=Oop }
                      ;*invokevirtual adoptChildExpression {reexecute=0 rethrow=0 return_oop=0}
                      ; - net.sf.saxon.expr.FilterExpression::<init>@16 (line 42)
                      ; - net.sf.saxon.expr.PathExpression::optimize@132 (line 320)
  0x000072cee12228d8: 8410 4407 

  0x000072cee12228dc: ;   {other}
  0x000072cee12228dc: 0f1f 8400 | cc2b 0014 | 488b 8424 | 6001 0000 

  0x000072cee12228ec: ;   {metadata(method data for {method} {0x00006621b8cd54d8} '<init>' '(Lnet/sf/saxon/expr/Expression;Lnet/sf/saxon/expr/Expression;)V' in 'net/sf/saxon/expr/FilterExpression')}
  0x000072cee12228ec: 48ba d006 | d0b8 2166 | 0000 8b40 | 0849 ba00 | 0000 c321 | 6600 0049 | 03c2 483b | 8290 0100 
  0x000072cee122290c: 0075 0d48 | 8382 9801 | 0000 01e9 | 6000 0000 | 483b 82a0 | 0100 0075 | 0d48 8382 | a801 0000 
  0x000072cee122292c: 01e9 4a00 | 0000 4883 | ba90 0100 | 0000 7517 | 4889 8290 | 0100 0048 | c782 9801 | 0000 0100 
  0x000072cee122294c: 0000 e929 | 0000 0048 | 83ba a001 | 0000 0075 | 1748 8982 | a001 0000 | 48c7 82a8 | 0100 0001 
  0x000072cee122296c: 0000 00e9 | 0800 0000 | 4883 8280 | 0100 0001 | 488b 9424 | 6801 0000 | 488b b424 | 6001 0000 
  0x000072cee122298c: ;   {optimized virtual_call}
  0x000072cee122298c: 6666 90e8 

  0x000072cee1222990: ; ImmutableOopMap {[232]=Oop [240]=Oop [344]=Oop [352]=Oop }
                      ;*invokevirtual adoptChildExpression {reexecute=0 rethrow=0 return_oop=0}
                      ; - net.sf.saxon.expr.FilterExpression::<init>@21 (line 43)
                      ; - net.sf.saxon.expr.PathExpression::optimize@132 (line 320)
  0x000072cee1222990: cc0f 4407 

  0x000072cee1222994: ;   {other}
  0x000072cee1222994: 0f1f 8400 | 842c 0015 | 488b 8424 | 5801 0000 

  0x000072cee12229a4: ;   {metadata(method data for {method} {0x00006621b8cd54d8} '<init>' '(Lnet/sf/saxon/expr/Expression;Lnet/sf/saxon/expr/Expression;)V' in 'net/sf/saxon/expr/FilterExpression')}
  0x000072cee12229a4: 48ba d006 | d0b8 2166 | 0000 8b40 | 0849 ba00 | 0000 c321 | 6600 0049 | 03c2 483b | 82c8 0100 
  0x000072cee12229c4: 0075 0d48 | 8382 d001 | 0000 01e9 | 6000 0000 | 483b 82d8 | 0100 0075 | 0d48 8382 | e001 0000 
  0x000072cee12229e4: 01e9 4a00 | 0000 4883 | bac8 0100 | 0000 7517 | 4889 82c8 | 0100 0048 | c782 d001 | 0000 0100 
  0x000072cee1222a04: 0000 e929 | 0000 0048 | 83ba d801 | 0000 0075 | 1748 8982 | d801 0000 | 48c7 82e0 | 0100 0001 
  0x000072cee1222a24: 0000 00e9 | 0800 0000 | 4883 82b8 | 0100 0001 

  0x000072cee1222a34: ;   {metadata(method data for {method} {0x00006621b8a9aaf8} 'setFiltered' '(Z)V' in 'net/sf/saxon/expr/Expression')}
  0x000072cee1222a34: 48ba a0fe | cfb8 2166 | 0000 8b8a | f400 0000 | 83c1 0289 | 8af4 0000 | 0081 e1fe | ff1f 0085 
  0x000072cee1222a54: c90f 84eb | 0500 0048 | 8b84 2460 

  0x000072cee1222a60: ;   {metadata(method data for {method} {0x00006621b8ce2a28} 'optimize' '(Lnet/sf/saxon/expr/ExpressionVisitor;Lnet/sf/saxon/type/ItemType;)Lnet/sf/saxon/expr/Expression;' in 'net/sf/saxon/expr/PathExpression')}
  0x000072cee1222a60: 0100 0048 | bae0 05da | b821 6600 | 0048 8382 | a805 0000 | 0148 8b94 | 24e8 0000 | 0048 8b8c 
  0x000072cee1222a80: 24f0 0000 | 0048 8bb4 | 2460 0100 

  0x000072cee1222a8c: ;   {optimized virtual_call}
  0x000072cee1222a8c: 0066 90e8 

  0x000072cee1222a90: ; ImmutableOopMap {}
                      ;*invokevirtual optimize {reexecute=0 rethrow=0 return_oop=0}
                      ; - net.sf.saxon.expr.PathExpression::optimize@141 (line 321)
  0x000072cee1222a90: 6c39 0a00 

  0x000072cee1222a94: ;   {other}
  0x000072cee1222a94: 0f1f 8400 | 842d 0016 | 4881 c490 | 0100 005d 

  0x000072cee1222aa4: ;   {poll_return}
  0x000072cee1222aa4: 493b a768 | 0700 000f | 87b6 0500 | 00c3 488b | b424 e000 | 0000 488b | c648 81c4 | 9001 0000 
  0x000072cee1222ac4: ;   {poll_return}
  0x000072cee1222ac4: 5d49 3ba7 | 6807 0000 | 0f87 ab05 | 0000 c349 | 8b87 1808 | 0000 4d33 | d24d 8997 | 1808 0000 
  0x000072cee1222ae4: 4d33 d24d | 8997 2008 | 0000 488b | f048 8d84 | 2470 0100 | 0048 8b38 | 4885 ff0f | 840f 0000 
  0x000072cee1222b04: 0048 8b58 | 08f0 480f | b13b 0f85 | 7f05 0000 | 49ff 8f68 | 0800 0048 | 8bc6 e9b9 | 0500 0049 
  0x000072cee1222b24: 8b87 1808 | 0000 4d33 | d24d 8997 | 1808 0000 | 4d33 d24d | 8997 2008 | 0000 488b | f048 8d84 
  0x000072cee1222b44: 2470 0100 | 0048 8b38 | 4885 ff0f | 840f 0000 | 0048 8b58 | 08f0 480f | b13b 0f85 | 4505 0000 
  0x000072cee1222b64: 49ff 8f68 | 0800 0048 | 8bc6 e969 

  0x000072cee1222b70: ;   {metadata({method} {0x00006621b8ce2a28} 'optimize' '(Lnet/sf/saxon/expr/ExpressionVisitor;Lnet/sf/saxon/type/ItemType;)Lnet/sf/saxon/expr/Expression;' in 'net/sf/saxon/expr/PathExpression')}
  0x000072cee1222b70: 0500 0049 | ba28 2ace | b821 6600 | 004c 8954 | 2408 48c7 | 0424 ffff 

  0x000072cee1222b88: ;   {runtime_call counter_overflow Runtime1 stub}
  0x000072cee1222b88: ffff e8f1 

  0x000072cee1222b8c: ; ImmutableOopMap {rsi=Oop rdx=Oop rcx=Oop [224]=Oop [232]=Oop [240]=Oop }
                      ;*synchronization entry
                      ; - net.sf.saxon.expr.PathExpression::optimize@-1 (line 297)
  0x000072cee1222b8c: 58af 06e9 | c9d6 ffff 

  0x000072cee1222b94: ;   {runtime_call throw_null_pointer_exception Runtime1 stub}
  0x000072cee1222b94: e8e7 f4ae 

  0x000072cee1222b98: ; ImmutableOopMap {rsi=Oop rdx=Oop rcx=Oop [224]=Oop [232]=Oop [240]=Oop }
                      ;*invokevirtual getConfiguration {reexecute=0 rethrow=0 return_oop=0}
                      ; - net.sf.saxon.expr.PathExpression::optimize@1 (line 297)
                      ;   {runtime_call throw_null_pointer_exception Runtime1 stub}
  0x000072cee1222b98: 06e8 e2f4 

  0x000072cee1222b9c: ; ImmutableOopMap {rsi=Oop rdx=Oop rcx=Oop rbx=Oop [224]=Oop [232]=Oop [240]=Oop }
                      ;*invokevirtual getOptimizer {reexecute=0 rethrow=0 return_oop=0}
                      ; - net.sf.saxon.expr.PathExpression::optimize@4 (line 297)
                      ;   {metadata({method} {0x00006621b8aaa588} 'getOptimizer' '()Lnet/sf/saxon/expr/Optimizer;' in 'net/sf/saxon/Configuration')}
  0x000072cee1222b9c: ae06 49ba | 88a5 aab8 | 2166 0000 | 4c89 5424 | 0848 c704 | 24ff ffff 

  0x000072cee1222bb4: ;   {runtime_call counter_overflow Runtime1 stub}
  0x000072cee1222bb4: ffe8 c658 

  0x000072cee1222bb8: ; ImmutableOopMap {rsi=Oop rdx=Oop rcx=Oop rbx=Oop [224]=Oop [232]=Oop [240]=Oop }
                      ;*synchronization entry
                      ; - net.sf.saxon.Configuration::getOptimizer@-1 (line 2514)
                      ; - net.sf.saxon.expr.PathExpression::optimize@4 (line 297)
  0x000072cee1222bb8: af06 e9f7 | d6ff ff48 

  0x000072cee1222bc0: ;   {runtime_call fast_new_instance Runtime1 stub}
  0x000072cee1222bc0: 8bd2 e8b9 

  0x000072cee1222bc4: ; ImmutableOopMap {rbx=Oop r8=Oop [224]=Oop [232]=Oop [240]=Oop }
                      ;*new {reexecute=0 rethrow=0 return_oop=0}
                      ; - net.sf.saxon.Configuration::getOptimizer@8 (line 2515)
                      ; - net.sf.saxon.expr.PathExpression::optimize@4 (line 297)
  0x000072cee1222bc4: fdae 06e9 | c9d7 ffff 

  0x000072cee1222bcc: ;   {metadata({method} {0x00006621b8d15ab0} '<init>' '(Lnet/sf/saxon/Configuration;)V' in 'net/sf/saxon/expr/Optimizer')}
  0x000072cee1222bcc: 49ba b05a | d1b8 2166 | 0000 4c89 | 5424 0848 | c704 24ff 

  0x000072cee1222be0: ;   {runtime_call counter_overflow Runtime1 stub}
  0x000072cee1222be0: ffff ffe8 

  0x000072cee1222be4: ; ImmutableOopMap {rbx=Oop r8=Oop rax=Oop [224]=Oop [232]=Oop [240]=Oop }
                      ;*synchronization entry
                      ; - net.sf.saxon.expr.Optimizer::<init>@-1 (line 34)
                      ; - net.sf.saxon.Configuration::getOptimizer@13 (line 2515)
                      ; - net.sf.saxon.expr.PathExpression::optimize@4 (line 297)
  0x000072cee1222be4: 9858 af06 | e9e4 d7ff 

  0x000072cee1222bec: ;   {metadata({method} {0x00006621c34791f0} '<init>' '()V' in 'java/lang/Object')}
  0x000072cee1222bec: ff49 baf0 | 9147 c321 | 6600 004c | 8954 2408 | 48c7 0424 | ffff ffff 

  0x000072cee1222c04: ;   {runtime_call counter_overflow Runtime1 stub}
  0x000072cee1222c04: e877 58af 

  0x000072cee1222c08: ; ImmutableOopMap {rbx=Oop r8=Oop rax=Oop [224]=Oop [232]=Oop [240]=Oop }
                      ;*synchronization entry
                      ; - java.lang.Object::<init>@-1 (line 45)
                      ; - net.sf.saxon.expr.Optimizer::<init>@1 (line 34)
                      ; - net.sf.saxon.Configuration::getOptimizer@13 (line 2515)
                      ; - net.sf.saxon.expr.PathExpression::optimize@4 (line 297)
  0x000072cee1222c08: 06e9 ffd7 

  0x000072cee1222c0c: ;   {metadata({method} {0x00006621b8aa8380} 'getTypeHierarchy' '()Lnet/sf/saxon/type/TypeHierarchy;' in 'net/sf/saxon/Configuration')}
  0x000072cee1222c0c: ffff 49ba | 8083 aab8 | 2166 0000 | 4c89 5424 | 0848 c704 | 24ff ffff 

  0x000072cee1222c24: ;   {runtime_call counter_overflow Runtime1 stub}
  0x000072cee1222c24: ffe8 5658 

  0x000072cee1222c28: ; ImmutableOopMap {rbx=Oop r8=Oop r13=Oop [224]=Oop [232]=Oop [240]=Oop }
                      ;*synchronization entry
                      ; - net.sf.saxon.Configuration::getTypeHierarchy@-1 (line 1800)
                      ; - net.sf.saxon.expr.PathExpression::optimize@12 (line 303)
  0x000072cee1222c28: af06 e947 | d8ff ff48 

  0x000072cee1222c30: ;   {runtime_call fast_new_instance Runtime1 stub}
  0x000072cee1222c30: 8bd2 e849 

  0x000072cee1222c34: ; ImmutableOopMap {rbx=Oop [224]=Oop [232]=Oop [240]=Oop [248]=Oop }
                      ;*new {reexecute=0 rethrow=0 return_oop=0}
                      ; - net.sf.saxon.Configuration::getTypeHierarchy@8 (line 1801)
                      ; - net.sf.saxon.expr.PathExpression::optimize@12 (line 303)
  0x000072cee1222c34: fdae 06e9 | 22d9 ffff 

  0x000072cee1222c3c: ;   {metadata({method} {0x00006621b8d04f28} 'optimize' '(Lnet/sf/saxon/expr/Expression;Lnet/sf/saxon/type/ItemType;)Lnet/sf/saxon/expr/Expression;' in 'net/sf/saxon/expr/ExpressionVisitor')}
  0x000072cee1222c3c: 49ba 284f | d0b8 2166 | 0000 4c89 | 5424 0848 | c704 24ff 

  0x000072cee1222c50: ;   {runtime_call counter_overflow Runtime1 stub}
  0x000072cee1222c50: ffff ffe8 

  0x000072cee1222c54: ; ImmutableOopMap {rdi=Oop rsi=Oop rbx=Oop [224]=Oop [232]=Oop [240]=Oop }
                      ;*synchronization entry
                      ; - net.sf.saxon.expr.ExpressionVisitor::optimize@-1 (line 198)
                      ; - net.sf.saxon.expr.PathExpression::optimize@32 (line 308)
  0x000072cee1222c54: 2858 af06 | e9ee d9ff 

  0x000072cee1222c5c: ;   {runtime_call throw_null_pointer_exception Runtime1 stub}
  0x000072cee1222c5c: ffe8 1ef4 

  0x000072cee1222c60: ; ImmutableOopMap {rdi=Oop rsi=Oop rbx=Oop rdx=Oop rcx=Oop [224]=Oop [232]=Oop [240]=Oop }
                      ;*invokevirtual push {reexecute=0 rethrow=0 return_oop=0}
                      ; - net.sf.saxon.expr.ExpressionVisitor::optimize@9 (line 199)
                      ; - net.sf.saxon.expr.PathExpression::optimize@32 (line 308)
                      ;   {metadata({method} {0x00006621b82b1f98} 'push' '(Ljava/lang/Object;)Ljava/lang/Object;' in 'java/util/Stack')}
  0x000072cee1222c60: ae06 49ba | 981f 2bb8 | 2166 0000 | 4c89 5424 | 0848 c704 | 24ff ffff 

  0x000072cee1222c78: ;   {runtime_call counter_overflow Runtime1 stub}
  0x000072cee1222c78: ffe8 0258 

  0x000072cee1222c7c: ; ImmutableOopMap {rdi=Oop rsi=Oop rbx=Oop rdx=Oop rcx=Oop [224]=Oop [232]=Oop [240]=Oop }
                      ;*synchronization entry
                      ; - java.util.Stack::push@-1 (line 68)
                      ; - net.sf.saxon.expr.ExpressionVisitor::optimize@9 (line 199)
                      ; - net.sf.saxon.expr.PathExpression::optimize@32 (line 308)
  0x000072cee1222c7c: af06 e946 | daff ff48 | 894c 2408 | 4c89 0424 

  0x000072cee1222c8c: ;   {runtime_call monitorenter_nofpu Runtime1 stub}
  0x000072cee1222c8c: e8ef 29af 

  0x000072cee1222c90: ; ImmutableOopMap {rdi=Oop rsi=Oop rbx=Oop rdx=Oop rcx=Oop [224]=Oop [232]=Oop [240]=Oop [376]=Oop }
                      ;*synchronization entry
                      ; - java.util.Vector::addElement@-1 (line 616)
                      ; - java.util.Stack::push@2 (line 68)
                      ; - net.sf.saxon.expr.ExpressionVisitor::optimize@9 (line 199)
                      ; - net.sf.saxon.expr.PathExpression::optimize@32 (line 308)
  0x000072cee1222c90: 06e9 00db 

  0x000072cee1222c94: ;   {metadata({method} {0x00006621b80fff78} 'addElement' '(Ljava/lang/Object;)V' in 'java/util/Vector')}
  0x000072cee1222c94: ffff 49ba | 78ff 0fb8 | 2166 0000 | 4c89 5424 | 0848 c704 | 24ff ffff 

  0x000072cee1222cac: ;   {runtime_call counter_overflow Runtime1 stub}
  0x000072cee1222cac: ffe8 ce57 

  0x000072cee1222cb0: ; ImmutableOopMap {rdi=Oop rsi=Oop rbx=Oop rdx=Oop rcx=Oop [224]=Oop [232]=Oop [240]=Oop [376]=Oop }
                      ;*synchronization entry
                      ; - java.util.Vector::addElement@-1 (line 616)
                      ; - java.util.Stack::push@2 (line 68)
                      ; - net.sf.saxon.expr.ExpressionVisitor::optimize@9 (line 199)
                      ; - net.sf.saxon.expr.PathExpression::optimize@32 (line 308)
  0x000072cee1222cb0: af06 e90b 

  0x000072cee1222cb4: ;   {metadata({method} {0x00006621b8100870} 'add' '(Ljava/lang/Object;[Ljava/lang/Object;I)V' in 'java/util/Vector')}
  0x000072cee1222cb4: dbff ff49 | ba70 0810 | b821 6600 | 004c 8954 | 2408 48c7 | 0424 ffff 

  0x000072cee1222ccc: ;   {runtime_call counter_overflow Runtime1 stub}
  0x000072cee1222ccc: ffff e8ad 

  0x000072cee1222cd0: ; ImmutableOopMap {rdi=Oop rsi=Oop rbx=Oop rdx=Oop rcx=Oop rax=Oop [224]=Oop [232]=Oop [240]=Oop [376]=Oop }
                      ;*synchronization entry
                      ; - java.util.Vector::add@-1 (line 781)
                      ; - java.util.Vector::addElement@20 (line 617)
                      ; - java.util.Stack::push@2 (line 68)
                      ; - net.sf.saxon.expr.ExpressionVisitor::optimize@9 (line 199)
                      ; - net.sf.saxon.expr.PathExpression::optimize@32 (line 308)
  0x000072cee1222cd0: 57af 06e9 | 3adb ffff 

  0x000072cee1222cd8: ;   {runtime_call throw_null_pointer_exception Runtime1 stub}
  0x000072cee1222cd8: e8a3 f3ae 

  0x000072cee1222cdc: ; ImmutableOopMap {rdi=Oop rsi=Oop rbx=Oop rdx=Oop rcx=Oop rax=Oop [224]=Oop [232]=Oop [240]=Oop [376]=Oop }
                      ;*arraylength {reexecute=0 rethrow=0 return_oop=0}
                      ; - java.util.Vector::add@2 (line 781)
                      ; - java.util.Vector::addElement@20 (line 617)
                      ; - java.util.Stack::push@2 (line 68)
                      ; - net.sf.saxon.expr.ExpressionVisitor::optimize@9 (line 199)
                      ; - net.sf.saxon.expr.PathExpression::optimize@32 (line 308)
                      ;   {metadata({method} {0x00006621b80fef50} 'grow' '()[Ljava/lang/Object;' in 'java/util/Vector')}
  0x000072cee1222cdc: 0649 ba50 | ef0f b821 | 6600 004c | 8954 2408 | 48c7 0424 | ffff ffff 

  0x000072cee1222cf4: ;   {runtime_call counter_overflow Runtime1 stub}
  0x000072cee1222cf4: e887 57af 

  0x000072cee1222cf8: ; ImmutableOopMap {rcx=Oop [224]=Oop [232]=Oop [240]=Oop [264]=Oop [280]=Oop [376]=Oop }
                      ;*synchronization entry
                      ; - java.util.Vector::grow@-1 (line 266)
                      ; - java.util.Vector::add@7 (line 782)
                      ; - java.util.Vector::addElement@20 (line 617)
                      ; - java.util.Stack::push@2 (line 68)
                      ; - net.sf.saxon.expr.ExpressionVisitor::optimize@9 (line 199)
                      ; - net.sf.saxon.expr.PathExpression::optimize@32 (line 308)
  0x000072cee1222cf8: 06e9 a5db 

  0x000072cee1222cfc: ;   {runtime_call throw_null_pointer_exception Runtime1 stub}
  0x000072cee1222cfc: ffff e87d 

  0x000072cee1222d00: ; ImmutableOopMap {rax=Oop rcx=Oop rbx=Oop [224]=Oop [232]=Oop [240]=Oop [280]=Oop [376]=Oop }
                      ;*aastore {reexecute=1 rethrow=0 return_oop=0}
                      ; - (reexecute) java.util.Vector::add@14 (line 783)
                      ; - java.util.Vector::addElement@20 (line 617)
                      ; - java.util.Stack::push@2 (line 68)
                      ; - net.sf.saxon.expr.ExpressionVisitor::optimize@9 (line 199)
                      ; - net.sf.saxon.expr.PathExpression::optimize@32 (line 308)
                      ;   {runtime_call throw_null_pointer_exception Runtime1 stub}
  0x000072cee1222d00: f3ae 06e8 

  0x000072cee1222d04: ; ImmutableOopMap {rax=Oop rcx=Oop rbx=Oop [224]=Oop [232]=Oop [240]=Oop [280]=Oop [376]=Oop }
                      ;*aastore {reexecute=1 rethrow=0 return_oop=0}
                      ; - (reexecute) java.util.Vector::add@14 (line 783)
                      ; - java.util.Vector::addElement@20 (line 617)
                      ; - java.util.Stack::push@2 (line 68)
                      ; - net.sf.saxon.expr.ExpressionVisitor::optimize@9 (line 199)
                      ; - net.sf.saxon.expr.PathExpression::optimize@32 (line 308)
  0x000072cee1222d04: 78f3 ae06 | 4c89 0424 | 4889 4424 

  0x000072cee1222d10: ;   {runtime_call throw_range_check_failed Runtime1 stub}
  0x000072cee1222d10: 08e8 6ae4 

  0x000072cee1222d14: ; ImmutableOopMap {rax=Oop rcx=Oop rbx=Oop [224]=Oop [232]=Oop [240]=Oop [280]=Oop [376]=Oop }
                      ;*aastore {reexecute=1 rethrow=0 return_oop=0}
                      ; - (reexecute) java.util.Vector::add@14 (line 783)
                      ; - java.util.Vector::addElement@20 (line 617)
                      ; - java.util.Stack::push@2 (line 68)
                      ; - net.sf.saxon.expr.ExpressionVisitor::optimize@9 (line 199)
                      ; - net.sf.saxon.expr.PathExpression::optimize@32 (line 308)
                      ;   {runtime_call throw_null_pointer_exception Runtime1 stub}
  0x000072cee1222d14: ae06 e865 

  0x000072cee1222d18: ; ImmutableOopMap {rax=Oop rcx=Oop rbx=Oop [224]=Oop [232]=Oop [240]=Oop [280]=Oop [376]=Oop }
                      ;*aastore {reexecute=1 rethrow=0 return_oop=0}
                      ; - (reexecute) java.util.Vector::add@14 (line 783)
                      ; - java.util.Vector::addElement@20 (line 617)
                      ; - java.util.Stack::push@2 (line 68)
                      ; - net.sf.saxon.expr.ExpressionVisitor::optimize@9 (line 199)
                      ; - net.sf.saxon.expr.PathExpression::optimize@32 (line 308)
  0x000072cee1222d18: f3ae 0648 

  0x000072cee1222d1c: ;   {runtime_call throw_array_store_exception Runtime1 stub}
  0x000072cee1222d1c: 891c 24e8 

  0x000072cee1222d20: ; ImmutableOopMap {rax=Oop rcx=Oop rbx=Oop [224]=Oop [232]=Oop [240]=Oop [280]=Oop [376]=Oop }
                      ;*aastore {reexecute=1 rethrow=0 return_oop=0}
                      ; - (reexecute) java.util.Vector::add@14 (line 783)
                      ; - java.util.Vector::addElement@20 (line 617)
                      ; - java.util.Stack::push@2 (line 68)
                      ; - net.sf.saxon.expr.ExpressionVisitor::optimize@9 (line 199)
                      ; - net.sf.saxon.expr.PathExpression::optimize@32 (line 308)
  0x000072cee1222d20: 5c17 af06 | 488d 8424 | 7001 0000 | 4889 0424 

  0x000072cee1222d30: ;   {runtime_call monitorexit_nofpu Runtime1 stub}
  0x000072cee1222d30: e84b 2faf | 06e9 1bdd 

  0x000072cee1222d38: ;   {runtime_call throw_null_pointer_exception Runtime1 stub}
  0x000072cee1222d38: ffff e841 

  0x000072cee1222d3c: ; ImmutableOopMap {rbx=Oop rdx=Oop [224]=Oop [232]=Oop [240]=Oop [280]=Oop }
                      ;*invokevirtual optimize {reexecute=0 rethrow=0 return_oop=0}
                      ; - net.sf.saxon.expr.ExpressionVisitor::optimize@16 (line 200)
                      ; - net.sf.saxon.expr.PathExpression::optimize@32 (line 308)
                      ;   {runtime_call throw_null_pointer_exception Runtime1 stub}
  0x000072cee1222d3c: f3ae 06e8 

  0x000072cee1222d40: ; ImmutableOopMap {rax=Oop rdx=Oop rsi=Oop [224]=Oop [232]=Oop [280]=Oop }
                      ;*invokevirtual pop {reexecute=0 rethrow=0 return_oop=0}
                      ; - net.sf.saxon.expr.ExpressionVisitor::optimize@24 (line 201)
                      ; - net.sf.saxon.expr.PathExpression::optimize@32 (line 308)
  0x000072cee1222d40: 3cf3 ae06 

  0x000072cee1222d44: ;   {metadata({method} {0x00006621b8ca7528} 'setStartExpression' '(Lnet/sf/saxon/expr/Expression;)V' in 'net/sf/saxon/expr/SlashExpression')}
  0x000072cee1222d44: 49ba 2875 | cab8 2166 | 0000 4c89 | 5424 0848 | c704 24ff 

  0x000072cee1222d58: ;   {runtime_call counter_overflow Runtime1 stub}
  0x000072cee1222d58: ffff ffe8 

  0x000072cee1222d5c: ; ImmutableOopMap {rax=Oop rsi=Oop [224]=Oop [232]=Oop [280]=Oop }
                      ;*synchronization entry
                      ; - net.sf.saxon.expr.SlashExpression::setStartExpression@-1 (line 56)
                      ; - net.sf.saxon.expr.PathExpression::optimize@35 (line 308)
  0x000072cee1222d5c: 2057 af06 | e9d0 deff 

  0x000072cee1222d64: ;   {runtime_call throw_null_pointer_exception Runtime1 stub}
  0x000072cee1222d64: ffe8 16f3 

  0x000072cee1222d68: ; ImmutableOopMap {rsi=Oop rdi=Oop rbx=Oop [224]=Oop [232]=Oop [280]=Oop }
                      ;*invokevirtual getItemType {reexecute=0 rethrow=0 return_oop=0}
                      ; - net.sf.saxon.expr.PathExpression::optimize@50 (line 309)
                      ;   {runtime_call throw_null_pointer_exception Runtime1 stub}
  0x000072cee1222d68: ae06 e811 

  0x000072cee1222d6c: ; ImmutableOopMap {rax=Oop rdi=Oop [224]=Oop [232]=Oop }
                      ;*invokevirtual optimize {reexecute=0 rethrow=0 return_oop=0}
                      ; - net.sf.saxon.expr.PathExpression::optimize@53 (line 309)
                      ;   {metadata({method} {0x00006621b8ca75f0} 'setStepExpression' '(Lnet/sf/saxon/expr/Expression;)V' in 'net/sf/saxon/expr/SlashExpression')}
  0x000072cee1222d6c: f3ae 0649 | baf0 75ca | b821 6600 | 004c 8954 | 2408 48c7 | 0424 ffff 

  0x000072cee1222d84: ;   {runtime_call counter_overflow Runtime1 stub}
  0x000072cee1222d84: ffff e8f5 

  0x000072cee1222d88: ; ImmutableOopMap {rax=Oop [224]=Oop }
                      ;*synchronization entry
                      ; - net.sf.saxon.expr.SlashExpression::setStepExpression@-1 (line 63)
                      ; - net.sf.saxon.expr.PathExpression::optimize@56 (line 309)
  0x000072cee1222d88: 56af 06e9 | e3e1 ffff 

  0x000072cee1222d90: ;   {metadata({method} {0x00006621b8ce3238} 'getLastStep' '()Lnet/sf/saxon/expr/Expression;' in 'net/sf/saxon/expr/PathExpression')}
  0x000072cee1222d90: 49ba 3832 | ceb8 2166 | 0000 4c89 | 5424 0848 | c704 24ff 

  0x000072cee1222da4: ;   {runtime_call counter_overflow Runtime1 stub}
  0x000072cee1222da4: ffff ffe8 

  0x000072cee1222da8: ; ImmutableOopMap {rsi=Oop [224]=Oop [232]=Oop [240]=Oop [248]=Oop [280]=Oop }
                      ;*synchronization entry
                      ; - net.sf.saxon.expr.PathExpression::getLastStep@-1 (line 555)
                      ; - net.sf.saxon.expr.PathExpression::optimize@67 (line 316)
  0x000072cee1222da8: d456 af06 | e903 e3ff | ff48 893c 

  0x000072cee1222db4: ;   {runtime_call throw_class_cast_exception Runtime1 stub}
  0x000072cee1222db4: 24e8 c619 

  0x000072cee1222db8: ; ImmutableOopMap {rsi=Oop [224]=Oop [232]=Oop [240]=Oop [248]=Oop [280]=Oop }
                      ;*checkcast {reexecute=0 rethrow=0 return_oop=0}
                      ; - net.sf.saxon.expr.PathExpression::getLastStep@14 (line 556)
                      ; - net.sf.saxon.expr.PathExpression::optimize@67 (line 316)
                      ;   {runtime_call throw_null_pointer_exception Runtime1 stub}
  0x000072cee1222db8: af06 e8c1 

  0x000072cee1222dbc: ; ImmutableOopMap {rsi=Oop rdi=Oop [224]=Oop [232]=Oop [240]=Oop [248]=Oop [280]=Oop }
                      ;*invokevirtual getLastStep {reexecute=0 rethrow=0 return_oop=0}
                      ; - net.sf.saxon.expr.PathExpression::getLastStep@17 (line 556)
                      ; - net.sf.saxon.expr.PathExpression::optimize@67 (line 316)
                      ;   {metadata({method} {0x00006621b8ce3238} 'getLastStep' '()Lnet/sf/saxon/expr/Expression;' in 'net/sf/saxon/expr/PathExpression')}
  0x000072cee1222dbc: f2ae 0649 | ba38 32ce | b821 6600 | 004c 8954 | 2408 48c7 | 0424 ffff 

  0x000072cee1222dd4: ;   {runtime_call counter_overflow Runtime1 stub}
  0x000072cee1222dd4: ffff e8a5 

  0x000072cee1222dd8: ; ImmutableOopMap {rsi=Oop rdi=Oop [224]=Oop [232]=Oop [240]=Oop [248]=Oop [280]=Oop }
                      ;*synchronization entry
                      ; - net.sf.saxon.expr.PathExpression::getLastStep@-1 (line 555)
                      ; - net.sf.saxon.expr.PathExpression::getLastStep@17 (line 556)
                      ; - net.sf.saxon.expr.PathExpression::optimize@67 (line 316)
  0x000072cee1222dd8: 56af 06e9 | 1de5 ffff | 4889 3c24 

  0x000072cee1222de4: ;   {runtime_call throw_class_cast_exception Runtime1 stub}
  0x000072cee1222de4: e897 19af 

  0x000072cee1222de8: ; ImmutableOopMap {[224]=Oop [232]=Oop [240]=Oop [248]=Oop [280]=Oop }
                      ;*checkcast {reexecute=0 rethrow=0 return_oop=0}
                      ; - net.sf.saxon.expr.PathExpression::getLastStep@14 (line 556)
                      ; - net.sf.saxon.expr.PathExpression::getLastStep@17 (line 556)
                      ; - net.sf.saxon.expr.PathExpression::optimize@67 (line 316)
                      ;   {runtime_call throw_null_pointer_exception Runtime1 stub}
  0x000072cee1222de8: 06e8 92f2 

  0x000072cee1222dec: ; ImmutableOopMap {rdi=Oop [224]=Oop [232]=Oop [240]=Oop [248]=Oop [280]=Oop }
                      ;*invokevirtual getLastStep {reexecute=0 rethrow=0 return_oop=0}
                      ; - net.sf.saxon.expr.PathExpression::getLastStep@17 (line 556)
                      ; - net.sf.saxon.expr.PathExpression::getLastStep@17 (line 556)
                      ; - net.sf.saxon.expr.PathExpression::optimize@67 (line 316)
  0x000072cee1222dec: ae06 4889 

  0x000072cee1222df0: ;   {runtime_call throw_class_cast_exception Runtime1 stub}
  0x000072cee1222df0: 0424 e889 

  0x000072cee1222df4: ; ImmutableOopMap {rax=Oop [224]=Oop [232]=Oop [240]=Oop [248]=Oop [280]=Oop }
                      ;*checkcast {reexecute=0 rethrow=0 return_oop=0}
                      ; - net.sf.saxon.expr.PathExpression::optimize@82 (line 317)
                      ;   {runtime_call throw_null_pointer_exception Runtime1 stub}
  0x000072cee1222df4: 19af 06e8 

  0x000072cee1222df8: ; ImmutableOopMap {rax=Oop rsi=Oop [224]=Oop [232]=Oop [240]=Oop [248]=Oop [280]=Oop }
                      ;*invokevirtual isPositional {reexecute=0 rethrow=0 return_oop=0}
                      ; - net.sf.saxon.expr.PathExpression::optimize@87 (line 317)
  0x000072cee1222df8: 84f2 ae06 

  0x000072cee1222dfc: ;   {metadata({method} {0x00006621b8cd57c0} 'isPositional' '(Lnet/sf/saxon/type/TypeHierarchy;)Z' in 'net/sf/saxon/expr/FilterExpression')}
  0x000072cee1222dfc: 49ba c057 | cdb8 2166 | 0000 4c89 | 5424 0848 | c704 24ff 

  0x000072cee1222e10: ;   {runtime_call counter_overflow Runtime1 stub}
  0x000072cee1222e10: ffff ffe8 

  0x000072cee1222e14: ; ImmutableOopMap {rax=Oop rsi=Oop [224]=Oop [232]=Oop [240]=Oop [248]=Oop [280]=Oop }
                      ;*synchronization entry
                      ; - net.sf.saxon.expr.FilterExpression::isPositional@-1 (line 93)
                      ; - net.sf.saxon.expr.PathExpression::optimize@87 (line 317)
  0x000072cee1222e14: 6856 af06 | e971 e9ff 

  0x000072cee1222e1c: ;   {runtime_call throw_null_pointer_exception Runtime1 stub}
  0x000072cee1222e1c: ffe8 5ef2 

  0x000072cee1222e20: ; ImmutableOopMap {r13=Oop [224]=Oop [232]=Oop [240]=Oop [280]=Oop }
                      ;*invokevirtual convertPathExpressionToKey {reexecute=0 rethrow=0 return_oop=0}
                      ; - net.sf.saxon.expr.PathExpression::optimize@148 (line 324)
                      ;   {metadata({method} {0x00006621b8d15fb0} 'convertPathExpressionToKey' '(Lnet/sf/saxon/expr/PathExpression;Lnet/sf/saxon/expr/ExpressionVisitor;)Lnet/sf/saxon/expr/Expression;' in 'net/sf/saxon/expr/Optimizer')}
  0x000072cee1222e20: ae06 49ba | b05f d1b8 | 2166 0000 | 4c89 5424 | 0848 c704 | 24ff ffff 

  0x000072cee1222e38: ;   {runtime_call counter_overflow Runtime1 stub}
  0x000072cee1222e38: ffe8 4256 

  0x000072cee1222e3c: ; ImmutableOopMap {[224]=Oop [232]=Oop [240]=Oop [280]=Oop }
                      ;*synchronization entry
                      ; - net.sf.saxon.expr.Optimizer::convertPathExpressionToKey@-1 (line 117)
                      ; - net.sf.saxon.expr.PathExpression::optimize@148 (line 324)
  0x000072cee1222e3c: af06 e9f7 

  0x000072cee1222e40: ;   {metadata({method} {0x00006621b8d04f28} 'optimize' '(Lnet/sf/saxon/expr/Expression;Lnet/sf/saxon/type/ItemType;)Lnet/sf/saxon/expr/Expression;' in 'net/sf/saxon/expr/ExpressionVisitor')}
  0x000072cee1222e40: e9ff ff49 | ba28 4fd0 | b821 6600 | 004c 8954 | 2408 48c7 | 0424 ffff 

  0x000072cee1222e58: ;   {runtime_call counter_overflow Runtime1 stub}
  0x000072cee1222e58: ffff e821 

  0x000072cee1222e5c: ; ImmutableOopMap {rsi=Oop rdi=Oop [224]=Oop [232]=Oop [240]=Oop [280]=Oop }
                      ;*synchronization entry
                      ; - net.sf.saxon.expr.ExpressionVisitor::optimize@-1 (line 198)
                      ; - net.sf.saxon.expr.PathExpression::optimize@178 (line 329)
  0x000072cee1222e5c: 56af 06e9 | 32ea ffff 

  0x000072cee1222e64: ;   {runtime_call throw_null_pointer_exception Runtime1 stub}
  0x000072cee1222e64: e817 f2ae 

  0x000072cee1222e68: ; ImmutableOopMap {rsi=Oop rdi=Oop rdx=Oop rbx=Oop [224]=Oop [232]=Oop [240]=Oop [280]=Oop }
                      ;*invokevirtual push {reexecute=0 rethrow=0 return_oop=0}
                      ; - net.sf.saxon.expr.ExpressionVisitor::optimize@9 (line 199)
                      ; - net.sf.saxon.expr.PathExpression::optimize@178 (line 329)
                      ;   {metadata({method} {0x00006621b82b1f98} 'push' '(Ljava/lang/Object;)Ljava/lang/Object;' in 'java/util/Stack')}
  0x000072cee1222e68: 0649 ba98 | 1f2b b821 | 6600 004c | 8954 2408 | 48c7 0424 | ffff ffff 

  0x000072cee1222e80: ;   {runtime_call counter_overflow Runtime1 stub}
  0x000072cee1222e80: e8fb 55af 

  0x000072cee1222e84: ; ImmutableOopMap {rsi=Oop rdi=Oop rdx=Oop rbx=Oop [224]=Oop [232]=Oop [240]=Oop [280]=Oop }
                      ;*synchronization entry
                      ; - java.util.Stack::push@-1 (line 68)
                      ; - net.sf.saxon.expr.ExpressionVisitor::optimize@9 (line 199)
                      ; - net.sf.saxon.expr.PathExpression::optimize@178 (line 329)
  0x000072cee1222e84: 06e9 85ea | ffff 4889 | 5c24 0848 

  0x000072cee1222e90: ;   {runtime_call monitorenter_nofpu Runtime1 stub}
  0x000072cee1222e90: 890c 24e8 

  0x000072cee1222e94: ; ImmutableOopMap {rsi=Oop rdi=Oop rdx=Oop rbx=Oop [224]=Oop [232]=Oop [240]=Oop [280]=Oop [376]=Oop }
                      ;*synchronization entry
                      ; - java.util.Vector::addElement@-1 (line 616)
                      ; - java.util.Stack::push@2 (line 68)
                      ; - net.sf.saxon.expr.ExpressionVisitor::optimize@9 (line 199)
                      ; - net.sf.saxon.expr.PathExpression::optimize@178 (line 329)
  0x000072cee1222e94: e827 af06 | e93f ebff 

  0x000072cee1222e9c: ;   {metadata({method} {0x00006621b80fff78} 'addElement' '(Ljava/lang/Object;)V' in 'java/util/Vector')}
  0x000072cee1222e9c: ff49 ba78 | ff0f b821 | 6600 004c | 8954 2408 | 48c7 0424 | ffff ffff 

  0x000072cee1222eb4: ;   {runtime_call counter_overflow Runtime1 stub}
  0x000072cee1222eb4: e8c7 55af 

  0x000072cee1222eb8: ; ImmutableOopMap {rsi=Oop rdi=Oop rdx=Oop rbx=Oop [224]=Oop [232]=Oop [240]=Oop [280]=Oop [376]=Oop }
                      ;*synchronization entry
                      ; - java.util.Vector::addElement@-1 (line 616)
                      ; - java.util.Stack::push@2 (line 68)
                      ; - net.sf.saxon.expr.ExpressionVisitor::optimize@9 (line 199)
                      ; - net.sf.saxon.expr.PathExpression::optimize@178 (line 329)
  0x000072cee1222eb8: 06e9 45eb 

  0x000072cee1222ebc: ;   {metadata({method} {0x00006621b8100870} 'add' '(Ljava/lang/Object;[Ljava/lang/Object;I)V' in 'java/util/Vector')}
  0x000072cee1222ebc: ffff 49ba | 7008 10b8 | 2166 0000 | 4c89 5424 | 0848 c704 | 24ff ffff 

  0x000072cee1222ed4: ;   {runtime_call counter_overflow Runtime1 stub}
  0x000072cee1222ed4: ffe8 a655 

  0x000072cee1222ed8: ; ImmutableOopMap {rsi=Oop rdi=Oop rdx=Oop rbx=Oop rax=Oop [224]=Oop [232]=Oop [240]=Oop [280]=Oop [376]=Oop }
                      ;*synchronization entry
                      ; - java.util.Vector::add@-1 (line 781)
                      ; - java.util.Vector::addElement@20 (line 617)
                      ; - java.util.Stack::push@2 (line 68)
                      ; - net.sf.saxon.expr.ExpressionVisitor::optimize@9 (line 199)
                      ; - net.sf.saxon.expr.PathExpression::optimize@178 (line 329)
  0x000072cee1222ed8: af06 e973 

  0x000072cee1222edc: ;   {runtime_call throw_null_pointer_exception Runtime1 stub}
  0x000072cee1222edc: ebff ffe8 

  0x000072cee1222ee0: ; ImmutableOopMap {rsi=Oop rdi=Oop rdx=Oop rbx=Oop rax=Oop [224]=Oop [232]=Oop [240]=Oop [280]=Oop [376]=Oop }
                      ;*arraylength {reexecute=0 rethrow=0 return_oop=0}
                      ; - java.util.Vector::add@2 (line 781)
                      ; - java.util.Vector::addElement@20 (line 617)
                      ; - java.util.Stack::push@2 (line 68)
                      ; - net.sf.saxon.expr.ExpressionVisitor::optimize@9 (line 199)
                      ; - net.sf.saxon.expr.PathExpression::optimize@178 (line 329)
  0x000072cee1222ee0: 9cf1 ae06 

  0x000072cee1222ee4: ;   {metadata({method} {0x00006621b80fef50} 'grow' '()[Ljava/lang/Object;' in 'java/util/Vector')}
  0x000072cee1222ee4: 49ba 50ef | 0fb8 2166 | 0000 4c89 | 5424 0848 | c704 24ff 

  0x000072cee1222ef8: ;   {runtime_call counter_overflow Runtime1 stub}
  0x000072cee1222ef8: ffff ffe8 

  0x000072cee1222efc: ; ImmutableOopMap {rbx=Oop [224]=Oop [232]=Oop [240]=Oop [280]=Oop [312]=Oop [376]=Oop }
                      ;*synchronization entry
                      ; - java.util.Vector::grow@-1 (line 266)
                      ; - java.util.Vector::add@7 (line 782)
                      ; - java.util.Vector::addElement@20 (line 617)
                      ; - java.util.Stack::push@2 (line 68)
                      ; - net.sf.saxon.expr.ExpressionVisitor::optimize@9 (line 199)
                      ; - net.sf.saxon.expr.PathExpression::optimize@178 (line 329)
  0x000072cee1222efc: 8055 af06 | e9c9 ebff 

  0x000072cee1222f04: ;   {runtime_call throw_null_pointer_exception Runtime1 stub}
  0x000072cee1222f04: ffe8 76f1 

  0x000072cee1222f08: ; ImmutableOopMap {rax=Oop rbx=Oop rdi=Oop [224]=Oop [232]=Oop [240]=Oop [280]=Oop [376]=Oop }
                      ;*aastore {reexecute=1 rethrow=0 return_oop=0}
                      ; - (reexecute) java.util.Vector::add@14 (line 783)
                      ; - java.util.Vector::addElement@20 (line 617)
                      ; - java.util.Stack::push@2 (line 68)
                      ; - net.sf.saxon.expr.ExpressionVisitor::optimize@9 (line 199)
                      ; - net.sf.saxon.expr.PathExpression::optimize@178 (line 329)
                      ;   {runtime_call throw_null_pointer_exception Runtime1 stub}
  0x000072cee1222f08: ae06 e871 

  0x000072cee1222f0c: ; ImmutableOopMap {rax=Oop rbx=Oop rdi=Oop [224]=Oop [232]=Oop [240]=Oop [280]=Oop [376]=Oop }
                      ;*aastore {reexecute=1 rethrow=0 return_oop=0}
                      ; - (reexecute) java.util.Vector::add@14 (line 783)
                      ; - java.util.Vector::addElement@20 (line 617)
                      ; - java.util.Stack::push@2 (line 68)
                      ; - net.sf.saxon.expr.ExpressionVisitor::optimize@9 (line 199)
                      ; - net.sf.saxon.expr.PathExpression::optimize@178 (line 329)
  0x000072cee1222f0c: f1ae 0648 | 890c 2448 | 8944 2408 

  0x000072cee1222f18: ;   {runtime_call throw_range_check_failed Runtime1 stub}
  0x000072cee1222f18: e863 e2ae 

  0x000072cee1222f1c: ; ImmutableOopMap {rax=Oop rbx=Oop rdi=Oop [224]=Oop [232]=Oop [240]=Oop [280]=Oop [376]=Oop }
                      ;*aastore {reexecute=1 rethrow=0 return_oop=0}
                      ; - (reexecute) java.util.Vector::add@14 (line 783)
                      ; - java.util.Vector::addElement@20 (line 617)
                      ; - java.util.Stack::push@2 (line 68)
                      ; - net.sf.saxon.expr.ExpressionVisitor::optimize@9 (line 199)
                      ; - net.sf.saxon.expr.PathExpression::optimize@178 (line 329)
                      ;   {runtime_call throw_null_pointer_exception Runtime1 stub}
  0x000072cee1222f1c: 06e8 5ef1 

  0x000072cee1222f20: ; ImmutableOopMap {rax=Oop rbx=Oop rdi=Oop [224]=Oop [232]=Oop [240]=Oop [280]=Oop [376]=Oop }
                      ;*aastore {reexecute=1 rethrow=0 return_oop=0}
                      ; - (reexecute) java.util.Vector::add@14 (line 783)
                      ; - java.util.Vector::addElement@20 (line 617)
                      ; - java.util.Stack::push@2 (line 68)
                      ; - net.sf.saxon.expr.ExpressionVisitor::optimize@9 (line 199)
                      ; - net.sf.saxon.expr.PathExpression::optimize@178 (line 329)
  0x000072cee1222f20: ae06 4889 

  0x000072cee1222f24: ;   {runtime_call throw_array_store_exception Runtime1 stub}
  0x000072cee1222f24: 3c24 e855 

  0x000072cee1222f28: ; ImmutableOopMap {rax=Oop rbx=Oop rdi=Oop [224]=Oop [232]=Oop [240]=Oop [280]=Oop [376]=Oop }
                      ;*aastore {reexecute=1 rethrow=0 return_oop=0}
                      ; - (reexecute) java.util.Vector::add@14 (line 783)
                      ; - java.util.Vector::addElement@20 (line 617)
                      ; - java.util.Stack::push@2 (line 68)
                      ; - net.sf.saxon.expr.ExpressionVisitor::optimize@9 (line 199)
                      ; - net.sf.saxon.expr.PathExpression::optimize@178 (line 329)
  0x000072cee1222f28: 15af 0648 | 8d84 2470 | 0100 0048 

  0x000072cee1222f34: ;   {runtime_call monitorexit_nofpu Runtime1 stub}
  0x000072cee1222f34: 8904 24e8 | 442d af06 | e93a edff 

  0x000072cee1222f40: ;   {runtime_call throw_null_pointer_exception Runtime1 stub}
  0x000072cee1222f40: ffe8 3af1 

  0x000072cee1222f44: ; ImmutableOopMap {rdi=Oop rdx=Oop [224]=Oop [232]=Oop [240]=Oop [280]=Oop }
                      ;*invokevirtual optimize {reexecute=0 rethrow=0 return_oop=0}
                      ; - net.sf.saxon.expr.ExpressionVisitor::optimize@16 (line 200)
                      ; - net.sf.saxon.expr.PathExpression::optimize@178 (line 329)
                      ;   {runtime_call throw_null_pointer_exception Runtime1 stub}
  0x000072cee1222f44: ae06 e835 

  0x000072cee1222f48: ; ImmutableOopMap {rax=Oop rdx=Oop rsi=Oop [224]=Oop [232]=Oop [240]=Oop [280]=Oop }
                      ;*invokevirtual pop {reexecute=0 rethrow=0 return_oop=0}
                      ; - net.sf.saxon.expr.ExpressionVisitor::optimize@24 (line 201)
                      ; - net.sf.saxon.expr.PathExpression::optimize@178 (line 329)
                      ;   {metadata({method} {0x00006621b8ca7528} 'setStartExpression' '(Lnet/sf/saxon/expr/Expression;)V' in 'net/sf/saxon/expr/SlashExpression')}
  0x000072cee1222f48: f1ae 0649 | ba28 75ca | b821 6600 | 004c 8954 | 2408 48c7 | 0424 ffff 

  0x000072cee1222f60: ;   {runtime_call counter_overflow Runtime1 stub}
  0x000072cee1222f60: ffff e819 

  0x000072cee1222f64: ; ImmutableOopMap {rax=Oop rsi=Oop [224]=Oop [232]=Oop [240]=Oop [280]=Oop }
                      ;*synchronization entry
                      ; - net.sf.saxon.expr.SlashExpression::setStartExpression@-1 (line 56)
                      ; - net.sf.saxon.expr.PathExpression::optimize@181 (line 329)
  0x000072cee1222f64: 55af 06e9 | e9ee ffff 

  0x000072cee1222f6c: ;   {runtime_call throw_null_pointer_exception Runtime1 stub}
  0x000072cee1222f6c: e80f f1ae 

  0x000072cee1222f70: ; ImmutableOopMap {rsi=Oop rdi=Oop rbx=Oop rax=Oop [224]=Oop [232]=Oop [240]=Oop }
                      ;*invokevirtual getItemType {reexecute=0 rethrow=0 return_oop=0}
                      ; - net.sf.saxon.expr.PathExpression::optimize@196 (line 330)
                      ;   {runtime_call throw_null_pointer_exception Runtime1 stub}
  0x000072cee1222f70: 06e8 0af1 

  0x000072cee1222f74: ; ImmutableOopMap {rax=Oop rbx=Oop [224]=Oop [232]=Oop [240]=Oop }
                      ;*invokevirtual optimize {reexecute=0 rethrow=0 return_oop=0}
                      ; - net.sf.saxon.expr.PathExpression::optimize@199 (line 330)
                      ;   {metadata({method} {0x00006621b8ca75f0} 'setStepExpression' '(Lnet/sf/saxon/expr/Expression;)V' in 'net/sf/saxon/expr/SlashExpression')}
  0x000072cee1222f74: ae06 49ba | f075 cab8 | 2166 0000 | 4c89 5424 | 0848 c704 | 24ff ffff 

  0x000072cee1222f8c: ;   {runtime_call counter_overflow Runtime1 stub}
  0x000072cee1222f8c: ffe8 ee54 

  0x000072cee1222f90: ; ImmutableOopMap {rax=Oop [224]=Oop [232]=Oop [240]=Oop }
                      ;*synchronization entry
                      ; - net.sf.saxon.expr.SlashExpression::setStepExpression@-1 (line 63)
                      ; - net.sf.saxon.expr.PathExpression::optimize@202 (line 330)
  0x000072cee1222f90: af06 e904 

  0x000072cee1222f94: ;   {internal_word}
  0x000072cee1222f94: f2ff ff49 | ba54 2322 | e1ce 7200 | 004d 8997 | 8007 0000 

  0x000072cee1222fa8: ;   {runtime_call SafepointBlob}
  0x000072cee1222fa8: e953 84a4 | 0648 8bd2 

  0x000072cee1222fb0: ;   {runtime_call fast_new_instance Runtime1 stub}
  0x000072cee1222fb0: e8cb f9ae 

  0x000072cee1222fb4: ; ImmutableOopMap {rbx=Oop [232]=Oop [240]=Oop [304]=Oop }
                      ;*new {reexecute=0 rethrow=0 return_oop=0}
                      ; - net.sf.saxon.expr.PathExpression::optimize@99 (line 319)
  0x000072cee1222fb4: 06e9 90f4 | ffff 4889 

  0x000072cee1222fbc: ;   {runtime_call throw_class_cast_exception Runtime1 stub}
  0x000072cee1222fbc: 3c24 e8bd 

  0x000072cee1222fc0: ; ImmutableOopMap {rbx=Oop rax=Oop rdi=Oop [232]=Oop [240]=Oop [344]=Oop }
                      ;*checkcast {reexecute=0 rethrow=0 return_oop=0}
                      ; - net.sf.saxon.expr.PathExpression::optimize@107 (line 319)
                      ;   {runtime_call throw_null_pointer_exception Runtime1 stub}
  0x000072cee1222fc0: 17af 06e8 

  0x000072cee1222fc4: ; ImmutableOopMap {rbx=Oop rax=Oop rdi=Oop rdx=Oop [232]=Oop [240]=Oop [344]=Oop }
                      ;*invokevirtual getBaseExpression {reexecute=0 rethrow=0 return_oop=0}
                      ; - net.sf.saxon.expr.PathExpression::optimize@110 (line 319)
  0x000072cee1222fc4: b8f0 ae06 

  0x000072cee1222fc8: ;   {runtime_call fast_new_instance Runtime1 stub}
  0x000072cee1222fc8: 488b d2e8 

  0x000072cee1222fcc: ; ImmutableOopMap {[232]=Oop [240]=Oop [304]=Oop [344]=Oop }
                      ;*new {reexecute=0 rethrow=0 return_oop=0}
                      ; - net.sf.saxon.expr.PathExpression::optimize@118 (line 320)
  0x000072cee1222fcc: b0f9 ae06 | e972 f6ff | ff48 8914 

  0x000072cee1222fd8: ;   {runtime_call throw_class_cast_exception Runtime1 stub}
  0x000072cee1222fd8: 24e8 a217 

  0x000072cee1222fdc: ; ImmutableOopMap {rax=Oop [232]=Oop [240]=Oop [344]=Oop }
                      ;*checkcast {reexecute=0 rethrow=0 return_oop=0}
                      ; - net.sf.saxon.expr.PathExpression::optimize@126 (line 320)
                      ;   {runtime_call throw_null_pointer_exception Runtime1 stub}
  0x000072cee1222fdc: af06 e89d 

  0x000072cee1222fe0: ; ImmutableOopMap {rax=Oop rdx=Oop [232]=Oop [240]=Oop [344]=Oop }
                      ;*invokevirtual getFilter {reexecute=0 rethrow=0 return_oop=0}
                      ; - net.sf.saxon.expr.PathExpression::optimize@129 (line 320)
                      ;   {metadata({method} {0x00006621b8cd54d8} '<init>' '(Lnet/sf/saxon/expr/Expression;Lnet/sf/saxon/expr/Expression;)V' in 'net/sf/saxon/expr/FilterExpression')}
  0x000072cee1222fe0: f0ae 0649 | bad8 54cd | b821 6600 | 004c 8954 | 2408 48c7 | 0424 ffff 

  0x000072cee1222ff8: ;   {runtime_call counter_overflow Runtime1 stub}
  0x000072cee1222ff8: ffff e881 

  0x000072cee1222ffc: ; ImmutableOopMap {rax=Oop rdi=Oop [232]=Oop [240]=Oop [344]=Oop }
                      ;*synchronization entry
                      ; - net.sf.saxon.expr.FilterExpression::<init>@-1 (line 39)
                      ; - net.sf.saxon.expr.PathExpression::optimize@132 (line 320)
  0x000072cee1222ffc: 54af 06e9 | 89f7 ffff 

  0x000072cee1223004: ;   {metadata({method} {0x00006621b8a99f08} '<init>' '()V' in 'net/sf/saxon/expr/Expression')}
  0x000072cee1223004: 49ba 089f | a9b8 2166 | 0000 4c89 | 5424 0848 | c704 24ff 

  0x000072cee1223018: ;   {runtime_call counter_overflow Runtime1 stub}
  0x000072cee1223018: ffff ffe8 

  0x000072cee122301c: ; ImmutableOopMap {rax=Oop rdi=Oop [232]=Oop [240]=Oop [344]=Oop }
                      ;*synchronization entry
                      ; - net.sf.saxon.expr.Expression::<init>@-1 (line 39)
                      ; - net.sf.saxon.expr.FilterExpression::<init>@1 (line 39)
                      ; - net.sf.saxon.expr.PathExpression::optimize@132 (line 320)
  0x000072cee122301c: 6054 af06 | e9a4 f7ff 

  0x000072cee1223024: ;   {metadata({method} {0x00006621c34791f0} '<init>' '()V' in 'java/lang/Object')}
  0x000072cee1223024: ff49 baf0 | 9147 c321 | 6600 004c | 8954 2408 | 48c7 0424 | ffff ffff 

  0x000072cee122303c: ;   {runtime_call counter_overflow Runtime1 stub}
  0x000072cee122303c: e83f 54af 

  0x000072cee1223040: ; ImmutableOopMap {rax=Oop rdi=Oop [232]=Oop [240]=Oop [344]=Oop }
                      ;*synchronization entry
                      ; - java.lang.Object::<init>@-1 (line 45)
                      ; - net.sf.saxon.expr.Expression::<init>@1 (line 39)
                      ; - net.sf.saxon.expr.FilterExpression::<init>@1 (line 39)
                      ; - net.sf.saxon.expr.PathExpression::optimize@132 (line 320)
  0x000072cee1223040: 06e9 bff7 

  0x000072cee1223044: ;   {metadata({method} {0x00006621b8a9aaf8} 'setFiltered' '(Z)V' in 'net/sf/saxon/expr/Expression')}
  0x000072cee1223044: ffff 49ba | f8aa a9b8 | 2166 0000 | 4c89 5424 | 0848 c704 | 24ff ffff 

  0x000072cee122305c: ;   {runtime_call counter_overflow Runtime1 stub}
  0x000072cee122305c: ffe8 1e54 

  0x000072cee1223060: ; ImmutableOopMap {[232]=Oop [240]=Oop [352]=Oop }
                      ;*synchronization entry
                      ; - net.sf.saxon.expr.Expression::setFiltered@-1 (line 334)
                      ; - net.sf.saxon.expr.FilterExpression::<init>@26 (line 44)
                      ; - net.sf.saxon.expr.PathExpression::optimize@132 (line 320)
  0x000072cee1223060: af06 e9f4 

  0x000072cee1223064: ;   {internal_word}
  0x000072cee1223064: f9ff ff49 | baa4 2a22 | e1ce 7200 | 004d 8997 | 8007 0000 

  0x000072cee1223078: ;   {runtime_call SafepointBlob}
  0x000072cee1223078: e983 83a4 

  0x000072cee122307c: ;   {internal_word}
  0x000072cee122307c: 0649 bac5 | 2a22 e1ce | 7200 004d | 8997 8007 

  0x000072cee122308c: ;   {runtime_call SafepointBlob}
  0x000072cee122308c: 0000 e96d | 83a4 0648 | 8d84 2470 | 0100 0048 

  0x000072cee122309c: ;   {runtime_call monitorexit_nofpu Runtime1 stub}
  0x000072cee122309c: 8904 24e8 | dc2b af06 | e972 faff | ff48 8d84 | 2470 0100 | 0048 8904 

  0x000072cee12230b4: ;   {runtime_call monitorexit_nofpu Runtime1 stub}
  0x000072cee12230b4: 24e8 c62b | af06 e9ac | faff ff49 | 8b87 1808 | 0000 49c7 | 8718 0800 | 0000 0000 | 0049 c787 
  0x000072cee12230d4: 2008 0000 | 0000 0000 | 4881 c490 | 0100 005d 

  0x000072cee12230e4: ;   {runtime_call unwind_exception Runtime1 stub}
  0x000072cee12230e4: e997 daae | 06f4 f4f4 | f4f4 f4f4 
[Stub Code]
  0x000072cee12230f0: ;   {no_reloc}
  0x000072cee12230f0: 0f1f 4400 

  0x000072cee12230f4: ;   {static_stub}
  0x000072cee12230f4: 0048 bb00 | 0000 0000 

  0x000072cee12230fc: ;   {runtime_call nmethod}
  0x000072cee12230fc: 0000 00e9 | fbff ffff 

  0x000072cee1223104: ;   {static_stub}
  0x000072cee1223104: 9048 bb00 | 0000 0000 

  0x000072cee122310c: ;   {runtime_call nmethod}
  0x000072cee122310c: 0000 00e9 | fbff ffff 

  0x000072cee1223114: ;   {static_stub}
  0x000072cee1223114: 9048 bb00 | 0000 0000 

  0x000072cee122311c: ;   {runtime_call nmethod}
  0x000072cee122311c: 0000 00e9 | fbff ffff 

  0x000072cee1223124: ;   {static_stub}
  0x000072cee1223124: 9048 bb00 | 0000 0000 

  0x000072cee122312c: ;   {runtime_call nmethod}
  0x000072cee122312c: 0000 00e9 | fbff ffff 

  0x000072cee1223134: ;   {static_stub}
  0x000072cee1223134: 9048 bb00 | 0000 0000 

  0x000072cee122313c: ;   {runtime_call nmethod}
  0x000072cee122313c: 0000 00e9 | fbff ffff 

  0x000072cee1223144: ;   {static_stub}
  0x000072cee1223144: 9048 bb00 | 0000 0000 

  0x000072cee122314c: ;   {runtime_call nmethod}
  0x000072cee122314c: 0000 00e9 | fbff ffff 

  0x000072cee1223154: ;   {static_stub}
  0x000072cee1223154: 9048 bb00 | 0000 0000 

  0x000072cee122315c: ;   {runtime_call nmethod}
  0x000072cee122315c: 0000 00e9 | fbff ffff 

  0x000072cee1223164: ;   {static_stub}
  0x000072cee1223164: 9048 bb00 | 0000 0000 

  0x000072cee122316c: ;   {runtime_call nmethod}
  0x000072cee122316c: 0000 00e9 | fbff ffff 

  0x000072cee1223174: ;   {static_stub}
  0x000072cee1223174: 9048 bb00 | 0000 0000 

  0x000072cee122317c: ;   {runtime_call nmethod}
  0x000072cee122317c: 0000 00e9 | fbff ffff 

  0x000072cee1223184: ;   {static_stub}
  0x000072cee1223184: 9048 bb00 | 0000 0000 

  0x000072cee122318c: ;   {runtime_call nmethod}
  0x000072cee122318c: 0000 00e9 | fbff ffff 

  0x000072cee1223194: ;   {static_stub}
  0x000072cee1223194: 9048 bb00 | 0000 0000 

  0x000072cee122319c: ;   {runtime_call nmethod}
  0x000072cee122319c: 0000 00e9 | fbff ffff 

  0x000072cee12231a4: ;   {static_stub}
  0x000072cee12231a4: 9048 bb00 | 0000 0000 

  0x000072cee12231ac: ;   {runtime_call nmethod}
  0x000072cee12231ac: 0000 00e9 | fbff ffff 

  0x000072cee12231b4: ;   {static_stub}
  0x000072cee12231b4: 9048 bb00 | 0000 0000 

  0x000072cee12231bc: ;   {runtime_call nmethod}
  0x000072cee12231bc: 0000 00e9 | fbff ffff 

  0x000072cee12231c4: ;   {static_stub}
  0x000072cee12231c4: 9048 bb00 | 0000 0000 

  0x000072cee12231cc: ;   {runtime_call nmethod}
  0x000072cee12231cc: 0000 00e9 | fbff ffff 

  0x000072cee12231d4: ;   {static_stub}
  0x000072cee12231d4: 9048 bb00 | 0000 0000 

  0x000072cee12231dc: ;   {runtime_call nmethod}
  0x000072cee12231dc: 0000 00e9 | fbff ffff 

  0x000072cee12231e4: ;   {static_stub}
  0x000072cee12231e4: 48bb 0000 | 0000 0000 

  0x000072cee12231ec: ;   {runtime_call nmethod}
  0x000072cee12231ec: 0000 e9fb 

  0x000072cee12231f0: ;   {static_stub}
  0x000072cee12231f0: ffff ff48 | bb00 0000 | 0000 0000 

  0x000072cee12231fc: ;   {runtime_call nmethod}
  0x000072cee12231fc: 00e9 fbff 

  0x000072cee1223200: ;   {static_stub}
  0x000072cee1223200: ffff 48bb | 0000 0000 | 0000 0000 

  0x000072cee122320c: ;   {runtime_call nmethod}
  0x000072cee122320c: e9fb ffff 

  0x000072cee1223210: ;   {static_stub}
  0x000072cee1223210: ff48 bb00 | 0000 0000 

  0x000072cee1223218: ;   {runtime_call nmethod}
  0x000072cee1223218: 0000 00e9 | fbff ffff 

  0x000072cee1223220: ;   {static_stub}
  0x000072cee1223220: 48bb 2033 | ceb8 2166 

  0x000072cee1223228: ;   {runtime_call I2C/C2I adapters}
  0x000072cee1223228: 0000 e9b4 

  0x000072cee122322c: ;   {static_stub}
  0x000072cee122322c: 12a4 0648 | bb00 0000 | 0000 0000 

  0x000072cee1223238: ;   {runtime_call nmethod}
  0x000072cee1223238: 00e9 fbff 

  0x000072cee122323c: ;   {static_stub}
  0x000072cee122323c: ffff 48bb | c862 cdb8 | 2166 0000 

  0x000072cee1223248: ;   {runtime_call I2C/C2I adapters}
  0x000072cee1223248: e91e e7a3 

  0x000072cee122324c: ;   {runtime_call handle_exception_from_callee Runtime1 stub}
  0x000072cee122324c: 06e8 2e0f 

  0x000072cee1223250: ;   {external_word}
  0x000072cee1223250: af06 48bf | bb51 3400 | cf72 0000 | 4883 e4f0 

  0x000072cee1223260: ;   {runtime_call MacroAssembler::debug64(char*, long, long*)}
  0x000072cee1223260: e8eb 7bbe 

  0x000072cee1223264: ;   {section_word}
  0x000072cee1223264: 1ef4 49ba | 6632 22e1 | ce72 0000 

  0x000072cee1223270: ;   {runtime_call DeoptimizationBlob}
  0x000072cee1223270: 4152 e929 | 74a4 06f4 
[/MachCode]


Compiled method (c1) 5941 4402       3       net.sf.saxon.expr.ExpressionVisitor::optimize (32 bytes)
 total in heap  [0x000072cee115d910,0x000072cee115e670] = 3424
 relocation     [0x000072cee115da68,0x000072cee115db18] = 176
 main code      [0x000072cee115db20,0x000072cee115e280] = 1888
 stub code      [0x000072cee115e280,0x000072cee115e2e0] = 96
 oops           [0x000072cee115e2e0,0x000072cee115e2e8] = 8
 metadata       [0x000072cee115e2e8,0x000072cee115e318] = 48
 scopes data    [0x000072cee115e318,0x000072cee115e440] = 296
 scopes pcs     [0x000072cee115e440,0x000072cee115e580] = 320
 dependencies   [0x000072cee115e580,0x000072cee115e588] = 8
 handler table  [0x000072cee115e588,0x000072cee115e630] = 168
 nul chk table  [0x000072cee115e630,0x000072cee115e670] = 64

[Constant Pool (empty)]

[MachCode]
[Entry Point]
  # {method} {0x00006621b8d04f28} 'optimize' '(Lnet/sf/saxon/expr/Expression;Lnet/sf/saxon/type/ItemType;)Lnet/sf/saxon/expr/Expression;' in 'net/sf/saxon/expr/ExpressionVisitor'
  # this:     rsi:rsi   = 'net/sf/saxon/expr/ExpressionVisitor'
  # parm0:    rdx:rdx   = 'net/sf/saxon/expr/Expression'
  # parm1:    rcx:rcx   = 'net/sf/saxon/type/ItemType'
  #           [sp+0x100]  (sp of caller)
  0x000072cee115db20: 448b 5608 | 49bb 0000 | 00c3 2166 | 0000 4d03 | d34c 3bd0 

  0x000072cee115db34: ;   {runtime_call ic_miss_stub}
  0x000072cee115db34: 0f85 4672 | b006 660f | 1f44 0000 
[Verified Entry Point]
  0x000072cee115db40: 8984 2400 | c0fe ff55 | 4881 ecf0 | 0000 0090 | 4181 7f20 | 0100 0000 

  0x000072cee115db58: ;   {runtime_call StubRoutines (final stubs)}
  0x000072cee115db58: 7405 e801 | 13af 0648 | 89b4 24b8 

  0x000072cee115db64: ;   {metadata(method data for {method} {0x00006621b8d04f28} 'optimize' '(Lnet/sf/saxon/expr/Expression;Lnet/sf/saxon/type/ItemType;)Lnet/sf/saxon/expr/Expression;' in 'net/sf/saxon/expr/ExpressionVisitor')}
  0x000072cee115db64: 0000 0048 | b8e0 8ad6 | b821 6600 | 008b b8f4 | 0000 0083 | c702 89b8 | f400 0000 | 81e7 fe07 
  0x000072cee115db84: 0000 85ff | 0f84 7c05 | 0000 4885 

  0x000072cee115db90: ;   {metadata(method data for {method} {0x00006621b8d04f28} 'optimize' '(Lnet/sf/saxon/expr/Expression;Lnet/sf/saxon/type/ItemType;)Lnet/sf/saxon/expr/Expression;' in 'net/sf/saxon/expr/ExpressionVisitor')}
  0x000072cee115db90: d248 b8e0 | 8ad6 b821 | 6600 0048 | c7c7 3801 | 0000 7407 | 48c7 c748 | 0100 0048 | 8b1c 3848 
  0x000072cee115dbb0: 8d5b 0148 | 891c 380f | 84dd 0400 | 008b 7e0c 

  0x000072cee115dbc0: ; implicit exception: dispatches to 0x000072cee115e12b
  0x000072cee115dbc0: 483b 0748 

  0x000072cee115dbc4: ;   {metadata(method data for {method} {0x00006621b8d04f28} 'optimize' '(Lnet/sf/saxon/expr/Expression;Lnet/sf/saxon/type/ItemType;)Lnet/sf/saxon/expr/Expression;' in 'net/sf/saxon/expr/ExpressionVisitor')}
  0x000072cee115dbc4: 8bc7 48bb | e08a d6b8 | 2166 0000 | 4883 8370 | 0100 0001 

  0x000072cee115dbd8: ;   {metadata(method data for {method} {0x00006621b82b1f98} 'push' '(Ljava/lang/Object;)Ljava/lang/Object;' in 'java/util/Stack')}
  0x000072cee115dbd8: 48b8 30d1 | 2cb8 2166 | 0000 8b98 | f400 0000 | 83c3 0289 | 98f4 0000 | 0081 e3fe | ff1f 0085 
  0x000072cee115dbf8: db0f 8431 | 0500 0048 

  0x000072cee115dc00: ;   {metadata(method data for {method} {0x00006621b82b1f98} 'push' '(Ljava/lang/Object;)Ljava/lang/Object;' in 'java/util/Stack')}
  0x000072cee115dc00: 8bc7 48bb | 30d1 2cb8 | 2166 0000 | 8b40 0849 | ba00 0000 | c321 6600 | 0049 03c2 | 483b 8348 
  0x000072cee115dc20: 0100 0075 | 0d48 8383 | 5001 0000 | 01e9 6000 | 0000 483b | 8358 0100 | 0075 0d48 | 8383 6001 
  0x000072cee115dc40: 0000 01e9 | 4a00 0000 | 4883 bb48 | 0100 0000 | 7517 4889 | 8348 0100 | 0048 c783 | 5001 0000 
  0x000072cee115dc60: 0100 0000 | e929 0000 | 0048 83bb | 5801 0000 | 0075 1748 | 8983 5801 | 0000 48c7 | 8360 0100 
  0x000072cee115dc80: 0001 0000 | 00e9 0800 | 0000 4883 | 8338 0100 | 0001 488d | 9c24 d000 | 0000 4889 | 7b08 488b 
  0x000072cee115dca0: 0748 83c8 | 0148 8903 | f048 0fb1 | 1f0f 8412 | 0000 0048 | 2bc4 4825 | 07f0 ffff | 4889 030f 
  0x000072cee115dcc0: 858c 0400 | 0049 ff87 | 6808 0000 

  0x000072cee115dccc: ;   {metadata(method data for {method} {0x00006621b80fff78} 'addElement' '(Ljava/lang/Object;)V' in 'java/util/Vector')}
  0x000072cee115dccc: 48bb e8d2 | 2cb8 2166 | 0000 8b83 | f400 0000 | 83c0 0289 | 83f4 0000 | 0025 feff | 1f00 85c0 
  0x000072cee115dcec: 0f84 7204 | 0000 8b5f | 0cff c389 | 5f0c 8b5f | 188b 4710 

  0x000072cee115dd00: ;   {metadata(method data for {method} {0x00006621b80fff78} 'addElement' '(Ljava/lang/Object;)V' in 'java/util/Vector')}
  0x000072cee115dd00: 4c8b c749 | b9e8 d22c | b821 6600 | 0049 8381 | 3801 0000 

  0x000072cee115dd14: ;   {metadata(method data for {method} {0x00006621b8100870} 'add' '(Ljava/lang/Object;[Ljava/lang/Object;I)V' in 'java/util/Vector')}
  0x000072cee115dd14: 0149 b8a0 | d42c b821 | 6600 0045 | 8b88 f400 | 0000 4183 | c102 4589 | 88f4 0000 | 0041 81e1 
  0x000072cee115dd34: feff 1f00 | 4585 c90f | 8444 0400 | 0044 8b43 | 0c41 3bc0 

  0x000072cee115dd48: ;   {metadata(method data for {method} {0x00006621b8100870} 'add' '(Ljava/lang/Object;[Ljava/lang/Object;I)V' in 'java/util/Vector')}
  0x000072cee115dd48: 49b8 a0d4 | 2cb8 2166 | 0000 49c7 | c148 0100 | 0074 0749 | c7c1 3801 | 0000 4f8b | 1c08 4d8d 
  0x000072cee115dd68: 5b01 4f89 | 1c08 4889 | 8c24 c000 | 0000 0f84 | 0800 0000 | 488b f2e9 | a200 0000 | 4889 9424 
  0x000072cee115dd88: a800 0000 

  0x000072cee115dd8c: ;   {metadata(method data for {method} {0x00006621b8100870} 'add' '(Ljava/lang/Object;[Ljava/lang/Object;I)V' in 'java/util/Vector')}
  0x000072cee115dd8c: 488b df49 | b8a0 d42c | b821 6600 | 0049 8380 | 5801 0000 

  0x000072cee115dda0: ;   {metadata(method data for {method} {0x00006621b80fef50} 'grow' '()[Ljava/lang/Object;' in 'java/util/Vector')}
  0x000072cee115dda0: 0148 bbc0 | d62c b821 | 6600 0044 | 8b83 f400 | 0000 4183 | c002 4489 | 83f4 0000 | 0041 81e0 
  0x000072cee115ddc0: feff 1f00 | 4585 c00f | 84de 0300 | 0048 8bdf 

  0x000072cee115ddd0: ;   {metadata(method data for {method} {0x00006621b80fef50} 'grow' '()[Ljava/lang/Object;' in 'java/util/Vector')}
  0x000072cee115ddd0: 49b8 c0d6 | 2cb8 2166 | 0000 4983 | 8038 0100 | 0001 488b | d8ff c348 | 8bd3 488b | f748 89bc 
  0x000072cee115ddf0: 24b0 0000 | 0089 8424 | a000 0000 

  0x000072cee115ddfc: ;   {optimized virtual_call}
  0x000072cee115ddfc: 6666 90e8 

  0x000072cee115de00: ; ImmutableOopMap {[168]=Oop [176]=Oop [184]=Oop [192]=Oop [216]=Oop }
                      ;*invokevirtual grow {reexecute=0 rethrow=0 return_oop=0}
                      ; - java.util.Vector::grow@7 (line 266)
                      ; - java.util.Vector::add@7 (line 782)
                      ; - java.util.Vector::addElement@20 (line 617)
                      ; - java.util.Stack::push@2 (line 68)
                      ; - net.sf.saxon.expr.ExpressionVisitor::optimize@9 (line 199)
  0x000072cee115de00: 7c72 b006 

  0x000072cee115de04: ;   {other}
  0x000072cee115de04: 0f1f 8400 | f404 0000 | 488b d88b | 8424 a000 | 0000 488b | bc24 b000 | 0000 488b | b424 a800 
  0x000072cee115de24: 0000 3b43 | 0c0f 83a7 | 0300 0048 | 85f6 7516 

  0x000072cee115de34: ;   {metadata(method data for {method} {0x00006621b8100870} 'add' '(Ljava/lang/Object;[Ljava/lang/Object;I)V' in 'java/util/Vector')}
  0x000072cee115de34: 48b9 a0d4 | 2cb8 2166 | 0000 8089 | 8901 0000 | 01e9 fa00 | 0000 8b53 | 0849 ba00 | 0000 c321 
  0x000072cee115de54: 6600 0049 | 03d2 8b4e | 0849 ba00 | 0000 c321 | 6600 0049 | 03ca 488b | 92e0 0000 | 0048 3bca 
  0x000072cee115de74: 0f84 2900 | 0000 448b | 4214 4a3b | 1401 0f84 | 1b00 0000 | 4183 f820 | 0f85 9b00 | 0000 5152 
  0x000072cee115de94: ;   {runtime_call slow_subtype_check Runtime1 stub}
  0x000072cee115de94: e8e7 6ebb | 0659 5a85 | d20f 848a 

  0x000072cee115dea0: ;   {metadata(method data for {method} {0x00006621b8100870} 'add' '(Ljava/lang/Object;[Ljava/lang/Object;I)V' in 'java/util/Vector')}
  0x000072cee115dea0: 0000 0048 | b9a0 d42c | b821 6600 | 008b 5608 | 49ba 0000 | 00c3 2166 | 0000 4903 | d248 3b91 
  0x000072cee115dec0: a001 0000 | 750d 4883 | 81a8 0100 | 0001 e971 | 0000 0048 | 3b91 b001 | 0000 750d | 4883 81b8 
  0x000072cee115dee0: 0100 0001 | e95b 0000 | 0048 83b9 | a001 0000 | 0075 1748 | 8991 a001 | 0000 48c7 | 81a8 0100 
  0x000072cee115df00: 0001 0000 | 00e9 3a00 | 0000 4883 | b9b0 0100 | 0000 7517 | 4889 91b0 | 0100 0048 | c781 b801 
  0x000072cee115df20: 0000 0100 | 0000 e919 | 0000 00eb 

  0x000072cee115df2c: ;   {metadata(method data for {method} {0x00006621b8100870} 'add' '(Ljava/lang/Object;[Ljava/lang/Object;I)V' in 'java/util/Vector')}
  0x000072cee115df2c: 1748 b9a0 | d42c b821 | 6600 0048 | 83a9 9001 | 0000 01e9 | a502 0000 | 4863 d04c | 8bd6 4489 
  0x000072cee115df4c: 5493 10ff | c089 4710 | 488d 8424 | d000 0000 | 488b 1048 | 85d2 0f84 | 0f00 0000 | 488b 4808 
  0x000072cee115df6c: f048 0fb1 | 110f 857b | 0200 0049 | ff8f 6808 | 0000 488b | 8c24 c000 | 0000 488b | bc24 b800 
  0x000072cee115df8c: 0000 483b | 0648 8bd6 

  0x000072cee115df94: ;   {metadata(method data for {method} {0x00006621b8d04f28} 'optimize' '(Lnet/sf/saxon/expr/Expression;Lnet/sf/saxon/type/ItemType;)Lnet/sf/saxon/expr/Expression;' in 'net/sf/saxon/expr/ExpressionVisitor')}
  0x000072cee115df94: 48bb e08a | d6b8 2166 | 0000 8b52 | 0849 ba00 | 0000 c321 | 6600 0049 | 03d2 483b | 93a0 0100 
  0x000072cee115dfb4: 0075 0d48 | 8383 a801 | 0000 01e9 | 6000 0000 | 483b 93b0 | 0100 0075 | 0d48 8383 | b801 0000 
  0x000072cee115dfd4: 01e9 4a00 | 0000 4883 | bba0 0100 | 0000 7517 | 4889 93a0 | 0100 0048 | c783 a801 | 0000 0100 
  0x000072cee115dff4: 0000 e929 | 0000 0048 | 83bb b001 | 0000 0075 | 1748 8993 | b001 0000 | 48c7 83b8 | 0100 0001 
  0x000072cee115e014: 0000 00e9 | 0800 0000 | 4883 8390 | 0100 0001 | 488b d766 | 0f1f 4400 | 0048 b8ff | ffff ffff 
  0x000072cee115e034: ;   {virtual_call}
  0x000072cee115e034: ffff ffe8 

  0x000072cee115e038: ; ImmutableOopMap {[184]=Oop }
                      ;*invokevirtual optimize {reexecute=0 rethrow=0 return_oop=0}
                      ; - net.sf.saxon.expr.ExpressionVisitor::optimize@16 (line 200)
  0x000072cee115e038: d46d e106 

  0x000072cee115e03c: ;   {other}
  0x000072cee115e03c: 0f1f 8400 | 2c07 0001 | 488b b424 | b800 0000 | 8b76 0c48 | 3b06 488b 

  0x000072cee115e054: ;   {metadata(method data for {method} {0x00006621b8d04f28} 'optimize' '(Lnet/sf/saxon/expr/Expression;Lnet/sf/saxon/type/ItemType;)Lnet/sf/saxon/expr/Expression;' in 'net/sf/saxon/expr/ExpressionVisitor')}
  0x000072cee115e054: fe48 bbe0 | 8ad6 b821 | 6600 0048 | 8383 e001 | 0000 0148 | 8984 24c8 

  0x000072cee115e06c: ;   {optimized virtual_call}
  0x000072cee115e06c: 0000 00e8 

  0x000072cee115e070: ; ImmutableOopMap {[200]=Oop }
                      ;*invokevirtual pop {reexecute=0 rethrow=0 return_oop=0}
                      ; - net.sf.saxon.expr.ExpressionVisitor::optimize@24 (line 201)
  0x000072cee115e070: 4c53 4f07 

  0x000072cee115e074: ;   {other}
  0x000072cee115e074: 0f1f 8400 | 6407 0002 | 488b 8424 | c800 0000 | 4881 c4f0 | 0000 005d 

  0x000072cee115e08c: ;   {poll_return}
  0x000072cee115e08c: 493b a768 | 0700 000f | 8779 0100 

  0x000072cee115e098: ;   {oop(nullptr)}
  0x000072cee115e098: 00c3 48b8 | 0000 0000 | 0000 0000 | 4881 c4f0 | 0000 005d 

  0x000072cee115e0ac: ;   {poll_return}
  0x000072cee115e0ac: 493b a768 | 0700 000f | 876f 0100 | 00c3 498b | 8718 0800 | 004d 33d2 | 4d89 9718 | 0800 004d 
  0x000072cee115e0cc: 33d2 4d89 | 9720 0800 | 0048 8bf0 | 488d 8424 | d000 0000 | 488b 3848 | 85ff 0f84 | 0f00 0000 
  0x000072cee115e0ec: 488b 5808 | f048 0fb1 | 3b0f 8543 | 0100 0049 | ff8f 6808 | 0000 488b | c6e9 6701 

  0x000072cee115e108: ;   {metadata({method} {0x00006621b8d04f28} 'optimize' '(Lnet/sf/saxon/expr/Expression;Lnet/sf/saxon/type/ItemType;)Lnet/sf/saxon/expr/Expression;' in 'net/sf/saxon/expr/ExpressionVisitor')}
  0x000072cee115e108: 0000 49ba | 284f d0b8 | 2166 0000 | 4c89 5424 | 0848 c704 | 24ff ffff 

  0x000072cee115e120: ;   {runtime_call counter_overflow Runtime1 stub}
  0x000072cee115e120: ffe8 5aa3 

  0x000072cee115e124: ; ImmutableOopMap {rsi=Oop rdx=Oop rcx=Oop [184]=Oop }
                      ;*synchronization entry
                      ; - net.sf.saxon.expr.ExpressionVisitor::optimize@-1 (line 198)
  0x000072cee115e124: bb06 e963 

  0x000072cee115e128: ;   {runtime_call throw_null_pointer_exception Runtime1 stub}
  0x000072cee115e128: faff ffe8 

  0x000072cee115e12c: ; ImmutableOopMap {rsi=Oop rdx=Oop rcx=Oop rdi=Oop [184]=Oop }
                      ;*invokevirtual push {reexecute=0 rethrow=0 return_oop=0}
                      ; - net.sf.saxon.expr.ExpressionVisitor::optimize@9 (line 199)
  0x000072cee115e12c: 503f bb06 

  0x000072cee115e130: ;   {metadata({method} {0x00006621b82b1f98} 'push' '(Ljava/lang/Object;)Ljava/lang/Object;' in 'java/util/Stack')}
  0x000072cee115e130: 49ba 981f | 2bb8 2166 | 0000 4c89 | 5424 0848 | c704 24ff 

  0x000072cee115e144: ;   {runtime_call counter_overflow Runtime1 stub}
  0x000072cee115e144: ffff ffe8 

  0x000072cee115e148: ; ImmutableOopMap {rsi=Oop rdx=Oop rcx=Oop rdi=Oop [184]=Oop }
                      ;*synchronization entry
                      ; - java.util.Stack::push@-1 (line 68)
                      ; - net.sf.saxon.expr.ExpressionVisitor::optimize@9 (line 199)
  0x000072cee115e148: 34a3 bb06 | e9ae faff | ff48 897c | 2408 4889 

  0x000072cee115e158: ;   {runtime_call monitorenter_nofpu Runtime1 stub}
  0x000072cee115e158: 1c24 e821 

  0x000072cee115e15c: ; ImmutableOopMap {rsi=Oop rdx=Oop rcx=Oop rdi=Oop [184]=Oop [216]=Oop }
                      ;*synchronization entry
                      ; - java.util.Vector::addElement@-1 (line 616)
                      ; - java.util.Stack::push@2 (line 68)
                      ; - net.sf.saxon.expr.ExpressionVisitor::optimize@9 (line 199)
  0x000072cee115e15c: 75bb 06e9 | 68fb ffff 

  0x000072cee115e164: ;   {metadata({method} {0x00006621b80fff78} 'addElement' '(Ljava/lang/Object;)V' in 'java/util/Vector')}
  0x000072cee115e164: 49ba 78ff | 0fb8 2166 | 0000 4c89 | 5424 0848 | c704 24ff 

  0x000072cee115e178: ;   {runtime_call counter_overflow Runtime1 stub}
  0x000072cee115e178: ffff ffe8 

  0x000072cee115e17c: ; ImmutableOopMap {rsi=Oop rdx=Oop rcx=Oop rdi=Oop [184]=Oop [216]=Oop }
                      ;*synchronization entry
                      ; - java.util.Vector::addElement@-1 (line 616)
                      ; - java.util.Stack::push@2 (line 68)
                      ; - net.sf.saxon.expr.ExpressionVisitor::optimize@9 (line 199)
  0x000072cee115e17c: 00a3 bb06 | e96d fbff 

  0x000072cee115e184: ;   {metadata({method} {0x00006621b8100870} 'add' '(Ljava/lang/Object;[Ljava/lang/Object;I)V' in 'java/util/Vector')}
  0x000072cee115e184: ff49 ba70 | 0810 b821 | 6600 004c | 8954 2408 | 48c7 0424 | ffff ffff 

  0x000072cee115e19c: ;   {runtime_call counter_overflow Runtime1 stub}
  0x000072cee115e19c: e8df a2bb 

  0x000072cee115e1a0: ; ImmutableOopMap {rsi=Oop rdx=Oop rcx=Oop rdi=Oop rbx=Oop [184]=Oop [216]=Oop }
                      ;*synchronization entry
                      ; - java.util.Vector::add@-1 (line 781)
                      ; - java.util.Vector::addElement@20 (line 617)
                      ; - java.util.Stack::push@2 (line 68)
                      ; - net.sf.saxon.expr.ExpressionVisitor::optimize@9 (line 199)
  0x000072cee115e1a0: 06e9 9bfb 

  0x000072cee115e1a4: ;   {runtime_call throw_null_pointer_exception Runtime1 stub}
  0x000072cee115e1a4: ffff e8d5 

  0x000072cee115e1a8: ; ImmutableOopMap {rsi=Oop rdx=Oop rcx=Oop rdi=Oop rbx=Oop [184]=Oop [216]=Oop }
                      ;*arraylength {reexecute=0 rethrow=0 return_oop=0}
                      ; - java.util.Vector::add@2 (line 781)
                      ; - java.util.Vector::addElement@20 (line 617)
                      ; - java.util.Stack::push@2 (line 68)
                      ; - net.sf.saxon.expr.ExpressionVisitor::optimize@9 (line 199)
                      ;   {metadata({method} {0x00006621b80fef50} 'grow' '()[Ljava/lang/Object;' in 'java/util/Vector')}
  0x000072cee115e1a8: 3ebb 0649 | ba50 ef0f | b821 6600 | 004c 8954 | 2408 48c7 | 0424 ffff 

  0x000072cee115e1c0: ;   {runtime_call counter_overflow Runtime1 stub}
  0x000072cee115e1c0: ffff e8b9 

  0x000072cee115e1c4: ; ImmutableOopMap {rdi=Oop [168]=Oop [184]=Oop [192]=Oop [216]=Oop }
                      ;*synchronization entry
                      ; - java.util.Vector::grow@-1 (line 266)
                      ; - java.util.Vector::add@7 (line 782)
                      ; - java.util.Vector::addElement@20 (line 617)
                      ; - java.util.Stack::push@2 (line 68)
                      ; - net.sf.saxon.expr.ExpressionVisitor::optimize@9 (line 199)
  0x000072cee115e1c4: a2bb 06e9 | 01fc ffff 

  0x000072cee115e1cc: ;   {runtime_call throw_null_pointer_exception Runtime1 stub}
  0x000072cee115e1cc: e8af 3ebb 

  0x000072cee115e1d0: ; ImmutableOopMap {rbx=Oop rdi=Oop rsi=Oop [184]=Oop [192]=Oop [216]=Oop }
                      ;*aastore {reexecute=1 rethrow=0 return_oop=0}
                      ; - (reexecute) java.util.Vector::add@14 (line 783)
                      ; - java.util.Vector::addElement@20 (line 617)
                      ; - java.util.Stack::push@2 (line 68)
                      ; - net.sf.saxon.expr.ExpressionVisitor::optimize@9 (line 199)
                      ;   {runtime_call throw_null_pointer_exception Runtime1 stub}
  0x000072cee115e1d0: 06e8 aa3e 

  0x000072cee115e1d4: ; ImmutableOopMap {rbx=Oop rdi=Oop rsi=Oop [184]=Oop [192]=Oop [216]=Oop }
                      ;*aastore {reexecute=1 rethrow=0 return_oop=0}
                      ; - (reexecute) java.util.Vector::add@14 (line 783)
                      ; - java.util.Vector::addElement@20 (line 617)
                      ; - java.util.Stack::push@2 (line 68)
                      ; - net.sf.saxon.expr.ExpressionVisitor::optimize@9 (line 199)
  0x000072cee115e1d4: bb06 4889 | 0424 4889 

  0x000072cee115e1dc: ;   {runtime_call throw_range_check_failed Runtime1 stub}
  0x000072cee115e1dc: 5c24 08e8 

  0x000072cee115e1e0: ; ImmutableOopMap {rbx=Oop rdi=Oop rsi=Oop [184]=Oop [192]=Oop [216]=Oop }
                      ;*aastore {reexecute=1 rethrow=0 return_oop=0}
                      ; - (reexecute) java.util.Vector::add@14 (line 783)
                      ; - java.util.Vector::addElement@20 (line 617)
                      ; - java.util.Stack::push@2 (line 68)
                      ; - net.sf.saxon.expr.ExpressionVisitor::optimize@9 (line 199)
  0x000072cee115e1e0: 9c2f bb06 

  0x000072cee115e1e4: ;   {runtime_call throw_null_pointer_exception Runtime1 stub}
  0x000072cee115e1e4: e897 3ebb 

  0x000072cee115e1e8: ; ImmutableOopMap {rbx=Oop rdi=Oop rsi=Oop [184]=Oop [192]=Oop [216]=Oop }
                      ;*aastore {reexecute=1 rethrow=0 return_oop=0}
                      ; - (reexecute) java.util.Vector::add@14 (line 783)
                      ; - java.util.Vector::addElement@20 (line 617)
                      ; - java.util.Stack::push@2 (line 68)
                      ; - net.sf.saxon.expr.ExpressionVisitor::optimize@9 (line 199)
  0x000072cee115e1e8: 0648 8934 

  0x000072cee115e1ec: ;   {runtime_call throw_array_store_exception Runtime1 stub}
  0x000072cee115e1ec: 24e8 8e62 

  0x000072cee115e1f0: ; ImmutableOopMap {rbx=Oop rdi=Oop rsi=Oop [184]=Oop [192]=Oop [216]=Oop }
                      ;*aastore {reexecute=1 rethrow=0 return_oop=0}
                      ; - (reexecute) java.util.Vector::add@14 (line 783)
                      ; - java.util.Vector::addElement@20 (line 617)
                      ; - java.util.Stack::push@2 (line 68)
                      ; - net.sf.saxon.expr.ExpressionVisitor::optimize@9 (line 199)
  0x000072cee115e1f0: bb06 488d | 8424 d000 | 0000 4889 

  0x000072cee115e1fc: ;   {runtime_call monitorexit_nofpu Runtime1 stub}
  0x000072cee115e1fc: 0424 e87d | 7abb 06e9 | 76fd ffff 

  0x000072cee115e208: ;   {runtime_call throw_null_pointer_exception Runtime1 stub}
  0x000072cee115e208: e873 3ebb 

  0x000072cee115e20c: ; ImmutableOopMap {rsi=Oop rcx=Oop rdi=Oop [184]=Oop }
                      ;*invokevirtual optimize {reexecute=0 rethrow=0 return_oop=0}
                      ; - net.sf.saxon.expr.ExpressionVisitor::optimize@16 (line 200)
                      ;   {runtime_call throw_null_pointer_exception Runtime1 stub}
  0x000072cee115e20c: 06e8 6e3e 

  0x000072cee115e210: ; ImmutableOopMap {rax=Oop rsi=Oop }
                      ;*invokevirtual pop {reexecute=0 rethrow=0 return_oop=0}
                      ; - net.sf.saxon.expr.ExpressionVisitor::optimize@24 (line 201)
                      ;   {internal_word}
  0x000072cee115e210: bb06 49ba | 8ce0 15e1 | ce72 0000 | 4d89 9780 

  0x000072cee115e220: ;   {runtime_call SafepointBlob}
  0x000072cee115e220: 0700 00e9 | d8d1 b006 

  0x000072cee115e228: ;   {internal_word}
  0x000072cee115e228: 49ba ace0 | 15e1 ce72 | 0000 4d89 | 9780 0700 

  0x000072cee115e238: ;   {runtime_call SafepointBlob}
  0x000072cee115e238: 00e9 c2d1 | b006 488d | 8424 d000 | 0000 4889 

  0x000072cee115e248: ;   {runtime_call monitorexit_nofpu Runtime1 stub}
  0x000072cee115e248: 0424 e831 | 7abb 06e9 | aefe ffff | 498b 8718 | 0800 0049 | c787 1808 | 0000 0000 | 0000 49c7 
  0x000072cee115e268: 8720 0800 | 0000 0000 | 0048 81c4 | f000 0000 

  0x000072cee115e278: ;   {runtime_call unwind_exception Runtime1 stub}
  0x000072cee115e278: 5de9 0229 | bb06 f4f4 
[Stub Code]
  0x000072cee115e280: ;   {no_reloc}
  0x000072cee115e280: 0f1f 4400 

  0x000072cee115e284: ;   {static_stub}
  0x000072cee115e284: 0048 bb00 | 0000 0000 

  0x000072cee115e28c: ;   {runtime_call nmethod}
  0x000072cee115e28c: 0000 00e9 | fbff ffff 

  0x000072cee115e294: ;   {static_stub}
  0x000072cee115e294: 9048 bb00 | 0000 0000 

  0x000072cee115e29c: ;   {runtime_call nmethod}
  0x000072cee115e29c: 0000 00e9 | fbff ffff 

  0x000072cee115e2a4: ;   {static_stub}
  0x000072cee115e2a4: 48bb 0000 | 0000 0000 

  0x000072cee115e2ac: ;   {runtime_call nmethod}
  0x000072cee115e2ac: 0000 e9fb 

  0x000072cee115e2b0: ;   {runtime_call handle_exception_from_callee Runtime1 stub}
  0x000072cee115e2b0: ffff ffe8 | c85e bb06 

  0x000072cee115e2b8: ;   {external_word}
  0x000072cee115e2b8: 48bf bb51 | 3400 cf72 | 0000 4883 

  0x000072cee115e2c4: ;   {runtime_call MacroAssembler::debug64(char*, long, long*)}
  0x000072cee115e2c4: e4f0 e885 | cbca 1ef4 
[Deopt Handler Code]
  0x000072cee115e2cc: ;   {section_word}
  0x000072cee115e2cc: 49ba cce2 | 15e1 ce72 | 0000 4152 

  0x000072cee115e2d8: ;   {runtime_call DeoptimizationBlob}
  0x000072cee115e2d8: e9c3 c3b0 | 06f4 f4f4 
[/MachCode]


---------------  P R O C E S S  ---------------

Threads class SMR info:
_java_thread_list=0x000066207c000b70, length=56, elements={
0x000072cef802b240, 0x000072cef8524f40, 0x000072cef85267d0, 0x000072cef85282c0,
0x000072cef8546af0, 0x000072cef8548440, 0x000072cef8549d00, 0x000072cef854bb40,
0x000072cef854d520, 0x000066213c04dc90, 0x00006621300015b0, 0x000072cef859c610,
0x000072cef859f610, 0x0000662134015440, 0x0000662130026ed0, 0x0000662130028540,
0x00006621380a8700, 0x000066211c16d280, 0x0000662120117460, 0x000072cef88486f0,
0x000072cef873eee0, 0x000072cef873faa0, 0x000072cef8741000, 0x000072cef881d180,
0x000072cef881e510, 0x000072cef881f9c0, 0x000072cef8820e70, 0x000072cef8822400,
0x000072cef8823990, 0x000072cef884ff70, 0x000072cef88510d0, 0x000072cef8852580,
0x000072cef8853a30, 0x000072cef8854ff0, 0x000072cef88565b0, 0x000072cef8857b80,
0x000072cef8859150, 0x000072cef885a730, 0x000072cef885bd10, 0x000072cef885d300,
0x000072cef885e8f0, 0x000072cef885fef0, 0x000072cef88614f0, 0x000072cef8862940,
0x000072cef8863900, 0x000072cef8864f20, 0x000072cef8866540, 0x000072cef8867b70,
0x000072cef88691a0, 0x000072cef886aa60, 0x000072cef886c0a0, 0x00006621180b8f90,
0x00006621180ba6e0, 0x00006621180bbe30, 0x0000662138164c80, 0x000066211817a330
}

Java Threads: ( => current thread )
  0x000072cef802b240 JavaThread "main"                              [_thread_blocked, id=442883, stack(0x000072ceff100000,0x000072ceff200000) (1024K)]
  0x000072cef8524f40 JavaThread "Reference Handler"          daemon [_thread_blocked, id=442888, stack(0x000072cefdd42000,0x000072cefde42000) (1024K)]
  0x000072cef85267d0 JavaThread "Finalizer"                  daemon [_thread_blocked, id=442889, stack(0x000072cefd900000,0x000072cefda00000) (1024K)]
  0x000072cef85282c0 JavaThread "MMTk Finalizer Thread"      daemon [_thread_blocked, id=442890, stack(0x000072cefd800000,0x000072cefd900000) (1024K)]
  0x000072cef8546af0 JavaThread "Signal Dispatcher"          daemon [_thread_blocked, id=442914, stack(0x000072cec06ff000,0x000072cec07ff000) (1024K)]
  0x000072cef8548440 JavaThread "Service Thread"             daemon [_thread_blocked, id=442915, stack(0x000072cec05ff000,0x000072cec06ff000) (1024K)]
  0x000072cef8549d00 JavaThread "Monitor Deflation Thread"   daemon [_thread_blocked, id=442916, stack(0x000072cec04ff000,0x000072cec05ff000) (1024K)]
  0x000072cef854bb40 JavaThread "C2 CompilerThread0"         daemon [_thread_blocked, id=442917, stack(0x000066220c2fc000,0x000066220c3fc000) (1024K)]
  0x000072cef854d520 JavaThread "C1 CompilerThread0"         daemon [_thread_blocked, id=442918, stack(0x0000662209100000,0x0000662209200000) (1024K)]
  0x000066213c04dc90 JavaThread "C1 CompilerThread1"         daemon [_thread_blocked, id=442919, stack(0x0000662209000000,0x0000662209100000) (1024K)]
  0x00006621300015b0 JavaThread "C1 CompilerThread2"         daemon [_thread_blocked, id=442920, stack(0x0000662208f00000,0x0000662209000000) (1024K)]
  0x000072cef859c610 JavaThread "Notification Thread"        daemon [_thread_blocked, id=442921, stack(0x0000662208e00000,0x0000662208f00000) (1024K)]
  0x000072cef859f610 JavaThread "Common-Cleaner"             daemon [_thread_blocked, id=442922, stack(0x0000662208d00000,0x0000662208e00000) (1024K)]
  0x0000662134015440 JavaThread "C2 CompilerThread1"         daemon [_thread_blocked, id=442923, stack(0x0000662208c00000,0x0000662208d00000) (1024K)]
  0x0000662130026ed0 JavaThread "C1 CompilerThread3"         daemon [_thread_blocked, id=442924, stack(0x0000662208b00000,0x0000662208c00000) (1024K)]
  0x0000662130028540 JavaThread "C1 CompilerThread4"         daemon [_thread_blocked, id=442925, stack(0x0000662208a00000,0x0000662208b00000) (1024K)]
  0x00006621380a8700 JavaThread "C2 CompilerThread2"         daemon [_thread_blocked, id=442926, stack(0x0000662208900000,0x0000662208a00000) (1024K)]
  0x000066211c16d280 JavaThread "C2 CompilerThread3"         daemon [_thread_blocked, id=442927, stack(0x0000662208800000,0x0000662208900000) (1024K)]
  0x0000662120117460 JavaThread "C2 CompilerThread4"         daemon [_thread_blocked, id=442928, stack(0x0000662208700000,0x0000662208800000) (1024K)]
  0x000072cef88486f0 JavaThread "PmdThread 1"                       [_thread_blocked, id=442930, stack(0x0000662208600000,0x0000662208700000) (1024K)]
  0x000072cef873eee0 JavaThread "PmdThread 2"                       [_thread_in_Java, id=442931, stack(0x0000662208500000,0x0000662208600000) (1024K)]
  0x000072cef873faa0 JavaThread "PmdThread 3"                       [_thread_in_Java, id=442932, stack(0x0000662208400000,0x0000662208500000) (1024K)]
  0x000072cef8741000 JavaThread "PmdThread 4"                       [_thread_blocked, id=442933, stack(0x0000662208300000,0x0000662208400000) (1024K)]
  0x000072cef881d180 JavaThread "PmdThread 5"                       [_thread_in_Java, id=442934, stack(0x0000662208200000,0x0000662208300000) (1024K)]
  0x000072cef881e510 JavaThread "PmdThread 6"                       [_thread_blocked, id=442935, stack(0x0000662208100000,0x0000662208200000) (1024K)]
  0x000072cef881f9c0 JavaThread "PmdThread 7"                       [_thread_in_Java, id=442936, stack(0x0000662208000000,0x0000662208100000) (1024K)]
  0x000072cef8820e70 JavaThread "PmdThread 8"                       [_thread_blocked, id=442937, stack(0x00006621c2f00000,0x00006621c3000000) (1024K)]
  0x000072cef8822400 JavaThread "PmdThread 9"                       [_thread_blocked, id=442938, stack(0x00006621c2e00000,0x00006621c2f00000) (1024K)]
  0x000072cef8823990 JavaThread "PmdThread 10"                      [_thread_in_Java, id=442939, stack(0x00006621c2d00000,0x00006621c2e00000) (1024K)]
  0x000072cef884ff70 JavaThread "PmdThread 11"                      [_thread_in_Java, id=442940, stack(0x00006621c2c00000,0x00006621c2d00000) (1024K)]
  0x000072cef88510d0 JavaThread "PmdThread 12"                      [_thread_blocked, id=442941, stack(0x00006621c2b00000,0x00006621c2c00000) (1024K)]
  0x000072cef8852580 JavaThread "PmdThread 13"                      [_thread_blocked, id=442942, stack(0x00006621c2a00000,0x00006621c2b00000) (1024K)]
  0x000072cef8853a30 JavaThread "PmdThread 14"                      [_thread_blocked, id=442943, stack(0x00006621c2900000,0x00006621c2a00000) (1024K)]
  0x000072cef8854ff0 JavaThread "PmdThread 15"                      [_thread_blocked, id=442944, stack(0x00006621c2800000,0x00006621c2900000) (1024K)]
  0x000072cef88565b0 JavaThread "PmdThread 16"                      [_thread_in_Java, id=442945, stack(0x00006621c2700000,0x00006621c2800000) (1024K)]
  0x000072cef8857b80 JavaThread "PmdThread 17"                      [_thread_in_Java, id=442946, stack(0x00006621c2600000,0x00006621c2700000) (1024K)]
  0x000072cef8859150 JavaThread "PmdThread 18"                      [_thread_in_Java, id=442947, stack(0x00006621c2500000,0x00006621c2600000) (1024K)]
  0x000072cef885a730 JavaThread "PmdThread 19"                      [_thread_in_Java, id=442948, stack(0x00006621c2400000,0x00006621c2500000) (1024K)]
  0x000072cef885bd10 JavaThread "PmdThread 20"                      [_thread_in_Java, id=442949, stack(0x00006621c2300000,0x00006621c2400000) (1024K)]
=>0x000072cef885d300 JavaThread "PmdThread 21"                      [_thread_in_Java, id=442950, stack(0x00006621c2200000,0x00006621c2300000) (1024K)]
  0x000072cef885e8f0 JavaThread "PmdThread 22"                      [_thread_blocked, id=442951, stack(0x00006621c2100000,0x00006621c2200000) (1024K)]
  0x000072cef885fef0 JavaThread "PmdThread 23"                      [_thread_in_Java, id=442952, stack(0x00006621c2000000,0x00006621c2100000) (1024K)]
  0x000072cef88614f0 JavaThread "PmdThread 24"                      [_thread_in_Java, id=442953, stack(0x00006621c1f00000,0x00006621c2000000) (1024K)]
  0x000072cef8862940 JavaThread "PmdThread 25"                      [_thread_blocked, id=442954, stack(0x00006621c1e00000,0x00006621c1f00000) (1024K)]
  0x000072cef8863900 JavaThread "PmdThread 26"                      [_thread_blocked, id=442955, stack(0x00006621c1d00000,0x00006621c1e00000) (1024K)]
  0x000072cef8864f20 JavaThread "PmdThread 27"                      [_thread_blocked, id=442956, stack(0x00006621c1c00000,0x00006621c1d00000) (1024K)]
  0x000072cef8866540 JavaThread "PmdThread 28"                      [_thread_blocked, id=442957, stack(0x00006621c1b00000,0x00006621c1c00000) (1024K)]
  0x000072cef8867b70 JavaThread "PmdThread 29"                      [_thread_blocked, id=442958, stack(0x00006621c1a00000,0x00006621c1b00000) (1024K)]
  0x000072cef88691a0 JavaThread "PmdThread 30"                      [_thread_in_Java, id=442959, stack(0x00006621c1900000,0x00006621c1a00000) (1024K)]
  0x000072cef886aa60 JavaThread "PmdThread 31"                      [_thread_blocked, id=442960, stack(0x00006621c1800000,0x00006621c1900000) (1024K)]
  0x000072cef886c0a0 JavaThread "PmdThread 32"                      [_thread_blocked, id=442961, stack(0x00006621c1700000,0x00006621c1800000) (1024K)]
  0x00006621180b8f90 JavaThread "C2 CompilerThread5"         daemon [_thread_blocked, id=442962, stack(0x00006621c1600000,0x00006621c1700000) (1024K)]
  0x00006621180ba6e0 JavaThread "C2 CompilerThread6"         daemon [_thread_blocked, id=442963, stack(0x00006621c1500000,0x00006621c1600000) (1024K)]
  0x00006621180bbe30 JavaThread "C2 CompilerThread7"         daemon [_thread_blocked, id=442964, stack(0x00006621c1400000,0x00006621c1500000) (1024K)]
  0x0000662138164c80 JavaThread "C2 CompilerThread8"         daemon [_thread_blocked, id=442965, stack(0x00006621c1300000,0x00006621c1400000) (1024K)]
  0x000066211817a330 JavaThread "C2 CompilerThread9"         daemon [_thread_blocked, id=442966, stack(0x00006621c1200000,0x00006621c1300000) (1024K)]
Total: 56

Other Threads:
  0x000072cef8519a80 VMThread "VM Thread"                           [id=442887, stack(0x000072cefde43000,0x000072cefdf43000) (1024K)] _threads_hazard_ptr=0x000066207c000b70
  0x000072cef85076b0 WatcherThread "VM Periodic Task Thread"        [id=442886, stack(0x000072cefdf44000,0x000072cefe044000) (1024K)]
Total: 2

Threads with active compile tasks:
C2 CompilerThread0  5949 4631       4       net.sf.saxon.expr.Tokenizer::lookAhead (2755 bytes)
C1 CompilerThread0  5949 4865       3       net.sf.saxon.sort.GenericAtomicComparer::makeAtomicComparer (268 bytes)
C1 CompilerThread1  5949 4856       3       net.sf.saxon.expr.TypeChecker::strictTypeCheck (651 bytes)
C1 CompilerThread2  5949 4871       3       net.sf.saxon.expr.Tokenizer::next (782 bytes)
C2 CompilerThread1  5950 4650       4       net.sourceforge.pmd.lang.java.typeresolution.ClassTypeResolver::populateType (295 bytes)
C1 CompilerThread3  5950 4866       3       net.sf.saxon.Configuration::getConversionContext (27 bytes)
C1 CompilerThread4  5950 4870       3       net.sf.saxon.expr.StringLiteral::<init> (6 bytes)
C2 CompilerThread2  5950 4235   !   4       net.sourceforge.pmd.lang.java.typeresolution.PMDASMClassLoader::loadClassOrNull (38 bytes)
C2 CompilerThread3  5950 4854       4       net.sf.saxon.expr.ExpressionVisitor::resetStaticProperties (35 bytes)
C2 CompilerThread4  5950 4862       4       net.sourceforge.pmd.lang.symboltable.ImageFinderFunction::applyTo (27 bytes)
C2 CompilerThread5  5950 4272   !   4       java.lang.ClassLoader::loadClass (121 bytes)
C2 CompilerThread6  5950 4847       4       net.sf.saxon.expr.ExpressionVisitor::simplify (31 bytes)
C2 CompilerThread7  5950 4855       4       net.sf.saxon.expr.ExpressionTool::dependsOnVariable (88 bytes)
C2 CompilerThread8  5950 4080   !   4       net.sourceforge.pmd.lang.java.typeresolution.MethodTypeResolution::getApplicableMethods (284 bytes)
C2 CompilerThread9  5950 3986  s!   4       org.dacapo.harness.DacapoClassLoader::loadClass (58 bytes)
Total: 15

VM state: synchronizing (normal execution)

VM Mutex/Monitor currently owned by a thread:  ([mutex/lock_event])
[0x000072cf007580d0] Threads_lock - owner thread: 0x000072cef8519a80

Heap address: 0x0000000040000000, size: 3072 MB, Compressed Oops mode: 32-bit

CDS archive(s) mapped at: [0x00006621c3000000-0x00006621c3ca3000-0x00006621c3ca3000), size 13250560, SharedBaseAddress: 0x00006621c3000000, ArchiveRelocationMode: 1.
Compressed class space mapped at: 0x00006621c4000000-0x0000662204000000, reserved size: 1073741824
Narrow klass base: 0x00006621c3000000, Narrow klass shift: 0, Narrow klass range: 0x100000000

GC Precious Log:
<Empty>

Heap:

[error occurred during error reporting (printing heap information), id 0xe0000000, Internal Error (/mydata/mmtk-openjdk/openjdk/share/mmtkHeap.cpp:424)]
Metaspace:

Usage:
  Non-class:     13.69 MB used.
      Class:      2.00 MB used.
       Both:     15.70 MB used.

Virtual space:
  Non-class space:       64.00 MB reserved,      13.81 MB ( 22%) committed,  1 nodes.
      Class space:        1.00 GB reserved,       2.06 MB ( <1%) committed,  1 nodes.
             Both:        1.06 GB reserved,      15.88 MB (  1%) committed. 

Chunk freelists:
   Non-Class:  2.11 MB
       Class:  13.76 MB
        Both:  15.87 MB

MaxMetaspaceSize: unlimited
CompressedClassSpaceSize: 1.00 GB
Initial GC threshold: 21.00 MB
Current GC threshold: 21.00 MB
CDS: on
 - commit_granule_bytes: 65536.
 - commit_granule_words: 8192.
 - virtual_space_node_default_size: 8388608.
 - enlarge_chunks_in_place: 1.
 - use_allocation_guard: 0.


Internal statistics:

num_allocs_failed_limit: 0.
num_arena_births: 94.
num_arena_deaths: 0.
num_vsnodes_births: 2.
num_vsnodes_deaths: 0.
num_space_committed: 254.
num_space_uncommitted: 0.
num_chunks_returned_to_freelist: 0.
num_chunks_taken_from_freelist: 542.
num_chunk_merges: 0.
num_chunk_splits: 433.
num_chunks_enlarged: 384.
num_inconsistent_stats: 0.

CodeHeap 'non-profiled nmethods': size=118880Kb used=2705Kb max_used=2705Kb free=116174Kb
 bounds [0x000072cee83e8000, 0x000072cee8698000, 0x000072ceef800000]
CodeHeap 'profiled nmethods': size=118876Kb used=11258Kb max_used=11258Kb free=107617Kb
 bounds [0x000072cee0800000, 0x000072cee1300000, 0x000072cee7c17000]
CodeHeap 'non-nmethods': size=8004Kb used=3551Kb max_used=3574Kb free=4452Kb
 bounds [0x000072cee7c17000, 0x000072cee7fa7000, 0x000072cee83e8000]
CodeCache: size=245760Kb, used=17514Kb, max_used=17537Kb, free=228243Kb
 total_blobs=5333, nmethods=4801, adapters=427, full_count=0
Compilation: enabled, stopped_count=0, restarted_count=0

Compilation events (20 events):
Event: 4.118 Thread 0x00006621300015b0 4731       3       net.sf.saxon.expr.Literal::computeSpecialProperties (16 bytes)
Event: 4.119 Thread 0x00006621300015b0 nmethod 4731 0x000072cee1284410 code [0x000072cee12845c0, 0x000072cee12848b0]
Event: 4.119 Thread 0x00006621300015b0 4724       3       net.sf.saxon.type.Type::getCommonSuperType (58 bytes)
Event: 4.121 Thread 0x000066211c16d280 nmethod 3835 0x000072cee8671390 code [0x000072cee8671da0, 0x000072cee86787a8]
Event: 4.122 Thread 0x00006621180ba6e0 nmethod 4741 0x000072cee8681790 code [0x000072cee8681940, 0x000072cee8681b60]
Event: 4.122 Thread 0x000066211c16d280 4756       4       net.sf.saxon.expr.Expression::doPromotion (32 bytes)
Event: 4.122 Thread 0x000066213c04dc90 nmethod 4738 0x000072cee1284990 code [0x000072cee1284ee0, 0x000072cee1288318]
Event: 4.122 Thread 0x000066213c04dc90 4729       1       net.sf.saxon.expr.QuantifiedExpression::computeCardinality (4 bytes)
Event: 4.123 Thread 0x000066211c16d280 nmethod 4756 0x000072cee8681d10 code [0x000072cee8681ea0, 0x000072cee8681fd0]
Event: 4.123 Thread 0x00006621180ba6e0 4744       4       net.sf.saxon.expr.MonoIterator::next (25 bytes)
Event: 4.123 Thread 0x00006621180ba6e0 nmethod 4744 0x000072cee8682110 code [0x000072cee8682280, 0x000072cee8682330]
Event: 4.123 Thread 0x00006621180ba6e0 4769       4       net.sf.saxon.expr.Expression::setFlattened (1 bytes)
Event: 4.123 Thread 0x00006621180ba6e0 nmethod 4769 0x000072cee8682410 code [0x000072cee8682580, 0x000072cee8682608]
Event: 4.123 Thread 0x00006621180ba6e0 4771       4       net.sf.saxon.expr.Literal::typeCheck (2 bytes)
Event: 4.123 Thread 0x00006621180ba6e0 nmethod 4771 0x000072cee8682710 code [0x000072cee8682880, 0x000072cee8682908]
Event: 4.123 Thread 0x00006621180ba6e0 4772       4       net.sf.saxon.expr.AxisExpression::optimize (2 bytes)
Event: 4.123 Thread 0x00006621180ba6e0 nmethod 4772 0x000072cee8682a10 code [0x000072cee8682b80, 0x000072cee8682c08]
Event: 4.123 Thread 0x00006621180ba6e0 4745       4       net.sf.saxon.expr.UnaryExpression::iterateSubExpressions (12 bytes)
Event: 4.123 Thread 0x000066213c04dc90 nmethod 4729 0x000072cee8682d10 code [0x000072cee8682ea0, 0x000072cee8682f60]
Event: 4.123 Thread 0x000066213c04dc90 4760       3       net.sf.saxon.expr.VariableReference::getIntrinsicDependencies (75 bytes)

GC Heap History (0 events):
No events

Dll operation events (7 events):
Event: 0.001 Loaded shared library /mydata/openjdk-mmtk/build/b0test/images/jdk/lib/libjava.so
Event: 2.207 Loaded shared library /mydata/openjdk-mmtk/build/b0test/images/jdk/lib/libjsvml.so
Event: 2.220 Loaded shared library /mydata/openjdk-mmtk/build/b0test/images/jdk/lib/libnio.so
Event: 2.224 Loaded shared library /mydata/openjdk-mmtk/build/b0test/images/jdk/lib/libzip.so
Event: 2.237 Loaded shared library /mydata/openjdk-mmtk/build/b0test/images/jdk/lib/libjimage.so
Event: 2.262 Loaded shared library /mydata/openjdk-mmtk/build/b0test/images/jdk/lib/libnet.so
Event: 2.521 Loaded shared library /mydata/openjdk-mmtk/build/b0test/images/jdk/lib/libverify.so

Deoptimization events (20 events):
Event: 4.043 Thread 0x000072cef8863900 Uncommon trap: reason=null_check action=make_not_entrant pc=0x000072cee8652ea4 method=net.sf.saxon.expr.Expression.setContainer(Lnet/sf/saxon/expr/Container;)V @ 29 c2
Event: 4.043 Thread 0x000072cef8863900 DEOPT PACKING pc=0x000072cee8652ea4 sp=0x00006621c1dfcd50
Event: 4.043 Thread 0x000072cef8857b80 DEOPT UNPACKING pc=0x000072cee7c6a399 sp=0x00006621c26fcd00 mode 2
Event: 4.044 Thread 0x000072cef8863900 DEOPT UNPACKING pc=0x000072cee7c6a399 sp=0x00006621c1dfcd00 mode 2
Event: 4.043 Thread 0x000072cef8822400 DEOPT PACKING pc=0x000072cee8652ea4 sp=0x00006621c2efcd50
Event: 4.044 Thread 0x000072cef8822400 DEOPT UNPACKING pc=0x000072cee7c6a399 sp=0x00006621c2efcd00 mode 2
Event: 4.044 Thread 0x000072cef8859150 Uncommon trap: trap_request=0xfffffff4 fr.pc=0x000072cee8652ea4 relative=0x0000000000000244
Event: 4.044 Thread 0x000072cef8859150 Uncommon trap: reason=null_check action=make_not_entrant pc=0x000072cee8652ea4 method=net.sf.saxon.expr.Expression.setContainer(Lnet/sf/saxon/expr/Container;)V @ 29 c2
Event: 4.044 Thread 0x000072cef8859150 DEOPT PACKING pc=0x000072cee8652ea4 sp=0x00006621c25fcd50
Event: 4.044 Thread 0x000072cef8859150 DEOPT UNPACKING pc=0x000072cee7c6a399 sp=0x00006621c25fcd00 mode 2
Event: 4.079 Thread 0x000072cef881e510 DEOPT PACKING pc=0x000072cee11d5864 sp=0x00006622081fc6b0
Event: 4.079 Thread 0x000072cef881e510 DEOPT UNPACKING pc=0x000072cee7c6ab2f sp=0x00006622081fbee8 mode 0
Event: 4.116 Thread 0x000072cef881e510 Uncommon trap: trap_request=0xffffff45 fr.pc=0x000072cee866bb34 relative=0x0000000000000334
Event: 4.116 Thread 0x000072cef881e510 Uncommon trap: reason=unstable_if action=reinterpret pc=0x000072cee866bb34 method=net.sf.saxon.expr.PromotionOffer.accept(Lnet/sf/saxon/expr/Expression;)Lnet/sf/saxon/expr/Expression; @ 64 c2
Event: 4.116 Thread 0x000072cef881e510 DEOPT PACKING pc=0x000072cee866bb34 sp=0x00006622081fcfa0
Event: 4.116 Thread 0x000072cef881e510 DEOPT UNPACKING pc=0x000072cee7c6a399 sp=0x00006622081fcf70 mode 2
Event: 4.123 Thread 0x000072cef881e510 Uncommon trap: trap_request=0xffffff45 fr.pc=0x000072cee8681b20 relative=0x00000000000001e0
Event: 4.123 Thread 0x000072cef881e510 Uncommon trap: reason=unstable_if action=reinterpret pc=0x000072cee8681b20 method=net.sf.saxon.expr.Tokenizer.getLineAndColumn(I)J @ 4 c2
Event: 4.123 Thread 0x000072cef881e510 DEOPT PACKING pc=0x000072cee8681b20 sp=0x00006622081fd140
Event: 4.123 Thread 0x000072cef881e510 DEOPT UNPACKING pc=0x000072cee7c6a399 sp=0x00006622081fd0e0 mode 2

Classes loaded (20 events):
Event: 4.118 Loading class java/lang/excludedRuleName
Event: 4.118 Loading class java/lang/excludedRuleName done
Event: 4.120 Loading class java/lang/min
Event: 4.120 Loading class java/lang/min done
Event: 4.120 Loading class java/lang/excludedRulesCheck
Event: 4.120 Loading class java/lang/excludedRulesCheck done
Event: 4.120 Loading class java/lang/PRIORITY
Event: 4.120 Loading class java/lang/PRIORITY done
Event: 4.121 Loading class java/lang/AbstractMethodError
Event: 4.121 Loading class java/lang/AbstractMethodError done
Event: 4.121 Loading class java/lang/otherRuleSet
Event: 4.121 Loading class java/lang/otherRuleSet done
Event: 4.122 Loading class java/lang/countDeprecated
Event: 4.122 Loading class java/lang/countDeprecated done
Event: 4.122 Loading class java/lang/potentialRules
Event: 4.122 Loading class java/lang/potentialRules done
Event: 4.122 Loading class java/lang/rulesetDeprecated
Event: 4.122 Loading class java/lang/rulesetDeprecated done
Event: 4.123 Loading class java/lang/includes
Event: 4.123 Loading class java/lang/includes done

Classes unloaded (0 events):
No events

Classes redefined (0 events):
No events

Internal exceptions (20 events):
Event: 3.945 Thread 0x000072cef88565b0 Exception <a 'java/lang/NoSuchMethodError'{0x000000004a632e00}: 'java.lang.Object java.lang.invoke.DirectMethodHandle$Holder.invokeInterface(java.lang.Object, java.lang.Object)'> (0x000000004a632e00) 
thrown [src/hotspot/share/interpreter/linkResolver.cpp, line 772]
Event: 3.946 Thread 0x000072cef88565b0 Exception <a 'java/lang/IncompatibleClassChangeError'{0x000000004a636b48}: Found class java.lang.Object, but interface was expected> (0x000000004a636b48) 
thrown [src/hotspot/share/interpreter/linkResolver.cpp, line 840]
Event: 3.947 Thread 0x000072cef88691a0 Exception <a 'java/lang/NoClassDefFoundError'{0x000000004a5f6058}: org/apache/tools/ant/BuildException> (0x000000004a5f6058) 
thrown [src/hotspot/share/classfile/systemDictionary.cpp, line 301]
Event: 3.959 Thread 0x000072cef88691a0 Exception <a 'java/lang/NoClassDefFoundError'{0x000000004ceff898}: org/apache/tools/ant/BuildException> (0x000000004ceff898) 
thrown [src/hotspot/share/classfile/systemDictionary.cpp, line 301]
Event: 3.960 Thread 0x000072cef88691a0 Exception <a 'java/lang/NoClassDefFoundError'{0x000000004ce8a630}: org/apache/tools/ant/BuildException> (0x000000004ce8a630) 
thrown [src/hotspot/share/classfile/systemDictionary.cpp, line 301]
Event: 3.990 Thread 0x000072cef88691a0 Exception <a 'java/lang/NoClassDefFoundError'{0x00000000448d4018}: org/apache/tools/ant/BuildException> (0x00000000448d4018) 
thrown [src/hotspot/share/classfile/systemDictionary.cpp, line 301]
Event: 3.995 Thread 0x000072cef88691a0 Exception <a 'java/lang/NoClassDefFoundError'{0x00000000507b8888}: org/apache/tools/ant/BuildException> (0x00000000507b8888) 
thrown [src/hotspot/share/classfile/systemDictionary.cpp, line 301]
Event: 3.995 Thread 0x000072cef88691a0 Exception <a 'java/lang/NoClassDefFoundError'{0x00000000507bb0a0}: org/apache/tools/ant/BuildException> (0x00000000507bb0a0) 
thrown [src/hotspot/share/classfile/systemDictionary.cpp, line 301]
Event: 4.043 Thread 0x000072cef8741000 Implicit null exception at 0x000072cee8652d40 to 0x000072cee8652e99
Event: 4.043 Thread 0x000072cef8857b80 Implicit null exception at 0x000072cee8652d40 to 0x000072cee8652e99
Event: 4.043 Thread 0x000072cef881e510 Implicit null exception at 0x000072cee8652d40 to 0x000072cee8652e99
Event: 4.043 Thread 0x000072cef8820e70 Implicit null exception at 0x000072cee8652d40 to 0x000072cee8652e99
Event: 4.043 Thread 0x000072cef8822400 Implicit null exception at 0x000072cee8652d40 to 0x000072cee8652e99
Event: 4.043 Thread 0x000072cef88614f0 Implicit null exception at 0x000072cee8652d40 to 0x000072cee8652e99
Event: 4.043 Thread 0x000072cef8863900 Implicit null exception at 0x000072cee8652d40 to 0x000072cee8652e99
Event: 4.043 Thread 0x000072cef8823990 Implicit null exception at 0x000072cee8652d40 to 0x000072cee8652e99
Event: 4.043 Thread 0x000072cef8859150 Implicit null exception at 0x000072cee8652d40 to 0x000072cee8652e99
Event: 4.121 Thread 0x000072cef886aa60 AbstractMethodError at 0x000072cee7f74eb7
Event: 4.122 Thread 0x000072cef8864f20 Exception <a 'java/lang/ClassCastException'{0x00000000513e7800}> (0x00000000513e7800) 
thrown [src/hotspot/share/runtime/sharedRuntime.cpp, line 625]
Event: 4.123 Thread 0x000072cef881e510 Implicit null exception at 0x000072cee8681980 to 0x000072cee8681b0c

ZGC Phase Switch (0 events):
No events

VM Operations (20 events):
Event: 4.027 Executing VM operation: ICBufferFull
Event: 4.027 Executing VM operation: ICBufferFull done
Event: 4.027 Executing VM operation: ICBufferFull
Event: 4.027 Executing VM operation: ICBufferFull done
Event: 4.027 Executing VM operation: ICBufferFull
Event: 4.027 Executing VM operation: ICBufferFull done
Event: 4.027 Executing VM operation: ICBufferFull
Event: 4.027 Executing VM operation: ICBufferFull done
Event: 4.046 Executing VM operation: HandshakeAllThreads (Deoptimize)
Event: 4.046 Executing VM operation: HandshakeAllThreads (Deoptimize) done
Event: 4.051 Executing VM operation: ICBufferFull
Event: 4.051 Executing VM operation: ICBufferFull done
Event: 4.051 Executing VM operation: ICBufferFull
Event: 4.052 Executing VM operation: ICBufferFull done
Event: 4.066 Executing VM operation: ThirdPartyHeapOperation
Event: 4.079 Executing VM operation: ThirdPartyHeapOperation done
Event: 4.080 Executing VM operation: HandshakeAllThreads (Deoptimize)
Event: 4.080 Executing VM operation: HandshakeAllThreads (Deoptimize) done
Event: 4.091 Executing VM operation: ThirdPartyHeapOperation
Event: 4.114 Executing VM operation: ThirdPartyHeapOperation done

Memory protections (20 events):
Event: 3.705 Protecting memory [0x00006621c2500000,0x00006621c2504000] with protection modes 0
Event: 3.705 Protecting memory [0x00006621c2400000,0x00006621c2404000] with protection modes 0
Event: 3.705 Protecting memory [0x00006621c2300000,0x00006621c2304000] with protection modes 0
Event: 3.705 Protecting memory [0x00006621c2200000,0x00006621c2204000] with protection modes 0
Event: 3.705 Protecting memory [0x00006621c2100000,0x00006621c2104000] with protection modes 0
Event: 3.706 Protecting memory [0x00006621c2000000,0x00006621c2004000] with protection modes 0
Event: 3.706 Protecting memory [0x00006621c1f00000,0x00006621c1f04000] with protection modes 0
Event: 3.706 Protecting memory [0x00006621c1e00000,0x00006621c1e04000] with protection modes 0
Event: 3.707 Protecting memory [0x00006621c1d00000,0x00006621c1d04000] with protection modes 0
Event: 3.707 Protecting memory [0x00006621c1c00000,0x00006621c1c04000] with protection modes 0
Event: 3.707 Protecting memory [0x00006621c1b00000,0x00006621c1b04000] with protection modes 0
Event: 3.707 Protecting memory [0x00006621c1a00000,0x00006621c1a04000] with protection modes 0
Event: 3.707 Protecting memory [0x00006621c1900000,0x00006621c1904000] with protection modes 0
Event: 3.708 Protecting memory [0x00006621c1800000,0x00006621c1804000] with protection modes 0
Event: 3.708 Protecting memory [0x00006621c1700000,0x00006621c1704000] with protection modes 0
Event: 3.723 Protecting memory [0x00006621c1600000,0x00006621c1604000] with protection modes 0
Event: 3.724 Protecting memory [0x00006621c1500000,0x00006621c1504000] with protection modes 0
Event: 3.724 Protecting memory [0x00006621c1400000,0x00006621c1404000] with protection modes 0
Event: 3.837 Protecting memory [0x00006621c1300000,0x00006621c1304000] with protection modes 0
Event: 3.841 Protecting memory [0x00006621c1200000,0x00006621c1204000] with protection modes 0

Nmethod flushes (0 events):
No events

Events (20 events):
Event: 3.705 Thread 0x000072cef802b240 Thread added: 0x000072cef8859150
Event: 3.705 Thread 0x000072cef802b240 Thread added: 0x000072cef885a730
Event: 3.705 Thread 0x000072cef802b240 Thread added: 0x000072cef885bd10
Event: 3.705 Thread 0x000072cef802b240 Thread added: 0x000072cef885d300
Event: 3.705 Thread 0x000072cef802b240 Thread added: 0x000072cef885e8f0
Event: 3.705 Thread 0x000072cef802b240 Thread added: 0x000072cef885fef0
Event: 3.706 Thread 0x000072cef802b240 Thread added: 0x000072cef88614f0
Event: 3.706 Thread 0x000072cef802b240 Thread added: 0x000072cef8862940
Event: 3.707 Thread 0x000072cef802b240 Thread added: 0x000072cef8863900
Event: 3.707 Thread 0x000072cef802b240 Thread added: 0x000072cef8864f20
Event: 3.707 Thread 0x000072cef802b240 Thread added: 0x000072cef8866540
Event: 3.707 Thread 0x000072cef802b240 Thread added: 0x000072cef8867b70
Event: 3.707 Thread 0x000072cef802b240 Thread added: 0x000072cef88691a0
Event: 3.708 Thread 0x000072cef802b240 Thread added: 0x000072cef886aa60
Event: 3.708 Thread 0x000072cef802b240 Thread added: 0x000072cef886c0a0
Event: 3.723 Thread 0x0000662130028540 Thread added: 0x00006621180b8f90
Event: 3.724 Thread 0x0000662130028540 Thread added: 0x00006621180ba6e0
Event: 3.724 Thread 0x0000662130028540 Thread added: 0x00006621180bbe30
Event: 3.837 Thread 0x000072cef854bb40 Thread added: 0x0000662138164c80
Event: 3.841 Thread 0x0000662130028540 Thread added: 0x000066211817a330


Dynamic libraries:
40000000-40400000 rw-p 00000000 00:00 0                                  [anon:mmtk:space:immix]
40400000-41000000 rw-p 00000000 00:00 0                                  [anon:mmtk:space:los]
41000000-41400000 rw-p 00000000 00:00 0                                  [anon:mmtk:space:immix]
41400000-43800000 rw-p 00000000 00:00 0                                  [anon:mmtk:space:los]
43800000-44000000 rw-p 00000000 00:00 0                                  [anon:mmtk:space:immix]
44000000-44400000 rw-p 00000000 00:00 0                                  [anon:mmtk:space:los]
44400000-44800000 rw-p 00000000 00:00 0                                  [anon:mmtk:space:immix]
44800000-44c00000 rw-p 00000000 00:00 0                                  [anon:mmtk:space:los]
44c00000-45000000 rw-p 00000000 00:00 0                                  [anon:mmtk:space:immix]
45000000-45c00000 rw-p 00000000 00:00 0                                  [anon:mmtk:space:los]
45c00000-46400000 rw-p 00000000 00:00 0                                  [anon:mmtk:space:immix]
46400000-46800000 rw-p 00000000 00:00 0                                  [anon:mmtk:space:los]
46800000-46c00000 rw-p 00000000 00:00 0                                  [anon:mmtk:space:immix]
46c00000-47000000 rw-p 00000000 00:00 0                                  [anon:mmtk:space:los]
47000000-47400000 rw-p 00000000 00:00 0                                  [anon:mmtk:space:immix]
47400000-47800000 rw-p 00000000 00:00 0                                  [anon:mmtk:space:los]
47800000-47c00000 rw-p 00000000 00:00 0                                  [anon:mmtk:space:immix]
47c00000-48400000 rw-p 00000000 00:00 0                                  [anon:mmtk:space:los]
48400000-48800000 rw-p 00000000 00:00 0                                  [anon:mmtk:space:immix]
48800000-49000000 rw-p 00000000 00:00 0                                  [anon:mmtk:space:los]
49000000-49400000 rw-p 00000000 00:00 0                                  [anon:mmtk:space:immix]
49400000-49800000 rw-p 00000000 00:00 0                                  [anon:mmtk:space:los]
49800000-49c00000 rw-p 00000000 00:00 0                                  [anon:mmtk:space:immix]
49c00000-4a000000 rw-p 00000000 00:00 0                                  [anon:mmtk:space:los]
4a000000-4a400000 rw-p 00000000 00:00 0                                  [anon:mmtk:space:immix]
4a400000-4a800000 rw-p 00000000 00:00 0                                  [anon:mmtk:space:los]
4a800000-4ac00000 rw-p 00000000 00:00 0                                  [anon:mmtk:space:immix]
4ac00000-4b000000 rw-p 00000000 00:00 0                                  [anon:mmtk:space:los]
4b000000-4b400000 rw-p 00000000 00:00 0                                  [anon:mmtk:space:immix]
4b400000-4b800000 rw-p 00000000 00:00 0                                  [anon:mmtk:space:los]
4b800000-4bc00000 rw-p 00000000 00:00 0                                  [anon:mmtk:space:immix]
4bc00000-4c400000 rw-p 00000000 00:00 0                                  [anon:mmtk:space:los]
4c400000-4c800000 rw-p 00000000 00:00 0                                  [anon:mmtk:space:immix]
4c800000-4d000000 rw-p 00000000 00:00 0                                  [anon:mmtk:space:los]
4d000000-4d400000 rw-p 00000000 00:00 0                                  [anon:mmtk:space:immix]
4d400000-4dc00000 rw-p 00000000 00:00 0                                  [anon:mmtk:space:los]
4dc00000-4e000000 rw-p 00000000 00:00 0                                  [anon:mmtk:space:immix]
4e000000-4e800000 rw-p 00000000 00:00 0                                  [anon:mmtk:space:los]
4e800000-4ec00000 rw-p 00000000 00:00 0                                  [anon:mmtk:space:immix]
4ec00000-4f400000 rw-p 00000000 00:00 0                                  [anon:mmtk:space:los]
4f400000-4f800000 rw-p 00000000 00:00 0                                  [anon:mmtk:space:immix]
4f800000-4fc00000 rw-p 00000000 00:00 0                                  [anon:mmtk:space:los]
4fc00000-50000000 rw-p 00000000 00:00 0                                  [anon:mmtk:space:immix]
50000000-50400000 rw-p 00000000 00:00 0                                  [anon:mmtk:space:los]
50400000-51800000 rw-p 00000000 00:00 0                                  [anon:mmtk:space:immix]
200000000000-2000c00c0000 rw-s 00000000 00:10 68                         anon_inode:bpf-map
5619e4bc7000-5619e4bc8000 r--p 00000000 fc:00 49676352                   /mydata/openjdk-mmtk/build/b0test/images/jdk/bin/java
5619e4bc8000-5619e4bc9000 r-xp 00001000 fc:00 49676352                   /mydata/openjdk-mmtk/build/b0test/images/jdk/bin/java
5619e4bc9000-5619e4bca000 r--p 00002000 fc:00 49676352                   /mydata/openjdk-mmtk/build/b0test/images/jdk/bin/java
5619e4bca000-5619e4bcb000 r--p 00002000 fc:00 49676352                   /mydata/openjdk-mmtk/build/b0test/images/jdk/bin/java
5619e4bcb000-5619e4bcc000 rw-p 00003000 fc:00 49676352                   /mydata/openjdk-mmtk/build/b0test/images/jdk/bin/java
561a215e8000-561a21630000 rw-p 00000000 00:00 0                          [heap]
662078000000-662079395000 rw-p 00000000 00:00 0 
662079395000-66207c000000 ---p 00000000 00:00 0 
66207c000000-66207c021000 rw-p 00000000 00:00 0 
66207c021000-662080000000 ---p 00000000 00:00 0 
662080000000-6620807be000 rw-p 00000000 00:00 0 
6620807be000-662084000000 ---p 00000000 00:00 0 
662084000000-662084aa8000 rw-p 00000000 00:00 0 
662084aa8000-662088000000 ---p 00000000 00:00 0 
662088000000-662088e51000 rw-p 00000000 00:00 0 
662088e51000-66208c000000 ---p 00000000 00:00 0 
66208c000000-66208c644000 rw-p 00000000 00:00 0 
66208c644000-662090000000 ---p 00000000 00:00 0 
662090000000-66209002d000 rw-p 00000000 00:00 0 
66209002d000-662094000000 ---p 00000000 00:00 0 
662094000000-6620940bc000 rw-p 00000000 00:00 0 
6620940bc000-662098000000 ---p 00000000 00:00 0 
662098000000-662098021000 rw-p 00000000 00:00 0 
662098021000-66209c000000 ---p 00000000 00:00 0 
66209c000000-66209c043000 rw-p 00000000 00:00 0 
66209c043000-6620a0000000 ---p 00000000 00:00 0 
6620a0000000-6620a007c000 rw-p 00000000 00:00 0 
6620a007c000-6620a4000000 ---p 00000000 00:00 0 
6620a4000000-6620a403c000 rw-p 00000000 00:00 0 
6620a403c000-6620a8000000 ---p 00000000 00:00 0 
6620a8000000-6620a8021000 rw-p 00000000 00:00 0 
6620a8021000-6620ac000000 ---p 00000000 00:00 0 
6620ac000000-6620ac073000 rw-p 00000000 00:00 0 
6620ac073000-6620b0000000 ---p 00000000 00:00 0 
6620b0000000-6620b0108000 rw-p 00000000 00:00 0 
6620b0108000-6620b4000000 ---p 00000000 00:00 0 
6620b4000000-6620b4021000 rw-p 00000000 00:00 0 
6620b4021000-6620b8000000 ---p 00000000 00:00 0 
6620b8000000-6620b834b000 rw-p 00000000 00:00 0 
6620b834b000-6620bc000000 ---p 00000000 00:00 0 
6620bc000000-6620bc051000 rw-p 00000000 00:00 0 
6620bc051000-6620c0000000 ---p 00000000 00:00 0 
6620c0000000-6620c0040000 rw-p 00000000 00:00 0 
6620c0040000-6620c4000000 ---p 00000000 00:00 0 
6620c4000000-6620c40a3000 rw-p 00000000 00:00 0 
6620c40a3000-6620c8000000 ---p 00000000 00:00 0 
6620c8000000-6620c8021000 rw-p 00000000 00:00 0 
6620c8021000-6620cc000000 ---p 00000000 00:00 0 
6620cc000000-6620cc047000 rw-p 00000000 00:00 0 
6620cc047000-6620d0000000 ---p 00000000 00:00 0 
6620d0000000-6620d007b000 rw-p 00000000 00:00 0 
6620d007b000-6620d4000000 ---p 00000000 00:00 0 
6620d4000000-6620d403a000 rw-p 00000000 00:00 0 
6620d403a000-6620d8000000 ---p 00000000 00:00 0 
6620d8000000-6620d804f000 rw-p 00000000 00:00 0 
6620d804f000-6620dc000000 ---p 00000000 00:00 0 
6620dc000000-6620dc029000 rw-p 00000000 00:00 0 
6620dc029000-6620e0000000 ---p 00000000 00:00 0 
6620e0000000-6620e002b000 rw-p 00000000 00:00 0 
6620e002b000-6620e4000000 ---p 00000000 00:00 0 
6620e4000000-6620e4021000 rw-p 00000000 00:00 0 
6620e4021000-6620e8000000 ---p 00000000 00:00 0 
6620e8000000-6620e8034000 rw-p 00000000 00:00 0 
6620e8034000-6620ec000000 ---p 00000000 00:00 0 
6620ec000000-6620ec059000 rw-p 00000000 00:00 0 
6620ec059000-6620f0000000 ---p 00000000 00:00 0 
6620f0000000-6620f0021000 rw-p 00000000 00:00 0 
6620f0021000-6620f4000000 ---p 00000000 00:00 0 
6620f4000000-6620f406e000 rw-p 00000000 00:00 0 
6620f406e000-6620f8000000 ---p 00000000 00:00 0 
6620f8000000-6620f8036000 rw-p 00000000 00:00 0 
6620f8036000-6620fc000000 ---p 00000000 00:00 0 
6620fc000000-6620fc04c000 rw-p 00000000 00:00 0 
6620fc04c000-662100000000 ---p 00000000 00:00 0 
662100000000-662100021000 rw-p 00000000 00:00 0 
662100021000-662104000000 ---p 00000000 00:00 0 
662104000000-66210403a000 rw-p 00000000 00:00 0 
66210403a000-662108000000 ---p 00000000 00:00 0 
662108000000-6621082b1000 rw-p 00000000 00:00 0 
6621082b1000-66210c000000 ---p 00000000 00:00 0 
66210c000000-66210c040000 rw-p 00000000 00:00 0 
66210c040000-662110000000 ---p 00000000 00:00 0 
662110000000-662110b22000 rw-p 00000000 00:00 0 
662110b22000-662114000000 ---p 00000000 00:00 0 
662114000000-662114909000 rw-p 00000000 00:00 0 
662114909000-662118000000 ---p 00000000 00:00 0 
662118000000-662118638000 rw-p 00000000 00:00 0 
662118638000-66211c000000 ---p 00000000 00:00 0 
66211c000000-66211d431000 rw-p 00000000 00:00 0 
66211d431000-662120000000 ---p 00000000 00:00 0 
662120000000-662120946000 rw-p 00000000 00:00 0 
662120946000-662124000000 ---p 00000000 00:00 0 
662124000000-662124424000 rw-p 00000000 00:00 0 
662124424000-662128000000 ---p 00000000 00:00 0 
662128000000-662128021000 rw-p 00000000 00:00 0 
662128021000-66212c000000 ---p 00000000 00:00 0 
66212c000000-66212c021000 rw-p 00000000 00:00 0 
66212c021000-662130000000 ---p 00000000 00:00 0 
662130000000-66213044b000 rw-p 00000000 00:00 0 
66213044b000-662134000000 ---p 00000000 00:00 0 
662134000000-6621344d3000 rw-p 00000000 00:00 0 
6621344d3000-662138000000 ---p 00000000 00:00 0 
662138000000-662138ab3000 rw-p 00000000 00:00 0 
662138ab3000-66213c000000 ---p 00000000 00:00 0 
66213c000000-66213c472000 rw-p 00000000 00:00 0 
66213c472000-662140000000 ---p 00000000 00:00 0 
662140000000-662140021000 rw-p 00000000 00:00 0 
662140021000-662144000000 ---p 00000000 00:00 0 
662144000000-662144021000 rw-p 00000000 00:00 0 
662144021000-662148000000 ---p 00000000 00:00 0 
662148000000-662148023000 rw-p 00000000 00:00 0 
662148023000-66214c000000 ---p 00000000 00:00 0 
66214c000000-66214c021000 rw-p 00000000 00:00 0 
66214c021000-662150000000 ---p 00000000 00:00 0 
662150000000-66215002b000 rw-p 00000000 00:00 0 
66215002b000-662154000000 ---p 00000000 00:00 0 
662154000000-662154022000 rw-p 00000000 00:00 0 
662154022000-662158000000 ---p 00000000 00:00 0 
662158000000-662158027000 rw-p 00000000 00:00 0 
662158027000-66215c000000 ---p 00000000 00:00 0 
66215c000000-66215c022000 rw-p 00000000 00:00 0 
66215c022000-662160000000 ---p 00000000 00:00 0 
662160000000-662160032000 rw-p 00000000 00:00 0 
662160032000-662164000000 ---p 00000000 00:00 0 
662164000000-66216403a000 rw-p 00000000 00:00 0 
66216403a000-662168000000 ---p 00000000 00:00 0 
662168000000-66216805b000 rw-p 00000000 00:00 0 
66216805b000-66216c000000 ---p 00000000 00:00 0 
66216c000000-66216c023000 rw-p 00000000 00:00 0 
66216c023000-662170000000 ---p 00000000 00:00 0 
662170000000-662170037000 rw-p 00000000 00:00 0 
662170037000-662174000000 ---p 00000000 00:00 0 
662174000000-662174023000 rw-p 00000000 00:00 0 
662174023000-662178000000 ---p 00000000 00:00 0 
662178000000-662178032000 rw-p 00000000 00:00 0 
662178032000-66217c000000 ---p 00000000 00:00 0 
66217c000000-66217c05b000 rw-p 00000000 00:00 0 
66217c05b000-662180000000 ---p 00000000 00:00 0 
662180000000-662180083000 rw-p 00000000 00:00 0 
662180083000-662184000000 ---p 00000000 00:00 0 
662184000000-66218403b000 rw-p 00000000 00:00 0 
66218403b000-662188000000 ---p 00000000 00:00 0 
662188000000-66218803a000 rw-p 00000000 00:00 0 
66218803a000-66218c000000 ---p 00000000 00:00 0 
66218c000000-66218c0aa000 rw-p 00000000 00:00 0 
66218c0aa000-662190000000 ---p 00000000 00:00 0 
662190000000-66219003b000 rw-p 00000000 00:00 0 
66219003b000-662194000000 ---p 00000000 00:00 0 
662194000000-66219403a000 rw-p 00000000 00:00 0 
66219403a000-662198000000 ---p 00000000 00:00 0 
662198000000-66219804e000 rw-p 00000000 00:00 0 
66219804e000-66219c000000 ---p 00000000 00:00 0 
66219c000000-66219c185000 rw-p 00000000 00:00 0 
66219c185000-6621a0000000 ---p 00000000 00:00 0 
6621a0000000-6621a002d000 rw-p 00000000 00:00 0 
6621a002d000-6621a4000000 ---p 00000000 00:00 0 
6621a4000000-6621a402b000 rw-p 00000000 00:00 0 
6621a402b000-6621a8000000 ---p 00000000 00:00 0 
6621a8000000-6621a8021000 rw-p 00000000 00:00 0 
6621a8021000-6621ac000000 ---p 00000000 00:00 0 
6621ac000000-6621ac021000 rw-p 00000000 00:00 0 
6621ac021000-6621b0000000 ---p 00000000 00:00 0 
6621b0000000-6621b0021000 rw-p 00000000 00:00 0 
6621b0021000-6621b4000000 ---p 00000000 00:00 0 
6621b4000000-6621b4021000 rw-p 00000000 00:00 0 
6621b4021000-6621b8000000 ---p 00000000 00:00 0 
6621b8000000-6621b83e0000 rw-p 00000000 00:00 0 
6621b83e0000-6621b8400000 ---p 00000000 00:00 0 
6621b8400000-6621b8df0000 rw-p 00000000 00:00 0 
6621b8df0000-6621bc000000 ---p 00000000 00:00 0 
6621bc000000-6621bc021000 rw-p 00000000 00:00 0 
6621bc021000-6621c0000000 ---p 00000000 00:00 0 
6621c0923000-6621c0927000 ---p 00000000 00:00 0 
6621c0927000-6621c0a23000 rw-p 00000000 00:00 0 
6621c0a23000-6621c0d13000 rw-p 00000000 00:00 0 
6621c0f10000-6621c1200000 rw-p 00000000 00:00 0 
6621c1200000-6621c1204000 ---p 00000000 00:00 0 
6621c1204000-6621c1300000 rw-p 00000000 00:00 0 
6621c1300000-6621c1304000 ---p 00000000 00:00 0 
6621c1304000-6621c1400000 rw-p 00000000 00:00 0 
6621c1400000-6621c1404000 ---p 00000000 00:00 0 
6621c1404000-6621c1500000 rw-p 00000000 00:00 0 
6621c1500000-6621c1504000 ---p 00000000 00:00 0 
6621c1504000-6621c1600000 rw-p 00000000 00:00 0 
6621c1600000-6621c1604000 ---p 00000000 00:00 0 
6621c1604000-6621c1700000 rw-p 00000000 00:00 0 
6621c1700000-6621c1704000 ---p 00000000 00:00 0 
6621c1704000-6621c1800000 rw-p 00000000 00:00 0 
6621c1800000-6621c1804000 ---p 00000000 00:00 0 
6621c1804000-6621c1900000 rw-p 00000000 00:00 0 
6621c1900000-6621c1904000 ---p 00000000 00:00 0 
6621c1904000-6621c1a00000 rw-p 00000000 00:00 0 
6621c1a00000-6621c1a04000 ---p 00000000 00:00 0 
6621c1a04000-6621c1b00000 rw-p 00000000 00:00 0 
6621c1b00000-6621c1b04000 ---p 00000000 00:00 0 
6621c1b04000-6621c1c00000 rw-p 00000000 00:00 0 
6621c1c00000-6621c1c04000 ---p 00000000 00:00 0 
6621c1c04000-6621c1d00000 rw-p 00000000 00:00 0 
6621c1d00000-6621c1d04000 ---p 00000000 00:00 0 
6621c1d04000-6621c1e00000 rw-p 00000000 00:00 0 
6621c1e00000-6621c1e04000 ---p 00000000 00:00 0 
6621c1e04000-6621c1f00000 rw-p 00000000 00:00 0 
6621c1f00000-6621c1f04000 ---p 00000000 00:00 0 
6621c1f04000-6621c2000000 rw-p 00000000 00:00 0 
6621c2000000-6621c2004000 ---p 00000000 00:00 0 
6621c2004000-6621c2100000 rw-p 00000000 00:00 0 
6621c2100000-6621c2104000 ---p 00000000 00:00 0 
6621c2104000-6621c2200000 rw-p 00000000 00:00 0 
6621c2200000-6621c2204000 ---p 00000000 00:00 0 
6621c2204000-6621c2300000 rw-p 00000000 00:00 0 
6621c2300000-6621c2304000 ---p 00000000 00:00 0 
6621c2304000-6621c2400000 rw-p 00000000 00:00 0 
6621c2400000-6621c2404000 ---p 00000000 00:00 0 
6621c2404000-6621c2500000 rw-p 00000000 00:00 0 
6621c2500000-6621c2504000 ---p 00000000 00:00 0 
6621c2504000-6621c2600000 rw-p 00000000 00:00 0 
6621c2600000-6621c2604000 ---p 00000000 00:00 0 
6621c2604000-6621c2700000 rw-p 00000000 00:00 0 
6621c2700000-6621c2704000 ---p 00000000 00:00 0 
6621c2704000-6621c2800000 rw-p 00000000 00:00 0 
6621c2800000-6621c2804000 ---p 00000000 00:00 0 
6621c2804000-6621c2900000 rw-p 00000000 00:00 0 
6621c2900000-6621c2904000 ---p 00000000 00:00 0 
6621c2904000-6621c2a00000 rw-p 00000000 00:00 0 
6621c2a00000-6621c2a04000 ---p 00000000 00:00 0 
6621c2a04000-6621c2b00000 rw-p 00000000 00:00 0 
6621c2b00000-6621c2b04000 ---p 00000000 00:00 0 
6621c2b04000-6621c2c00000 rw-p 00000000 00:00 0 
6621c2c00000-6621c2c04000 ---p 00000000 00:00 0 
6621c2c04000-6621c2d00000 rw-p 00000000 00:00 0 
6621c2d00000-6621c2d04000 ---p 00000000 00:00 0 
6621c2d04000-6621c2e00000 rw-p 00000000 00:00 0 
6621c2e00000-6621c2e04000 ---p 00000000 00:00 0 
6621c2e04000-6621c2f00000 rw-p 00000000 00:00 0 
6621c2f00000-6621c2f04000 ---p 00000000 00:00 0 
6621c2f04000-6621c3000000 rw-p 00000000 00:00 0 
6621c3000000-6621c3ca3000 rw-p 00001000 fc:00 49677059                   /mydata/openjdk-mmtk/build/b0test/images/jdk/lib/server/classes.jsa
6621c3ca3000-6621c4000000 ---p 00000000 00:00 0 
6621c4000000-6621c4040000 rw-p 00000000 00:00 0 
6621c4040000-6621c41c0000 rw-p 00000000 00:00 0 
6621c41c0000-6621c41d0000 rw-p 00000000 00:00 0 
6621c41d0000-6621c4200000 ---p 00000000 00:00 0 
6621c4200000-6621c4240000 rw-p 00000000 00:00 0 
6621c4240000-662204000000 ---p 00000000 00:00 0 
662204000000-662204021000 rw-p 00000000 00:00 0 
662204021000-662208004000 ---p 00000000 00:00 0 
662208004000-662208100000 rw-p 00000000 00:00 0 
662208100000-662208104000 ---p 00000000 00:00 0 
662208104000-662208200000 rw-p 00000000 00:00 0 
662208200000-662208204000 ---p 00000000 00:00 0 
662208204000-662208300000 rw-p 00000000 00:00 0 
662208300000-662208304000 ---p 00000000 00:00 0 
662208304000-662208400000 rw-p 00000000 00:00 0 
662208400000-662208404000 ---p 00000000 00:00 0 
662208404000-662208500000 rw-p 00000000 00:00 0 
662208500000-662208504000 ---p 00000000 00:00 0 
662208504000-662208600000 rw-p 00000000 00:00 0 
662208600000-662208604000 ---p 00000000 00:00 0 
662208604000-662208700000 rw-p 00000000 00:00 0 
662208700000-662208704000 ---p 00000000 00:00 0 
662208704000-662208800000 rw-p 00000000 00:00 0 
662208800000-662208804000 ---p 00000000 00:00 0 
662208804000-662208900000 rw-p 00000000 00:00 0 
662208900000-662208904000 ---p 00000000 00:00 0 
662208904000-662208a00000 rw-p 00000000 00:00 0 
662208a00000-662208a04000 ---p 00000000 00:00 0 
662208a04000-662208b00000 rw-p 00000000 00:00 0 
662208b00000-662208b04000 ---p 00000000 00:00 0 
662208b04000-662208c00000 rw-p 00000000 00:00 0 
662208c00000-662208c04000 ---p 00000000 00:00 0 
662208c04000-662208d00000 rw-p 00000000 00:00 0 
662208d00000-662208d04000 ---p 00000000 00:00 0 
662208d04000-662208e00000 rw-p 00000000 00:00 0 
662208e00000-662208e04000 ---p 00000000 00:00 0 
662208e04000-662208f00000 rw-p 00000000 00:00 0 
662208f00000-662208f04000 ---p 00000000 00:00 0 
662208f04000-662209000000 rw-p 00000000 00:00 0 
662209000000-662209004000 ---p 00000000 00:00 0 
662209004000-662209100000 rw-p 00000000 00:00 0 
662209100000-662209104000 ---p 00000000 00:00 0 
662209104000-662209200000 rw-p 00000000 00:00 0 
662209200000-66220c200000 rw-p 00000000 00:00 0 
66220c2fc000-66220c300000 ---p 00000000 00:00 0 
66220c300000-66220c3fc000 rw-p 00000000 00:00 0 
66220c3fc000-66223c400000 rw-p 00000000 00:00 0 
66223c400000-66223d400000 ---p 00000000 00:00 0                          [anon:mmtk:sidemeta:all:all-quarantined]
66223d400000-66223d800000 rw-p 00000000 00:00 0                          [anon:mmtk:sidemeta:immix:VO_BIT]
66223d800000-66223dc00000 rw-p 00000000 00:00 0                          [anon:mmtk:sidemeta:los:VO_BIT]
66223dc00000-68223e400000 ---p 00000000 00:00 0                          [anon:mmtk:sidemeta:all:all-quarantined]
68223e400000-68223e800000 rw-p 00000000 00:00 0                          [anon:mmtk:sidemeta:immix:CHUNK_MARK]
68223e800000-682241400000 ---p 00000000 00:00 0                          [anon:mmtk:sidemeta:all:all-quarantined]
682241400000-682241800000 rw-p 00000000 00:00 0                          [anon:mmtk:sidemeta:immix:VMGlobalLogBitSpec]
682241800000-682241c00000 rw-p 00000000 00:00 0                          [anon:mmtk:sidemeta:los:VMGlobalLogBitSpec]
682241c00000-6a2a40800000 ---p 00000000 00:00 0                          [anon:mmtk:sidemeta:all:all-quarantined]
6a2a40800000-6a2a40c00000 rw-p 00000000 00:00 0                          [anon:mmtk:sidemeta:immix:IX_LINE_MARK]
6a2a40c00000-6aaa40400000 ---p 00000000 00:00 0                          [anon:mmtk:sidemeta:all:all-quarantined]
6aaa40400000-6aaa40800000 rw-p 00000000 00:00 0                          [anon:mmtk:sidemeta:immix:IX_BLOCK_DEFRAG]
6aaa40800000-6aab40400000 ---p 00000000 00:00 0                          [anon:mmtk:sidemeta:all:all-quarantined]
6aab40400000-6aab40800000 rw-p 00000000 00:00 0                          [anon:mmtk:sidemeta:immix:IX_BLOCK_MARK]
6aab40800000-70ccc0400000 ---p 00000000 00:00 0                          [anon:mmtk:sidemeta:all:all-quarantined]
70ccc0400000-70ccc0800000 rw-p 00000000 00:00 0                          [anon:mmtk:sidemeta:los:VMLocalLOSMarkNurserySpec]
70ccc0800000-70cec1400000 ---p 00000000 00:00 0                          [anon:mmtk:sidemeta:all:all-quarantined]
70cec1400000-70cec1c00000 rw-p 00000000 00:00 0                          [anon:mmtk:sidemeta:immix:VMLocalMarkBitSpec]
70cec1c00000-72cec0400000 ---p 00000000 00:00 0                          [anon:mmtk:sidemeta:all:all-quarantined]
72cec04ff000-72cec0503000 ---p 00000000 00:00 0 
72cec0503000-72cec05ff000 rw-p 00000000 00:00 0 
72cec05ff000-72cec0603000 ---p 00000000 00:00 0 
72cec0603000-72cec06ff000 rw-p 00000000 00:00 0 
72cec06ff000-72cec0703000 ---p 00000000 00:00 0 
72cec0703000-72cec07ff000 rw-p 00000000 00:00 0 
72cec07ff000-72cee0800000 rw-p 00000000 00:00 0 
72cee0800000-72cee1300000 rwxp 00000000 00:00 0 
72cee1300000-72cee7c17000 ---p 00000000 00:00 0 
72cee7c17000-72cee7fa7000 rwxp 00000000 00:00 0 
72cee7fa7000-72cee83e8000 ---p 00000000 00:00 0 
72cee83e8000-72cee8698000 rwxp 00000000 00:00 0 
72cee8698000-72ceef800000 ---p 00000000 00:00 0 
72ceef800000-72cef7fa0000 r--s 00000000 fc:00 49676300                   /mydata/openjdk-mmtk/build/b0test/images/jdk/lib/modules
72cef8000000-72cef8870000 rw-p 00000000 00:00 0 
72cef8870000-72cefc000000 ---p 00000000 00:00 0 
72cefc018000-72cefc01d000 r--p 00000000 fc:00 49676433                   /mydata/openjdk-mmtk/build/b0test/images/jdk/lib/libjsvml.so
72cefc01d000-72cefc05e000 r-xp 00005000 fc:00 49676433                   /mydata/openjdk-mmtk/build/b0test/images/jdk/lib/libjsvml.so
72cefc05e000-72cefc0e7000 r--p 00046000 fc:00 49676433                   /mydata/openjdk-mmtk/build/b0test/images/jdk/lib/libjsvml.so
72cefc0e7000-72cefc0e8000 r--p 000ce000 fc:00 49676433                   /mydata/openjdk-mmtk/build/b0test/images/jdk/lib/libjsvml.so
72cefc0e8000-72cefc0e9000 rw-p 000cf000 fc:00 49676433                   /mydata/openjdk-mmtk/build/b0test/images/jdk/lib/libjsvml.so
72cefc0e9000-72cefc0ea000 ---p 00000000 00:00 0 
72cefc0ea000-72cefc1ea000 rw-p 00000000 00:00 0 
72cefc1ea000-72cefc1eb000 ---p 00000000 00:00 0 
72cefc1eb000-72cefc2eb000 rw-p 00000000 00:00 0 
72cefc2eb000-72cefc2ec000 ---p 00000000 00:00 0 
72cefc2ec000-72cefc3ec000 rw-p 00000000 00:00 0 
72cefc3ec000-72cefc3ed000 ---p 00000000 00:00 0 
72cefc3ed000-72cefc4ed000 rw-p 00000000 00:00 0 
72cefc4ed000-72cefc4ee000 ---p 00000000 00:00 0 
72cefc4ee000-72cefc5ee000 rw-p 00000000 00:00 0 
72cefc5ee000-72cefc5ef000 ---p 00000000 00:00 0 
72cefc5ef000-72cefc6ef000 rw-p 00000000 00:00 0 
72cefc6ef000-72cefc6f0000 ---p 00000000 00:00 0 
72cefc6f0000-72cefc7f0000 rw-p 00000000 00:00 0 
72cefc7f0000-72cefc7f1000 ---p 00000000 00:00 0 
72cefc7f1000-72cefc8f1000 rw-p 00000000 00:00 0 
72cefc8f1000-72cefc8f2000 ---p 00000000 00:00 0 
72cefc8f2000-72cefc9f2000 rw-p 00000000 00:00 0 
72cefc9f2000-72cefc9f3000 ---p 00000000 00:00 0 
72cefc9f3000-72cefcaf3000 rw-p 00000000 00:00 0 
72cefcaf3000-72cefcaf4000 ---p 00000000 00:00 0 
72cefcaf4000-72cefcbf4000 rw-p 00000000 00:00 0 
72cefcbf4000-72cefcbf5000 ---p 00000000 00:00 0 
72cefcbf5000-72cefccf5000 rw-p 00000000 00:00 0 
72cefccf5000-72cefccf6000 ---p 00000000 00:00 0 
72cefccf6000-72cefcdf6000 rw-p 00000000 00:00 0 
72cefcdf6000-72cefcdf7000 ---p 00000000 00:00 0 
72cefcdf7000-72cefcef7000 rw-p 00000000 00:00 0 
72cefcef7000-72cefcef8000 ---p 00000000 00:00 0 
72cefcef8000-72cefcff8000 rw-p 00000000 00:00 0 
72cefcff8000-72cefcff9000 ---p 00000000 00:00 0 
72cefcff9000-72cefd0f9000 rw-p 00000000 00:00 0 
72cefd0f9000-72cefd0fa000 ---p 00000000 00:00 0 
72cefd0fa000-72cefd1fa000 rw-p 00000000 00:00 0 
72cefd1fa000-72cefd1fb000 ---p 00000000 00:00 0 
72cefd1fb000-72cefd2fb000 rw-p 00000000 00:00 0 
72cefd2fb000-72cefd2fc000 ---p 00000000 00:00 0 
72cefd2fc000-72cefd3fc000 rw-p 00000000 00:00 0 
72cefd3fc000-72cefd3fd000 ---p 00000000 00:00 0 
72cefd3fd000-72cefd4fd000 rw-p 00000000 00:00 0 
72cefd4fd000-72cefd4fe000 ---p 00000000 00:00 0 
72cefd4fe000-72cefd5fe000 rw-p 00000000 00:00 0 
72cefd5fe000-72cefd5ff000 ---p 00000000 00:00 0 
72cefd5ff000-72cefd6ff000 rw-p 00000000 00:00 0 
72cefd6ff000-72cefd700000 ---p 00000000 00:00 0 
72cefd700000-72cefd800000 rw-p 00000000 00:00 0 
72cefd800000-72cefd804000 ---p 00000000 00:00 0 
72cefd804000-72cefd900000 rw-p 00000000 00:00 0 
72cefd900000-72cefd904000 ---p 00000000 00:00 0 
72cefd904000-72cefda00000 rw-p 00000000 00:00 0 
72cefda00000-72cefdceb000 r--p 00000000 08:03 1410552                    /usr/lib/locale/locale-archive
72cefdd42000-72cefdd46000 ---p 00000000 00:00 0 
72cefdd46000-72cefde42000 rw-p 00000000 00:00 0 
72cefde42000-72cefde43000 ---p 00000000 00:00 0 
72cefde43000-72cefdf43000 rw-p 00000000 00:00 0 
72cefdf43000-72cefdf44000 ---p 00000000 00:00 0 
72cefdf44000-72cefe044000 rw-p 00000000 00:00 0 
72cefe044000-72cefe045000 ---p 00000000 00:00 0 
72cefe045000-72cefe145000 rw-p 00000000 00:00 0 
72cefe145000-72cefe746000 rw-p 00000000 00:00 0 
72cefe746000-72cefe74a000 r--p 00000000 08:03 1410107                    /usr/lib/x86_64-linux-gnu/libzstd.so.1.5.5
72cefe74a000-72cefe7f1000 r-xp 00004000 08:03 1410107                    /usr/lib/x86_64-linux-gnu/libzstd.so.1.5.5
72cefe7f1000-72cefe7fe000 r--p 000ab000 08:03 1410107                    /usr/lib/x86_64-linux-gnu/libzstd.so.1.5.5
72cefe7fe000-72cefe7ff000 r--p 000b7000 08:03 1410107                    /usr/lib/x86_64-linux-gnu/libzstd.so.1.5.5
72cefe7ff000-72cefe800000 rw-p 000b8000 08:03 1410107                    /usr/lib/x86_64-linux-gnu/libzstd.so.1.5.5
72cefe800000-72cefe80c000 r--p 00000000 fc:00 13107796                   /mydata/gc-bpf-fault/shim/libgcbpf.so
72cefe80c000-72cefe86e000 r-xp 0000c000 fc:00 13107796                   /mydata/gc-bpf-fault/shim/libgcbpf.so
72cefe86e000-72cefeade000 r--p 0006e000 fc:00 13107796                   /mydata/gc-bpf-fault/shim/libgcbpf.so
72cefeade000-72cefeae0000 r--p 002de000 fc:00 13107796                   /mydata/gc-bpf-fault/shim/libgcbpf.so
72cefeae0000-72cefeae1000 rw-p 002e0000 fc:00 13107796                   /mydata/gc-bpf-fault/shim/libgcbpf.so
72cefeae1000-72cefeae2000 rw-p 00000000 00:00 0 
72cefeb17000-72cefeb1d000 rw-p 00000000 00:00 0 
72cefeb1d000-72cefec00000 ---p 00000000 00:00 0 
72cefec00000-72cefed48000 r--p 00000000 fc:00 49676390                   /mydata/openjdk-mmtk/build/b0test/images/jdk/lib/server/libmmtk_openjdk.so
72cefed48000-72cefefcd000 r-xp 00147000 fc:00 49676390                   /mydata/openjdk-mmtk/build/b0test/images/jdk/lib/server/libmmtk_openjdk.so
72cefefcd000-72ceff00e000 r--p 003cb000 fc:00 49676390                   /mydata/openjdk-mmtk/build/b0test/images/jdk/lib/server/libmmtk_openjdk.so
72ceff00e000-72ceff010000 rw-p 0040b000 fc:00 49676390                   /mydata/openjdk-mmtk/build/b0test/images/jdk/lib/server/libmmtk_openjdk.so
72ceff010000-72ceff012000 rw-p 00000000 00:00 0 
72ceff017000-72ceff02d000 rw-p 00000000 00:00 0 
72ceff02d000-72ceff100000 ---p 00000000 00:00 0 
72ceff100000-72ceff104000 ---p 00000000 00:00 0 
72ceff104000-72ceff200000 rw-p 00000000 00:00 0 
72ceff200000-72ceff4a9000 r--p 00000000 fc:00 49676389                   /mydata/openjdk-mmtk/build/b0test/images/jdk/lib/server/libjvm.so
72ceff4a9000-72cf0033c000 r-xp 002a9000 fc:00 49676389                   /mydata/openjdk-mmtk/build/b0test/images/jdk/lib/server/libjvm.so
72cf0033c000-72cf00620000 r--p 0113c000 fc:00 49676389                   /mydata/openjdk-mmtk/build/b0test/images/jdk/lib/server/libjvm.so
72cf00620000-72cf006f6000 r--p 0141f000 fc:00 49676389                   /mydata/openjdk-mmtk/build/b0test/images/jdk/lib/server/libjvm.so
72cf006f6000-72cf00726000 rw-p 014f5000 fc:00 49676389                   /mydata/openjdk-mmtk/build/b0test/images/jdk/lib/server/libjvm.so
72cf00726000-72cf0078c000 rw-p 00000000 00:00 0 
72cf00797000-72cf0079b000 r--p 00000000 fc:00 49676379                   /mydata/openjdk-mmtk/build/b0test/images/jdk/lib/libverify.so
72cf0079b000-72cf007a2000 r-xp 00004000 fc:00 49676379                   /mydata/openjdk-mmtk/build/b0test/images/jdk/lib/libverify.so
72cf007a2000-72cf007a4000 r--p 0000b000 fc:00 49676379                   /mydata/openjdk-mmtk/build/b0test/images/jdk/lib/libverify.so
72cf007a4000-72cf007a6000 r--p 0000c000 fc:00 49676379                   /mydata/openjdk-mmtk/build/b0test/images/jdk/lib/libverify.so
72cf007a6000-72cf007a7000 rw-p 0000e000 fc:00 49676379                   /mydata/openjdk-mmtk/build/b0test/images/jdk/lib/libverify.so
72cf007a7000-72cf007a9000 r--p 00000000 fc:00 49676380                   /mydata/openjdk-mmtk/build/b0test/images/jdk/lib/libzip.so
72cf007a9000-72cf007ae000 r-xp 00002000 fc:00 49676380                   /mydata/openjdk-mmtk/build/b0test/images/jdk/lib/libzip.so
72cf007ae000-72cf007b0000 r--p 00007000 fc:00 49676380                   /mydata/openjdk-mmtk/build/b0test/images/jdk/lib/libzip.so
72cf007b0000-72cf007b1000 r--p 00008000 fc:00 49676380                   /mydata/openjdk-mmtk/build/b0test/images/jdk/lib/libzip.so
72cf007b1000-72cf007b2000 rw-p 00009000 fc:00 49676380                   /mydata/openjdk-mmtk/build/b0test/images/jdk/lib/libzip.so
72cf007b2000-72cf007b5000 r--p 00000000 fc:00 49676376                   /mydata/openjdk-mmtk/build/b0test/images/jdk/lib/libnet.so
72cf007b5000-72cf007bd000 r-xp 00003000 fc:00 49676376                   /mydata/openjdk-mmtk/build/b0test/images/jdk/lib/libnet.so
72cf007bd000-72cf007bf000 r--p 0000b000 fc:00 49676376                   /mydata/openjdk-mmtk/build/b0test/images/jdk/lib/libnet.so
72cf007bf000-72cf007c0000 r--p 0000c000 fc:00 49676376                   /mydata/openjdk-mmtk/build/b0test/images/jdk/lib/libnet.so
72cf007c0000-72cf007c1000 rw-p 0000d000 fc:00 49676376                   /mydata/openjdk-mmtk/build/b0test/images/jdk/lib/libnet.so
72cf007c1000-72cf007c8000 r--p 00000000 fc:00 49676377                   /mydata/openjdk-mmtk/build/b0test/images/jdk/lib/libnio.so
72cf007c8000-72cf007d1000 r-xp 00007000 fc:00 49676377                   /mydata/openjdk-mmtk/build/b0test/images/jdk/lib/libnio.so
72cf007d1000-72cf007d5000 r--p 00010000 fc:00 49676377                   /mydata/openjdk-mmtk/build/b0test/images/jdk/lib/libnio.so
72cf007d5000-72cf007d6000 r--p 00014000 fc:00 49676377                   /mydata/openjdk-mmtk/build/b0test/images/jdk/lib/libnio.so
72cf007d6000-72cf007d7000 rw-p 00015000 fc:00 49676377                   /mydata/openjdk-mmtk/build/b0test/images/jdk/lib/libnio.so
72cf007d7000-72cf007da000 r--p 00000000 08:03 1410420                    /usr/lib/x86_64-linux-gnu/libelf-0.190.so
72cf007da000-72cf007f0000 r-xp 00003000 08:03 1410420                    /usr/lib/x86_64-linux-gnu/libelf-0.190.so
72cf007f0000-72cf007f4000 r--p 00019000 08:03 1410420                    /usr/lib/x86_64-linux-gnu/libelf-0.190.so
72cf007f4000-72cf007f5000 r--p 0001c000 08:03 1410420                    /usr/lib/x86_64-linux-gnu/libelf-0.190.so
72cf007f5000-72cf007f6000 rw-p 0001d000 08:03 1410420                    /usr/lib/x86_64-linux-gnu/libelf-0.190.so
72cf00800000-72cf00828000 r--p 00000000 08:03 1410238                    /usr/lib/x86_64-linux-gnu/libc.so.6
72cf00828000-72cf009b0000 r-xp 00028000 08:03 1410238                    /usr/lib/x86_64-linux-gnu/libc.so.6
72cf009b0000-72cf009ff000 r--p 001b0000 08:03 1410238                    /usr/lib/x86_64-linux-gnu/libc.so.6
72cf009ff000-72cf00a03000 r--p 001fe000 08:03 1410238                    /usr/lib/x86_64-linux-gnu/libc.so.6
72cf00a03000-72cf00a05000 rw-p 00202000 08:03 1410238                    /usr/lib/x86_64-linux-gnu/libc.so.6
72cf00a05000-72cf00a12000 rw-p 00000000 00:00 0 
72cf00a13000-72cf00a1a000 r--s 00000000 08:03 1436340                    /usr/lib/x86_64-linux-gnu/gconv/gconv-modules.cache
72cf00a1a000-72cf00a22000 rw-p 00000000 00:00 0 
72cf00a22000-72cf00a2a000 ---p 00000000 00:00 0 
72cf00a2a000-72cf00a37000 r--p 00000000 fc:00 49676369                   /mydata/openjdk-mmtk/build/b0test/images/jdk/lib/libjava.so
72cf00a37000-72cf00a46000 r-xp 0000d000 fc:00 49676369                   /mydata/openjdk-mmtk/build/b0test/images/jdk/lib/libjava.so
72cf00a46000-72cf00a4b000 r--p 0001c000 fc:00 49676369                   /mydata/openjdk-mmtk/build/b0test/images/jdk/lib/libjava.so
72cf00a4b000-72cf00a4c000 r--p 00021000 fc:00 49676369                   /mydata/openjdk-mmtk/build/b0test/images/jdk/lib/libjava.so
72cf00a4c000-72cf00a4d000 rw-p 00022000 fc:00 49676369                   /mydata/openjdk-mmtk/build/b0test/images/jdk/lib/libjava.so
72cf00a4d000-72cf00a4e000 rw-p 00000000 00:00 0 
72cf00a4e000-72cf00a56000 rw-s 00000000 08:03 237602                     /tmp/hsperfdata_root/442882
72cf00a56000-72cf00a5a000 r--p 00000000 fc:00 49676370                   /mydata/openjdk-mmtk/build/b0test/images/jdk/lib/libjimage.so
72cf00a5a000-72cf00a71000 r-xp 00004000 fc:00 49676370                   /mydata/openjdk-mmtk/build/b0test/images/jdk/lib/libjimage.so
72cf00a71000-72cf00a76000 r--p 0001b000 fc:00 49676370                   /mydata/openjdk-mmtk/build/b0test/images/jdk/lib/libjimage.so
72cf00a76000-72cf00a78000 r--p 00020000 fc:00 49676370                   /mydata/openjdk-mmtk/build/b0test/images/jdk/lib/libjimage.so
72cf00a78000-72cf00a79000 rw-p 00022000 fc:00 49676370                   /mydata/openjdk-mmtk/build/b0test/images/jdk/lib/libjimage.so
72cf00a79000-72cf00a7d000 r--p 00000000 08:03 1410148                    /usr/lib/x86_64-linux-gnu/libgcc_s.so.1
72cf00a7d000-72cf00aa1000 r-xp 00004000 08:03 1410148                    /usr/lib/x86_64-linux-gnu/libgcc_s.so.1
72cf00aa1000-72cf00aa5000 r--p 00028000 08:03 1410148                    /usr/lib/x86_64-linux-gnu/libgcc_s.so.1
72cf00aa5000-72cf00aa6000 r--p 0002b000 08:03 1410148                    /usr/lib/x86_64-linux-gnu/libgcc_s.so.1
72cf00aa6000-72cf00aa7000 rw-p 0002c000 08:03 1410148                    /usr/lib/x86_64-linux-gnu/libgcc_s.so.1
72cf00aa7000-72cf00ab7000 r--p 00000000 08:03 1411099                    /usr/lib/x86_64-linux-gnu/libm.so.6
72cf00ab7000-72cf00b36000 r-xp 00010000 08:03 1411099                    /usr/lib/x86_64-linux-gnu/libm.so.6
72cf00b36000-72cf00b8e000 r--p 0008f000 08:03 1411099                    /usr/lib/x86_64-linux-gnu/libm.so.6
72cf00b8e000-72cf00b8f000 r--p 000e7000 08:03 1411099                    /usr/lib/x86_64-linux-gnu/libm.so.6
72cf00b8f000-72cf00b90000 rw-p 000e8000 08:03 1411099                    /usr/lib/x86_64-linux-gnu/libm.so.6
72cf00b90000-72cf00b92000 rw-p 00000000 00:00 0 
72cf00b92000-72cf00b94000 r--p 00000000 08:03 1409104                    /usr/lib/x86_64-linux-gnu/libz.so.1.3
72cf00b94000-72cf00ba6000 r-xp 00002000 08:03 1409104                    /usr/lib/x86_64-linux-gnu/libz.so.1.3
72cf00ba6000-72cf00bac000 r--p 00014000 08:03 1409104                    /usr/lib/x86_64-linux-gnu/libz.so.1.3
72cf00bac000-72cf00bad000 r--p 0001a000 08:03 1409104                    /usr/lib/x86_64-linux-gnu/libz.so.1.3
72cf00bad000-72cf00bae000 rw-p 0001b000 08:03 1409104                    /usr/lib/x86_64-linux-gnu/libz.so.1.3
72cf00bb3000-72cf00bb4000 rw-s 00000000 00:10 68                         anon_inode:bpf-map
72cf00bb4000-72cf00bb5000 r--s 00000000 00:10 68                         anon_inode:bpf-map
72cf00bb5000-72cf00bb6000 ---p 00000000 00:00 0 
72cf00bb6000-72cf00bb7000 r--p 00000000 00:00 0 
72cf00bb7000-72cf00bb8000 ---p 00000000 00:00 0 
72cf00bb8000-72cf00bba000 r--p 00000000 fc:00 49676372                   /mydata/openjdk-mmtk/build/b0test/images/jdk/lib/libjli.so
72cf00bba000-72cf00bc4000 r-xp 00002000 fc:00 49676372                   /mydata/openjdk-mmtk/build/b0test/images/jdk/lib/libjli.so
72cf00bc4000-72cf00bc7000 r--p 0000c000 fc:00 49676372                   /mydata/openjdk-mmtk/build/b0test/images/jdk/lib/libjli.so
72cf00bc7000-72cf00bc8000 r--p 0000f000 fc:00 49676372                   /mydata/openjdk-mmtk/build/b0test/images/jdk/lib/libjli.so
72cf00bc8000-72cf00bc9000 rw-p 00010000 fc:00 49676372                   /mydata/openjdk-mmtk/build/b0test/images/jdk/lib/libjli.so
72cf00bc9000-72cf00bcb000 rw-p 00000000 00:00 0 
72cf00bcb000-72cf00bcf000 r--p 00000000 00:00 0                          [vvar]
72cf00bcf000-72cf00bd1000 r--p 00000000 00:00 0                          [vvar_vclock]
72cf00bd1000-72cf00bd3000 r-xp 00000000 00:00 0                          [vdso]
72cf00bd3000-72cf00bd4000 r--p 00000000 08:03 1409763                    /usr/lib/x86_64-linux-gnu/ld-linux-x86-64.so.2
72cf00bd4000-72cf00bff000 r-xp 00001000 08:03 1409763                    /usr/lib/x86_64-linux-gnu/ld-linux-x86-64.so.2
72cf00bff000-72cf00c09000 r--p 0002c000 08:03 1409763                    /usr/lib/x86_64-linux-gnu/ld-linux-x86-64.so.2
72cf00c09000-72cf00c0b000 r--p 00036000 08:03 1409763                    /usr/lib/x86_64-linux-gnu/ld-linux-x86-64.so.2
72cf00c0b000-72cf00c0d000 rw-p 00038000 08:03 1409763                    /usr/lib/x86_64-linux-gnu/ld-linux-x86-64.so.2
7ffd81c8f000-7ffd81cb0000 rw-p 00000000 00:00 0                          [stack]
ffffffffff600000-ffffffffff601000 --xp 00000000 00:00 0                  [vsyscall]
Total number of mappings: 542

JVMTI agents: none


VM Arguments:
jvm_args: -XX:+UseThirdPartyHeap -Xms512m -Xmx512m 
java_command: /mydata/dacapo/dacapo-23.11/dacapo-23.11-MR2-chopin.jar pmd -n 3
java_class_path (initial): /mydata/dacapo/dacapo-23.11/dacapo-23.11-MR2-chopin.jar
Launcher Type: SUN_STANDARD

[Global flags]
     intx CICompilerCount                          = 15                                        {product} {ergonomic}
   size_t InitialHeapSize                          = 536870912                                 {product} {command line}
   size_t MaxHeapSize                              = 536870912                                 {product} {command line}
   size_t MinHeapDeltaBytes                        = 524288                                    {product} {ergonomic}
   size_t MinHeapSize                              = 536870912                                 {product} {command line}
    uintx NonNMethodCodeHeapSize                   = 8192380                                {pd product} {ergonomic}
    uintx NonProfiledCodeHeapSize                  = 121732930                              {pd product} {ergonomic}
    uintx ProfiledCodeHeapSize                     = 121732930                              {pd product} {ergonomic}
    uintx ReservedCodeCacheSize                    = 251658240                              {pd product} {ergonomic}
     bool SegmentedCodeCache                       = true                                      {product} {ergonomic}
   size_t SoftMaxHeapSize                          = 536870912                              {manageable} {ergonomic}
     bool UseCompressedOops                        = true                           {product lp64_product} {ergonomic}

Logging:
Log output configuration:
 #0: stdout all=warning uptime,level,tags foldmultilines=false
 #1: stderr all=off uptime,level,tags foldmultilines=false

Release file:
IMPLEMENTOR="N/A"
JAVA_RUNTIME_VERSION="21.0.9-internal-adhoc.talzuss.openjdk-mmtk"
JAVA_VERSION="21.0.9"
JAVA_VERSION_DATE="2025-10-21"
LIBC="gnu"
MODULES="java.base java.compiler java.datatransfer java.xml java.prefs java.desktop java.instrument java.logging java.management java.security.sasl java.naming java.rmi java.management.rmi java.net.http java.scripting java.security.jgss java.transaction.xa java.sql java.sql.rowset java.xml.crypto java.se java.smartcardio jdk.accessibility jdk.internal.jvmstat jdk.attach jdk.charsets jdk.internal.opt jdk.zipfs jdk.compiler jdk.crypto.ec jdk.crypto.cryptoki jdk.dynalink jdk.internal.ed jdk.editpad jdk.hotspot.agent jdk.httpserver jdk.incubator.vector jdk.internal.le jdk.internal.vm.ci jdk.internal.vm.compiler jdk.internal.vm.compiler.management jdk.jartool jdk.javadoc jdk.jcmd jdk.management jdk.management.agent jdk.jconsole jdk.jdeps jdk.jdwp.agent jdk.jdi jdk.jfr jdk.jlink jdk.jpackage jdk.jshell jdk.jsobject jdk.jstatd jdk.localedata jdk.management.jfr jdk.naming.dns jdk.naming.rmi jdk.net jdk.nio.mapmode jdk.random jdk.sctp jdk.security.auth jdk.security.jgss jdk.unsupported jdk.unsupported.desktop jdk.xml.dom"
OS_ARCH="x86_64"
OS_NAME="Linux"
SOURCE=".:git:b557520f04b3+"

Environment Variables:
PATH=/usr/local/sbin:/usr/local/bin:/usr/sbin:/usr/bin:/sbin:/bin:/snap/bin
SHELL=/bin/bash
LANG=en_US.UTF-8
TERM=tmux-256color

Active Locale:
LC_ALL=en_US.UTF-8
LC_COLLATE=en_US.UTF-8
LC_CTYPE=en_US.UTF-8
LC_MESSAGES=en_US.UTF-8
LC_MONETARY=en_US.UTF-8
LC_NUMERIC=en_US.UTF-8
LC_TIME=en_US.UTF-8

Signal Handlers:
   SIGSEGV: crash_handler in libjvm.so, mask=11100100010111111101111111111110, flags=SA_RESTART|SA_SIGINFO, unblocked
    SIGBUS: crash_handler in libjvm.so, mask=11100100010111111101111111111110, flags=SA_RESTART|SA_SIGINFO, unblocked
    SIGFPE: crash_handler in libjvm.so, mask=11100100010111111101111111111110, flags=SA_RESTART|SA_SIGINFO, unblocked
   SIGPIPE: javaSignalHandler in libjvm.so, mask=11100100010111111101111111111110, flags=SA_RESTART|SA_SIGINFO, blocked
   SIGXFSZ: javaSignalHandler in libjvm.so, mask=11100100010111111101111111111110, flags=SA_RESTART|SA_SIGINFO, blocked
    SIGILL: crash_handler in libjvm.so, mask=11100100010111111101111111111110, flags=SA_RESTART|SA_SIGINFO, unblocked
   SIGUSR2: SR_handler in libjvm.so, mask=00000000000000000000000000000000, flags=SA_RESTART|SA_SIGINFO, blocked
    SIGHUP: UserHandler in libjvm.so, mask=11100100010111111101111111111110, flags=SA_RESTART|SA_SIGINFO, blocked
    SIGINT: UserHandler in libjvm.so, mask=11100100010111111101111111111110, flags=SA_RESTART|SA_SIGINFO, blocked
   SIGTERM: UserHandler in libjvm.so, mask=11100100010111111101111111111110, flags=SA_RESTART|SA_SIGINFO, blocked
   SIGQUIT: UserHandler in libjvm.so, mask=11100100010111111101111111111110, flags=SA_RESTART|SA_SIGINFO, blocked
   SIGTRAP: crash_handler in libjvm.so, mask=11100100010111111101111111111110, flags=SA_RESTART|SA_SIGINFO, unblocked


Periodic native trim disabled

---------------  S Y S T E M  ---------------

OS:
DISTRIB_ID=Ubuntu
DISTRIB_RELEASE=24.04
DISTRIB_CODENAME=noble
DISTRIB_DESCRIPTION="Ubuntu 24.04.4 LTS"
uname: Linux 6.17.0-bpf-fault+ #1 SMP PREEMPT_DYNAMIC Mon Jul  6 16:43:12 MDT 2026 x86_64
OS uptime: 1 days 3:00 hours
libc: glibc 2.39 NPTL 2.39 
rlimit (soft/hard): STACK 8192k/infinity , CORE 0k/0k , NPROC 513205/513205 , NOFILE 1048576/1048576 , AS infinity/infinity , CPU infinity/infinity , DATA infinity/infinity , FSIZE infinity/infinity , MEMLOCK 16436528k/16436528k
load average: 1.38 0.89 0.75

/proc/meminfo:
MemTotal:       131492232 kB
MemFree:        64110428 kB
MemAvailable:   111367952 kB
Buffers:          563840 kB
Cached:         45951316 kB
SwapCached:            0 kB
Active:          4466896 kB
Inactive:       45692232 kB
Active(anon):    3660408 kB
Inactive(anon):        0 kB
Active(file):     806488 kB
Inactive(file): 45692232 kB
Unevictable:       41912 kB
Mlocked:           38840 kB
SwapTotal:       8388604 kB
SwapFree:        8388604 kB
Zswap:                 0 kB
Zswapped:              0 kB
Dirty:               828 kB
Writeback:             0 kB
AnonPages:       3687860 kB
Mapped:         12929384 kB
Shmem:              5320 kB
KReclaimable:    2010488 kB
Slab:            2552732 kB
SReclaimable:    2010488 kB
SUnreclaim:       542244 kB
KernelStack:       13040 kB
PageTables:        73072 kB
SecPageTables:      9412 kB
NFS_Unstable:          0 kB
Bounce:                0 kB
WritebackTmp:          0 kB
CommitLimit:    74134720 kB
Committed_AS:   165215128 kB
VmallocTotal:   34359738367 kB
VmallocUsed:       38992 kB
VmallocChunk:          0 kB
Percpu:            51072 kB
HardwareCorrupted:     0 kB
AnonHugePages:         0 kB
ShmemHugePages:        0 kB
ShmemPmdMapped:        0 kB
FileHugePages:   2177024 kB
FilePmdMapped:         0 kB
Unaccepted:            0 kB
Balloon:               0 kB
HugePages_Total:       0
HugePages_Free:        0
HugePages_Rsvd:        0
HugePages_Surp:        0
Hugepagesize:       2048 kB
Hugetlb:               0 kB
DirectMap4k:     1080128 kB
DirectMap2M:    29964288 kB
DirectMap1G:    102760448 kB

/sys/kernel/mm/transparent_hugepage/enabled: always [madvise] never
/sys/kernel/mm/transparent_hugepage/hpage_pmd_size: 2097152
/sys/kernel/mm/transparent_hugepage/defrag (defrag/compaction efforts parameter): always defer defer+madvise [madvise] never

Process Memory:
Virtual Size: 13620370416K (peak: 13620372452K)
Resident Set Size: 4271696K (peak: 4271696K) (anon: 1098108K, file: 3173588K, shmem: 0K)
Swapped out: 0K
C-Heap outstanding allocations: 1453305K, retained: 47642K
glibc malloc tunables: (default)

/proc/sys/kernel/threads-max (system-wide limit on the number of threads): 1026411
/proc/sys/vm/max_map_count (maximum number of memory map areas a process may have): 1048576
/proc/sys/vm/swappiness (control to define how aggressively the kernel swaps out anonymous memory): 60
/proc/sys/kernel/pid_max (system-wide limit on number of process identifiers): 4194304

container information not found.
Steal ticks since vm start: 0
Steal ticks percentage since vm start:  0.000

CPU: total 32 (initial active 32) (32 cores per cpu, 2 threads per core) family 23 model 49 stepping 0 microcode 0x830107c, cx8, cmov, fxsr, ht, mmx, 3dnowpref, sse, sse2, sse3, ssse3, sse4a, sse4.1, sse4.2, popcnt, lzcnt, tsc, tscinvbit, avx, avx2, aes, clmul, bmi1, bmi2, adx, sha, fma, vzeroupper, clflush, clflushopt, rdtscp, rdpid, f16c
CPU Model and flags from /proc/cpuinfo:
model name	: AMD EPYC 7302P 16-Core Processor
flags		: fpu vme de pse tsc msr pae mce cx8 apic sep mtrr pge mca cmov pat pse36 clflush mmx fxsr sse sse2 ht syscall nx mmxext fxsr_opt pdpe1gb rdtscp lm constant_tsc rep_good nopl xtopology nonstop_tsc cpuid extd_apicid aperfmperf rapl pni pclmulqdq monitor ssse3 fma cx16 sse4_1 sse4_2 movbe popcnt aes xsave avx f16c rdrand lahf_lm cmp_legacy svm extapic cr8_legacy abm sse4a misalignsse 3dnowprefetch osvw ibs skinit wdt tce topoext perfctr_core perfctr_nb bpext perfctr_llc mwaitx cpb cat_l3 cdp_l3 hw_pstate ssbd mba ibrs ibpb stibp vmmcall fsgsbase bmi1 avx2 smep bmi2 cqm rdt_a rdseed adx smap clflushopt clwb sha_ni xsaveopt xsavec xgetbv1 xsaves cqm_llc cqm_occup_llc cqm_mbm_total cqm_mbm_local clzero irperf xsaveerptr rdpru wbnoinvd amd_ppin arat npt lbrv svm_lock nrip_save tsc_scale vmcb_clean flushbyasid decodeassists pausefilter pfthreshold avic v_vmsave_vmload vgif v_spec_ctrl umip rdpid overflow_recov succor smca sev sev_es

Online cpus: 0-31
Offline cpus: 
BIOS frequency limitation: <Not Available>
Frequency switch latency (ns): <Not Available>
Available cpu frequencies: <Not Available>
Current governor: <Not Available>
Core performance/turbo boost: <Not Available>

Memory: 4k page, physical 131492232k(111367952k free), swap 8388604k(8388604k free)
Page Sizes: 4k

vm_info: OpenJDK 64-Bit Server VM (21.0.9-internal-adhoc.talzuss.openjdk-mmtk) for linux-amd64 JRE (21.0.9-internal-adhoc.talzuss.openjdk-mmtk), built on 2026-07-06T23:13:08Z by "talzuss" with gcc 13.3.0
heap_info: MMTk OpenJDK 0.32.0 (f59b93a-dirty), using MMTk 0.32.0 (3ecdf08-dirty, BUILTIN_ENV_LOGGER, DEFAULT, EAGER_SWEEPING, VO_BIT)

END.
